note_id,property_name,date,issue_type,severity,note_text,recommended_action,ingested_at,processed_at
N04006,Green Oaks,2025-05-22,Staffing,Critical,Staff reassignment impacted scheduled routes,Assign backup collection crew,2026-06-25T10:09:16.280Z,2026-06-25T10:09:40.811Z
N04019,Harbor Pointe,2025-06-14,Vehicle,High,Replacement vehicle arrived later than expected,Update access credentials,2026-06-25T10:09:16.280Z,2026-06-25T10:09:40.811Z
N04027,Sunset Ridge,2025-03-02,Gate Access,High,Incorrect gate code provided by property management,Coordinate with property manager,2026-06-25T10:09:16.280Z,2026-06-25T10:09:40.811Z
N04050,Willow Creek,2025-02-04,Gate Access,Low,Community gate remained locked during scheduled pickup window,Perform operational audit,2026-06-25T10:09:16.280Z,2026-06-25T10:09:40.811Z
N04063,Sunset Ridge,2025-02-10,Property Management,Low,Management requested route modifications,Coordinate with property manager,2026-06-25T10:09:16.280Z,2026-06-25T10:09:40.811Z
N04069,Lakeview Terrace,2025-06-03,Weather,High,Extreme temperatures slowed collection activities,Increase staffing coverage,2026-06-25T10:09:16.280Z,2026-06-25T10:09:40.811Z
N04071,Harbor Pointe,2025-02-09,Staffing,Critical,Temporary workers required additional supervision,Coordinate with property manager,2026-06-25T10:09:16.280Z,2026-06-25T10:09:40.811Z
N04083,Maple Court,2025-06-18,Weather,Medium,Heavy rain delayed collection schedule across region,Perform operational audit,2026-06-25T10:09:16.280Z,2026-06-25T10:09:40.811Z
N04096,Harbor Pointe,2025-04-05,Weather,Medium,Lightning risk delayed evening collections,Schedule preventive maintenance,2026-06-25T10:09:16.280Z,2026-06-25T10:09:40.811Z
N04099,Birchwood Commons,2025-03-12,Resident Behavior,Critical,Excess waste volume exceeded expected capacity,Review route optimization plan,2026-06-25T10:09:16.280Z,2026-06-25T10:09:40.811Z
N04107,Maple Court,2025-06-05,Weather,High,Heavy rain delayed collection schedule across region,Escalate issue to regional manager,2026-06-25T10:09:16.280Z,2026-06-25T10:09:40.811Z
N04133,Cedar Park,2025-05-24,Property Management,Low,Service expectations reviewed with property leadership,Review route optimization plan,2026-06-25T10:09:16.280Z,2026-06-25T10:09:40.811Z
N04158,Birchwood Commons,2025-05-20,Property Management,Medium,Property upgrades impacted collection logistics,Perform operational audit,2026-06-25T10:09:16.280Z,2026-06-25T10:09:40.811Z
N04162,Birchwood Commons,2025-05-12,Property Management,High,Property renovation disrupted normal collection process,Review route optimization plan,2026-06-25T10:09:16.280Z,2026-06-25T10:09:40.811Z
N04182,Cedar Park,2025-06-23,Route Planning,Critical,Traffic congestion delayed collections across multiple properties,Schedule preventive maintenance,2026-06-25T10:09:16.280Z,2026-06-25T10:09:40.811Z
N04201,Green Oaks,2025-02-14,Staffing,Low,Recruitment delays limited route coverage,Update access credentials,2026-06-25T10:09:16.280Z,2026-06-25T10:09:40.811Z
N04211,Maple Court,2025-05-04,Route Planning,Medium,Dynamic route adjustments improved service outcomes,Perform operational audit,2026-06-25T10:09:16.280Z,2026-06-25T10:09:40.811Z
N04238,Cedar Park,2025-01-27,Property Management,High,Access restrictions increased service complexity,Update access credentials,2026-06-25T10:09:16.280Z,2026-06-25T10:09:40.811Z
N04244,Green Oaks,2025-02-08,Vehicle,Critical,Flat tire caused service delays across multiple properties,Monitor performance for next 7 days,2026-06-25T10:09:16.280Z,2026-06-25T10:09:40.811Z
N04260,Harbor Pointe,2025-06-30,Vehicle,Medium,Fleet shortage increased route workloads,Schedule preventive maintenance,2026-06-25T10:09:16.280Z,2026-06-25T10:09:40.811Z
N04272,Cedar Park,2025-04-17,Property Management,Low,Management communication delay affected operations,Review route optimization plan,2026-06-25T10:09:16.280Z,2026-06-25T10:09:40.811Z
N04274,Lakeview Terrace,2025-01-28,Route Planning,Medium,Service area expansion affected route timing,Coordinate with property manager,2026-06-25T10:09:16.280Z,2026-06-25T10:09:40.811Z
N04281,Birchwood Commons,2025-01-07,Property Management,High,Access restrictions increased service complexity,Update access credentials,2026-06-25T10:09:16.280Z,2026-06-25T10:09:40.811Z
N04283,Maple Court,2025-01-30,Weather,Low,Ice accumulation restricted vehicle movement,Escalate issue to regional manager,2026-06-25T10:09:16.280Z,2026-06-25T10:09:40.811Z
N04293,Cedar Park,2025-03-17,Staffing,Low,Peak demand exceeded available workforce capacity,Increase staffing coverage,2026-06-25T10:09:16.280Z,2026-06-25T10:09:40.811Z
N04296,Lakeview Terrace,2025-02-09,Resident Behavior,Critical,Resident complaints were concentrated in specific buildings,Update access credentials,2026-06-25T10:09:16.280Z,2026-06-25T10:09:40.811Z
N04319,Maple Court,2025-01-16,Vehicle,Medium,Replacement vehicle arrived later than expected,Escalate issue to regional manager,2026-06-25T10:09:16.280Z,2026-06-25T10:09:40.811Z
N04332,Sunset Ridge,2025-01-16,Resident Behavior,High,Residents requested unscheduled pickups,Review route optimization plan,2026-06-25T10:09:16.280Z,2026-06-25T10:09:40.811Z
N04364,Willow Creek,2025-03-16,Gate Access,Critical,Delayed authorization from security personnel,Schedule preventive maintenance,2026-06-25T10:09:16.280Z,2026-06-25T10:09:40.811Z
N04405,Lakeview Terrace,2025-03-06,Weather,High,Emergency weather response delayed operations,Assign backup collection crew,2026-06-25T10:09:16.280Z,2026-06-25T10:09:40.811Z
N04407,Cedar Park,2025-03-28,Route Planning,Medium,Navigation issue delayed route completion,Conduct resident awareness campaign,2026-06-25T10:09:16.280Z,2026-06-25T10:09:40.811Z
N04416,Sunset Ridge,2025-04-18,Resident Behavior,High,Collection bins were inaccessible during service window,Perform operational audit,2026-06-25T10:09:16.280Z,2026-06-25T10:09:40.811Z
N04424,Birchwood Commons,2025-02-20,Resident Behavior,Low,Missed communication led to resident dissatisfaction,Increase staffing coverage,2026-06-25T10:09:16.280Z,2026-06-25T10:09:40.811Z
N04463,Sunset Ridge,2025-02-22,Gate Access,Critical,Community gate remained locked during scheduled pickup window,Escalate issue to regional manager,2026-06-25T10:09:16.280Z,2026-06-25T10:09:40.811Z
N04484,Harbor Pointe,2025-03-21,Staffing,High,Training requirements delayed assignment of replacement collector,Perform operational audit,2026-06-25T10:09:16.280Z,2026-06-25T10:09:40.811Z
N04493,Green Oaks,2025-03-07,Staffing,High,Recruitment delays limited route coverage,Schedule preventive maintenance,2026-06-25T10:09:16.280Z,2026-06-25T10:09:40.811Z
N04536,Sunset Ridge,2025-06-07,Gate Access,Medium,Entry denied due to missing vendor registration,Perform operational audit,2026-06-25T10:09:16.280Z,2026-06-25T10:09:40.811Z
N04543,Cedar Park,2025-03-30,Property Management,Critical,Property management requested schedule adjustment,Conduct resident awareness campaign,2026-06-25T10:09:16.280Z,2026-06-25T10:09:40.811Z
N04553,Willow Creek,2025-05-02,Staffing,Medium,Peak demand exceeded available workforce capacity,Coordinate with property manager,2026-06-25T10:09:16.280Z,2026-06-25T10:09:40.811Z
N04556,Lakeview Terrace,2025-03-19,Weather,Medium,Severe heat affected workforce productivity,Monitor performance for next 7 days,2026-06-25T10:09:16.280Z,2026-06-25T10:09:40.811Z
N04570,Birchwood Commons,2025-01-27,Gate Access,Low,Temporary gate malfunction prevented collector entry,Conduct resident awareness campaign,2026-06-25T10:09:16.280Z,2026-06-25T10:09:40.811Z
N04605,Cedar Park,2025-06-14,Staffing,High,New collector unfamiliar with property layout,Increase staffing coverage,2026-06-25T10:09:16.280Z,2026-06-25T10:09:40.811Z
N04609,Cedar Park,2025-03-05,Property Management,Critical,Management requested additional pickup support,Schedule preventive maintenance,2026-06-25T10:09:16.280Z,2026-06-25T10:09:40.811Z
N04616,Willow Creek,2025-02-27,Staffing,Critical,Peak demand exceeded available workforce capacity,Increase staffing coverage,2026-06-25T10:09:16.280Z,2026-06-25T10:09:40.811Z
N04617,Cedar Park,2025-03-13,Route Planning,Medium,Inefficient property sequencing impacted schedule adherence,Monitor performance for next 7 days,2026-06-25T10:09:16.280Z,2026-06-25T10:09:40.811Z
N04628,Cedar Park,2025-04-05,Property Management,High,Property policy changes affected service delivery,Assign backup collection crew,2026-06-25T10:09:16.280Z,2026-06-25T10:09:40.811Z
N04665,Maple Court,2025-06-19,Route Planning,Low,Route handoff between teams caused delays,Escalate issue to regional manager,2026-06-25T10:09:16.280Z,2026-06-25T10:09:40.811Z
N04693,Sunset Ridge,2025-04-15,Resident Behavior,Critical,Bins not placed at doorstep for scheduled pickup,Coordinate with property manager,2026-06-25T10:09:16.280Z,2026-06-25T10:09:40.811Z
N04704,Maple Court,2025-06-17,Route Planning,Medium,Inefficient route sequencing reduced productivity,Perform operational audit,2026-06-25T10:09:16.280Z,2026-06-25T10:09:40.811Z
N04724,Sunset Ridge,2025-04-27,Resident Behavior,Medium,Residents failed to follow waste segregation guidelines,Escalate issue to regional manager,2026-06-25T10:09:16.280Z,2026-06-25T10:09:40.811Z
N04755,Willow Creek,2025-01-15,Vehicle,Medium,Unexpected maintenance increased route completion time,Conduct resident awareness campaign,2026-06-25T10:09:16.280Z,2026-06-25T10:09:40.811Z
N04787,Maple Court,2025-05-20,Weather,High,Heavy rain delayed collection schedule across region,Perform operational audit,2026-06-25T10:09:16.280Z,2026-06-25T10:09:40.811Z
N04803,Green Oaks,2025-01-25,Route Planning,High,Inefficient property sequencing impacted schedule adherence,Monitor performance for next 7 days,2026-06-25T10:09:16.280Z,2026-06-25T10:09:40.811Z
N04824,Sunset Ridge,2025-04-16,Property Management,Medium,Operational changes were not communicated in advance,Assign backup collection crew,2026-06-25T10:09:16.280Z,2026-06-25T10:09:40.811Z
N04835,Birchwood Commons,2025-06-29,Property Management,Low,Management escalation required operational review,Escalate issue to regional manager,2026-06-25T10:09:16.280Z,2026-06-25T10:09:40.811Z
N04839,Lakeview Terrace,2025-01-27,Route Planning,Low,Route balancing adjustments improved service coverage,Escalate issue to regional manager,2026-06-25T10:09:16.280Z,2026-06-25T10:09:40.811Z
N04858,Harbor Pointe,2025-01-29,Vehicle,High,Transmission issue impacted route completion,Increase staffing coverage,2026-06-25T10:09:16.280Z,2026-06-25T10:09:40.811Z
N04869,Lakeview Terrace,2025-04-30,Route Planning,Low,Route capacity exceeded planned workload,Monitor performance for next 7 days,2026-06-25T10:09:16.280Z,2026-06-25T10:09:40.811Z
N04886,Sunset Ridge,2025-03-31,Resident Behavior,High,Collection instructions were frequently ignored,Conduct resident awareness campaign,2026-06-25T10:09:16.280Z,2026-06-25T10:09:40.811Z
N04889,Sunset Ridge,2025-03-11,Resident Behavior,Medium,Residents failed to follow waste segregation guidelines,Assign backup collection crew,2026-06-25T10:09:16.280Z,2026-06-25T10:09:40.811Z
N04893,Green Oaks,2025-06-04,Route Planning,Critical,Construction activity blocked primary collection route,Coordinate with property manager,2026-06-25T10:09:16.280Z,2026-06-25T10:09:40.811Z
N04923,Lakeview Terrace,2025-05-26,Weather,High,Severe weather reduced operational efficiency,Assign backup collection crew,2026-06-25T10:09:16.280Z,2026-06-25T10:09:40.811Z
N04931,Sunset Ridge,2025-03-04,Property Management,Low,Management escalation required operational review,Escalate issue to regional manager,2026-06-25T10:09:16.280Z,2026-06-25T10:09:40.811Z
N04932,Cedar Park,2025-02-05,Staffing,Low,High employee turnover affected route consistency,Schedule preventive maintenance,2026-06-25T10:09:16.280Z,2026-06-25T10:09:40.811Z
N04965,Cedar Park,2025-04-15,Staffing,High,Peak demand exceeded available workforce capacity,Coordinate with property manager,2026-06-25T10:09:16.280Z,2026-06-25T10:09:40.811Z
N04995,Green Oaks,2025-01-10,Route Planning,High,Navigation issue delayed route completion,Escalate issue to regional manager,2026-06-25T10:09:16.280Z,2026-06-25T10:09:40.811Z
N04015,Green Oaks,2025-04-16,Vehicle,Low,Unexpected maintenance increased route completion time,Assign backup collection crew,2026-06-25T10:09:16.280Z,2026-06-25T10:09:40.811Z
N04068,Birchwood Commons,2025-02-13,Property Management,Medium,Management requested additional pickup support,Increase staffing coverage,2026-06-25T10:09:16.280Z,2026-06-25T10:09:40.811Z
N04073,Maple Court,2025-03-13,Route Planning,Low,Travel distance increased due to route modifications,Review route optimization plan,2026-06-25T10:09:16.280Z,2026-06-25T10:09:40.811Z
N04077,Lakeview Terrace,2025-03-03,Weather,Medium,Weather disruptions impacted multiple communities,Monitor performance for next 7 days,2026-06-25T10:09:16.280Z,2026-06-25T10:09:40.811Z
N04078,Willow Creek,2025-02-02,Staffing,Critical,Temporary workers required additional supervision,Perform operational audit,2026-06-25T10:09:16.280Z,2026-06-25T10:09:40.811Z
N04105,Willow Creek,2025-06-27,Staffing,Medium,Overtime limitations reduced available coverage,Monitor performance for next 7 days,2026-06-25T10:09:16.280Z,2026-06-25T10:09:40.811Z
N04129,Birchwood Commons,2025-02-21,Gate Access,Low,Incorrect gate code provided by property management,Review route optimization plan,2026-06-25T10:09:16.280Z,2026-06-25T10:09:40.811Z
N04137,Birchwood Commons,2025-03-08,Property Management,Critical,Service expectations reviewed with property leadership,Perform operational audit,2026-06-25T10:09:16.280Z,2026-06-25T10:09:40.811Z
N04138,Cedar Park,2025-06-20,Staffing,High,Staff reassignment impacted scheduled routes,Schedule preventive maintenance,2026-06-25T10:09:16.280Z,2026-06-25T10:09:40.811Z
N04142,Maple Court,2025-02-10,Weather,Medium,Adverse weather increased average completion times,Perform operational audit,2026-06-25T10:09:16.280Z,2026-06-25T10:09:40.811Z
N04157,Green Oaks,2025-01-08,Vehicle,High,Equipment failure reduced collection efficiency,Assign backup collection crew,2026-06-25T10:09:16.280Z,2026-06-25T10:09:40.811Z
N04289,Maple Court,2025-01-29,Vehicle,Critical,Fleet availability issues caused route reassignment,Conduct resident awareness campaign,2026-06-25T10:09:16.280Z,2026-06-25T10:09:40.811Z
N04307,Lakeview Terrace,2025-01-28,Route Planning,Low,Route redesign recommended to improve performance,Schedule preventive maintenance,2026-06-25T10:09:16.280Z,2026-06-25T10:09:40.811Z
N04329,Birchwood Commons,2025-02-12,Resident Behavior,Medium,Residents requested unscheduled pickups,Monitor performance for next 7 days,2026-06-25T10:09:16.280Z,2026-06-25T10:09:40.811Z
N04365,Harbor Pointe,2025-04-23,Weather,Low,Weather disruptions impacted multiple communities,Monitor performance for next 7 days,2026-06-25T10:09:16.280Z,2026-06-25T10:09:40.811Z
N04369,Lakeview Terrace,2025-02-21,Resident Behavior,Medium,Overflowing bins required additional collection effort,Perform operational audit,2026-06-25T10:09:16.280Z,2026-06-25T10:09:40.811Z
N04391,Maple Court,2025-04-29,Vehicle,Critical,Battery failure delayed route departure,Increase staffing coverage,2026-06-25T10:09:16.280Z,2026-06-25T10:09:40.811Z
N04403,Sunset Ridge,2025-04-17,Property Management,High,Access restrictions increased service complexity,Schedule preventive maintenance,2026-06-25T10:09:16.280Z,2026-06-25T10:09:40.811Z
N04404,Cedar Park,2025-04-17,Route Planning,Medium,Traffic congestion delayed collections across multiple properties,Schedule preventive maintenance,2026-06-25T10:09:16.280Z,2026-06-25T10:09:40.811Z
N04440,Harbor Pointe,2025-01-02,Vehicle,High,Equipment failure reduced collection efficiency,Coordinate with property manager,2026-06-25T10:09:16.280Z,2026-06-25T10:09:40.811Z
N04474,Sunset Ridge,2025-04-30,Property Management,Critical,Access restrictions increased service complexity,Perform operational audit,2026-06-25T10:09:16.280Z,2026-06-25T10:09:40.811Z
N04501,Sunset Ridge,2025-06-23,Resident Behavior,High,Collection instructions were frequently ignored,Assign backup collection crew,2026-06-25T10:09:16.280Z,2026-06-25T10:09:40.811Z
N04511,Willow Creek,2025-05-19,Vehicle,Critical,Vehicle breakdown impacted collections on route,Review route optimization plan,2026-06-25T10:09:16.280Z,2026-06-25T10:09:40.811Z
N04513,Maple Court,2025-06-25,Route Planning,Critical,Unexpected road closure required route diversion,Schedule preventive maintenance,2026-06-25T10:09:16.280Z,2026-06-25T10:09:40.811Z
N04515,Willow Creek,2025-05-18,Vehicle,High,Vehicle servicing overlapped with scheduled collections,Schedule preventive maintenance,2026-06-25T10:09:16.280Z,2026-06-25T10:09:40.811Z
N04529,Birchwood Commons,2025-06-02,Resident Behavior,Low,Collection bins were inaccessible during service window,Assign backup collection crew,2026-06-25T10:09:16.280Z,2026-06-25T10:09:40.811Z
N04534,Green Oaks,2025-02-03,Route Planning,Critical,GPS routing error caused missed service locations,Schedule preventive maintenance,2026-06-25T10:09:16.280Z,2026-06-25T10:09:40.811Z
N04565,Green Oaks,2025-01-25,Route Planning,High,Route optimization issue increased travel time,Increase staffing coverage,2026-06-25T10:09:16.280Z,2026-06-25T10:09:40.811Z
N04569,Cedar Park,2025-04-11,Route Planning,High,Peak-hour traffic increased collection duration,Conduct resident awareness campaign,2026-06-25T10:09:16.280Z,2026-06-25T10:09:40.811Z
N04580,Maple Court,2025-06-16,Route Planning,Medium,Dynamic route adjustments improved service outcomes,Conduct resident awareness campaign,2026-06-25T10:09:16.280Z,2026-06-25T10:09:40.811Z
N04618,Sunset Ridge,2025-04-23,Resident Behavior,Medium,Residents placed bins outside designated collection hours,Conduct resident awareness campaign,2026-06-25T10:09:16.280Z,2026-06-25T10:09:40.811Z
N04622,Willow Creek,2025-06-07,Gate Access,Medium,Manual gate operation caused route delays,Monitor performance for next 7 days,2026-06-25T10:09:16.280Z,2026-06-25T10:09:40.811Z
N04623,Harbor Pointe,2025-01-07,Staffing,High,High employee turnover affected route consistency,Perform operational audit,2026-06-25T10:09:16.280Z,2026-06-25T10:09:40.811Z
N04672,Green Oaks,2025-01-25,Staffing,Low,Staff reassignment impacted scheduled routes,Review route optimization plan,2026-06-25T10:09:16.280Z,2026-06-25T10:09:40.811Z
N04674,Green Oaks,2025-04-15,Staffing,Critical,Recruitment delays limited route coverage,Escalate issue to regional manager,2026-06-25T10:09:16.280Z,2026-06-25T10:09:40.811Z
N04710,Harbor Pointe,2025-06-01,Weather,Low,Lightning risk delayed evening collections,Conduct resident awareness campaign,2026-06-25T10:09:16.280Z,2026-06-25T10:09:40.811Z
N04719,Harbor Pointe,2025-02-09,Weather,High,Ice accumulation restricted vehicle movement,Monitor performance for next 7 days,2026-06-25T10:09:16.280Z,2026-06-25T10:09:40.811Z
N04731,Lakeview Terrace,2025-01-08,Resident Behavior,Critical,Unauthorized items were left for collection,Coordinate with property manager,2026-06-25T10:09:16.280Z,2026-06-25T10:09:40.811Z
N04779,Cedar Park,2025-01-03,Route Planning,Low,Dynamic route adjustments improved service outcomes,Assign backup collection crew,2026-06-25T10:09:16.280Z,2026-06-25T10:09:40.811Z
N04805,Green Oaks,2025-03-04,Staffing,High,Unexpected resignations affected operations,Conduct resident awareness campaign,2026-06-25T10:09:16.280Z,2026-06-25T10:09:40.811Z
N04848,Green Oaks,2025-04-12,Staffing,Critical,Recruitment delays limited route coverage,Assign backup collection crew,2026-06-25T10:09:16.280Z,2026-06-25T10:09:40.811Z
N04862,Willow Creek,2025-03-26,Staffing,Low,Staff reassignment impacted scheduled routes,Update access credentials,2026-06-25T10:09:16.280Z,2026-06-25T10:09:40.811Z
N04884,Cedar Park,2025-04-28,Route Planning,Low,Service area expansion affected route timing,Schedule preventive maintenance,2026-06-25T10:09:16.280Z,2026-06-25T10:09:40.811Z
N04905,Maple Court,2025-05-03,Weather,High,Severe weather reduced operational efficiency,Schedule preventive maintenance,2026-06-25T10:09:16.280Z,2026-06-25T10:09:40.811Z
N04915,Maple Court,2025-06-04,Vehicle,Medium,Equipment failure reduced collection efficiency,Update access credentials,2026-06-25T10:09:16.280Z,2026-06-25T10:09:40.811Z
N04975,Harbor Pointe,2025-06-11,Vehicle,Low,Fuel system malfunction impacted collection operations,Perform operational audit,2026-06-25T10:09:16.280Z,2026-06-25T10:09:40.811Z
N04979,Harbor Pointe,2025-01-02,Weather,Medium,Snow accumulation blocked access to several units,Monitor performance for next 7 days,2026-06-25T10:09:16.280Z,2026-06-25T10:09:40.811Z
N04985,Sunset Ridge,2025-05-12,Property Management,Critical,Property upgrades impacted collection logistics,Perform operational audit,2026-06-25T10:09:16.280Z,2026-06-25T10:09:40.811Z
N04024,Willow Creek,2025-01-21,Staffing,Medium,Resource allocation issue affected collection schedule,Perform operational audit,2026-06-25T10:09:16.280Z,2026-06-25T10:09:40.811Z
N04035,Birchwood Commons,2025-01-15,Gate Access,Low,Leasing office did not answer for gate code reset,Perform operational audit,2026-06-25T10:09:16.280Z,2026-06-25T10:09:40.811Z
N04056,Cedar Park,2025-05-12,Staffing,Low,New collector unfamiliar with property layout,Review route optimization plan,2026-06-25T10:09:16.280Z,2026-06-25T10:09:40.811Z
N04058,Green Oaks,2025-03-22,Route Planning,Low,Route handoff between teams caused delays,Escalate issue to regional manager,2026-06-25T10:09:16.280Z,2026-06-25T10:09:40.811Z
N04066,Green Oaks,2025-06-25,Vehicle,Critical,Fuel system malfunction impacted collection operations,Escalate issue to regional manager,2026-06-25T10:09:16.280Z,2026-06-25T10:09:40.811Z
N04072,Willow Creek,2025-04-20,Staffing,Critical,Shift scheduling conflict resulted in delayed collections,Update access credentials,2026-06-25T10:09:16.280Z,2026-06-25T10:09:40.811Z
N04127,Willow Creek,2025-02-12,Vehicle,Low,Vehicle servicing overlapped with scheduled collections,Conduct resident awareness campaign,2026-06-25T10:09:16.280Z,2026-06-25T10:09:40.811Z
N04128,Willow Creek,2025-01-07,Vehicle,Low,Vehicle inspection identified safety concerns before dispatch,Assign backup collection crew,2026-06-25T10:09:16.280Z,2026-06-25T10:09:40.811Z
N04154,Green Oaks,2025-04-18,Staffing,Critical,Insufficient staffing levels increased route completion time,Update access credentials,2026-06-25T10:09:16.280Z,2026-06-25T10:09:40.811Z
N04155,Maple Court,2025-05-28,Weather,Critical,Storm conditions resulted in temporary service suspension,Increase staffing coverage,2026-06-25T10:09:16.280Z,2026-06-25T10:09:40.811Z
N04164,Lakeview Terrace,2025-02-05,Weather,Low,Poor visibility affected route safety,Escalate issue to regional manager,2026-06-25T10:09:16.280Z,2026-06-25T10:09:40.811Z
N04214,Harbor Pointe,2025-02-08,Weather,Critical,Wet conditions reduced collection speed,Conduct resident awareness campaign,2026-06-25T10:09:16.280Z,2026-06-25T10:09:40.811Z
N04261,Lakeview Terrace,2025-02-19,Route Planning,Critical,Route optimization issue increased travel time,Assign backup collection crew,2026-06-25T10:09:16.280Z,2026-06-25T10:09:40.811Z
N04271,Birchwood Commons,2025-03-31,Gate Access,Critical,Access card failed to unlock service entrance,Assign backup collection crew,2026-06-25T10:09:16.280Z,2026-06-25T10:09:40.811Z
N04312,Birchwood Commons,2025-06-28,Gate Access,Critical,Temporary gate malfunction prevented collector entry,Coordinate with property manager,2026-06-25T10:09:16.280Z,2026-06-25T10:09:40.811Z
N04320,Lakeview Terrace,2025-02-15,Route Planning,Low,Navigation issue delayed route completion,Update access credentials,2026-06-25T10:09:16.280Z,2026-06-25T10:09:40.811Z
N04337,Cedar Park,2025-04-02,Route Planning,Low,Route redesign recommended to improve performance,Escalate issue to regional manager,2026-06-25T10:09:16.280Z,2026-06-25T10:09:40.811Z
N04352,Lakeview Terrace,2025-05-06,Weather,High,Emergency weather response delayed operations,Increase staffing coverage,2026-06-25T10:09:16.280Z,2026-06-25T10:09:40.811Z
N04353,Sunset Ridge,2025-01-09,Property Management,Critical,Property policy changes affected service delivery,Escalate issue to regional manager,2026-06-25T10:09:16.280Z,2026-06-25T10:09:40.811Z
N04367,Lakeview Terrace,2025-01-04,Route Planning,High,Route capacity exceeded planned workload,Review route optimization plan,2026-06-25T10:09:16.280Z,2026-06-25T10:09:40.811Z
N04368,Maple Court,2025-03-30,Route Planning,High,Route capacity exceeded planned workload,Perform operational audit,2026-06-25T10:09:16.280Z,2026-06-25T10:09:40.811Z
N04375,Green Oaks,2025-01-22,Staffing,Critical,Training requirements delayed assignment of replacement collector,Conduct resident awareness campaign,2026-06-25T10:09:16.280Z,2026-06-25T10:09:40.811Z
N04392,Lakeview Terrace,2025-03-22,Resident Behavior,Low,Improper waste disposal created collection challenges,Schedule preventive maintenance,2026-06-25T10:09:16.280Z,2026-06-25T10:09:40.811Z
N04395,Harbor Pointe,2025-04-06,Vehicle,Medium,Hydraulic lift malfunction slowed operations,Assign backup collection crew,2026-06-25T10:09:16.280Z,2026-06-25T10:09:40.811Z
N04399,Harbor Pointe,2025-04-14,Staffing,Low,New collector unfamiliar with property layout,Monitor performance for next 7 days,2026-06-25T10:09:16.280Z,2026-06-25T10:09:40.811Z
N04411,Maple Court,2025-01-14,Route Planning,Medium,Traffic congestion delayed collections across multiple properties,Monitor performance for next 7 days,2026-06-25T10:09:16.280Z,2026-06-25T10:09:40.811Z
N04422,Birchwood Commons,2025-04-05,Property Management,Low,Property staffing changes impacted coordination,Conduct resident awareness campaign,2026-06-25T10:09:16.280Z,2026-06-25T10:09:40.811Z
N04425,Birchwood Commons,2025-01-14,Resident Behavior,High,Residents placed bins outside designated collection hours,Coordinate with property manager,2026-06-25T10:09:16.280Z,2026-06-25T10:09:40.811Z
N04450,Cedar Park,2025-05-26,Route Planning,Critical,Unexpected road closure required route diversion,Review route optimization plan,2026-06-25T10:09:16.280Z,2026-06-25T10:09:40.811Z
N04520,Birchwood Commons,2025-06-26,Property Management,Low,Maintenance work restricted access to collection areas,Coordinate with property manager,2026-06-25T10:09:16.280Z,2026-06-25T10:09:40.811Z
N04544,Birchwood Commons,2025-05-14,Property Management,High,Property leadership requested service enhancement review,Coordinate with property manager,2026-06-25T10:09:16.280Z,2026-06-25T10:09:40.811Z
N04588,Cedar Park,2025-06-01,Route Planning,Critical,Dynamic route adjustments improved service outcomes,Review route optimization plan,2026-06-25T10:09:16.280Z,2026-06-25T10:09:40.811Z
N04591,Lakeview Terrace,2025-03-24,Resident Behavior,Critical,Resident complaints were concentrated in specific buildings,Schedule preventive maintenance,2026-06-25T10:09:16.280Z,2026-06-25T10:09:40.811Z
N04606,Birchwood Commons,2025-04-29,Property Management,Low,Service expectations reviewed with property leadership,Review route optimization plan,2026-06-25T10:09:16.280Z,2026-06-25T10:09:40.811Z
N04653,Sunset Ridge,2025-04-29,Resident Behavior,High,Resident left bin blocked by parked vehicle,Monitor performance for next 7 days,2026-06-25T10:09:16.280Z,2026-06-25T10:09:40.811Z
N04658,Green Oaks,2025-05-01,Staffing,Medium,Insufficient weekend staffing caused backlog,Perform operational audit,2026-06-25T10:09:16.280Z,2026-06-25T10:09:40.811Z
N04667,Green Oaks,2025-04-26,Route Planning,High,Property clustering analysis suggested optimization opportunities,Review route optimization plan,2026-06-25T10:09:16.280Z,2026-06-25T10:09:40.811Z
N04668,Birchwood Commons,2025-04-28,Property Management,Low,Property management requested schedule adjustment,Monitor performance for next 7 days,2026-06-25T10:09:16.280Z,2026-06-25T10:09:40.811Z
N04677,Willow Creek,2025-03-28,Staffing,Critical,New collector unfamiliar with property layout,Escalate issue to regional manager,2026-06-25T10:09:16.280Z,2026-06-25T10:09:40.811Z
N04682,Lakeview Terrace,2025-02-12,Weather,Critical,Regional weather event affected service levels,Review route optimization plan,2026-06-25T10:09:16.280Z,2026-06-25T10:09:40.811Z
N04688,Lakeview Terrace,2025-05-15,Resident Behavior,High,Residents failed to follow waste segregation guidelines,Conduct resident awareness campaign,2026-06-25T10:09:16.280Z,2026-06-25T10:09:40.811Z
N04736,Green Oaks,2025-01-15,Vehicle,Low,Flat tire caused service delays across multiple properties,Schedule preventive maintenance,2026-06-25T10:09:16.280Z,2026-06-25T10:09:40.811Z
N04737,Willow Creek,2025-01-10,Vehicle,Critical,Battery failure delayed route departure,Perform operational audit,2026-06-25T10:09:16.280Z,2026-06-25T10:09:40.811Z
N04739,Maple Court,2025-05-06,Vehicle,High,Maintenance backlog reduced fleet readiness,Perform operational audit,2026-06-25T10:09:16.280Z,2026-06-25T10:09:40.811Z
N04759,Harbor Pointe,2025-06-07,Weather,Critical,Poor visibility affected route safety,Perform operational audit,2026-06-25T10:09:16.280Z,2026-06-25T10:09:40.811Z
N04790,Sunset Ridge,2025-06-07,Gate Access,Critical,New security protocol delayed collector access,Increase staffing coverage,2026-06-25T10:09:16.280Z,2026-06-25T10:09:40.811Z
N04814,Lakeview Terrace,2025-06-16,Weather,Medium,Poor visibility affected route safety,Update access credentials,2026-06-25T10:09:16.280Z,2026-06-25T10:09:40.811Z
N04830,Birchwood Commons,2025-04-23,Resident Behavior,High,Collection bins were inaccessible during service window,Perform operational audit,2026-06-25T10:09:16.280Z,2026-06-25T10:09:40.811Z
N04841,Green Oaks,2025-01-19,Vehicle,Low,Transmission issue impacted route completion,Coordinate with property manager,2026-06-25T10:09:16.280Z,2026-06-25T10:09:40.811Z
N04859,Birchwood Commons,2025-01-11,Gate Access,High,Restricted access due to special community event,Escalate issue to regional manager,2026-06-25T10:09:16.280Z,2026-06-25T10:09:40.811Z
N04866,Maple Court,2025-03-02,Vehicle,High,Replacement vehicle arrived later than expected,Monitor performance for next 7 days,2026-06-25T10:09:16.280Z,2026-06-25T10:09:40.811Z
N04890,Lakeview Terrace,2025-04-04,Weather,High,Lightning risk delayed evening collections,Coordinate with property manager,2026-06-25T10:09:16.280Z,2026-06-25T10:09:40.811Z
N04904,Sunset Ridge,2025-03-08,Resident Behavior,High,Excess waste volume exceeded expected capacity,Coordinate with property manager,2026-06-25T10:09:16.280Z,2026-06-25T10:09:40.811Z
N04911,Sunset Ridge,2025-03-15,Resident Behavior,Critical,Overflowing bins required additional collection effort,Conduct resident awareness campaign,2026-06-25T10:09:16.280Z,2026-06-25T10:09:40.811Z
N04926,Birchwood Commons,2025-03-29,Property Management,High,Management requested additional pickup support,Conduct resident awareness campaign,2026-06-25T10:09:16.280Z,2026-06-25T10:09:40.811Z
N04929,Birchwood Commons,2025-03-11,Gate Access,Medium,Access card failed to unlock service entrance,Schedule preventive maintenance,2026-06-25T10:09:16.280Z,2026-06-25T10:09:40.811Z
N04946,Willow Creek,2025-04-13,Gate Access,Low,Driver could not access community - gate code expired,Schedule preventive maintenance,2026-06-25T10:09:16.280Z,2026-06-25T10:09:40.811Z
N04947,Willow Creek,2025-04-24,Vehicle,Critical,Flat tire caused service delays across multiple properties,Update access credentials,2026-06-25T10:09:16.280Z,2026-06-25T10:09:40.811Z
N04976,Green Oaks,2025-03-18,Route Planning,High,Dynamic route adjustments improved service outcomes,Perform operational audit,2026-06-25T10:09:16.280Z,2026-06-25T10:09:40.811Z
N04987,Birchwood Commons,2025-05-01,Resident Behavior,Low,Several residents reported confusion regarding pickup schedule,Schedule preventive maintenance,2026-06-25T10:09:16.280Z,2026-06-25T10:09:40.811Z
N04004,Lakeview Terrace,2025-06-15,Weather,Low,Snow accumulation blocked access to several units,Escalate issue to regional manager,2026-06-25T10:09:16.280Z,2026-06-25T10:09:40.811Z
N04007,Maple Court,2025-03-05,Vehicle,High,Truck mechanical issue delayed entire route schedule,Assign backup collection crew,2026-06-25T10:09:16.280Z,2026-06-25T10:09:40.811Z
N04014,Harbor Pointe,2025-06-19,Vehicle,Medium,Fleet shortage increased route workloads,Perform operational audit,2026-06-25T10:09:16.280Z,2026-06-25T10:09:40.811Z
N04016,Green Oaks,2025-03-26,Route Planning,Medium,Route capacity exceeded planned workload,Review route optimization plan,2026-06-25T10:09:16.280Z,2026-06-25T10:09:40.811Z
N04018,Maple Court,2025-05-02,Vehicle,High,Vehicle inspection identified safety concerns before dispatch,Review route optimization plan,2026-06-25T10:09:16.280Z,2026-06-25T10:09:40.811Z
N04021,Cedar Park,2025-04-22,Property Management,High,Access restrictions increased service complexity,Assign backup collection crew,2026-06-25T10:09:16.280Z,2026-06-25T10:09:40.811Z
N04036,Maple Court,2025-05-27,Weather,Low,Adverse weather increased average completion times,Assign backup collection crew,2026-06-25T10:09:16.280Z,2026-06-25T10:09:40.811Z
N04054,Birchwood Commons,2025-03-22,Resident Behavior,Critical,Overflowing bins required additional collection effort,Review route optimization plan,2026-06-25T10:09:16.280Z,2026-06-25T10:09:40.811Z
N04055,Sunset Ridge,2025-06-06,Property Management,High,Property leadership requested service enhancement review,Coordinate with property manager,2026-06-25T10:09:16.280Z,2026-06-25T10:09:40.811Z
N04081,Sunset Ridge,2025-01-25,Property Management,Low,Property policy changes affected service delivery,Perform operational audit,2026-06-25T10:09:16.280Z,2026-06-25T10:09:40.811Z
N04102,Birchwood Commons,2025-05-05,Gate Access,High,Gate access restrictions caused delay on route,Conduct resident awareness campaign,2026-06-25T10:09:16.280Z,2026-06-25T10:09:40.811Z
N04119,Lakeview Terrace,2025-04-06,Weather,Critical,High winds created safety concerns for collectors,Assign backup collection crew,2026-06-25T10:09:16.280Z,2026-06-25T10:09:40.811Z
N04140,Birchwood Commons,2025-02-10,Resident Behavior,Low,Resident education on waste procedures was recommended,Update access credentials,2026-06-25T10:09:16.280Z,2026-06-25T10:09:40.811Z
N04149,Cedar Park,2025-03-15,Route Planning,Medium,Service area expansion affected route timing,Schedule preventive maintenance,2026-06-25T10:09:16.280Z,2026-06-25T10:09:40.811Z
N04185,Lakeview Terrace,2025-03-26,Resident Behavior,Critical,Residents placed bins outside designated collection hours,Assign backup collection crew,2026-06-25T10:09:16.280Z,2026-06-25T10:09:40.811Z
N04202,Lakeview Terrace,2025-05-24,Route Planning,High,Unexpected road closure required route diversion,Coordinate with property manager,2026-06-25T10:09:16.280Z,2026-06-25T10:09:40.811Z
N04204,Maple Court,2025-05-27,Route Planning,High,Scheduling overlap reduced operational efficiency,Schedule preventive maintenance,2026-06-25T10:09:16.280Z,2026-06-25T10:09:40.811Z
N04245,Birchwood Commons,2025-03-04,Property Management,Critical,Community event impacted collection schedule,Assign backup collection crew,2026-06-25T10:09:16.280Z,2026-06-25T10:09:40.811Z
N04268,Willow Creek,2025-03-18,Gate Access,Medium,Restricted access due to special community event,Increase staffing coverage,2026-06-25T10:09:16.280Z,2026-06-25T10:09:40.811Z
N04303,Maple Court,2025-02-19,Vehicle,Critical,Fleet shortage increased route workloads,Escalate issue to regional manager,2026-06-25T10:09:16.280Z,2026-06-25T10:09:40.811Z
N04313,Lakeview Terrace,2025-03-15,Resident Behavior,Medium,Resident left bin blocked by parked vehicle,Perform operational audit,2026-06-25T10:09:16.280Z,2026-06-25T10:09:40.811Z
N04330,Birchwood Commons,2025-03-18,Resident Behavior,High,Resident complaints were concentrated in specific buildings,Schedule preventive maintenance,2026-06-25T10:09:16.280Z,2026-06-25T10:09:40.811Z
N04338,Green Oaks,2025-03-15,Route Planning,High,Service area expansion affected route timing,Escalate issue to regional manager,2026-06-25T10:09:16.280Z,2026-06-25T10:09:40.811Z
N04340,Green Oaks,2025-05-04,Staffing,High,Insufficient weekend staffing caused backlog,Assign backup collection crew,2026-06-25T10:09:16.280Z,2026-06-25T10:09:40.811Z
N04370,Birchwood Commons,2025-05-13,Gate Access,Medium,Multiple access attempts required before entry was granted,Conduct resident awareness campaign,2026-06-25T10:09:16.280Z,2026-06-25T10:09:40.811Z
N04377,Maple Court,2025-03-21,Weather,Critical,Ice accumulation restricted vehicle movement,Increase staffing coverage,2026-06-25T10:09:16.280Z,2026-06-25T10:09:40.811Z
N04378,Sunset Ridge,2025-05-11,Property Management,Medium,Operational changes were not communicated in advance,Monitor performance for next 7 days,2026-06-25T10:09:16.280Z,2026-06-25T10:09:40.811Z
N04401,Willow Creek,2025-06-09,Vehicle,Critical,Fleet shortage increased route workloads,Conduct resident awareness campaign,2026-06-25T10:09:16.280Z,2026-06-25T10:09:40.811Z
N04432,Sunset Ridge,2025-03-11,Gate Access,High,Temporary gate malfunction prevented collector entry,Increase staffing coverage,2026-06-25T10:09:16.280Z,2026-06-25T10:09:40.811Z
N04437,Sunset Ridge,2025-06-17,Property Management,Critical,Property leadership requested service enhancement review,Perform operational audit,2026-06-25T10:09:16.280Z,2026-06-25T10:09:40.811Z
N04447,Maple Court,2025-06-15,Vehicle,High,Transmission issue impacted route completion,Escalate issue to regional manager,2026-06-25T10:09:16.280Z,2026-06-25T10:09:40.811Z
N04449,Sunset Ridge,2025-04-15,Property Management,High,Management requested additional pickup support,Escalate issue to regional manager,2026-06-25T10:09:16.280Z,2026-06-25T10:09:40.811Z
N04454,Harbor Pointe,2025-02-23,Vehicle,Low,Replacement vehicle arrived later than expected,Increase staffing coverage,2026-06-25T10:09:16.280Z,2026-06-25T10:09:40.811Z
N04468,Maple Court,2025-04-19,Weather,Low,Snow removal activities blocked service access,Escalate issue to regional manager,2026-06-25T10:09:16.280Z,2026-06-25T10:09:40.811Z
N04471,Green Oaks,2025-01-29,Staffing,Critical,Insufficient staffing levels increased route completion time,Increase staffing coverage,2026-06-25T10:09:16.280Z,2026-06-25T10:09:40.811Z
N04477,Harbor Pointe,2025-01-15,Vehicle,Medium,Equipment failure reduced collection efficiency,Perform operational audit,2026-06-25T10:09:16.280Z,2026-06-25T10:09:40.811Z
N04479,Green Oaks,2025-06-22,Route Planning,Low,Route optimization issue increased travel time,Perform operational audit,2026-06-25T10:09:16.280Z,2026-06-25T10:09:40.811Z
N04490,Sunset Ridge,2025-04-03,Resident Behavior,Critical,Overflowing bins required additional collection effort,Coordinate with property manager,2026-06-25T10:09:16.280Z,2026-06-25T10:09:40.811Z
N04495,Green Oaks,2025-05-19,Vehicle,High,Transmission issue impacted route completion,Monitor performance for next 7 days,2026-06-25T10:09:16.280Z,2026-06-25T10:09:40.811Z
N04497,Green Oaks,2025-06-04,Vehicle,High,Engine overheating forced temporary route suspension,Escalate issue to regional manager,2026-06-25T10:09:16.280Z,2026-06-25T10:09:40.811Z
N04535,Harbor Pointe,2025-04-25,Staffing,Medium,New collector unfamiliar with property layout,Escalate issue to regional manager,2026-06-25T10:09:16.280Z,2026-06-25T10:09:40.811Z
N04541,Birchwood Commons,2025-06-10,Gate Access,High,Community access policy changes were not communicated,Schedule preventive maintenance,2026-06-25T10:09:16.280Z,2026-06-25T10:09:40.811Z
N04561,Maple Court,2025-01-23,Vehicle,Medium,Emergency repair interrupted collection schedule,Assign backup collection crew,2026-06-25T10:09:16.280Z,2026-06-25T10:09:40.811Z
N04578,Cedar Park,2025-06-23,Route Planning,Critical,Service area expansion affected route timing,Escalate issue to regional manager,2026-06-25T10:09:16.280Z,2026-06-25T10:09:40.811Z
N04586,Cedar Park,2025-06-19,Staffing,High,Insufficient staffing levels increased route completion time,Escalate issue to regional manager,2026-06-25T10:09:16.280Z,2026-06-25T10:09:40.811Z
N04592,Maple Court,2025-06-15,Vehicle,Low,Fleet availability issues caused route reassignment,Perform operational audit,2026-06-25T10:09:16.280Z,2026-06-25T10:09:40.811Z
N04626,Willow Creek,2025-06-01,Gate Access,High,Property manager unavailable to provide updated gate code,Conduct resident awareness campaign,2026-06-25T10:09:16.280Z,2026-06-25T10:09:40.811Z
N04633,Willow Creek,2025-01-02,Staffing,Critical,Route coverage reduced due to labor constraints,Schedule preventive maintenance,2026-06-25T10:09:16.280Z,2026-06-25T10:09:40.811Z
N04691,Harbor Pointe,2025-05-15,Weather,High,Severe weather reduced operational efficiency,Perform operational audit,2026-06-25T10:09:16.280Z,2026-06-25T10:09:40.811Z
N04695,Willow Creek,2025-06-14,Gate Access,Critical,Entry denied due to missing vendor registration,Schedule preventive maintenance,2026-06-25T10:09:16.280Z,2026-06-25T10:09:40.811Z
N04696,Willow Creek,2025-01-19,Gate Access,High,Temporary gate malfunction prevented collector entry,Assign backup collection crew,2026-06-25T10:09:16.280Z,2026-06-25T10:09:40.811Z
N04723,Harbor Pointe,2025-03-05,Weather,Medium,Severe weather reduced operational efficiency,Conduct resident awareness campaign,2026-06-25T10:09:16.280Z,2026-06-25T10:09:40.811Z
N04738,Harbor Pointe,2025-01-13,Vehicle,Medium,Flat tire caused service delays across multiple properties,Update access credentials,2026-06-25T10:09:16.280Z,2026-06-25T10:09:40.811Z
N04772,Willow Creek,2025-06-24,Staffing,Low,"Collector called in sick, route covered late",Coordinate with property manager,2026-06-25T10:09:16.280Z,2026-06-25T10:09:40.811Z
N04774,Maple Court,2025-05-10,Weather,Critical,Storm conditions resulted in temporary service suspension,Monitor performance for next 7 days,2026-06-25T10:09:16.280Z,2026-06-25T10:09:40.811Z
N04793,Birchwood Commons,2025-05-31,Resident Behavior,Critical,Resident complaints were concentrated in specific buildings,Review route optimization plan,2026-06-25T10:09:16.280Z,2026-06-25T10:09:40.811Z
N04797,Birchwood Commons,2025-03-15,Gate Access,Medium,Access credentials expired unexpectedly,Coordinate with property manager,2026-06-25T10:09:16.280Z,2026-06-25T10:09:40.811Z
N04800,Lakeview Terrace,2025-01-04,Route Planning,High,High-density properties created route bottlenecks,Review route optimization plan,2026-06-25T10:09:16.280Z,2026-06-25T10:09:40.811Z
N04807,Willow Creek,2025-02-28,Gate Access,High,Restricted access due to special community event,Escalate issue to regional manager,2026-06-25T10:09:16.280Z,2026-06-25T10:09:40.811Z
N04821,Maple Court,2025-05-21,Vehicle,Critical,Flat tire caused service delays across multiple properties,Schedule preventive maintenance,2026-06-25T10:09:16.280Z,2026-06-25T10:09:40.811Z
N04827,Maple Court,2025-06-28,Weather,High,Storm conditions resulted in temporary service suspension,Monitor performance for next 7 days,2026-06-25T10:09:16.280Z,2026-06-25T10:09:40.811Z
N04828,Cedar Park,2025-01-06,Route Planning,Medium,Inefficient route sequencing reduced productivity,Coordinate with property manager,2026-06-25T10:09:16.280Z,2026-06-25T10:09:40.811Z
N04838,Harbor Pointe,2025-06-11,Staffing,Low,Staff shortage on route caused missed pickups,Monitor performance for next 7 days,2026-06-25T10:09:16.280Z,2026-06-25T10:09:40.811Z
N04867,Birchwood Commons,2025-01-29,Resident Behavior,High,Resident participation declined during holiday period,Coordinate with property manager,2026-06-25T10:09:16.280Z,2026-06-25T10:09:40.811Z
N04899,Sunset Ridge,2025-06-14,Property Management,Medium,Management requested route modifications,Increase staffing coverage,2026-06-25T10:09:16.280Z,2026-06-25T10:09:40.811Z
N04912,Lakeview Terrace,2025-03-02,Weather,Low,Severe weather reduced operational efficiency,Update access credentials,2026-06-25T10:09:16.280Z,2026-06-25T10:09:40.811Z
N04913,Lakeview Terrace,2025-05-06,Route Planning,Critical,GPS routing error caused missed service locations,Perform operational audit,2026-06-25T10:09:16.280Z,2026-06-25T10:09:40.811Z
N04935,Birchwood Commons,2025-05-13,Gate Access,Medium,Access credentials expired unexpectedly,Escalate issue to regional manager,2026-06-25T10:09:16.280Z,2026-06-25T10:09:40.811Z
N04937,Cedar Park,2025-05-01,Property Management,Medium,Manager reported recurring service concerns,Escalate issue to regional manager,2026-06-25T10:09:16.280Z,2026-06-25T10:09:40.811Z
N04959,Maple Court,2025-05-09,Vehicle,Low,Fleet shortage increased route workloads,Review route optimization plan,2026-06-25T10:09:16.280Z,2026-06-25T10:09:40.811Z
N04966,Sunset Ridge,2025-05-03,Resident Behavior,High,Excess waste volume exceeded expected capacity,Schedule preventive maintenance,2026-06-25T10:09:16.280Z,2026-06-25T10:09:40.811Z
N04970,Harbor Pointe,2025-01-23,Vehicle,High,Vehicle servicing overlapped with scheduled collections,Assign backup collection crew,2026-06-25T10:09:16.280Z,2026-06-25T10:09:40.811Z
N04991,Sunset Ridge,2025-03-21,Resident Behavior,High,Resident complaints were concentrated in specific buildings,Escalate issue to regional manager,2026-06-25T10:09:16.280Z,2026-06-25T10:09:40.811Z
N04994,Lakeview Terrace,2025-06-22,Route Planning,Medium,Travel distance increased due to route modifications,Escalate issue to regional manager,2026-06-25T10:09:16.280Z,2026-06-25T10:09:40.811Z
N04009,Willow Creek,2025-05-23,Staffing,Critical,Insufficient weekend staffing caused backlog,Conduct resident awareness campaign,2026-06-25T10:09:16.280Z,2026-06-25T10:09:40.811Z
N04032,Sunset Ridge,2025-01-23,Resident Behavior,High,Missed communication led to resident dissatisfaction,Monitor performance for next 7 days,2026-06-25T10:09:16.280Z,2026-06-25T10:09:40.811Z
N04088,Sunset Ridge,2025-05-01,Property Management,Medium,Management requested route modifications,Conduct resident awareness campaign,2026-06-25T10:09:16.280Z,2026-06-25T10:09:40.811Z
N04092,Green Oaks,2025-04-17,Route Planning,Medium,Construction activity blocked primary collection route,Conduct resident awareness campaign,2026-06-25T10:09:16.280Z,2026-06-25T10:09:40.811Z
N04104,Harbor Pointe,2025-04-29,Weather,Critical,Severe weather reduced operational efficiency,Review route optimization plan,2026-06-25T10:09:16.280Z,2026-06-25T10:09:40.811Z
N04108,Birchwood Commons,2025-05-20,Property Management,Low,Building access procedures updated without notice,Perform operational audit,2026-06-25T10:09:16.280Z,2026-06-25T10:09:40.811Z
N04112,Sunset Ridge,2025-05-29,Resident Behavior,Low,Improper waste disposal created collection challenges,Assign backup collection crew,2026-06-25T10:09:16.280Z,2026-06-25T10:09:40.811Z
N04116,Harbor Pointe,2025-03-12,Weather,Low,Heavy rain delayed collection schedule across region,Assign backup collection crew,2026-06-25T10:09:16.280Z,2026-06-25T10:09:40.811Z
N04120,Lakeview Terrace,2025-05-08,Route Planning,Critical,Unexpected road closure required route diversion,Perform operational audit,2026-06-25T10:09:16.280Z,2026-06-25T10:09:40.811Z
N04139,Sunset Ridge,2025-03-06,Resident Behavior,High,Residents requested unscheduled pickups,Monitor performance for next 7 days,2026-06-25T10:09:16.280Z,2026-06-25T10:09:40.811Z
N04177,Cedar Park,2025-03-17,Route Planning,Low,Route capacity exceeded planned workload,Assign backup collection crew,2026-06-25T10:09:16.280Z,2026-06-25T10:09:40.811Z
N04189,Harbor Pointe,2025-01-21,Vehicle,High,Battery failure delayed route departure,Assign backup collection crew,2026-06-25T10:09:16.280Z,2026-06-25T10:09:40.811Z
N04206,Lakeview Terrace,2025-06-02,Resident Behavior,Low,Collection bins were inaccessible during service window,Monitor performance for next 7 days,2026-06-25T10:09:16.280Z,2026-06-25T10:09:40.811Z
N04209,Cedar Park,2025-01-29,Route Planning,Medium,High-density properties created route bottlenecks,Monitor performance for next 7 days,2026-06-25T10:09:16.280Z,2026-06-25T10:09:40.811Z
N04210,Cedar Park,2025-05-08,Route Planning,Medium,Peak-hour traffic increased collection duration,Review route optimization plan,2026-06-25T10:09:16.280Z,2026-06-25T10:09:40.811Z
N04218,Willow Creek,2025-03-24,Gate Access,High,Gate access restrictions caused delay on route,Review route optimization plan,2026-06-25T10:09:16.280Z,2026-06-25T10:09:40.811Z
N04236,Lakeview Terrace,2025-03-20,Resident Behavior,High,Residents requested unscheduled pickups,Assign backup collection crew,2026-06-25T10:09:16.280Z,2026-06-25T10:09:40.811Z
N04243,Harbor Pointe,2025-05-15,Vehicle,Critical,Brake system inspection delayed deployment,Increase staffing coverage,2026-06-25T10:09:16.280Z,2026-06-25T10:09:40.811Z
N04291,Birchwood Commons,2025-03-08,Property Management,Medium,Building access procedures updated without notice,Coordinate with property manager,2026-06-25T10:09:16.280Z,2026-06-25T10:09:40.811Z
N04348,Cedar Park,2025-03-09,Route Planning,Medium,Inefficient route sequencing reduced productivity,Perform operational audit,2026-06-25T10:09:16.280Z,2026-06-25T10:09:40.811Z
N04388,Maple Court,2025-05-05,Vehicle,Medium,Maintenance backlog reduced fleet readiness,Conduct resident awareness campaign,2026-06-25T10:09:16.280Z,2026-06-25T10:09:40.811Z
N04406,Harbor Pointe,2025-05-20,Vehicle,Critical,Fleet availability issues caused route reassignment,Perform operational audit,2026-06-25T10:09:16.280Z,2026-06-25T10:09:40.811Z
N04417,Birchwood Commons,2025-04-11,Property Management,Critical,Building access procedures updated without notice,Assign backup collection crew,2026-06-25T10:09:16.280Z,2026-06-25T10:09:40.811Z
N04426,Lakeview Terrace,2025-03-01,Route Planning,Medium,Peak-hour traffic increased collection duration,Coordinate with property manager,2026-06-25T10:09:16.280Z,2026-06-25T10:09:40.811Z
N04458,Lakeview Terrace,2025-06-16,Weather,Low,Wet conditions reduced collection speed,Update access credentials,2026-06-25T10:09:16.280Z,2026-06-25T10:09:40.811Z
N04467,Willow Creek,2025-05-08,Gate Access,Critical,Incorrect gate code provided by property management,Assign backup collection crew,2026-06-25T10:09:16.280Z,2026-06-25T10:09:40.811Z
N04496,Sunset Ridge,2025-01-06,Property Management,High,Management requested additional pickup support,Update access credentials,2026-06-25T10:09:16.280Z,2026-06-25T10:09:40.811Z
N04499,Green Oaks,2025-01-26,Vehicle,High,Truck mechanical issue delayed entire route schedule,Increase staffing coverage,2026-06-25T10:09:16.280Z,2026-06-25T10:09:40.811Z
N04531,Sunset Ridge,2025-01-13,Property Management,Critical,Maintenance work restricted access to collection areas,Monitor performance for next 7 days,2026-06-25T10:09:16.280Z,2026-06-25T10:09:40.811Z
N04554,Cedar Park,2025-04-14,Property Management,Low,Management communication delay affected operations,Review route optimization plan,2026-06-25T10:09:16.280Z,2026-06-25T10:09:40.811Z
N04577,Birchwood Commons,2025-03-30,Gate Access,Critical,Security denied entry due to outdated access credentials,Coordinate with property manager,2026-06-25T10:09:16.280Z,2026-06-25T10:09:40.811Z
N04603,Birchwood Commons,2025-01-19,Gate Access,Low,Service entrance blocked by maintenance activity,Assign backup collection crew,2026-06-25T10:09:16.280Z,2026-06-25T10:09:40.811Z
N04636,Birchwood Commons,2025-02-05,Property Management,High,Operational feedback meeting identified improvement areas,Monitor performance for next 7 days,2026-06-25T10:09:16.280Z,2026-06-25T10:09:40.811Z
N04644,Harbor Pointe,2025-03-03,Vehicle,High,Collection vehicle required mid-route maintenance stop,Review route optimization plan,2026-06-25T10:09:16.280Z,2026-06-25T10:09:40.811Z
N04686,Maple Court,2025-02-28,Route Planning,High,Route handoff between teams caused delays,Schedule preventive maintenance,2026-06-25T10:09:16.280Z,2026-06-25T10:09:40.811Z
N04711,Green Oaks,2025-02-26,Vehicle,Medium,Vehicle diagnostics required immediate attention,Assign backup collection crew,2026-06-25T10:09:16.280Z,2026-06-25T10:09:40.811Z
N04713,Maple Court,2025-01-02,Route Planning,High,Operational review identified route inefficiencies,Schedule preventive maintenance,2026-06-25T10:09:16.280Z,2026-06-25T10:09:40.811Z
N04749,Cedar Park,2025-06-10,Staffing,Low,Resource allocation issue affected collection schedule,Coordinate with property manager,2026-06-25T10:09:16.280Z,2026-06-25T10:09:40.811Z
N04750,Maple Court,2025-01-26,Weather,Critical,Emergency weather response delayed operations,Coordinate with property manager,2026-06-25T10:09:16.280Z,2026-06-25T10:09:40.811Z
N04766,Harbor Pointe,2025-03-14,Vehicle,Low,Flat tire caused service delays across multiple properties,Monitor performance for next 7 days,2026-06-25T10:09:16.280Z,2026-06-25T10:09:40.811Z
N04776,Cedar Park,2025-03-30,Route Planning,Medium,Property clustering analysis suggested optimization opportunities,Assign backup collection crew,2026-06-25T10:09:16.280Z,2026-06-25T10:09:40.811Z
N04789,Green Oaks,2025-02-25,Route Planning,High,Route optimization issue increased travel time,Assign backup collection crew,2026-06-25T10:09:16.280Z,2026-06-25T10:09:40.811Z
N04819,Lakeview Terrace,2025-03-01,Resident Behavior,High,Resident left bin blocked by parked vehicle,Monitor performance for next 7 days,2026-06-25T10:09:16.280Z,2026-06-25T10:09:40.811Z
N04829,Harbor Pointe,2025-05-26,Staffing,Low,Resource allocation issue affected collection schedule,Schedule preventive maintenance,2026-06-25T10:09:16.280Z,2026-06-25T10:09:40.811Z
N04843,Lakeview Terrace,2025-05-22,Route Planning,Low,Construction activity blocked primary collection route,Monitor performance for next 7 days,2026-06-25T10:09:16.280Z,2026-06-25T10:09:40.811Z
N04856,Birchwood Commons,2025-01-17,Gate Access,High,Service entrance blocked by maintenance activity,Coordinate with property manager,2026-06-25T10:09:16.280Z,2026-06-25T10:09:40.811Z
N04875,Cedar Park,2025-03-12,Property Management,Medium,Access restrictions increased service complexity,Escalate issue to regional manager,2026-06-25T10:09:16.280Z,2026-06-25T10:09:40.811Z
N04878,Lakeview Terrace,2025-04-02,Route Planning,Low,Route capacity exceeded planned workload,Schedule preventive maintenance,2026-06-25T10:09:16.280Z,2026-06-25T10:09:40.811Z
N04891,Willow Creek,2025-02-24,Gate Access,Critical,Temporary gate malfunction prevented collector entry,Monitor performance for next 7 days,2026-06-25T10:09:16.280Z,2026-06-25T10:09:40.811Z
N04896,Green Oaks,2025-03-05,Vehicle,Low,Unexpected maintenance increased route completion time,Assign backup collection crew,2026-06-25T10:09:16.280Z,2026-06-25T10:09:40.811Z
N04920,Cedar Park,2025-04-09,Staffing,High,Unexpected resignations affected operations,Review route optimization plan,2026-06-25T10:09:16.280Z,2026-06-25T10:09:40.811Z
N04925,Sunset Ridge,2025-02-17,Property Management,Medium,Management communication delay affected operations,Schedule preventive maintenance,2026-06-25T10:09:16.280Z,2026-06-25T10:09:40.811Z
N04938,Birchwood Commons,2025-05-10,Property Management,Low,Property staffing changes impacted coordination,Review route optimization plan,2026-06-25T10:09:16.280Z,2026-06-25T10:09:40.811Z
N04949,Harbor Pointe,2025-03-24,Vehicle,Critical,Truck mechanical issue delayed entire route schedule,Increase staffing coverage,2026-06-25T10:09:16.280Z,2026-06-25T10:09:40.811Z
N04974,Lakeview Terrace,2025-05-31,Route Planning,Low,Dynamic route adjustments improved service outcomes,Coordinate with property manager,2026-06-25T10:09:16.280Z,2026-06-25T10:09:40.811Z
N04001,Lakeview Terrace,2025-05-09,Route Planning,High,Traffic congestion delayed collections across multiple properties,Conduct resident awareness campaign,2026-06-25T10:09:16.280Z,2026-06-25T10:09:40.811Z
N04013,Green Oaks,2025-06-06,Route Planning,Critical,Route balancing adjustments improved service coverage,Monitor performance for next 7 days,2026-06-25T10:09:16.280Z,2026-06-25T10:09:40.811Z
N04039,Willow Creek,2025-02-01,Staffing,High,Staff reassignment impacted scheduled routes,Escalate issue to regional manager,2026-06-25T10:09:16.280Z,2026-06-25T10:09:40.811Z
N04052,Lakeview Terrace,2025-06-13,Resident Behavior,Medium,Resident education on waste procedures was recommended,Schedule preventive maintenance,2026-06-25T10:09:16.280Z,2026-06-25T10:09:40.811Z
N04057,Sunset Ridge,2025-01-27,Gate Access,High,Restricted access due to special community event,Conduct resident awareness campaign,2026-06-25T10:09:16.280Z,2026-06-25T10:09:40.811Z
N04082,Maple Court,2025-03-05,Vehicle,Critical,Unexpected maintenance increased route completion time,Schedule preventive maintenance,2026-06-25T10:09:16.280Z,2026-06-25T10:09:40.811Z
N04085,Sunset Ridge,2025-06-02,Property Management,High,Management requested route modifications,Escalate issue to regional manager,2026-06-25T10:09:16.280Z,2026-06-25T10:09:40.811Z
N04094,Harbor Pointe,2025-01-18,Weather,Low,Emergency weather response delayed operations,Conduct resident awareness campaign,2026-06-25T10:09:16.280Z,2026-06-25T10:09:40.811Z
N04153,Cedar Park,2025-05-08,Route Planning,Low,High-density properties created route bottlenecks,Review route optimization plan,2026-06-25T10:09:16.280Z,2026-06-25T10:09:40.811Z
N04165,Cedar Park,2025-05-01,Staffing,Low,Overtime limitations reduced available coverage,Conduct resident awareness campaign,2026-06-25T10:09:16.280Z,2026-06-25T10:09:40.811Z
N04169,Cedar Park,2025-04-29,Route Planning,Critical,Navigation issue delayed route completion,Review route optimization plan,2026-06-25T10:09:16.280Z,2026-06-25T10:09:40.811Z
N04178,Harbor Pointe,2025-04-17,Vehicle,High,Vehicle diagnostics required immediate attention,Conduct resident awareness campaign,2026-06-25T10:09:16.280Z,2026-06-25T10:09:40.811Z
N04198,Lakeview Terrace,2025-06-25,Resident Behavior,Medium,Collection bins were inaccessible during service window,Perform operational audit,2026-06-25T10:09:16.280Z,2026-06-25T10:09:40.811Z
N04205,Lakeview Terrace,2025-06-14,Resident Behavior,Medium,Improperly secured waste created operational issues,Update access credentials,2026-06-25T10:09:16.280Z,2026-06-25T10:09:40.811Z
N04219,Maple Court,2025-05-25,Route Planning,High,Inefficient route sequencing reduced productivity,Update access credentials,2026-06-25T10:09:16.280Z,2026-06-25T10:09:40.811Z
N04220,Harbor Pointe,2025-01-02,Vehicle,High,Engine overheating forced temporary route suspension,Escalate issue to regional manager,2026-06-25T10:09:16.280Z,2026-06-25T10:09:40.811Z
N04221,Sunset Ridge,2025-01-31,Gate Access,Medium,Driver could not access community - gate code expired,Review route optimization plan,2026-06-25T10:09:16.280Z,2026-06-25T10:09:40.811Z
N04228,Harbor Pointe,2025-04-20,Staffing,Low,High employee turnover affected route consistency,Perform operational audit,2026-06-25T10:09:16.280Z,2026-06-25T10:09:40.811Z
N04241,Cedar Park,2025-04-16,Route Planning,Low,Route redesign recommended to improve performance,Coordinate with property manager,2026-06-25T10:09:16.280Z,2026-06-25T10:09:40.811Z
N04252,Willow Creek,2025-06-08,Gate Access,High,Security denied entry due to outdated access credentials,Coordinate with property manager,2026-06-25T10:09:16.280Z,2026-06-25T10:09:40.811Z
N04277,Maple Court,2025-02-14,Vehicle,Low,Vehicle diagnostics required immediate attention,Monitor performance for next 7 days,2026-06-25T10:09:16.280Z,2026-06-25T10:09:40.811Z
N04301,Harbor Pointe,2025-01-08,Staffing,Low,Overtime limitations reduced available coverage,Monitor performance for next 7 days,2026-06-25T10:09:16.280Z,2026-06-25T10:09:40.811Z
N04305,Green Oaks,2025-01-11,Route Planning,Medium,Traffic congestion delayed collections across multiple properties,Schedule preventive maintenance,2026-06-25T10:09:16.280Z,2026-06-25T10:09:40.811Z
N04335,Harbor Pointe,2025-05-19,Weather,Critical,Weather advisory required route modification,Conduct resident awareness campaign,2026-06-25T10:09:16.280Z,2026-06-25T10:09:40.811Z
N04343,Willow Creek,2025-05-05,Vehicle,High,Vehicle breakdown impacted collections on route,Review route optimization plan,2026-06-25T10:09:16.280Z,2026-06-25T10:09:40.811Z
N04358,Green Oaks,2025-04-04,Staffing,Low,Insufficient staffing levels increased route completion time,Increase staffing coverage,2026-06-25T10:09:16.280Z,2026-06-25T10:09:40.811Z
N04359,Willow Creek,2025-01-31,Vehicle,Medium,Fleet availability issues caused route reassignment,Conduct resident awareness campaign,2026-06-25T10:09:16.280Z,2026-06-25T10:09:40.811Z
N04379,Willow Creek,2025-05-04,Vehicle,High,Truck mechanical issue delayed entire route schedule,Coordinate with property manager,2026-06-25T10:09:16.280Z,2026-06-25T10:09:40.811Z
N04380,Birchwood Commons,2025-04-14,Resident Behavior,Medium,Resident participation declined during holiday period,Assign backup collection crew,2026-06-25T10:09:16.280Z,2026-06-25T10:09:40.811Z
N04413,Green Oaks,2025-06-25,Vehicle,Medium,Fleet availability issues caused route reassignment,Perform operational audit,2026-06-25T10:09:16.280Z,2026-06-25T10:09:40.811Z
N04434,Sunset Ridge,2025-06-19,Property Management,High,Maintenance work restricted access to collection areas,Assign backup collection crew,2026-06-25T10:09:16.280Z,2026-06-25T10:09:40.811Z
N04448,Birchwood Commons,2025-02-17,Gate Access,Low,Visitor access restrictions delayed collection process,Coordinate with property manager,2026-06-25T10:09:16.280Z,2026-06-25T10:09:40.811Z
N04461,Harbor Pointe,2025-05-28,Vehicle,Critical,Vehicle servicing overlapped with scheduled collections,Review route optimization plan,2026-06-25T10:09:16.280Z,2026-06-25T10:09:40.811Z
N04464,Maple Court,2025-02-05,Weather,Low,Poor visibility affected route safety,Perform operational audit,2026-06-25T10:09:16.280Z,2026-06-25T10:09:40.811Z
N04514,Lakeview Terrace,2025-04-28,Route Planning,Medium,Property clustering analysis suggested optimization opportunities,Assign backup collection crew,2026-06-25T10:09:16.280Z,2026-06-25T10:09:40.811Z
N04547,Birchwood Commons,2025-05-02,Property Management,Low,Service expectations reviewed with property leadership,Escalate issue to regional manager,2026-06-25T10:09:16.280Z,2026-06-25T10:09:40.811Z
N04581,Birchwood Commons,2025-01-14,Property Management,Medium,Coordination challenges delayed operational response,Update access credentials,2026-06-25T10:09:16.280Z,2026-06-25T10:09:40.811Z
N04608,Green Oaks,2025-01-16,Vehicle,Low,Truck mechanical issue delayed entire route schedule,Monitor performance for next 7 days,2026-06-25T10:09:16.280Z,2026-06-25T10:09:40.811Z
N04611,Willow Creek,2025-06-09,Gate Access,Low,Temporary gate malfunction prevented collector entry,Update access credentials,2026-06-25T10:09:16.280Z,2026-06-25T10:09:40.811Z
N04632,Maple Court,2025-01-10,Weather,Low,Lightning risk delayed evening collections,Monitor performance for next 7 days,2026-06-25T10:09:16.280Z,2026-06-25T10:09:40.811Z
N04634,Lakeview Terrace,2025-06-16,Weather,Low,Extreme temperatures slowed collection activities,Perform operational audit,2026-06-25T10:09:16.280Z,2026-06-25T10:09:40.811Z
N04639,Birchwood Commons,2025-02-17,Gate Access,Critical,Manual gate operation caused route delays,Review route optimization plan,2026-06-25T10:09:16.280Z,2026-06-25T10:09:40.811Z
N04655,Birchwood Commons,2025-04-21,Resident Behavior,Low,Repeated policy violations impacted service quality,Conduct resident awareness campaign,2026-06-25T10:09:16.280Z,2026-06-25T10:09:40.811Z
N04675,Sunset Ridge,2025-04-21,Property Management,Critical,Property renovation disrupted normal collection process,Conduct resident awareness campaign,2026-06-25T10:09:16.280Z,2026-06-25T10:09:40.811Z
N04700,Harbor Pointe,2025-03-04,Staffing,Low,Overtime limitations reduced available coverage,Conduct resident awareness campaign,2026-06-25T10:09:16.280Z,2026-06-25T10:09:40.811Z
N04726,Birchwood Commons,2025-03-30,Gate Access,High,Incorrect gate code provided by property management,Escalate issue to regional manager,2026-06-25T10:09:16.280Z,2026-06-25T10:09:40.811Z
N04780,Sunset Ridge,2025-02-25,Property Management,Medium,Service expectations reviewed with property leadership,Monitor performance for next 7 days,2026-06-25T10:09:16.280Z,2026-06-25T10:09:40.811Z
N04798,Lakeview Terrace,2025-03-05,Weather,Medium,Flooded access roads prevented route completion,Update access credentials,2026-06-25T10:09:16.280Z,2026-06-25T10:09:40.811Z
N04865,Lakeview Terrace,2025-01-09,Weather,Low,Adverse weather increased average completion times,Update access credentials,2026-06-25T10:09:16.280Z,2026-06-25T10:09:40.811Z
N04877,Maple Court,2025-01-08,Vehicle,Critical,Vehicle inspection identified safety concerns before dispatch,Assign backup collection crew,2026-06-25T10:09:16.280Z,2026-06-25T10:09:40.811Z
N04892,Green Oaks,2025-05-31,Staffing,Critical,Insufficient staffing levels increased route completion time,Schedule preventive maintenance,2026-06-25T10:09:16.280Z,2026-06-25T10:09:40.811Z
N04895,Maple Court,2025-04-24,Weather,High,Unexpected storm activity required schedule changes,Monitor performance for next 7 days,2026-06-25T10:09:16.280Z,2026-06-25T10:09:40.811Z
N04902,Birchwood Commons,2025-05-06,Property Management,High,Management communication delay affected operations,Coordinate with property manager,2026-06-25T10:09:16.280Z,2026-06-25T10:09:40.811Z
N04928,Willow Creek,2025-01-19,Staffing,Critical,Holiday staffing shortages caused delays,Schedule preventive maintenance,2026-06-25T10:09:16.280Z,2026-06-25T10:09:40.811Z
N04936,Lakeview Terrace,2025-05-28,Route Planning,Medium,Inefficient route sequencing reduced productivity,Perform operational audit,2026-06-25T10:09:16.280Z,2026-06-25T10:09:40.811Z
N04960,Lakeview Terrace,2025-05-05,Resident Behavior,Medium,Resident complaints increased after route schedule change,Increase staffing coverage,2026-06-25T10:09:16.280Z,2026-06-25T10:09:40.811Z
N04978,Birchwood Commons,2025-02-01,Resident Behavior,Medium,Overflowing bins required additional collection effort,Monitor performance for next 7 days,2026-06-25T10:09:16.280Z,2026-06-25T10:09:40.811Z
N05000,Sunset Ridge,2025-01-23,Property Management,High,Community event impacted collection schedule,Assign backup collection crew,2026-06-25T10:09:16.280Z,2026-06-25T10:09:40.811Z
N04023,Lakeview Terrace,2025-05-18,Resident Behavior,Critical,Several residents reported confusion regarding pickup schedule,Assign backup collection crew,2026-06-25T10:09:16.280Z,2026-06-25T10:09:40.811Z
N04025,Harbor Pointe,2025-05-09,Weather,Critical,Unexpected storm activity required schedule changes,Conduct resident awareness campaign,2026-06-25T10:09:16.280Z,2026-06-25T10:09:40.811Z
N04067,Willow Creek,2025-04-30,Gate Access,Medium,Gate intercom system malfunctioned during service hours,Conduct resident awareness campaign,2026-06-25T10:09:16.280Z,2026-06-25T10:09:40.811Z
N04091,Birchwood Commons,2025-02-27,Resident Behavior,High,Several residents reported confusion regarding pickup schedule,Review route optimization plan,2026-06-25T10:09:16.280Z,2026-06-25T10:09:40.811Z
N04113,Birchwood Commons,2025-06-25,Resident Behavior,High,Excess waste volume exceeded expected capacity,Perform operational audit,2026-06-25T10:09:16.280Z,2026-06-25T10:09:40.811Z
N04168,Birchwood Commons,2025-03-11,Gate Access,Critical,Property manager unavailable to provide updated gate code,Monitor performance for next 7 days,2026-06-25T10:09:16.280Z,2026-06-25T10:09:40.811Z
N04183,Sunset Ridge,2025-02-16,Property Management,Medium,Property management requested schedule adjustment,Update access credentials,2026-06-25T10:09:16.280Z,2026-06-25T10:09:40.811Z
N04187,Sunset Ridge,2025-05-16,Resident Behavior,Medium,Resident education on waste procedures was recommended,Perform operational audit,2026-06-25T10:09:16.280Z,2026-06-25T10:09:40.811Z
N04213,Harbor Pointe,2025-04-02,Vehicle,High,Engine overheating forced temporary route suspension,Increase staffing coverage,2026-06-25T10:09:16.280Z,2026-06-25T10:09:40.811Z
N04242,Lakeview Terrace,2025-06-29,Weather,Critical,Snow accumulation blocked access to several units,Coordinate with property manager,2026-06-25T10:09:16.280Z,2026-06-25T10:09:40.811Z
N04247,Sunset Ridge,2025-05-01,Property Management,High,Maintenance work restricted access to collection areas,Increase staffing coverage,2026-06-25T10:09:16.280Z,2026-06-25T10:09:40.811Z
N04263,Maple Court,2025-06-20,Weather,Medium,Extreme temperatures slowed collection activities,Schedule preventive maintenance,2026-06-25T10:09:16.280Z,2026-06-25T10:09:40.811Z
N04267,Harbor Pointe,2025-06-29,Staffing,Critical,Unexpected resignations affected operations,Increase staffing coverage,2026-06-25T10:09:16.280Z,2026-06-25T10:09:40.811Z
N04270,Harbor Pointe,2025-01-17,Vehicle,Critical,Fleet shortage increased route workloads,Escalate issue to regional manager,2026-06-25T10:09:16.280Z,2026-06-25T10:09:40.811Z
N04295,Harbor Pointe,2025-04-16,Staffing,Medium,New collector unfamiliar with property layout,Monitor performance for next 7 days,2026-06-25T10:09:16.280Z,2026-06-25T10:09:40.811Z
N04298,Harbor Pointe,2025-04-04,Vehicle,High,Replacement vehicle arrived later than expected,Coordinate with property manager,2026-06-25T10:09:16.280Z,2026-06-25T10:09:40.811Z
N04299,Harbor Pointe,2025-02-19,Staffing,Critical,Multiple employee absences occurred simultaneously,Increase staffing coverage,2026-06-25T10:09:16.280Z,2026-06-25T10:09:40.811Z
N04325,Birchwood Commons,2025-06-16,Property Management,Low,Community event impacted collection schedule,Review route optimization plan,2026-06-25T10:09:16.280Z,2026-06-25T10:09:40.811Z
N04326,Cedar Park,2025-02-09,Route Planning,Critical,Route balancing adjustments improved service coverage,Assign backup collection crew,2026-06-25T10:09:16.280Z,2026-06-25T10:09:40.811Z
N04372,Sunset Ridge,2025-01-28,Gate Access,High,Manual gate operation caused route delays,Review route optimization plan,2026-06-25T10:09:16.280Z,2026-06-25T10:09:40.811Z
N04386,Maple Court,2025-03-09,Route Planning,Medium,Property clustering analysis suggested optimization opportunities,Perform operational audit,2026-06-25T10:09:16.280Z,2026-06-25T10:09:40.811Z
N04389,Birchwood Commons,2025-02-17,Gate Access,High,Restricted access due to special community event,Coordinate with property manager,2026-06-25T10:09:16.280Z,2026-06-25T10:09:40.811Z
N04408,Green Oaks,2025-06-19,Route Planning,Critical,Route handoff between teams caused delays,Perform operational audit,2026-06-25T10:09:16.280Z,2026-06-25T10:09:40.811Z
N04410,Maple Court,2025-03-24,Route Planning,Critical,Route capacity exceeded planned workload,Monitor performance for next 7 days,2026-06-25T10:09:16.280Z,2026-06-25T10:09:40.811Z
N04412,Cedar Park,2025-01-24,Route Planning,Critical,Route handoff between teams caused delays,Assign backup collection crew,2026-06-25T10:09:16.280Z,2026-06-25T10:09:40.811Z
N04431,Green Oaks,2025-03-15,Staffing,Medium,Shift scheduling conflict resulted in delayed collections,Assign backup collection crew,2026-06-25T10:09:16.280Z,2026-06-25T10:09:40.811Z
N04436,Green Oaks,2025-06-29,Vehicle,Medium,Maintenance backlog reduced fleet readiness,Escalate issue to regional manager,2026-06-25T10:09:16.280Z,2026-06-25T10:09:40.811Z
N04459,Lakeview Terrace,2025-05-17,Resident Behavior,Low,Excess waste volume exceeded expected capacity,Increase staffing coverage,2026-06-25T10:09:16.280Z,2026-06-25T10:09:40.811Z
N04460,Birchwood Commons,2025-03-21,Resident Behavior,Critical,Missed communication led to resident dissatisfaction,Review route optimization plan,2026-06-25T10:09:16.280Z,2026-06-25T10:09:40.811Z
N04475,Green Oaks,2025-04-20,Staffing,Medium,Holiday staffing shortages caused delays,Escalate issue to regional manager,2026-06-25T10:09:16.280Z,2026-06-25T10:09:40.811Z
N04510,Willow Creek,2025-02-08,Vehicle,Critical,Flat tire caused service delays across multiple properties,Coordinate with property manager,2026-06-25T10:09:16.280Z,2026-06-25T10:09:40.811Z
N04523,Green Oaks,2025-06-02,Staffing,Medium,Training requirements delayed assignment of replacement collector,Perform operational audit,2026-06-25T10:09:16.280Z,2026-06-25T10:09:40.811Z
N04558,Birchwood Commons,2025-05-18,Property Management,Medium,Property leadership requested service enhancement review,Increase staffing coverage,2026-06-25T10:09:16.280Z,2026-06-25T10:09:40.811Z
N04564,Cedar Park,2025-06-24,Property Management,Medium,Community event impacted collection schedule,Perform operational audit,2026-06-25T10:09:16.280Z,2026-06-25T10:09:40.811Z
N04572,Birchwood Commons,2025-05-15,Gate Access,Low,Driver could not access community - gate code expired,Update access credentials,2026-06-25T10:09:16.280Z,2026-06-25T10:09:40.811Z
N04620,Willow Creek,2025-04-25,Vehicle,High,Flat tire caused service delays across multiple properties,Conduct resident awareness campaign,2026-06-25T10:09:16.280Z,2026-06-25T10:09:40.811Z
N04627,Lakeview Terrace,2025-05-11,Route Planning,Medium,Operational review identified route inefficiencies,Review route optimization plan,2026-06-25T10:09:16.280Z,2026-06-25T10:09:40.811Z
N04630,Maple Court,2025-06-24,Route Planning,Medium,Route redesign recommended to improve performance,Perform operational audit,2026-06-25T10:09:16.280Z,2026-06-25T10:09:40.811Z
N04645,Willow Creek,2025-05-29,Staffing,Medium,Insufficient weekend staffing caused backlog,Schedule preventive maintenance,2026-06-25T10:09:16.280Z,2026-06-25T10:09:40.811Z
N04671,Green Oaks,2025-06-02,Vehicle,Medium,Fleet shortage increased route workloads,Update access credentials,2026-06-25T10:09:16.280Z,2026-06-25T10:09:40.811Z
N04683,Maple Court,2025-05-13,Weather,Critical,Weather-related road closures impacted routes,Conduct resident awareness campaign,2026-06-25T10:09:16.280Z,2026-06-25T10:09:40.811Z
N04730,Willow Creek,2025-01-03,Vehicle,Low,Emergency repair interrupted collection schedule,Conduct resident awareness campaign,2026-06-25T10:09:16.280Z,2026-06-25T10:09:40.811Z
N04735,Sunset Ridge,2025-01-14,Gate Access,Medium,Community gate remained locked during scheduled pickup window,Update access credentials,2026-06-25T10:09:16.280Z,2026-06-25T10:09:40.811Z
N04741,Harbor Pointe,2025-02-05,Weather,High,Snow accumulation blocked access to several units,Update access credentials,2026-06-25T10:09:16.280Z,2026-06-25T10:09:40.811Z
N04756,Harbor Pointe,2025-06-09,Weather,Medium,Snow removal activities blocked service access,Schedule preventive maintenance,2026-06-25T10:09:16.280Z,2026-06-25T10:09:40.811Z
N04765,Harbor Pointe,2025-03-09,Vehicle,Low,Replacement vehicle arrived later than expected,Perform operational audit,2026-06-25T10:09:16.280Z,2026-06-25T10:09:40.811Z
N04771,Cedar Park,2025-05-01,Property Management,Medium,Coordination challenges delayed operational response,Assign backup collection crew,2026-06-25T10:09:16.280Z,2026-06-25T10:09:40.811Z
N04816,Maple Court,2025-01-17,Weather,Critical,Unexpected storm activity required schedule changes,Perform operational audit,2026-06-25T10:09:16.280Z,2026-06-25T10:09:40.811Z
N04831,Lakeview Terrace,2025-01-16,Route Planning,Critical,Operational review identified route inefficiencies,Review route optimization plan,2026-06-25T10:09:16.280Z,2026-06-25T10:09:40.811Z
N04834,Sunset Ridge,2025-02-02,Resident Behavior,Medium,Several residents reported confusion regarding pickup schedule,Update access credentials,2026-06-25T10:09:16.280Z,2026-06-25T10:09:40.811Z
N04844,Green Oaks,2025-02-14,Vehicle,High,Vehicle breakdown impacted collections on route,Review route optimization plan,2026-06-25T10:09:16.280Z,2026-06-25T10:09:40.811Z
N04850,Cedar Park,2025-04-24,Route Planning,High,Route redesign recommended to improve performance,Conduct resident awareness campaign,2026-06-25T10:09:16.280Z,2026-06-25T10:09:40.811Z
N04907,Birchwood Commons,2025-04-20,Resident Behavior,High,Repeated policy violations impacted service quality,Increase staffing coverage,2026-06-25T10:09:16.280Z,2026-06-25T10:09:40.811Z
N04910,Harbor Pointe,2025-04-20,Vehicle,Medium,Brake system inspection delayed deployment,Update access credentials,2026-06-25T10:09:16.280Z,2026-06-25T10:09:40.811Z
N04916,Cedar Park,2025-05-19,Property Management,Medium,Property management requested schedule adjustment,Update access credentials,2026-06-25T10:09:16.280Z,2026-06-25T10:09:40.811Z
N04967,Lakeview Terrace,2025-04-04,Weather,Critical,Flooded access roads prevented route completion,Coordinate with property manager,2026-06-25T10:09:16.280Z,2026-06-25T10:09:40.811Z
N04968,Sunset Ridge,2025-04-12,Gate Access,Critical,Incorrect gate code provided by property management,Review route optimization plan,2026-06-25T10:09:16.280Z,2026-06-25T10:09:40.811Z
N04983,Green Oaks,2025-01-08,Vehicle,Critical,Vehicle inspection identified safety concerns before dispatch,Monitor performance for next 7 days,2026-06-25T10:09:16.280Z,2026-06-25T10:09:40.811Z
N04992,Lakeview Terrace,2025-05-04,Route Planning,Medium,Construction activity blocked primary collection route,Increase staffing coverage,2026-06-25T10:09:16.280Z,2026-06-25T10:09:40.811Z
N04993,Maple Court,2025-03-21,Vehicle,Critical,Emergency repair interrupted collection schedule,Assign backup collection crew,2026-06-25T10:09:16.280Z,2026-06-25T10:09:40.811Z
N04028,Maple Court,2025-05-31,Route Planning,High,Operational review identified route inefficiencies,Update access credentials,2026-06-25T10:09:16.280Z,2026-06-25T10:09:40.811Z
N04040,Cedar Park,2025-03-20,Property Management,Critical,Building access procedures updated without notice,Increase staffing coverage,2026-06-25T10:09:16.280Z,2026-06-25T10:09:40.811Z
N04044,Maple Court,2025-02-08,Vehicle,Low,Battery failure delayed route departure,Increase staffing coverage,2026-06-25T10:09:16.280Z,2026-06-25T10:09:40.811Z
N04065,Willow Creek,2025-02-24,Staffing,High,Temporary workers required additional supervision,Monitor performance for next 7 days,2026-06-25T10:09:16.280Z,2026-06-25T10:09:40.811Z
N04087,Cedar Park,2025-05-03,Property Management,Low,Building access procedures updated without notice,Schedule preventive maintenance,2026-06-25T10:09:16.280Z,2026-06-25T10:09:40.811Z
N04114,Harbor Pointe,2025-03-06,Staffing,Medium,Peak demand exceeded available workforce capacity,Perform operational audit,2026-06-25T10:09:16.280Z,2026-06-25T10:09:40.811Z
N04123,Harbor Pointe,2025-04-05,Weather,Low,Poor visibility affected route safety,Perform operational audit,2026-06-25T10:09:16.280Z,2026-06-25T10:09:40.811Z
N04125,Maple Court,2025-03-10,Vehicle,Medium,Vehicle servicing overlapped with scheduled collections,Conduct resident awareness campaign,2026-06-25T10:09:16.280Z,2026-06-25T10:09:40.811Z
N04126,Lakeview Terrace,2025-03-05,Route Planning,Critical,Scheduling overlap reduced operational efficiency,Review route optimization plan,2026-06-25T10:09:16.280Z,2026-06-25T10:09:40.811Z
N04131,Harbor Pointe,2025-02-02,Weather,Low,Poor visibility affected route safety,Coordinate with property manager,2026-06-25T10:09:16.280Z,2026-06-25T10:09:40.811Z
N04143,Sunset Ridge,2025-04-06,Resident Behavior,Critical,Improperly secured waste created operational issues,Coordinate with property manager,2026-06-25T10:09:16.280Z,2026-06-25T10:09:40.811Z
N04186,Green Oaks,2025-05-09,Route Planning,Medium,Route optimization issue increased travel time,Escalate issue to regional manager,2026-06-25T10:09:16.280Z,2026-06-25T10:09:40.811Z
N04207,Lakeview Terrace,2025-05-03,Resident Behavior,Medium,Residents failed to follow waste segregation guidelines,Assign backup collection crew,2026-06-25T10:09:16.280Z,2026-06-25T10:09:40.811Z
N04222,Maple Court,2025-03-01,Weather,Critical,Storm conditions resulted in temporary service suspension,Coordinate with property manager,2026-06-25T10:09:16.280Z,2026-06-25T10:09:40.811Z
N04224,Birchwood Commons,2025-06-01,Resident Behavior,Low,Unauthorized items were left for collection,Update access credentials,2026-06-25T10:09:16.280Z,2026-06-25T10:09:40.811Z
N04258,Harbor Pointe,2025-03-20,Vehicle,Low,Battery failure delayed route departure,Assign backup collection crew,2026-06-25T10:09:16.280Z,2026-06-25T10:09:40.811Z
N04262,Maple Court,2025-05-04,Vehicle,High,Collection vehicle required mid-route maintenance stop,Monitor performance for next 7 days,2026-06-25T10:09:16.280Z,2026-06-25T10:09:40.811Z
N04265,Lakeview Terrace,2025-01-30,Resident Behavior,High,Missed communication led to resident dissatisfaction,Coordinate with property manager,2026-06-25T10:09:16.280Z,2026-06-25T10:09:40.811Z
N04286,Maple Court,2025-05-11,Route Planning,Medium,Route balancing adjustments improved service coverage,Update access credentials,2026-06-25T10:09:16.280Z,2026-06-25T10:09:40.811Z
N04306,Cedar Park,2025-03-01,Staffing,Low,Resource allocation issue affected collection schedule,Coordinate with property manager,2026-06-25T10:09:16.280Z,2026-06-25T10:09:40.811Z
N04308,Green Oaks,2025-06-24,Route Planning,High,Traffic congestion delayed collections across multiple properties,Monitor performance for next 7 days,2026-06-25T10:09:16.280Z,2026-06-25T10:09:40.811Z
N04311,Cedar Park,2025-04-09,Route Planning,Medium,Navigation issue delayed route completion,Coordinate with property manager,2026-06-25T10:09:16.280Z,2026-06-25T10:09:40.811Z
N04321,Willow Creek,2025-01-24,Vehicle,Medium,Vehicle servicing overlapped with scheduled collections,Conduct resident awareness campaign,2026-06-25T10:09:16.280Z,2026-06-25T10:09:40.811Z
N04323,Birchwood Commons,2025-05-13,Gate Access,Critical,Delayed authorization from security personnel,Conduct resident awareness campaign,2026-06-25T10:09:16.280Z,2026-06-25T10:09:40.811Z
N04341,Birchwood Commons,2025-04-17,Gate Access,Critical,Leasing office did not answer for gate code reset,Escalate issue to regional manager,2026-06-25T10:09:16.280Z,2026-06-25T10:09:40.811Z
N04355,Sunset Ridge,2025-05-19,Gate Access,Low,Service entrance blocked by maintenance activity,Review route optimization plan,2026-06-25T10:09:16.280Z,2026-06-25T10:09:40.811Z
N04363,Maple Court,2025-01-11,Vehicle,High,Emergency repair interrupted collection schedule,Review route optimization plan,2026-06-25T10:09:16.280Z,2026-06-25T10:09:40.811Z
N04376,Harbor Pointe,2025-03-31,Vehicle,Low,Flat tire caused service delays across multiple properties,Conduct resident awareness campaign,2026-06-25T10:09:16.280Z,2026-06-25T10:09:40.811Z
N04382,Cedar Park,2025-06-24,Staffing,Medium,"Collector called in sick, route covered late",Assign backup collection crew,2026-06-25T10:09:16.280Z,2026-06-25T10:09:40.811Z
N04396,Cedar Park,2025-05-16,Staffing,Medium,Route coverage reduced due to labor constraints,Conduct resident awareness campaign,2026-06-25T10:09:16.280Z,2026-06-25T10:09:40.811Z
N04438,Harbor Pointe,2025-05-11,Staffing,Low,Overtime limitations reduced available coverage,Update access credentials,2026-06-25T10:09:16.280Z,2026-06-25T10:09:40.811Z
N04466,Maple Court,2025-06-20,Route Planning,Low,Inefficient route sequencing reduced productivity,Schedule preventive maintenance,2026-06-25T10:09:16.280Z,2026-06-25T10:09:40.811Z
N04469,Cedar Park,2025-05-16,Route Planning,High,Unexpected road closure required route diversion,Conduct resident awareness campaign,2026-06-25T10:09:16.280Z,2026-06-25T10:09:40.811Z
N04480,Cedar Park,2025-05-21,Staffing,Low,Resource allocation issue affected collection schedule,Monitor performance for next 7 days,2026-06-25T10:09:16.280Z,2026-06-25T10:09:40.811Z
N04481,Birchwood Commons,2025-02-11,Gate Access,Critical,Driver could not access community - gate code expired,Update access credentials,2026-06-25T10:09:16.280Z,2026-06-25T10:09:40.811Z
N04487,Birchwood Commons,2025-03-25,Property Management,Medium,Property renovation disrupted normal collection process,Review route optimization plan,2026-06-25T10:09:16.280Z,2026-06-25T10:09:40.811Z
N04508,Maple Court,2025-05-10,Route Planning,Critical,Scheduling overlap reduced operational efficiency,Increase staffing coverage,2026-06-25T10:09:16.280Z,2026-06-25T10:09:40.811Z
N04559,Green Oaks,2025-02-11,Staffing,Low,Multiple employee absences occurred simultaneously,Increase staffing coverage,2026-06-25T10:09:16.280Z,2026-06-25T10:09:40.811Z
N04566,Birchwood Commons,2025-04-26,Resident Behavior,Low,Improper waste disposal created collection challenges,Conduct resident awareness campaign,2026-06-25T10:09:16.280Z,2026-06-25T10:09:40.811Z
N04582,Willow Creek,2025-03-15,Staffing,Critical,Staff shortage on route caused missed pickups,Coordinate with property manager,2026-06-25T10:09:16.280Z,2026-06-25T10:09:40.811Z
N04587,Birchwood Commons,2025-02-12,Gate Access,Low,New security protocol delayed collector access,Conduct resident awareness campaign,2026-06-25T10:09:16.280Z,2026-06-25T10:09:40.811Z
N04593,Birchwood Commons,2025-05-03,Gate Access,Medium,Community gate remained locked during scheduled pickup window,Conduct resident awareness campaign,2026-06-25T10:09:16.280Z,2026-06-25T10:09:40.811Z
N04595,Maple Court,2025-04-15,Vehicle,Medium,Vehicle diagnostics required immediate attention,Assign backup collection crew,2026-06-25T10:09:16.280Z,2026-06-25T10:09:40.811Z
N04621,Maple Court,2025-05-08,Weather,High,Storm conditions resulted in temporary service suspension,Coordinate with property manager,2026-06-25T10:09:16.280Z,2026-06-25T10:09:40.811Z
N04648,Green Oaks,2025-01-17,Vehicle,Medium,Unexpected maintenance increased route completion time,Conduct resident awareness campaign,2026-06-25T10:09:16.280Z,2026-06-25T10:09:40.811Z
N04680,Willow Creek,2025-02-05,Vehicle,Critical,Truck mechanical issue delayed entire route schedule,Perform operational audit,2026-06-25T10:09:16.280Z,2026-06-25T10:09:40.811Z
N04685,Sunset Ridge,2025-05-20,Gate Access,Critical,Community access policy changes were not communicated,Perform operational audit,2026-06-25T10:09:16.280Z,2026-06-25T10:09:40.811Z
N04706,Maple Court,2025-05-18,Vehicle,Critical,Hydraulic lift malfunction slowed operations,Review route optimization plan,2026-06-25T10:09:16.280Z,2026-06-25T10:09:40.811Z
N04712,Maple Court,2025-06-12,Weather,Critical,Snow removal activities blocked service access,Update access credentials,2026-06-25T10:09:16.280Z,2026-06-25T10:09:40.811Z
N04720,Maple Court,2025-01-29,Route Planning,Medium,Construction activity blocked primary collection route,Schedule preventive maintenance,2026-06-25T10:09:16.280Z,2026-06-25T10:09:40.811Z
N04744,Lakeview Terrace,2025-03-18,Route Planning,Critical,GPS routing error caused missed service locations,Update access credentials,2026-06-25T10:09:16.280Z,2026-06-25T10:09:40.811Z
N04760,Willow Creek,2025-06-03,Vehicle,Low,Equipment failure reduced collection efficiency,Increase staffing coverage,2026-06-25T10:09:16.280Z,2026-06-25T10:09:40.811Z
N04773,Harbor Pointe,2025-01-27,Weather,Medium,Wet conditions reduced collection speed,Monitor performance for next 7 days,2026-06-25T10:09:16.280Z,2026-06-25T10:09:40.811Z
N04811,Lakeview Terrace,2025-01-05,Weather,Low,Adverse weather increased average completion times,Assign backup collection crew,2026-06-25T10:09:16.280Z,2026-06-25T10:09:40.811Z
N04871,Sunset Ridge,2025-04-19,Gate Access,Medium,Driver could not access community - gate code expired,Perform operational audit,2026-06-25T10:09:16.280Z,2026-06-25T10:09:40.811Z
N04927,Harbor Pointe,2025-05-31,Staffing,Critical,Peak demand exceeded available workforce capacity,Monitor performance for next 7 days,2026-06-25T10:09:16.280Z,2026-06-25T10:09:40.811Z
N04940,Maple Court,2025-04-07,Route Planning,High,Travel distance increased due to route modifications,Increase staffing coverage,2026-06-25T10:09:16.280Z,2026-06-25T10:09:40.811Z
N04956,Green Oaks,2025-05-14,Staffing,Low,Unexpected resignations affected operations,Perform operational audit,2026-06-25T10:09:16.280Z,2026-06-25T10:09:40.811Z
N04962,Birchwood Commons,2025-02-11,Resident Behavior,Medium,Bins not placed at doorstep for scheduled pickup,Conduct resident awareness campaign,2026-06-25T10:09:16.280Z,2026-06-25T10:09:40.811Z
N04963,Willow Creek,2025-02-09,Gate Access,Low,Leasing office did not answer for gate code reset,Schedule preventive maintenance,2026-06-25T10:09:16.280Z,2026-06-25T10:09:40.811Z
N04972,Sunset Ridge,2025-01-04,Property Management,Critical,Community event impacted collection schedule,Assign backup collection crew,2026-06-25T10:09:16.280Z,2026-06-25T10:09:40.811Z
N04996,Harbor Pointe,2025-03-11,Weather,Medium,Adverse weather increased average completion times,Conduct resident awareness campaign,2026-06-25T10:09:16.280Z,2026-06-25T10:09:40.811Z
N04003,Birchwood Commons,2025-03-24,Property Management,Medium,Property upgrades impacted collection logistics,Review route optimization plan,2026-06-25T10:09:16.280Z,2026-06-25T10:09:40.811Z
N04010,Willow Creek,2025-04-27,Staffing,High,Recruitment delays limited route coverage,Coordinate with property manager,2026-06-25T10:09:16.280Z,2026-06-25T10:09:40.811Z
N04033,Cedar Park,2025-06-16,Property Management,Medium,Access restrictions increased service complexity,Review route optimization plan,2026-06-25T10:09:16.280Z,2026-06-25T10:09:40.811Z
N04059,Lakeview Terrace,2025-04-13,Resident Behavior,Medium,Excess waste volume exceeded expected capacity,Review route optimization plan,2026-06-25T10:09:16.280Z,2026-06-25T10:09:40.811Z
N04084,Green Oaks,2025-03-29,Vehicle,High,Unexpected maintenance increased route completion time,Conduct resident awareness campaign,2026-06-25T10:09:16.280Z,2026-06-25T10:09:40.811Z
N04089,Lakeview Terrace,2025-03-26,Resident Behavior,Critical,Repeated policy violations impacted service quality,Perform operational audit,2026-06-25T10:09:16.280Z,2026-06-25T10:09:40.811Z
N04122,Green Oaks,2025-04-15,Vehicle,Critical,Vehicle breakdown impacted collections on route,Assign backup collection crew,2026-06-25T10:09:16.280Z,2026-06-25T10:09:40.811Z
N04130,Birchwood Commons,2025-02-22,Resident Behavior,Critical,Missed communication led to resident dissatisfaction,Review route optimization plan,2026-06-25T10:09:16.280Z,2026-06-25T10:09:40.811Z
N04145,Willow Creek,2025-03-18,Staffing,High,"Collector called in sick, route covered late",Schedule preventive maintenance,2026-06-25T10:09:16.280Z,2026-06-25T10:09:40.811Z
N04159,Maple Court,2025-06-18,Weather,Critical,Severe weather reduced operational efficiency,Monitor performance for next 7 days,2026-06-25T10:09:16.280Z,2026-06-25T10:09:40.811Z
N04163,Willow Creek,2025-06-23,Vehicle,Critical,Brake system inspection delayed deployment,Update access credentials,2026-06-25T10:09:16.280Z,2026-06-25T10:09:40.811Z
N04172,Sunset Ridge,2025-03-09,Property Management,Low,Maintenance work restricted access to collection areas,Increase staffing coverage,2026-06-25T10:09:16.280Z,2026-06-25T10:09:40.811Z
N04203,Willow Creek,2025-06-01,Vehicle,Low,Transmission issue impacted route completion,Conduct resident awareness campaign,2026-06-25T10:09:16.280Z,2026-06-25T10:09:40.811Z
N04225,Birchwood Commons,2025-04-22,Property Management,Critical,Property inspection activities disrupted collections,Increase staffing coverage,2026-06-25T10:09:16.280Z,2026-06-25T10:09:40.811Z
N04234,Willow Creek,2025-02-03,Vehicle,Critical,Fleet availability issues caused route reassignment,Review route optimization plan,2026-06-25T10:09:16.280Z,2026-06-25T10:09:40.811Z
N04240,Sunset Ridge,2025-03-19,Resident Behavior,Critical,Overflowing bins required additional collection effort,Schedule preventive maintenance,2026-06-25T10:09:16.280Z,2026-06-25T10:09:40.811Z
N04276,Lakeview Terrace,2025-06-13,Route Planning,Medium,Construction activity blocked primary collection route,Perform operational audit,2026-06-25T10:09:16.280Z,2026-06-25T10:09:40.811Z
N04279,Lakeview Terrace,2025-05-21,Weather,Medium,Unexpected storm activity required schedule changes,Update access credentials,2026-06-25T10:09:16.280Z,2026-06-25T10:09:40.811Z
N04300,Maple Court,2025-05-02,Weather,Low,Storm conditions resulted in temporary service suspension,Conduct resident awareness campaign,2026-06-25T10:09:16.280Z,2026-06-25T10:09:40.811Z
N04309,Sunset Ridge,2025-05-21,Property Management,Low,Maintenance work restricted access to collection areas,Conduct resident awareness campaign,2026-06-25T10:09:16.280Z,2026-06-25T10:09:40.811Z
N04327,Sunset Ridge,2025-03-20,Gate Access,Medium,Gate access restrictions caused delay on route,Increase staffing coverage,2026-06-25T10:09:16.280Z,2026-06-25T10:09:40.811Z
N04339,Willow Creek,2025-03-21,Staffing,Medium,Route coverage reduced due to labor constraints,Schedule preventive maintenance,2026-06-25T10:09:16.280Z,2026-06-25T10:09:40.811Z
N04347,Harbor Pointe,2025-02-11,Weather,Medium,Emergency weather response delayed operations,Escalate issue to regional manager,2026-06-25T10:09:16.280Z,2026-06-25T10:09:40.811Z
N04371,Green Oaks,2025-06-13,Staffing,High,Staff reassignment impacted scheduled routes,Assign backup collection crew,2026-06-25T10:09:16.280Z,2026-06-25T10:09:40.811Z
N04443,Maple Court,2025-06-28,Route Planning,High,Inefficient property sequencing impacted schedule adherence,Coordinate with property manager,2026-06-25T10:09:16.280Z,2026-06-25T10:09:40.811Z
N04457,Maple Court,2025-05-20,Weather,Medium,Emergency weather response delayed operations,Review route optimization plan,2026-06-25T10:09:16.280Z,2026-06-25T10:09:40.811Z
N04470,Willow Creek,2025-01-26,Gate Access,High,Access credentials expired unexpectedly,Perform operational audit,2026-06-25T10:09:16.280Z,2026-06-25T10:09:40.811Z
N04482,Green Oaks,2025-01-19,Vehicle,Critical,Fleet availability issues caused route reassignment,Coordinate with property manager,2026-06-25T10:09:16.280Z,2026-06-25T10:09:40.811Z
N04492,Cedar Park,2025-02-25,Staffing,Low,Resource allocation issue affected collection schedule,Schedule preventive maintenance,2026-06-25T10:09:16.280Z,2026-06-25T10:09:40.811Z
N04512,Green Oaks,2025-01-29,Vehicle,Low,Fleet availability issues caused route reassignment,Assign backup collection crew,2026-06-25T10:09:16.280Z,2026-06-25T10:09:40.811Z
N04519,Maple Court,2025-03-21,Route Planning,High,Scheduling overlap reduced operational efficiency,Perform operational audit,2026-06-25T10:09:16.280Z,2026-06-25T10:09:40.811Z
N04528,Cedar Park,2025-06-27,Property Management,High,Community event impacted collection schedule,Escalate issue to regional manager,2026-06-25T10:09:16.280Z,2026-06-25T10:09:40.811Z
N04551,Willow Creek,2025-03-16,Staffing,High,High employee turnover affected route consistency,Update access credentials,2026-06-25T10:09:16.280Z,2026-06-25T10:09:40.811Z
N04562,Cedar Park,2025-04-05,Property Management,Medium,Property leadership requested service enhancement review,Monitor performance for next 7 days,2026-06-25T10:09:16.280Z,2026-06-25T10:09:40.811Z
N04604,Birchwood Commons,2025-01-01,Gate Access,Medium,Entry denied due to missing vendor registration,Conduct resident awareness campaign,2026-06-25T10:09:16.280Z,2026-06-25T10:09:40.811Z
N04625,Cedar Park,2025-05-17,Property Management,High,Service expectations reviewed with property leadership,Escalate issue to regional manager,2026-06-25T10:09:16.280Z,2026-06-25T10:09:40.811Z
N04635,Lakeview Terrace,2025-03-27,Resident Behavior,Critical,Repeated policy violations impacted service quality,Escalate issue to regional manager,2026-06-25T10:09:16.280Z,2026-06-25T10:09:40.811Z
N04651,Maple Court,2025-04-20,Vehicle,Critical,Fuel system malfunction impacted collection operations,Increase staffing coverage,2026-06-25T10:09:16.280Z,2026-06-25T10:09:40.811Z
N04657,Green Oaks,2025-01-25,Vehicle,Critical,Engine overheating forced temporary route suspension,Escalate issue to regional manager,2026-06-25T10:09:16.280Z,2026-06-25T10:09:40.811Z
N04659,Lakeview Terrace,2025-06-15,Route Planning,Critical,Operational review identified route inefficiencies,Assign backup collection crew,2026-06-25T10:09:16.280Z,2026-06-25T10:09:40.811Z
N04690,Sunset Ridge,2025-05-02,Property Management,Critical,Operational changes were not communicated in advance,Increase staffing coverage,2026-06-25T10:09:16.280Z,2026-06-25T10:09:40.811Z
N04707,Willow Creek,2025-01-01,Gate Access,Critical,Community access policy changes were not communicated,Perform operational audit,2026-06-25T10:09:16.280Z,2026-06-25T10:09:40.811Z
N04721,Sunset Ridge,2025-05-20,Gate Access,Medium,Access card failed to unlock service entrance,Monitor performance for next 7 days,2026-06-25T10:09:16.280Z,2026-06-25T10:09:40.811Z
N04727,Maple Court,2025-03-22,Route Planning,Medium,Unexpected road closure required route diversion,Assign backup collection crew,2026-06-25T10:09:16.280Z,2026-06-25T10:09:40.811Z
N04764,Birchwood Commons,2025-02-08,Resident Behavior,Medium,Resident complaints increased after route schedule change,Review route optimization plan,2026-06-25T10:09:16.280Z,2026-06-25T10:09:40.811Z
N04767,Sunset Ridge,2025-04-24,Resident Behavior,High,Resident complaints were concentrated in specific buildings,Conduct resident awareness campaign,2026-06-25T10:09:16.280Z,2026-06-25T10:09:40.811Z
N04783,Harbor Pointe,2025-05-30,Staffing,Critical,Staff reassignment impacted scheduled routes,Schedule preventive maintenance,2026-06-25T10:09:16.280Z,2026-06-25T10:09:40.811Z
N04786,Willow Creek,2025-04-16,Vehicle,High,Transmission issue impacted route completion,Update access credentials,2026-06-25T10:09:16.280Z,2026-06-25T10:09:40.811Z
N04788,Willow Creek,2025-03-20,Gate Access,High,New security protocol delayed collector access,Increase staffing coverage,2026-06-25T10:09:16.280Z,2026-06-25T10:09:40.811Z
N04792,Cedar Park,2025-05-09,Route Planning,High,Inefficient route sequencing reduced productivity,Assign backup collection crew,2026-06-25T10:09:16.280Z,2026-06-25T10:09:40.811Z
N04806,Cedar Park,2025-02-14,Property Management,Medium,Property management requested schedule adjustment,Escalate issue to regional manager,2026-06-25T10:09:16.280Z,2026-06-25T10:09:40.811Z
N04817,Lakeview Terrace,2025-02-22,Resident Behavior,Low,Residents placed bins outside designated collection hours,Coordinate with property manager,2026-06-25T10:09:16.280Z,2026-06-25T10:09:40.811Z
N04860,Cedar Park,2025-04-03,Property Management,Critical,Management escalation required operational review,Conduct resident awareness campaign,2026-06-25T10:09:16.280Z,2026-06-25T10:09:40.811Z
N04885,Green Oaks,2025-02-17,Staffing,Critical,Reduced workforce availability impacted service quality,Assign backup collection crew,2026-06-25T10:09:16.280Z,2026-06-25T10:09:40.811Z
N04933,Maple Court,2025-06-09,Vehicle,Medium,Unexpected maintenance increased route completion time,Coordinate with property manager,2026-06-25T10:09:16.280Z,2026-06-25T10:09:40.811Z
N04950,Lakeview Terrace,2025-06-29,Resident Behavior,Medium,Improperly secured waste created operational issues,Coordinate with property manager,2026-06-25T10:09:16.280Z,2026-06-25T10:09:40.811Z
N04998,Willow Creek,2025-04-27,Vehicle,Critical,Emergency repair interrupted collection schedule,Schedule preventive maintenance,2026-06-25T10:09:16.280Z,2026-06-25T10:09:40.811Z
N04002,Lakeview Terrace,2025-05-15,Resident Behavior,Medium,Collection bins were inaccessible during service window,Review route optimization plan,2026-06-25T10:09:16.280Z,2026-06-25T10:09:40.811Z
N04011,Cedar Park,2025-06-07,Property Management,High,Property policy changes affected service delivery,Schedule preventive maintenance,2026-06-25T10:09:16.280Z,2026-06-25T10:09:40.811Z
N04026,Lakeview Terrace,2025-04-05,Weather,Medium,Severe heat affected workforce productivity,Schedule preventive maintenance,2026-06-25T10:09:16.280Z,2026-06-25T10:09:40.811Z
N04053,Green Oaks,2025-05-11,Staffing,High,Multiple employee absences occurred simultaneously,Schedule preventive maintenance,2026-06-25T10:09:16.280Z,2026-06-25T10:09:40.811Z
N04093,Maple Court,2025-06-03,Weather,Critical,Adverse weather increased average completion times,Perform operational audit,2026-06-25T10:09:16.280Z,2026-06-25T10:09:40.811Z
N04150,Willow Creek,2025-05-05,Staffing,Low,Training requirements delayed assignment of replacement collector,Conduct resident awareness campaign,2026-06-25T10:09:16.280Z,2026-06-25T10:09:40.811Z
N04160,Maple Court,2025-02-06,Weather,Critical,Unexpected storm activity required schedule changes,Escalate issue to regional manager,2026-06-25T10:09:16.280Z,2026-06-25T10:09:40.811Z
N04166,Cedar Park,2025-04-02,Property Management,High,Operational changes were not communicated in advance,Coordinate with property manager,2026-06-25T10:09:16.280Z,2026-06-25T10:09:40.811Z
N04170,Sunset Ridge,2025-01-24,Resident Behavior,Critical,Improperly secured waste created operational issues,Update access credentials,2026-06-25T10:09:16.280Z,2026-06-25T10:09:40.811Z
N04175,Cedar Park,2025-05-26,Staffing,Critical,Multiple employee absences occurred simultaneously,Review route optimization plan,2026-06-25T10:09:16.280Z,2026-06-25T10:09:40.811Z
N04184,Harbor Pointe,2025-01-17,Weather,High,Emergency weather response delayed operations,Conduct resident awareness campaign,2026-06-25T10:09:16.280Z,2026-06-25T10:09:40.811Z
N04193,Willow Creek,2025-03-06,Staffing,Critical,High employee turnover affected route consistency,Conduct resident awareness campaign,2026-06-25T10:09:16.280Z,2026-06-25T10:09:40.811Z
N04197,Sunset Ridge,2025-01-19,Property Management,Low,Property upgrades impacted collection logistics,Increase staffing coverage,2026-06-25T10:09:16.280Z,2026-06-25T10:09:40.811Z
N04237,Lakeview Terrace,2025-02-10,Route Planning,High,Route optimization issue increased travel time,Schedule preventive maintenance,2026-06-25T10:09:16.280Z,2026-06-25T10:09:40.811Z
N04250,Harbor Pointe,2025-05-24,Weather,Medium,Emergency weather response delayed operations,Escalate issue to regional manager,2026-06-25T10:09:16.280Z,2026-06-25T10:09:40.811Z
N04253,Sunset Ridge,2025-04-28,Gate Access,High,Entry denied due to missing vendor registration,Coordinate with property manager,2026-06-25T10:09:16.280Z,2026-06-25T10:09:40.811Z
N04259,Green Oaks,2025-04-12,Vehicle,Medium,Brake system inspection delayed deployment,Coordinate with property manager,2026-06-25T10:09:16.280Z,2026-06-25T10:09:40.811Z
N04264,Cedar Park,2025-04-27,Route Planning,Low,Travel distance increased due to route modifications,Review route optimization plan,2026-06-25T10:09:16.280Z,2026-06-25T10:09:40.811Z
N04269,Sunset Ridge,2025-05-18,Property Management,Low,Property staffing changes impacted coordination,Perform operational audit,2026-06-25T10:09:16.280Z,2026-06-25T10:09:40.811Z
N04273,Sunset Ridge,2025-05-25,Resident Behavior,Medium,Residents requested unscheduled pickups,Escalate issue to regional manager,2026-06-25T10:09:16.280Z,2026-06-25T10:09:40.811Z
N04284,Sunset Ridge,2025-02-26,Resident Behavior,Medium,Resident complaints were concentrated in specific buildings,Schedule preventive maintenance,2026-06-25T10:09:16.280Z,2026-06-25T10:09:40.811Z
N04294,Maple Court,2025-05-08,Vehicle,High,Fleet shortage increased route workloads,Monitor performance for next 7 days,2026-06-25T10:09:16.280Z,2026-06-25T10:09:40.811Z
N04318,Maple Court,2025-05-01,Vehicle,Medium,Flat tire caused service delays across multiple properties,Increase staffing coverage,2026-06-25T10:09:16.280Z,2026-06-25T10:09:40.811Z
N04328,Maple Court,2025-04-30,Vehicle,Medium,Vehicle inspection identified safety concerns before dispatch,Increase staffing coverage,2026-06-25T10:09:16.280Z,2026-06-25T10:09:40.811Z
N04342,Maple Court,2025-05-13,Route Planning,Critical,Unexpected road closure required route diversion,Review route optimization plan,2026-06-25T10:09:16.280Z,2026-06-25T10:09:40.811Z
N04344,Birchwood Commons,2025-03-06,Gate Access,Critical,Leasing office did not answer for gate code reset,Schedule preventive maintenance,2026-06-25T10:09:16.280Z,2026-06-25T10:09:40.811Z
N04346,Willow Creek,2025-06-08,Staffing,Critical,Temporary workers required additional supervision,Conduct resident awareness campaign,2026-06-25T10:09:16.280Z,2026-06-25T10:09:40.811Z
N04383,Lakeview Terrace,2025-03-19,Route Planning,Critical,Route capacity exceeded planned workload,Coordinate with property manager,2026-06-25T10:09:16.280Z,2026-06-25T10:09:40.811Z
N04397,Birchwood Commons,2025-04-11,Resident Behavior,Medium,Overflowing bins required additional collection effort,Update access credentials,2026-06-25T10:09:16.280Z,2026-06-25T10:09:40.811Z
N04420,Harbor Pointe,2025-01-26,Vehicle,Critical,Hydraulic lift malfunction slowed operations,Perform operational audit,2026-06-25T10:09:16.280Z,2026-06-25T10:09:40.811Z
N04423,Harbor Pointe,2025-05-16,Weather,Critical,Lightning risk delayed evening collections,Escalate issue to regional manager,2026-06-25T10:09:16.280Z,2026-06-25T10:09:40.811Z
N04430,Sunset Ridge,2025-05-04,Property Management,Medium,Operational changes were not communicated in advance,Escalate issue to regional manager,2026-06-25T10:09:16.280Z,2026-06-25T10:09:40.811Z
N04439,Cedar Park,2025-06-29,Property Management,Medium,Property inspection activities disrupted collections,Assign backup collection crew,2026-06-25T10:09:16.280Z,2026-06-25T10:09:40.811Z
N04442,Cedar Park,2025-03-19,Property Management,High,Coordination challenges delayed operational response,Review route optimization plan,2026-06-25T10:09:16.280Z,2026-06-25T10:09:40.811Z
N04505,Sunset Ridge,2025-01-20,Property Management,High,Property upgrades impacted collection logistics,Schedule preventive maintenance,2026-06-25T10:09:16.280Z,2026-06-25T10:09:40.811Z
N04518,Green Oaks,2025-01-16,Vehicle,High,Fleet shortage increased route workloads,Schedule preventive maintenance,2026-06-25T10:09:16.280Z,2026-06-25T10:09:40.811Z
N04527,Birchwood Commons,2025-03-24,Gate Access,Medium,Restricted access due to special community event,Perform operational audit,2026-06-25T10:09:16.280Z,2026-06-25T10:09:40.811Z
N04537,Willow Creek,2025-05-25,Gate Access,Low,Community gate remained locked during scheduled pickup window,Increase staffing coverage,2026-06-25T10:09:16.280Z,2026-06-25T10:09:40.811Z
N04546,Willow Creek,2025-05-03,Gate Access,High,Manual gate operation caused route delays,Update access credentials,2026-06-25T10:09:16.280Z,2026-06-25T10:09:40.811Z
N04550,Cedar Park,2025-04-13,Route Planning,Critical,Route capacity exceeded planned workload,Review route optimization plan,2026-06-25T10:09:16.280Z,2026-06-25T10:09:40.811Z
N04576,Maple Court,2025-02-05,Route Planning,High,Route capacity exceeded planned workload,Perform operational audit,2026-06-25T10:09:16.280Z,2026-06-25T10:09:40.811Z
N04600,Willow Creek,2025-02-19,Staffing,Low,Resource allocation issue affected collection schedule,Monitor performance for next 7 days,2026-06-25T10:09:16.280Z,2026-06-25T10:09:40.811Z
N04638,Green Oaks,2025-02-18,Staffing,Critical,Resource allocation issue affected collection schedule,Update access credentials,2026-06-25T10:09:16.280Z,2026-06-25T10:09:40.811Z
N04649,Harbor Pointe,2025-05-30,Weather,High,Adverse weather increased average completion times,Assign backup collection crew,2026-06-25T10:09:16.280Z,2026-06-25T10:09:40.811Z
N04669,Maple Court,2025-04-20,Weather,High,Ice accumulation restricted vehicle movement,Update access credentials,2026-06-25T10:09:16.280Z,2026-06-25T10:09:40.811Z
N04679,Birchwood Commons,2025-06-14,Resident Behavior,Critical,Unauthorized items were left for collection,Update access credentials,2026-06-25T10:09:16.280Z,2026-06-25T10:09:40.811Z
N04692,Maple Court,2025-02-13,Weather,Low,Wet conditions reduced collection speed,Increase staffing coverage,2026-06-25T10:09:16.280Z,2026-06-25T10:09:40.811Z
N04709,Lakeview Terrace,2025-06-10,Resident Behavior,High,Residents placed bins outside designated collection hours,Increase staffing coverage,2026-06-25T10:09:16.280Z,2026-06-25T10:09:40.811Z
N04733,Cedar Park,2025-01-30,Staffing,High,Shift scheduling conflict resulted in delayed collections,Schedule preventive maintenance,2026-06-25T10:09:16.280Z,2026-06-25T10:09:40.811Z
N04734,Lakeview Terrace,2025-05-22,Resident Behavior,High,Residents failed to follow waste segregation guidelines,Coordinate with property manager,2026-06-25T10:09:16.280Z,2026-06-25T10:09:40.811Z
N04751,Cedar Park,2025-06-08,Route Planning,Critical,Route handoff between teams caused delays,Monitor performance for next 7 days,2026-06-25T10:09:16.280Z,2026-06-25T10:09:40.811Z
N04758,Maple Court,2025-02-02,Weather,Low,Regional weather event affected service levels,Conduct resident awareness campaign,2026-06-25T10:09:16.280Z,2026-06-25T10:09:40.811Z
N04769,Cedar Park,2025-03-21,Route Planning,Low,Route optimization issue increased travel time,Assign backup collection crew,2026-06-25T10:09:16.280Z,2026-06-25T10:09:40.811Z
N04784,Harbor Pointe,2025-01-16,Vehicle,Low,Fuel system malfunction impacted collection operations,Assign backup collection crew,2026-06-25T10:09:16.280Z,2026-06-25T10:09:40.811Z
N04785,Green Oaks,2025-06-19,Staffing,Critical,Insufficient staffing levels increased route completion time,Update access credentials,2026-06-25T10:09:16.280Z,2026-06-25T10:09:40.811Z
N04810,Cedar Park,2025-04-21,Staffing,High,Insufficient staffing levels increased route completion time,Conduct resident awareness campaign,2026-06-25T10:09:16.280Z,2026-06-25T10:09:40.811Z
N04812,Cedar Park,2025-04-22,Property Management,Medium,Property management requested schedule adjustment,Assign backup collection crew,2026-06-25T10:09:16.280Z,2026-06-25T10:09:40.811Z
N04845,Lakeview Terrace,2025-03-08,Route Planning,High,Service area expansion affected route timing,Perform operational audit,2026-06-25T10:09:16.280Z,2026-06-25T10:09:40.811Z
N04852,Maple Court,2025-03-01,Vehicle,High,Vehicle inspection identified safety concerns before dispatch,Perform operational audit,2026-06-25T10:09:16.280Z,2026-06-25T10:09:40.811Z
N04868,Harbor Pointe,2025-02-15,Vehicle,Medium,Fleet shortage increased route workloads,Coordinate with property manager,2026-06-25T10:09:16.280Z,2026-06-25T10:09:40.811Z
N04897,Cedar Park,2025-02-28,Property Management,Medium,Property management requested schedule adjustment,Review route optimization plan,2026-06-25T10:09:16.280Z,2026-06-25T10:09:40.811Z
N04901,Cedar Park,2025-03-02,Staffing,Critical,Insufficient staffing levels increased route completion time,Escalate issue to regional manager,2026-06-25T10:09:16.280Z,2026-06-25T10:09:40.811Z
N04924,Lakeview Terrace,2025-06-10,Route Planning,High,Route handoff between teams caused delays,Perform operational audit,2026-06-25T10:09:16.280Z,2026-06-25T10:09:40.811Z
N04958,Green Oaks,2025-01-06,Staffing,Low,High employee turnover affected route consistency,Increase staffing coverage,2026-06-25T10:09:16.280Z,2026-06-25T10:09:40.811Z
N04008,Green Oaks,2025-05-12,Staffing,High,Unexpected employee absence impacted daily operations,Schedule preventive maintenance,2026-06-25T10:09:16.280Z,2026-06-25T10:09:40.811Z
N04042,Cedar Park,2025-05-24,Property Management,High,Service expectations reviewed with property leadership,Schedule preventive maintenance,2026-06-25T10:09:16.280Z,2026-06-25T10:09:40.811Z
N04043,Green Oaks,2025-04-06,Vehicle,Low,Truck mechanical issue delayed entire route schedule,Review route optimization plan,2026-06-25T10:09:16.280Z,2026-06-25T10:09:40.811Z
N04060,Lakeview Terrace,2025-02-13,Resident Behavior,Critical,Improperly secured waste created operational issues,Assign backup collection crew,2026-06-25T10:09:16.280Z,2026-06-25T10:09:40.811Z
N04124,Harbor Pointe,2025-06-29,Vehicle,Low,Brake system inspection delayed deployment,Assign backup collection crew,2026-06-25T10:09:16.280Z,2026-06-25T10:09:40.811Z
N04148,Birchwood Commons,2025-03-04,Property Management,Low,Access restrictions increased service complexity,Monitor performance for next 7 days,2026-06-25T10:09:16.280Z,2026-06-25T10:09:40.811Z
N04151,Green Oaks,2025-06-22,Staffing,Critical,Shift scheduling conflict resulted in delayed collections,Escalate issue to regional manager,2026-06-25T10:09:16.280Z,2026-06-25T10:09:40.811Z
N04176,Sunset Ridge,2025-05-19,Gate Access,High,New security protocol delayed collector access,Escalate issue to regional manager,2026-06-25T10:09:16.280Z,2026-06-25T10:09:40.811Z
N04180,Cedar Park,2025-01-21,Property Management,Medium,Management communication delay affected operations,Update access credentials,2026-06-25T10:09:16.280Z,2026-06-25T10:09:40.811Z
N04190,Willow Creek,2025-04-28,Gate Access,High,Driver could not access community - gate code expired,Update access credentials,2026-06-25T10:09:16.280Z,2026-06-25T10:09:40.811Z
N04191,Willow Creek,2025-01-01,Vehicle,Medium,Collection vehicle required mid-route maintenance stop,Escalate issue to regional manager,2026-06-25T10:09:16.280Z,2026-06-25T10:09:40.811Z
N04226,Sunset Ridge,2025-05-03,Gate Access,Medium,Leasing office did not answer for gate code reset,Conduct resident awareness campaign,2026-06-25T10:09:16.280Z,2026-06-25T10:09:40.811Z
N04233,Maple Court,2025-04-20,Weather,Medium,Ice accumulation restricted vehicle movement,Review route optimization plan,2026-06-25T10:09:16.280Z,2026-06-25T10:09:40.811Z
N04251,Sunset Ridge,2025-03-19,Gate Access,Medium,Visitor access restrictions delayed collection process,Review route optimization plan,2026-06-25T10:09:16.280Z,2026-06-25T10:09:40.811Z
N04282,Cedar Park,2025-02-03,Staffing,Low,Holiday staffing shortages caused delays,Conduct resident awareness campaign,2026-06-25T10:09:16.280Z,2026-06-25T10:09:40.811Z
N04285,Birchwood Commons,2025-02-20,Property Management,High,Property leadership requested service enhancement review,Review route optimization plan,2026-06-25T10:09:16.280Z,2026-06-25T10:09:40.811Z
N04350,Birchwood Commons,2025-04-01,Gate Access,High,Visitor access restrictions delayed collection process,Update access credentials,2026-06-25T10:09:16.280Z,2026-06-25T10:09:40.811Z
N04354,Lakeview Terrace,2025-03-25,Route Planning,Critical,Route redesign recommended to improve performance,Conduct resident awareness campaign,2026-06-25T10:09:16.280Z,2026-06-25T10:09:40.811Z
N04366,Harbor Pointe,2025-06-16,Vehicle,Medium,Engine overheating forced temporary route suspension,Increase staffing coverage,2026-06-25T10:09:16.280Z,2026-06-25T10:09:40.811Z
N04373,Birchwood Commons,2025-02-14,Gate Access,Low,Access credentials expired unexpectedly,Coordinate with property manager,2026-06-25T10:09:16.280Z,2026-06-25T10:09:40.811Z
N04381,Maple Court,2025-05-13,Vehicle,Medium,Collection vehicle required mid-route maintenance stop,Increase staffing coverage,2026-06-25T10:09:16.280Z,2026-06-25T10:09:40.811Z
N04421,Harbor Pointe,2025-01-26,Staffing,Low,Temporary workers required additional supervision,Escalate issue to regional manager,2026-06-25T10:09:16.280Z,2026-06-25T10:09:40.811Z
N04444,Sunset Ridge,2025-02-15,Gate Access,Low,Restricted access due to special community event,Schedule preventive maintenance,2026-06-25T10:09:16.280Z,2026-06-25T10:09:40.811Z
N04451,Green Oaks,2025-06-03,Route Planning,Critical,GPS routing error caused missed service locations,Conduct resident awareness campaign,2026-06-25T10:09:16.280Z,2026-06-25T10:09:40.811Z
N04483,Willow Creek,2025-02-05,Gate Access,Critical,Incorrect gate code provided by property management,Assign backup collection crew,2026-06-25T10:09:16.280Z,2026-06-25T10:09:40.811Z
N04488,Sunset Ridge,2025-04-07,Gate Access,Low,New security protocol delayed collector access,Escalate issue to regional manager,2026-06-25T10:09:16.280Z,2026-06-25T10:09:40.811Z
N04522,Willow Creek,2025-06-29,Vehicle,Medium,Emergency repair interrupted collection schedule,Schedule preventive maintenance,2026-06-25T10:09:16.280Z,2026-06-25T10:09:40.811Z
N04589,Harbor Pointe,2025-04-17,Weather,Low,Snow accumulation blocked access to several units,Perform operational audit,2026-06-25T10:09:16.280Z,2026-06-25T10:09:40.811Z
N04590,Harbor Pointe,2025-02-24,Staffing,Critical,Reduced workforce availability impacted service quality,Assign backup collection crew,2026-06-25T10:09:16.280Z,2026-06-25T10:09:40.811Z
N04599,Maple Court,2025-04-26,Route Planning,Low,Route redesign recommended to improve performance,Escalate issue to regional manager,2026-06-25T10:09:16.280Z,2026-06-25T10:09:40.811Z
N04614,Green Oaks,2025-01-06,Route Planning,Medium,Route handoff between teams caused delays,Review route optimization plan,2026-06-25T10:09:16.280Z,2026-06-25T10:09:40.811Z
N04664,Birchwood Commons,2025-06-01,Resident Behavior,Medium,Collection instructions were frequently ignored,Perform operational audit,2026-06-25T10:09:16.280Z,2026-06-25T10:09:40.811Z
N04678,Willow Creek,2025-01-06,Vehicle,Medium,Brake system inspection delayed deployment,Update access credentials,2026-06-25T10:09:16.280Z,2026-06-25T10:09:40.811Z
N04689,Green Oaks,2025-04-18,Vehicle,Medium,Collection vehicle required mid-route maintenance stop,Perform operational audit,2026-06-25T10:09:16.280Z,2026-06-25T10:09:40.811Z
N04699,Willow Creek,2025-04-18,Vehicle,Low,Vehicle servicing overlapped with scheduled collections,Coordinate with property manager,2026-06-25T10:09:16.280Z,2026-06-25T10:09:40.811Z
N04715,Birchwood Commons,2025-05-20,Gate Access,High,Community access policy changes were not communicated,Conduct resident awareness campaign,2026-06-25T10:09:16.280Z,2026-06-25T10:09:40.811Z
N04718,Sunset Ridge,2025-02-21,Gate Access,Critical,Gate intercom system malfunctioned during service hours,Conduct resident awareness campaign,2026-06-25T10:09:16.280Z,2026-06-25T10:09:40.811Z
N04740,Lakeview Terrace,2025-06-25,Route Planning,Critical,Route redesign recommended to improve performance,Assign backup collection crew,2026-06-25T10:09:16.280Z,2026-06-25T10:09:40.811Z
N04746,Lakeview Terrace,2025-03-11,Weather,Critical,Snow accumulation blocked access to several units,Review route optimization plan,2026-06-25T10:09:16.280Z,2026-06-25T10:09:40.811Z
N04768,Birchwood Commons,2025-04-07,Property Management,High,Community event impacted collection schedule,Coordinate with property manager,2026-06-25T10:09:16.280Z,2026-06-25T10:09:40.811Z
N04822,Maple Court,2025-03-16,Weather,High,Extreme temperatures slowed collection activities,Perform operational audit,2026-06-25T10:09:16.280Z,2026-06-25T10:09:40.811Z
N04826,Willow Creek,2025-03-05,Staffing,Medium,Resource allocation issue affected collection schedule,Perform operational audit,2026-06-25T10:09:16.280Z,2026-06-25T10:09:40.811Z
N04833,Lakeview Terrace,2025-06-15,Route Planning,Low,Route redesign recommended to improve performance,Assign backup collection crew,2026-06-25T10:09:16.280Z,2026-06-25T10:09:40.811Z
N04853,Green Oaks,2025-03-07,Staffing,Low,Insufficient staffing levels increased route completion time,Monitor performance for next 7 days,2026-06-25T10:09:16.280Z,2026-06-25T10:09:40.811Z
N04873,Maple Court,2025-03-28,Route Planning,Low,Route redesign recommended to improve performance,Schedule preventive maintenance,2026-06-25T10:09:16.280Z,2026-06-25T10:09:40.811Z
N04879,Cedar Park,2025-06-25,Staffing,Critical,Recruitment delays limited route coverage,Assign backup collection crew,2026-06-25T10:09:16.280Z,2026-06-25T10:09:40.811Z
N04898,Lakeview Terrace,2025-03-05,Route Planning,High,Peak-hour traffic increased collection duration,Update access credentials,2026-06-25T10:09:16.280Z,2026-06-25T10:09:40.811Z
N04908,Harbor Pointe,2025-04-26,Vehicle,High,Unexpected maintenance increased route completion time,Update access credentials,2026-06-25T10:09:16.280Z,2026-06-25T10:09:40.811Z
N04919,Maple Court,2025-01-30,Vehicle,Medium,Hydraulic lift malfunction slowed operations,Assign backup collection crew,2026-06-25T10:09:16.280Z,2026-06-25T10:09:40.811Z
N04953,Maple Court,2025-06-24,Weather,Critical,Unexpected storm activity required schedule changes,Conduct resident awareness campaign,2026-06-25T10:09:16.280Z,2026-06-25T10:09:40.811Z
N04954,Lakeview Terrace,2025-03-13,Weather,High,High winds created safety concerns for collectors,Perform operational audit,2026-06-25T10:09:16.280Z,2026-06-25T10:09:40.811Z
N04977,Harbor Pointe,2025-06-03,Staffing,High,Multiple employee absences occurred simultaneously,Schedule preventive maintenance,2026-06-25T10:09:16.280Z,2026-06-25T10:09:40.811Z
N04012,Harbor Pointe,2025-03-12,Vehicle,Low,Hydraulic lift malfunction slowed operations,Coordinate with property manager,2026-06-25T10:09:16.280Z,2026-06-25T10:09:40.811Z
N04029,Harbor Pointe,2025-03-25,Staffing,Medium,Reduced workforce availability impacted service quality,Increase staffing coverage,2026-06-25T10:09:16.280Z,2026-06-25T10:09:40.811Z
N04030,Cedar Park,2025-04-19,Route Planning,Medium,Construction activity blocked primary collection route,Schedule preventive maintenance,2026-06-25T10:09:16.280Z,2026-06-25T10:09:40.811Z
N04034,Sunset Ridge,2025-06-26,Resident Behavior,Medium,Resident education on waste procedures was recommended,Escalate issue to regional manager,2026-06-25T10:09:16.280Z,2026-06-25T10:09:40.811Z
N04045,Cedar Park,2025-02-16,Staffing,Medium,Recruitment delays limited route coverage,Schedule preventive maintenance,2026-06-25T10:09:16.280Z,2026-06-25T10:09:40.811Z
N04048,Cedar Park,2025-06-04,Route Planning,High,High-density properties created route bottlenecks,Monitor performance for next 7 days,2026-06-25T10:09:16.280Z,2026-06-25T10:09:40.811Z
N04132,Sunset Ridge,2025-06-09,Resident Behavior,High,Bins not placed at doorstep for scheduled pickup,Perform operational audit,2026-06-25T10:09:16.280Z,2026-06-25T10:09:40.811Z
N04146,Willow Creek,2025-04-14,Gate Access,High,Community access policy changes were not communicated,Update access credentials,2026-06-25T10:09:16.280Z,2026-06-25T10:09:40.811Z
N04161,Maple Court,2025-05-12,Route Planning,Medium,Property clustering analysis suggested optimization opportunities,Update access credentials,2026-06-25T10:09:16.280Z,2026-06-25T10:09:40.811Z
N04179,Lakeview Terrace,2025-03-21,Route Planning,Medium,Inefficient property sequencing impacted schedule adherence,Perform operational audit,2026-06-25T10:09:16.280Z,2026-06-25T10:09:40.811Z
N04181,Harbor Pointe,2025-04-18,Staffing,Medium,Resource allocation issue affected collection schedule,Coordinate with property manager,2026-06-25T10:09:16.280Z,2026-06-25T10:09:40.811Z
N04188,Birchwood Commons,2025-06-11,Property Management,Low,Property management requested schedule adjustment,Monitor performance for next 7 days,2026-06-25T10:09:16.280Z,2026-06-25T10:09:40.811Z
N04192,Birchwood Commons,2025-03-28,Gate Access,High,Manual gate operation caused route delays,Update access credentials,2026-06-25T10:09:16.280Z,2026-06-25T10:09:40.811Z
N04199,Birchwood Commons,2025-06-02,Property Management,Medium,Access restrictions increased service complexity,Escalate issue to regional manager,2026-06-25T10:09:16.280Z,2026-06-25T10:09:40.811Z
N04287,Lakeview Terrace,2025-04-21,Weather,High,Weather advisory required route modification,Schedule preventive maintenance,2026-06-25T10:09:16.280Z,2026-06-25T10:09:40.811Z
N04292,Harbor Pointe,2025-03-17,Vehicle,Medium,Hydraulic lift malfunction slowed operations,Increase staffing coverage,2026-06-25T10:09:16.280Z,2026-06-25T10:09:40.811Z
N04304,Green Oaks,2025-01-08,Vehicle,High,Equipment failure reduced collection efficiency,Increase staffing coverage,2026-06-25T10:09:16.280Z,2026-06-25T10:09:40.811Z
N04317,Cedar Park,2025-03-08,Route Planning,Critical,Operational review identified route inefficiencies,Perform operational audit,2026-06-25T10:09:16.280Z,2026-06-25T10:09:40.811Z
N04331,Harbor Pointe,2025-04-18,Staffing,Critical,Training requirements delayed assignment of replacement collector,Conduct resident awareness campaign,2026-06-25T10:09:16.280Z,2026-06-25T10:09:40.811Z
N04351,Lakeview Terrace,2025-03-18,Resident Behavior,High,Resident participation declined during holiday period,Monitor performance for next 7 days,2026-06-25T10:09:16.280Z,2026-06-25T10:09:40.811Z
N04360,Lakeview Terrace,2025-01-01,Route Planning,Medium,Route balancing adjustments improved service coverage,Coordinate with property manager,2026-06-25T10:09:16.280Z,2026-06-25T10:09:40.811Z
N04385,Sunset Ridge,2025-03-15,Resident Behavior,Medium,Residents requested unscheduled pickups,Monitor performance for next 7 days,2026-06-25T10:09:16.280Z,2026-06-25T10:09:40.811Z
N04393,Cedar Park,2025-04-17,Property Management,Medium,Management requested route modifications,Coordinate with property manager,2026-06-25T10:09:16.280Z,2026-06-25T10:09:40.811Z
N04428,Harbor Pointe,2025-04-18,Weather,High,Adverse weather increased average completion times,Increase staffing coverage,2026-06-25T10:09:16.280Z,2026-06-25T10:09:40.811Z
N04456,Maple Court,2025-01-08,Route Planning,High,Service area expansion affected route timing,Assign backup collection crew,2026-06-25T10:09:16.280Z,2026-06-25T10:09:40.811Z
N04473,Sunset Ridge,2025-03-25,Property Management,High,Property leadership requested service enhancement review,Monitor performance for next 7 days,2026-06-25T10:09:16.280Z,2026-06-25T10:09:40.811Z
N04489,Maple Court,2025-06-02,Route Planning,Critical,Unexpected road closure required route diversion,Conduct resident awareness campaign,2026-06-25T10:09:16.280Z,2026-06-25T10:09:40.811Z
N04506,Maple Court,2025-04-27,Vehicle,High,Unexpected maintenance increased route completion time,Coordinate with property manager,2026-06-25T10:09:16.280Z,2026-06-25T10:09:40.811Z
N04526,Green Oaks,2025-05-05,Staffing,Medium,Multiple employee absences occurred simultaneously,Review route optimization plan,2026-06-25T10:09:16.280Z,2026-06-25T10:09:40.811Z
N04530,Lakeview Terrace,2025-04-06,Resident Behavior,Medium,Overflowing bins required additional collection effort,Conduct resident awareness campaign,2026-06-25T10:09:16.280Z,2026-06-25T10:09:40.811Z
N04533,Lakeview Terrace,2025-01-06,Weather,Low,Weather-related road closures impacted routes,Increase staffing coverage,2026-06-25T10:09:16.280Z,2026-06-25T10:09:40.811Z
N04549,Harbor Pointe,2025-02-14,Weather,High,Regional weather event affected service levels,Review route optimization plan,2026-06-25T10:09:16.280Z,2026-06-25T10:09:40.811Z
N04555,Cedar Park,2025-03-18,Property Management,High,Property management requested schedule adjustment,Conduct resident awareness campaign,2026-06-25T10:09:16.280Z,2026-06-25T10:09:40.811Z
N04560,Willow Creek,2025-01-18,Gate Access,High,Community access policy changes were not communicated,Update access credentials,2026-06-25T10:09:16.280Z,2026-06-25T10:09:40.811Z
N04567,Sunset Ridge,2025-03-09,Property Management,High,Access restrictions increased service complexity,Monitor performance for next 7 days,2026-06-25T10:09:16.280Z,2026-06-25T10:09:40.811Z
N04573,Willow Creek,2025-05-24,Gate Access,Medium,Access credentials expired unexpectedly,Perform operational audit,2026-06-25T10:09:16.280Z,2026-06-25T10:09:40.811Z
N04584,Harbor Pointe,2025-02-10,Staffing,Medium,Resource allocation issue affected collection schedule,Perform operational audit,2026-06-25T10:09:16.280Z,2026-06-25T10:09:40.811Z
N04596,Harbor Pointe,2025-01-28,Weather,Critical,High winds created safety concerns for collectors,Escalate issue to regional manager,2026-06-25T10:09:16.280Z,2026-06-25T10:09:40.811Z
N04602,Sunset Ridge,2025-06-06,Gate Access,Critical,Gate intercom system malfunctioned during service hours,Increase staffing coverage,2026-06-25T10:09:16.280Z,2026-06-25T10:09:40.811Z
N04619,Willow Creek,2025-01-19,Gate Access,Critical,Security denied entry due to outdated access credentials,Update access credentials,2026-06-25T10:09:16.280Z,2026-06-25T10:09:40.811Z
N04637,Birchwood Commons,2025-02-23,Gate Access,Medium,Access card failed to unlock service entrance,Update access credentials,2026-06-25T10:09:16.280Z,2026-06-25T10:09:40.811Z
N04642,Birchwood Commons,2025-06-01,Resident Behavior,Low,Unauthorized items were left for collection,Perform operational audit,2026-06-25T10:09:16.280Z,2026-06-25T10:09:40.811Z
N04647,Birchwood Commons,2025-01-16,Gate Access,High,Community gate remained locked during scheduled pickup window,Increase staffing coverage,2026-06-25T10:09:16.280Z,2026-06-25T10:09:40.811Z
N04654,Sunset Ridge,2025-05-05,Gate Access,Critical,Manual gate operation caused route delays,Schedule preventive maintenance,2026-06-25T10:09:16.280Z,2026-06-25T10:09:40.811Z
N04661,Willow Creek,2025-01-11,Staffing,Critical,Unexpected resignations affected operations,Escalate issue to regional manager,2026-06-25T10:09:16.280Z,2026-06-25T10:09:40.811Z
N04676,Harbor Pointe,2025-02-27,Vehicle,High,Collection vehicle required mid-route maintenance stop,Review route optimization plan,2026-06-25T10:09:16.280Z,2026-06-25T10:09:40.811Z
N04681,Green Oaks,2025-05-27,Route Planning,Critical,Inefficient route sequencing reduced productivity,Schedule preventive maintenance,2026-06-25T10:09:16.280Z,2026-06-25T10:09:40.811Z
N04694,Willow Creek,2025-02-25,Gate Access,High,Security denied entry due to outdated access credentials,Coordinate with property manager,2026-06-25T10:09:16.280Z,2026-06-25T10:09:40.811Z
N04698,Sunset Ridge,2025-05-11,Property Management,Low,Property policy changes affected service delivery,Escalate issue to regional manager,2026-06-25T10:09:16.280Z,2026-06-25T10:09:40.811Z
N04702,Maple Court,2025-05-10,Route Planning,Medium,Inefficient property sequencing impacted schedule adherence,Perform operational audit,2026-06-25T10:09:16.280Z,2026-06-25T10:09:40.811Z
N04725,Lakeview Terrace,2025-04-28,Route Planning,High,Operational review identified route inefficiencies,Assign backup collection crew,2026-06-25T10:09:16.280Z,2026-06-25T10:09:40.811Z
N04770,Harbor Pointe,2025-02-26,Vehicle,High,Fleet availability issues caused route reassignment,Schedule preventive maintenance,2026-06-25T10:09:16.280Z,2026-06-25T10:09:40.811Z
N04795,Lakeview Terrace,2025-01-08,Resident Behavior,Medium,Several residents reported confusion regarding pickup schedule,Escalate issue to regional manager,2026-06-25T10:09:16.280Z,2026-06-25T10:09:40.811Z
N04796,Green Oaks,2025-06-30,Vehicle,High,Hydraulic lift malfunction slowed operations,Update access credentials,2026-06-25T10:09:16.280Z,2026-06-25T10:09:40.811Z
N04802,Harbor Pointe,2025-03-15,Weather,High,Emergency weather response delayed operations,Schedule preventive maintenance,2026-06-25T10:09:16.280Z,2026-06-25T10:09:40.811Z
N04815,Sunset Ridge,2025-05-04,Gate Access,Medium,New security protocol delayed collector access,Conduct resident awareness campaign,2026-06-25T10:09:16.280Z,2026-06-25T10:09:40.811Z
N04825,Harbor Pointe,2025-06-22,Weather,Critical,Weather advisory required route modification,Review route optimization plan,2026-06-25T10:09:16.280Z,2026-06-25T10:09:40.811Z
N04854,Willow Creek,2025-05-09,Vehicle,Low,Replacement vehicle arrived later than expected,Schedule preventive maintenance,2026-06-25T10:09:16.280Z,2026-06-25T10:09:40.811Z
N04870,Harbor Pointe,2025-05-19,Vehicle,Critical,Unexpected maintenance increased route completion time,Assign backup collection crew,2026-06-25T10:09:16.280Z,2026-06-25T10:09:40.811Z
N04942,Harbor Pointe,2025-02-01,Vehicle,Low,Equipment failure reduced collection efficiency,Schedule preventive maintenance,2026-06-25T10:09:16.280Z,2026-06-25T10:09:40.811Z
N04952,Lakeview Terrace,2025-02-06,Weather,Low,Severe heat affected workforce productivity,Increase staffing coverage,2026-06-25T10:09:16.280Z,2026-06-25T10:09:40.811Z
N04961,Willow Creek,2025-04-04,Staffing,Low,Temporary workers required additional supervision,Update access credentials,2026-06-25T10:09:16.280Z,2026-06-25T10:09:40.811Z
N04986,Lakeview Terrace,2025-03-23,Resident Behavior,Critical,Excess waste volume exceeded expected capacity,Review route optimization plan,2026-06-25T10:09:16.280Z,2026-06-25T10:09:40.811Z
N04988,Birchwood Commons,2025-02-03,Gate Access,Medium,Restricted access due to special community event,Coordinate with property manager,2026-06-25T10:09:16.280Z,2026-06-25T10:09:40.811Z
N04990,Maple Court,2025-06-21,Weather,Critical,Unexpected storm activity required schedule changes,Monitor performance for next 7 days,2026-06-25T10:09:16.280Z,2026-06-25T10:09:40.811Z
N04031,Maple Court,2025-05-12,Weather,Critical,Weather disruptions impacted multiple communities,Review route optimization plan,2026-06-25T10:09:16.280Z,2026-06-25T10:09:40.811Z
N04038,Green Oaks,2025-01-06,Staffing,Low,Reduced workforce availability impacted service quality,Increase staffing coverage,2026-06-25T10:09:16.280Z,2026-06-25T10:09:40.811Z
N04049,Lakeview Terrace,2025-05-27,Weather,Medium,Severe weather reduced operational efficiency,Conduct resident awareness campaign,2026-06-25T10:09:16.280Z,2026-06-25T10:09:40.811Z
N04062,Willow Creek,2025-01-08,Gate Access,Medium,Gate access restrictions caused delay on route,Coordinate with property manager,2026-06-25T10:09:16.280Z,2026-06-25T10:09:40.811Z
N04090,Willow Creek,2025-06-03,Vehicle,Medium,Transmission issue impacted route completion,Schedule preventive maintenance,2026-06-25T10:09:16.280Z,2026-06-25T10:09:40.811Z
N04097,Harbor Pointe,2025-04-06,Weather,Low,Flooded access roads prevented route completion,Update access credentials,2026-06-25T10:09:16.280Z,2026-06-25T10:09:40.811Z
N04110,Lakeview Terrace,2025-03-20,Resident Behavior,Critical,Unauthorized items were left for collection,Update access credentials,2026-06-25T10:09:16.280Z,2026-06-25T10:09:40.811Z
N04115,Sunset Ridge,2025-06-13,Gate Access,Low,Temporary gate malfunction prevented collector entry,Assign backup collection crew,2026-06-25T10:09:16.280Z,2026-06-25T10:09:40.811Z
N04147,Birchwood Commons,2025-05-25,Gate Access,Critical,Leasing office did not answer for gate code reset,Increase staffing coverage,2026-06-25T10:09:16.280Z,2026-06-25T10:09:40.811Z
N04215,Cedar Park,2025-05-28,Route Planning,Medium,Peak-hour traffic increased collection duration,Update access credentials,2026-06-25T10:09:16.280Z,2026-06-25T10:09:40.811Z
N04217,Harbor Pointe,2025-03-04,Staffing,Critical,Unexpected resignations affected operations,Update access credentials,2026-06-25T10:09:16.280Z,2026-06-25T10:09:40.811Z
N04246,Harbor Pointe,2025-03-21,Weather,Critical,Wet conditions reduced collection speed,Review route optimization plan,2026-06-25T10:09:16.280Z,2026-06-25T10:09:40.811Z
N04248,Harbor Pointe,2025-04-28,Staffing,Medium,"Collector called in sick, route covered late",Conduct resident awareness campaign,2026-06-25T10:09:16.280Z,2026-06-25T10:09:40.811Z
N04249,Birchwood Commons,2025-05-17,Resident Behavior,Low,Improper waste disposal created collection challenges,Review route optimization plan,2026-06-25T10:09:16.280Z,2026-06-25T10:09:40.811Z
N04254,Cedar Park,2025-06-27,Route Planning,Medium,Peak-hour traffic increased collection duration,Coordinate with property manager,2026-06-25T10:09:16.280Z,2026-06-25T10:09:40.811Z
N04255,Harbor Pointe,2025-01-06,Staffing,High,Unexpected resignations affected operations,Coordinate with property manager,2026-06-25T10:09:16.280Z,2026-06-25T10:09:40.811Z
N04257,Willow Creek,2025-04-14,Staffing,High,Shift scheduling conflict resulted in delayed collections,Perform operational audit,2026-06-25T10:09:16.280Z,2026-06-25T10:09:40.811Z
N04266,Harbor Pointe,2025-05-26,Weather,High,Heavy rain delayed collection schedule across region,Coordinate with property manager,2026-06-25T10:09:16.280Z,2026-06-25T10:09:40.811Z
N04278,Birchwood Commons,2025-01-11,Gate Access,Low,Community access policy changes were not communicated,Monitor performance for next 7 days,2026-06-25T10:09:16.280Z,2026-06-25T10:09:40.811Z
N04290,Green Oaks,2025-01-07,Staffing,High,Staff shortage on route caused missed pickups,Perform operational audit,2026-06-25T10:09:16.280Z,2026-06-25T10:09:40.811Z
N04310,Harbor Pointe,2025-03-27,Vehicle,High,Vehicle servicing overlapped with scheduled collections,Perform operational audit,2026-06-25T10:09:16.280Z,2026-06-25T10:09:40.811Z
N04334,Willow Creek,2025-06-25,Vehicle,Low,Fleet shortage increased route workloads,Monitor performance for next 7 days,2026-06-25T10:09:16.280Z,2026-06-25T10:09:40.811Z
N04357,Sunset Ridge,2025-04-21,Resident Behavior,Low,Several residents reported confusion regarding pickup schedule,Review route optimization plan,2026-06-25T10:09:16.280Z,2026-06-25T10:09:40.811Z
N04362,Lakeview Terrace,2025-01-01,Route Planning,High,Unexpected road closure required route diversion,Assign backup collection crew,2026-06-25T10:09:16.280Z,2026-06-25T10:09:40.811Z
N04387,Sunset Ridge,2025-01-30,Gate Access,High,Community access policy changes were not communicated,Schedule preventive maintenance,2026-06-25T10:09:16.280Z,2026-06-25T10:09:40.811Z
N04409,Maple Court,2025-01-10,Vehicle,High,Unexpected maintenance increased route completion time,Perform operational audit,2026-06-25T10:09:16.280Z,2026-06-25T10:09:40.811Z
N04427,Green Oaks,2025-05-24,Route Planning,Critical,Unexpected road closure required route diversion,Assign backup collection crew,2026-06-25T10:09:16.280Z,2026-06-25T10:09:40.811Z
N04445,Maple Court,2025-06-04,Vehicle,Low,Transmission issue impacted route completion,Schedule preventive maintenance,2026-06-25T10:09:16.280Z,2026-06-25T10:09:40.811Z
N04452,Lakeview Terrace,2025-03-28,Resident Behavior,Medium,Late bin placement caused missed pickups,Assign backup collection crew,2026-06-25T10:09:16.280Z,2026-06-25T10:09:40.811Z
N04476,Maple Court,2025-05-11,Weather,Low,Storm conditions resulted in temporary service suspension,Escalate issue to regional manager,2026-06-25T10:09:16.280Z,2026-06-25T10:09:40.811Z
N04485,Maple Court,2025-02-27,Vehicle,High,Engine overheating forced temporary route suspension,Schedule preventive maintenance,2026-06-25T10:09:16.280Z,2026-06-25T10:09:40.811Z
N04486,Green Oaks,2025-01-13,Vehicle,High,Flat tire caused service delays across multiple properties,Schedule preventive maintenance,2026-06-25T10:09:16.280Z,2026-06-25T10:09:40.811Z
N04507,Harbor Pointe,2025-05-19,Vehicle,Low,Unexpected maintenance increased route completion time,Update access credentials,2026-06-25T10:09:16.280Z,2026-06-25T10:09:40.811Z
N04521,Maple Court,2025-03-15,Route Planning,Low,High-density properties created route bottlenecks,Escalate issue to regional manager,2026-06-25T10:09:16.280Z,2026-06-25T10:09:40.811Z
N04525,Maple Court,2025-04-14,Vehicle,Critical,Vehicle diagnostics required immediate attention,Assign backup collection crew,2026-06-25T10:09:16.280Z,2026-06-25T10:09:40.811Z
N04542,Green Oaks,2025-06-23,Route Planning,High,Route capacity exceeded planned workload,Perform operational audit,2026-06-25T10:09:16.280Z,2026-06-25T10:09:40.811Z
N04579,Maple Court,2025-05-06,Route Planning,Medium,Construction activity blocked primary collection route,Review route optimization plan,2026-06-25T10:09:16.280Z,2026-06-25T10:09:40.811Z
N04597,Green Oaks,2025-01-21,Route Planning,Medium,Operational review identified route inefficiencies,Escalate issue to regional manager,2026-06-25T10:09:16.280Z,2026-06-25T10:09:40.811Z
N04607,Cedar Park,2025-01-18,Route Planning,Low,Scheduling overlap reduced operational efficiency,Schedule preventive maintenance,2026-06-25T10:09:16.280Z,2026-06-25T10:09:40.811Z
N04610,Sunset Ridge,2025-01-28,Resident Behavior,Medium,Residents placed bins outside designated collection hours,Schedule preventive maintenance,2026-06-25T10:09:16.280Z,2026-06-25T10:09:40.811Z
N04613,Lakeview Terrace,2025-01-30,Resident Behavior,Low,Excess waste volume exceeded expected capacity,Conduct resident awareness campaign,2026-06-25T10:09:16.280Z,2026-06-25T10:09:40.811Z
N04660,Cedar Park,2025-03-07,Route Planning,Medium,Route optimization issue increased travel time,Increase staffing coverage,2026-06-25T10:09:16.280Z,2026-06-25T10:09:40.811Z
N04670,Lakeview Terrace,2025-02-25,Resident Behavior,Medium,Residents placed bins outside designated collection hours,Review route optimization plan,2026-06-25T10:09:16.280Z,2026-06-25T10:09:40.811Z
N04703,Cedar Park,2025-01-05,Staffing,High,New collector unfamiliar with property layout,Perform operational audit,2026-06-25T10:09:16.280Z,2026-06-25T10:09:40.811Z
N04742,Maple Court,2025-05-18,Vehicle,Medium,Battery failure delayed route departure,Update access credentials,2026-06-25T10:09:16.280Z,2026-06-25T10:09:40.811Z
N04757,Harbor Pointe,2025-04-27,Vehicle,Critical,Hydraulic lift malfunction slowed operations,Review route optimization plan,2026-06-25T10:09:16.280Z,2026-06-25T10:09:40.811Z
N04763,Harbor Pointe,2025-06-25,Staffing,Medium,Overtime limitations reduced available coverage,Assign backup collection crew,2026-06-25T10:09:16.280Z,2026-06-25T10:09:40.811Z
N04777,Sunset Ridge,2025-05-19,Gate Access,Critical,Community access policy changes were not communicated,Increase staffing coverage,2026-06-25T10:09:16.280Z,2026-06-25T10:09:40.811Z
N04782,Maple Court,2025-04-27,Weather,Critical,Wet conditions reduced collection speed,Assign backup collection crew,2026-06-25T10:09:16.280Z,2026-06-25T10:09:40.811Z
N04794,Cedar Park,2025-01-05,Property Management,Critical,Management requested additional pickup support,Increase staffing coverage,2026-06-25T10:09:16.280Z,2026-06-25T10:09:40.811Z
N04799,Green Oaks,2025-01-20,Staffing,Critical,Temporary workers required additional supervision,Increase staffing coverage,2026-06-25T10:09:16.280Z,2026-06-25T10:09:40.811Z
N04801,Birchwood Commons,2025-01-13,Resident Behavior,Critical,Collection instructions were frequently ignored,Increase staffing coverage,2026-06-25T10:09:16.280Z,2026-06-25T10:09:40.811Z
N04832,Maple Court,2025-04-26,Route Planning,High,Route optimization issue increased travel time,Update access credentials,2026-06-25T10:09:16.280Z,2026-06-25T10:09:40.811Z
N04837,Cedar Park,2025-03-02,Route Planning,Low,Traffic congestion delayed collections across multiple properties,Review route optimization plan,2026-06-25T10:09:16.280Z,2026-06-25T10:09:40.811Z
N04840,Green Oaks,2025-03-25,Route Planning,Critical,Route capacity exceeded planned workload,Coordinate with property manager,2026-06-25T10:09:16.280Z,2026-06-25T10:09:40.811Z
N04849,Green Oaks,2025-02-07,Staffing,Medium,High employee turnover affected route consistency,Schedule preventive maintenance,2026-06-25T10:09:16.280Z,2026-06-25T10:09:40.811Z
N04855,Birchwood Commons,2025-03-25,Resident Behavior,Low,Several residents reported confusion regarding pickup schedule,Escalate issue to regional manager,2026-06-25T10:09:16.280Z,2026-06-25T10:09:40.811Z
N04857,Willow Creek,2025-05-23,Gate Access,Medium,Property manager unavailable to provide updated gate code,Coordinate with property manager,2026-06-25T10:09:16.280Z,2026-06-25T10:09:40.811Z
N04863,Cedar Park,2025-01-06,Staffing,Critical,Reduced workforce availability impacted service quality,Coordinate with property manager,2026-06-25T10:09:16.280Z,2026-06-25T10:09:40.811Z
N04874,Willow Creek,2025-04-16,Gate Access,High,Entry denied due to missing vendor registration,Monitor performance for next 7 days,2026-06-25T10:09:16.280Z,2026-06-25T10:09:40.811Z
N04876,Sunset Ridge,2025-05-12,Property Management,Low,Management escalation required operational review,Schedule preventive maintenance,2026-06-25T10:09:16.280Z,2026-06-25T10:09:40.811Z
N04881,Harbor Pointe,2025-03-11,Vehicle,High,Fleet availability issues caused route reassignment,Perform operational audit,2026-06-25T10:09:16.280Z,2026-06-25T10:09:40.811Z
N04900,Lakeview Terrace,2025-06-22,Route Planning,Critical,Scheduling overlap reduced operational efficiency,Monitor performance for next 7 days,2026-06-25T10:09:16.280Z,2026-06-25T10:09:40.811Z
N04909,Harbor Pointe,2025-01-03,Vehicle,High,Emergency repair interrupted collection schedule,Schedule preventive maintenance,2026-06-25T10:09:16.280Z,2026-06-25T10:09:40.811Z
N04921,Birchwood Commons,2025-06-13,Property Management,Critical,Building access procedures updated without notice,Schedule preventive maintenance,2026-06-25T10:09:16.280Z,2026-06-25T10:09:40.811Z
N04922,Green Oaks,2025-04-13,Staffing,High,"Collector called in sick, route covered late",Increase staffing coverage,2026-06-25T10:09:16.280Z,2026-06-25T10:09:40.811Z
N04943,Cedar Park,2025-05-30,Staffing,Low,Staff shortage on route caused missed pickups,Perform operational audit,2026-06-25T10:09:16.280Z,2026-06-25T10:09:40.811Z
N04982,Willow Creek,2025-04-14,Staffing,Medium,Staff reassignment impacted scheduled routes,Update access credentials,2026-06-25T10:09:16.280Z,2026-06-25T10:09:40.811Z
N04989,Harbor Pointe,2025-04-29,Vehicle,Critical,Fleet shortage increased route workloads,Schedule preventive maintenance,2026-06-25T10:09:16.280Z,2026-06-25T10:09:40.811Z
N04997,Lakeview Terrace,2025-04-06,Resident Behavior,Low,Resident left bin blocked by parked vehicle,Assign backup collection crew,2026-06-25T10:09:16.280Z,2026-06-25T10:09:40.811Z
N04005,Maple Court,2025-03-28,Route Planning,High,Traffic congestion delayed collections across multiple properties,Conduct resident awareness campaign,2026-06-25T10:09:16.280Z,2026-06-25T10:09:40.811Z
N04046,Sunset Ridge,2025-01-02,Resident Behavior,High,Unauthorized items were left for collection,Increase staffing coverage,2026-06-25T10:09:16.280Z,2026-06-25T10:09:40.811Z
N04047,Maple Court,2025-06-18,Route Planning,Medium,Scheduling overlap reduced operational efficiency,Update access credentials,2026-06-25T10:09:16.280Z,2026-06-25T10:09:40.811Z
N04074,Lakeview Terrace,2025-01-02,Resident Behavior,High,Overflowing bins required additional collection effort,Update access credentials,2026-06-25T10:09:16.280Z,2026-06-25T10:09:40.811Z
N04075,Sunset Ridge,2025-02-27,Property Management,Critical,Maintenance work restricted access to collection areas,Escalate issue to regional manager,2026-06-25T10:09:16.280Z,2026-06-25T10:09:40.811Z
N04076,Lakeview Terrace,2025-03-10,Weather,High,Snow removal activities blocked service access,Review route optimization plan,2026-06-25T10:09:16.280Z,2026-06-25T10:09:40.811Z
N04079,Sunset Ridge,2025-04-14,Resident Behavior,Low,Resident participation declined during holiday period,Conduct resident awareness campaign,2026-06-25T10:09:16.280Z,2026-06-25T10:09:40.811Z
N04086,Sunset Ridge,2025-04-17,Gate Access,High,Entry denied due to missing vendor registration,Conduct resident awareness campaign,2026-06-25T10:09:16.280Z,2026-06-25T10:09:40.811Z
N04100,Sunset Ridge,2025-04-23,Resident Behavior,Medium,Residents placed bins outside designated collection hours,Review route optimization plan,2026-06-25T10:09:16.280Z,2026-06-25T10:09:40.811Z
N04101,Lakeview Terrace,2025-03-11,Resident Behavior,Critical,Resident complaints were concentrated in specific buildings,Escalate issue to regional manager,2026-06-25T10:09:16.280Z,2026-06-25T10:09:40.811Z
N04121,Birchwood Commons,2025-02-04,Resident Behavior,High,Collection bins were inaccessible during service window,Update access credentials,2026-06-25T10:09:16.280Z,2026-06-25T10:09:40.811Z
N04136,Maple Court,2025-01-25,Weather,Critical,Regional weather event affected service levels,Monitor performance for next 7 days,2026-06-25T10:09:16.280Z,2026-06-25T10:09:40.811Z
N04156,Green Oaks,2025-02-03,Staffing,High,Unexpected employee absence impacted daily operations,Increase staffing coverage,2026-06-25T10:09:16.280Z,2026-06-25T10:09:40.811Z
N04167,Harbor Pointe,2025-03-29,Weather,Critical,Storm conditions resulted in temporary service suspension,Assign backup collection crew,2026-06-25T10:09:16.280Z,2026-06-25T10:09:40.811Z
N04194,Green Oaks,2025-05-23,Vehicle,High,Battery failure delayed route departure,Increase staffing coverage,2026-06-25T10:09:16.280Z,2026-06-25T10:09:40.811Z
N04208,Lakeview Terrace,2025-02-12,Resident Behavior,Critical,Collection bins were inaccessible during service window,Update access credentials,2026-06-25T10:09:16.280Z,2026-06-25T10:09:40.811Z
N04223,Green Oaks,2025-05-19,Vehicle,Critical,Hydraulic lift malfunction slowed operations,Increase staffing coverage,2026-06-25T10:09:16.280Z,2026-06-25T10:09:40.811Z
N04229,Harbor Pointe,2025-03-06,Vehicle,Critical,Flat tire caused service delays across multiple properties,Review route optimization plan,2026-06-25T10:09:16.280Z,2026-06-25T10:09:40.811Z
N04231,Birchwood Commons,2025-01-23,Property Management,High,Operational changes were not communicated in advance,Assign backup collection crew,2026-06-25T10:09:16.280Z,2026-06-25T10:09:40.811Z
N04232,Green Oaks,2025-01-29,Staffing,Medium,Peak demand exceeded available workforce capacity,Escalate issue to regional manager,2026-06-25T10:09:16.280Z,2026-06-25T10:09:40.811Z
N04280,Cedar Park,2025-03-23,Route Planning,Low,Traffic congestion delayed collections across multiple properties,Escalate issue to regional manager,2026-06-25T10:09:16.280Z,2026-06-25T10:09:40.811Z
N04288,Birchwood Commons,2025-05-31,Gate Access,High,Incorrect gate code provided by property management,Coordinate with property manager,2026-06-25T10:09:16.280Z,2026-06-25T10:09:40.811Z
N04297,Lakeview Terrace,2025-01-22,Route Planning,Low,Service area expansion affected route timing,Review route optimization plan,2026-06-25T10:09:16.280Z,2026-06-25T10:09:40.811Z
N04302,Willow Creek,2025-02-21,Gate Access,High,Temporary gate malfunction prevented collector entry,Assign backup collection crew,2026-06-25T10:09:16.280Z,2026-06-25T10:09:40.811Z
N04322,Maple Court,2025-05-29,Weather,Critical,Snow accumulation blocked access to several units,Conduct resident awareness campaign,2026-06-25T10:09:16.280Z,2026-06-25T10:09:40.811Z
N04345,Sunset Ridge,2025-02-04,Resident Behavior,Medium,Unauthorized items were left for collection,Assign backup collection crew,2026-06-25T10:09:16.280Z,2026-06-25T10:09:40.811Z
N04361,Sunset Ridge,2025-04-11,Gate Access,Low,Access card failed to unlock service entrance,Review route optimization plan,2026-06-25T10:09:16.280Z,2026-06-25T10:09:40.811Z
N04384,Maple Court,2025-01-09,Vehicle,Medium,Vehicle diagnostics required immediate attention,Update access credentials,2026-06-25T10:09:16.280Z,2026-06-25T10:09:40.811Z
N04398,Sunset Ridge,2025-04-22,Resident Behavior,Low,Resident left bin blocked by parked vehicle,Update access credentials,2026-06-25T10:09:16.280Z,2026-06-25T10:09:40.811Z
N04402,Cedar Park,2025-05-08,Route Planning,Medium,Peak-hour traffic increased collection duration,Perform operational audit,2026-06-25T10:09:16.280Z,2026-06-25T10:09:40.811Z
N04418,Maple Court,2025-02-25,Weather,Critical,Weather advisory required route modification,Monitor performance for next 7 days,2026-06-25T10:09:16.280Z,2026-06-25T10:09:40.811Z
N04433,Harbor Pointe,2025-01-11,Vehicle,High,Engine overheating forced temporary route suspension,Perform operational audit,2026-06-25T10:09:16.280Z,2026-06-25T10:09:40.811Z
N04462,Sunset Ridge,2025-01-29,Property Management,High,Community event impacted collection schedule,Schedule preventive maintenance,2026-06-25T10:09:16.280Z,2026-06-25T10:09:40.811Z
N04472,Maple Court,2025-02-14,Route Planning,Low,Scheduling overlap reduced operational efficiency,Schedule preventive maintenance,2026-06-25T10:09:16.280Z,2026-06-25T10:09:40.811Z
N04491,Harbor Pointe,2025-01-28,Weather,Critical,Flooded access roads prevented route completion,Coordinate with property manager,2026-06-25T10:09:16.280Z,2026-06-25T10:09:40.811Z
N04503,Maple Court,2025-02-25,Weather,Low,Wet conditions reduced collection speed,Assign backup collection crew,2026-06-25T10:09:16.280Z,2026-06-25T10:09:40.811Z
N04504,Willow Creek,2025-05-31,Vehicle,Critical,Vehicle inspection identified safety concerns before dispatch,Assign backup collection crew,2026-06-25T10:09:16.280Z,2026-06-25T10:09:40.811Z
N04509,Birchwood Commons,2025-05-21,Gate Access,Critical,Restricted access due to special community event,Assign backup collection crew,2026-06-25T10:09:16.280Z,2026-06-25T10:09:40.811Z
N04538,Maple Court,2025-04-06,Weather,High,Weather disruptions impacted multiple communities,Increase staffing coverage,2026-06-25T10:09:16.280Z,2026-06-25T10:09:40.811Z
N04563,Cedar Park,2025-04-06,Staffing,Critical,Insufficient staffing levels increased route completion time,Review route optimization plan,2026-06-25T10:09:16.280Z,2026-06-25T10:09:40.811Z
N04571,Lakeview Terrace,2025-05-04,Route Planning,Medium,Service area expansion affected route timing,Increase staffing coverage,2026-06-25T10:09:16.280Z,2026-06-25T10:09:40.811Z
N04575,Lakeview Terrace,2025-02-11,Resident Behavior,High,Resident complaints were concentrated in specific buildings,Monitor performance for next 7 days,2026-06-25T10:09:16.280Z,2026-06-25T10:09:40.811Z
N04585,Sunset Ridge,2025-06-22,Gate Access,Low,Community access policy changes were not communicated,Monitor performance for next 7 days,2026-06-25T10:09:16.280Z,2026-06-25T10:09:40.811Z
N04594,Willow Creek,2025-02-13,Vehicle,Low,Brake system inspection delayed deployment,Conduct resident awareness campaign,2026-06-25T10:09:16.280Z,2026-06-25T10:09:40.811Z
N04598,Harbor Pointe,2025-05-20,Vehicle,Medium,Emergency repair interrupted collection schedule,Monitor performance for next 7 days,2026-06-25T10:09:16.280Z,2026-06-25T10:09:40.811Z
N04631,Lakeview Terrace,2025-04-21,Route Planning,High,Travel distance increased due to route modifications,Review route optimization plan,2026-06-25T10:09:16.280Z,2026-06-25T10:09:40.811Z
N04640,Birchwood Commons,2025-06-09,Property Management,Low,Building access procedures updated without notice,Monitor performance for next 7 days,2026-06-25T10:09:16.280Z,2026-06-25T10:09:40.811Z
N04673,Maple Court,2025-05-18,Weather,Critical,Ice accumulation restricted vehicle movement,Assign backup collection crew,2026-06-25T10:09:16.280Z,2026-06-25T10:09:40.811Z
N04684,Maple Court,2025-01-29,Weather,Low,Heavy rain delayed collection schedule across region,Review route optimization plan,2026-06-25T10:09:16.280Z,2026-06-25T10:09:40.811Z
N04705,Sunset Ridge,2025-03-02,Resident Behavior,High,Resident participation declined during holiday period,Coordinate with property manager,2026-06-25T10:09:16.280Z,2026-06-25T10:09:40.811Z
N04732,Willow Creek,2025-03-15,Vehicle,High,Vehicle servicing overlapped with scheduled collections,Update access credentials,2026-06-25T10:09:16.280Z,2026-06-25T10:09:40.811Z
N04745,Sunset Ridge,2025-04-25,Resident Behavior,Critical,Unauthorized items were left for collection,Assign backup collection crew,2026-06-25T10:09:16.280Z,2026-06-25T10:09:40.811Z
N04752,Birchwood Commons,2025-06-21,Resident Behavior,Critical,Overflowing bins required additional collection effort,Conduct resident awareness campaign,2026-06-25T10:09:16.280Z,2026-06-25T10:09:40.811Z
N04753,Sunset Ridge,2025-04-15,Property Management,Critical,Service expectations reviewed with property leadership,Coordinate with property manager,2026-06-25T10:09:16.280Z,2026-06-25T10:09:40.811Z
N04762,Maple Court,2025-06-05,Weather,Medium,Adverse weather increased average completion times,Monitor performance for next 7 days,2026-06-25T10:09:16.280Z,2026-06-25T10:09:40.811Z
N04778,Birchwood Commons,2025-03-02,Gate Access,Low,Service entrance blocked by maintenance activity,Coordinate with property manager,2026-06-25T10:09:16.280Z,2026-06-25T10:09:40.811Z
N04842,Sunset Ridge,2025-05-16,Resident Behavior,High,Resident complaints were concentrated in specific buildings,Conduct resident awareness campaign,2026-06-25T10:09:16.280Z,2026-06-25T10:09:40.811Z
N04847,Birchwood Commons,2025-01-03,Property Management,Critical,Manager reported recurring service concerns,Monitor performance for next 7 days,2026-06-25T10:09:16.280Z,2026-06-25T10:09:40.811Z
N04861,Lakeview Terrace,2025-03-05,Route Planning,Medium,Route capacity exceeded planned workload,Increase staffing coverage,2026-06-25T10:09:16.280Z,2026-06-25T10:09:40.811Z
N04864,Willow Creek,2025-06-01,Gate Access,Critical,Gate access restrictions caused delay on route,Conduct resident awareness campaign,2026-06-25T10:09:16.280Z,2026-06-25T10:09:40.811Z
N04872,Harbor Pointe,2025-06-05,Staffing,High,Route coverage reduced due to labor constraints,Perform operational audit,2026-06-25T10:09:16.280Z,2026-06-25T10:09:40.811Z
N04882,Willow Creek,2025-04-23,Staffing,Critical,Peak demand exceeded available workforce capacity,Perform operational audit,2026-06-25T10:09:16.280Z,2026-06-25T10:09:40.811Z
N04883,Sunset Ridge,2025-05-23,Resident Behavior,High,Resident education on waste procedures was recommended,Perform operational audit,2026-06-25T10:09:16.280Z,2026-06-25T10:09:40.811Z
N04906,Lakeview Terrace,2025-02-26,Weather,Low,Adverse weather increased average completion times,Update access credentials,2026-06-25T10:09:16.280Z,2026-06-25T10:09:40.811Z
N04914,Harbor Pointe,2025-06-27,Staffing,Medium,Route coverage reduced due to labor constraints,Review route optimization plan,2026-06-25T10:09:16.280Z,2026-06-25T10:09:40.811Z
N04934,Green Oaks,2025-06-24,Vehicle,Medium,Engine overheating forced temporary route suspension,Assign backup collection crew,2026-06-25T10:09:16.280Z,2026-06-25T10:09:40.811Z
N04941,Maple Court,2025-05-22,Route Planning,High,Inefficient property sequencing impacted schedule adherence,Coordinate with property manager,2026-06-25T10:09:16.280Z,2026-06-25T10:09:40.811Z
N04957,Sunset Ridge,2025-04-09,Property Management,High,Coordination challenges delayed operational response,Update access credentials,2026-06-25T10:09:16.280Z,2026-06-25T10:09:40.811Z
N04971,Willow Creek,2025-02-07,Staffing,Critical,Holiday staffing shortages caused delays,Assign backup collection crew,2026-06-25T10:09:16.280Z,2026-06-25T10:09:40.811Z
N04980,Lakeview Terrace,2025-01-29,Weather,Medium,Weather disruptions impacted multiple communities,Review route optimization plan,2026-06-25T10:09:16.280Z,2026-06-25T10:09:40.811Z
N04022,Birchwood Commons,2025-02-22,Resident Behavior,Critical,Residents requested unscheduled pickups,Review route optimization plan,2026-06-25T10:09:16.280Z,2026-06-25T10:09:40.811Z
N04051,Maple Court,2025-03-09,Vehicle,Critical,Brake system inspection delayed deployment,Increase staffing coverage,2026-06-25T10:09:16.280Z,2026-06-25T10:09:40.811Z
N04061,Harbor Pointe,2025-02-02,Vehicle,Low,Battery failure delayed route departure,Conduct resident awareness campaign,2026-06-25T10:09:16.280Z,2026-06-25T10:09:40.811Z
N04080,Maple Court,2025-05-28,Weather,Medium,Weather disruptions impacted multiple communities,Perform operational audit,2026-06-25T10:09:16.280Z,2026-06-25T10:09:40.811Z
N04103,Maple Court,2025-03-10,Vehicle,High,Transmission issue impacted route completion,Monitor performance for next 7 days,2026-06-25T10:09:16.280Z,2026-06-25T10:09:40.811Z
N04117,Birchwood Commons,2025-02-26,Property Management,Critical,Property staffing changes impacted coordination,Monitor performance for next 7 days,2026-06-25T10:09:16.280Z,2026-06-25T10:09:40.811Z
N04134,Birchwood Commons,2025-04-07,Gate Access,Low,Security denied entry due to outdated access credentials,Perform operational audit,2026-06-25T10:09:16.280Z,2026-06-25T10:09:40.811Z
N04135,Maple Court,2025-03-31,Vehicle,Critical,Replacement vehicle arrived later than expected,Coordinate with property manager,2026-06-25T10:09:16.280Z,2026-06-25T10:09:40.811Z
N04144,Lakeview Terrace,2025-06-23,Weather,High,Storm conditions resulted in temporary service suspension,Monitor performance for next 7 days,2026-06-25T10:09:16.280Z,2026-06-25T10:09:40.811Z
N04173,Harbor Pointe,2025-03-19,Weather,High,Flooded access roads prevented route completion,Monitor performance for next 7 days,2026-06-25T10:09:16.280Z,2026-06-25T10:09:40.811Z
N04196,Birchwood Commons,2025-04-02,Gate Access,High,Entry denied due to missing vendor registration,Monitor performance for next 7 days,2026-06-25T10:09:16.280Z,2026-06-25T10:09:40.811Z
N04200,Willow Creek,2025-06-02,Staffing,Medium,Insufficient staffing levels increased route completion time,Conduct resident awareness campaign,2026-06-25T10:09:16.280Z,2026-06-25T10:09:40.811Z
N04227,Maple Court,2025-01-21,Route Planning,High,Route handoff between teams caused delays,Conduct resident awareness campaign,2026-06-25T10:09:16.280Z,2026-06-25T10:09:40.811Z
N04235,Green Oaks,2025-05-23,Route Planning,Low,Operational review identified route inefficiencies,Schedule preventive maintenance,2026-06-25T10:09:16.280Z,2026-06-25T10:09:40.811Z
N04275,Cedar Park,2025-04-05,Staffing,Low,Holiday staffing shortages caused delays,Conduct resident awareness campaign,2026-06-25T10:09:16.280Z,2026-06-25T10:09:40.811Z
N04324,Green Oaks,2025-01-11,Vehicle,Critical,Maintenance backlog reduced fleet readiness,Perform operational audit,2026-06-25T10:09:16.280Z,2026-06-25T10:09:40.811Z
N04333,Lakeview Terrace,2025-06-03,Resident Behavior,Low,Unauthorized items were left for collection,Increase staffing coverage,2026-06-25T10:09:16.280Z,2026-06-25T10:09:40.811Z
N04336,Harbor Pointe,2025-02-07,Weather,High,Weather disruptions impacted multiple communities,Increase staffing coverage,2026-06-25T10:09:16.280Z,2026-06-25T10:09:40.811Z
N04349,Green Oaks,2025-04-05,Vehicle,Low,Engine overheating forced temporary route suspension,Perform operational audit,2026-06-25T10:09:16.280Z,2026-06-25T10:09:40.811Z
N04394,Cedar Park,2025-05-17,Staffing,Low,High employee turnover affected route consistency,Coordinate with property manager,2026-06-25T10:09:16.280Z,2026-06-25T10:09:40.811Z
N04400,Birchwood Commons,2025-02-08,Gate Access,High,Temporary gate malfunction prevented collector entry,Escalate issue to regional manager,2026-06-25T10:09:16.280Z,2026-06-25T10:09:40.811Z
N04414,Harbor Pointe,2025-06-02,Vehicle,High,Transmission issue impacted route completion,Schedule preventive maintenance,2026-06-25T10:09:16.280Z,2026-06-25T10:09:40.811Z
N04435,Lakeview Terrace,2025-01-27,Resident Behavior,Medium,Improper waste disposal created collection challenges,Assign backup collection crew,2026-06-25T10:09:16.280Z,2026-06-25T10:09:40.811Z
N04446,Cedar Park,2025-04-23,Route Planning,Medium,Operational review identified route inefficiencies,Assign backup collection crew,2026-06-25T10:09:16.280Z,2026-06-25T10:09:40.811Z
N04455,Green Oaks,2025-06-23,Route Planning,Low,Inefficient route sequencing reduced productivity,Escalate issue to regional manager,2026-06-25T10:09:16.280Z,2026-06-25T10:09:40.811Z
N04465,Maple Court,2025-03-10,Vehicle,High,Emergency repair interrupted collection schedule,Escalate issue to regional manager,2026-06-25T10:09:16.280Z,2026-06-25T10:09:40.811Z
N04498,Harbor Pointe,2025-02-17,Weather,Low,Unexpected storm activity required schedule changes,Coordinate with property manager,2026-06-25T10:09:16.280Z,2026-06-25T10:09:40.811Z
N04500,Cedar Park,2025-02-03,Staffing,Medium,Training requirements delayed assignment of replacement collector,Escalate issue to regional manager,2026-06-25T10:09:16.280Z,2026-06-25T10:09:40.811Z
N04524,Lakeview Terrace,2025-01-12,Resident Behavior,Low,Repeated policy violations impacted service quality,Escalate issue to regional manager,2026-06-25T10:09:16.280Z,2026-06-25T10:09:40.811Z
N04540,Maple Court,2025-02-13,Route Planning,Critical,Operational review identified route inefficiencies,Increase staffing coverage,2026-06-25T10:09:16.280Z,2026-06-25T10:09:40.811Z
N04545,Maple Court,2025-02-22,Weather,Medium,Weather advisory required route modification,Perform operational audit,2026-06-25T10:09:16.280Z,2026-06-25T10:09:40.811Z
N04548,Cedar Park,2025-03-17,Route Planning,Medium,Property clustering analysis suggested optimization opportunities,Assign backup collection crew,2026-06-25T10:09:16.280Z,2026-06-25T10:09:40.811Z
N04568,Lakeview Terrace,2025-02-09,Resident Behavior,Medium,Repeated policy violations impacted service quality,Assign backup collection crew,2026-06-25T10:09:16.280Z,2026-06-25T10:09:40.811Z
N04574,Lakeview Terrace,2025-04-12,Weather,High,Weather disruptions impacted multiple communities,Increase staffing coverage,2026-06-25T10:09:16.280Z,2026-06-25T10:09:40.811Z
N04583,Birchwood Commons,2025-04-19,Resident Behavior,Critical,Repeated policy violations impacted service quality,Escalate issue to regional manager,2026-06-25T10:09:16.280Z,2026-06-25T10:09:40.811Z
N04601,Willow Creek,2025-01-15,Staffing,High,Temporary workers required additional supervision,Conduct resident awareness campaign,2026-06-25T10:09:16.280Z,2026-06-25T10:09:40.811Z
N04624,Harbor Pointe,2025-05-14,Vehicle,Medium,Vehicle inspection identified safety concerns before dispatch,Monitor performance for next 7 days,2026-06-25T10:09:16.280Z,2026-06-25T10:09:40.811Z
N04656,Lakeview Terrace,2025-06-17,Route Planning,Critical,High-density properties created route bottlenecks,Schedule preventive maintenance,2026-06-25T10:09:16.280Z,2026-06-25T10:09:40.811Z
N04663,Harbor Pointe,2025-02-09,Staffing,Critical,Holiday staffing shortages caused delays,Monitor performance for next 7 days,2026-06-25T10:09:16.280Z,2026-06-25T10:09:40.811Z
N04666,Sunset Ridge,2025-05-30,Gate Access,High,Temporary gate malfunction prevented collector entry,Update access credentials,2026-06-25T10:09:16.280Z,2026-06-25T10:09:40.811Z
N04701,Cedar Park,2025-06-16,Route Planning,Medium,Route redesign recommended to improve performance,Monitor performance for next 7 days,2026-06-25T10:09:16.280Z,2026-06-25T10:09:40.811Z
N04714,Sunset Ridge,2025-05-14,Resident Behavior,High,Bins not placed at doorstep for scheduled pickup,Review route optimization plan,2026-06-25T10:09:16.280Z,2026-06-25T10:09:40.811Z
N04716,Green Oaks,2025-04-09,Vehicle,Low,Replacement vehicle arrived later than expected,Increase staffing coverage,2026-06-25T10:09:16.280Z,2026-06-25T10:09:40.811Z
N04717,Harbor Pointe,2025-04-09,Weather,Low,Unexpected storm activity required schedule changes,Assign backup collection crew,2026-06-25T10:09:16.280Z,2026-06-25T10:09:40.811Z
N04728,Maple Court,2025-05-25,Route Planning,Critical,Construction activity blocked primary collection route,Perform operational audit,2026-06-25T10:09:16.280Z,2026-06-25T10:09:40.811Z
N04743,Willow Creek,2025-05-20,Gate Access,Low,Incorrect gate code provided by property management,Perform operational audit,2026-06-25T10:09:16.280Z,2026-06-25T10:09:40.811Z
N04818,Sunset Ridge,2025-05-30,Gate Access,Medium,Multiple access attempts required before entry was granted,Schedule preventive maintenance,2026-06-25T10:09:16.280Z,2026-06-25T10:09:40.811Z
N04820,Harbor Pointe,2025-03-16,Weather,Low,Heavy rain delayed collection schedule across region,Monitor performance for next 7 days,2026-06-25T10:09:16.280Z,2026-06-25T10:09:40.811Z
N04851,Harbor Pointe,2025-06-01,Staffing,Low,Staff reassignment impacted scheduled routes,Coordinate with property manager,2026-06-25T10:09:16.280Z,2026-06-25T10:09:40.811Z
N04880,Maple Court,2025-01-29,Route Planning,High,Service area expansion affected route timing,Perform operational audit,2026-06-25T10:09:16.280Z,2026-06-25T10:09:40.811Z
N04887,Harbor Pointe,2025-05-25,Weather,Medium,Emergency weather response delayed operations,Increase staffing coverage,2026-06-25T10:09:16.280Z,2026-06-25T10:09:40.811Z
N04888,Lakeview Terrace,2025-06-23,Weather,Medium,Snow removal activities blocked service access,Assign backup collection crew,2026-06-25T10:09:16.280Z,2026-06-25T10:09:40.811Z
N04903,Harbor Pointe,2025-05-19,Staffing,Low,Unexpected employee absence impacted daily operations,Conduct resident awareness campaign,2026-06-25T10:09:16.280Z,2026-06-25T10:09:40.811Z
N04939,Lakeview Terrace,2025-02-28,Resident Behavior,Low,Resident complaints increased after route schedule change,Increase staffing coverage,2026-06-25T10:09:16.280Z,2026-06-25T10:09:40.811Z
N04944,Willow Creek,2025-04-17,Vehicle,High,Flat tire caused service delays across multiple properties,Update access credentials,2026-06-25T10:09:16.280Z,2026-06-25T10:09:40.811Z
N04945,Harbor Pointe,2025-01-04,Staffing,Medium,Shift scheduling conflict resulted in delayed collections,Increase staffing coverage,2026-06-25T10:09:16.280Z,2026-06-25T10:09:40.811Z
N04964,Green Oaks,2025-01-22,Route Planning,High,Peak-hour traffic increased collection duration,Schedule preventive maintenance,2026-06-25T10:09:16.280Z,2026-06-25T10:09:40.811Z
N04973,Green Oaks,2025-04-25,Staffing,Medium,Recruitment delays limited route coverage,Review route optimization plan,2026-06-25T10:09:16.280Z,2026-06-25T10:09:40.811Z
N04017,Green Oaks,2025-04-25,Staffing,Low,"Collector called in sick, route covered late",Conduct resident awareness campaign,2026-06-25T10:09:16.280Z,2026-06-25T10:09:40.811Z
N04020,Lakeview Terrace,2025-01-25,Route Planning,High,Peak-hour traffic increased collection duration,Increase staffing coverage,2026-06-25T10:09:16.280Z,2026-06-25T10:09:40.811Z
N04037,Lakeview Terrace,2025-06-19,Weather,Medium,Regional weather event affected service levels,Escalate issue to regional manager,2026-06-25T10:09:16.280Z,2026-06-25T10:09:40.811Z
N04041,Harbor Pointe,2025-05-25,Vehicle,Critical,Replacement vehicle arrived later than expected,Monitor performance for next 7 days,2026-06-25T10:09:16.280Z,2026-06-25T10:09:40.811Z
N04064,Sunset Ridge,2025-02-14,Resident Behavior,Critical,Resident participation declined during holiday period,Increase staffing coverage,2026-06-25T10:09:16.280Z,2026-06-25T10:09:40.811Z
N04070,Sunset Ridge,2025-04-02,Gate Access,High,Driver could not access community - gate code expired,Escalate issue to regional manager,2026-06-25T10:09:16.280Z,2026-06-25T10:09:40.811Z
N04095,Green Oaks,2025-06-17,Staffing,Medium,Holiday staffing shortages caused delays,Monitor performance for next 7 days,2026-06-25T10:09:16.280Z,2026-06-25T10:09:40.811Z
N04098,Sunset Ridge,2025-02-05,Resident Behavior,Medium,Several residents reported confusion regarding pickup schedule,Increase staffing coverage,2026-06-25T10:09:16.280Z,2026-06-25T10:09:40.811Z
N04106,Lakeview Terrace,2025-02-08,Route Planning,Low,Peak-hour traffic increased collection duration,Coordinate with property manager,2026-06-25T10:09:16.280Z,2026-06-25T10:09:40.811Z
N04109,Cedar Park,2025-04-03,Route Planning,High,Travel distance increased due to route modifications,Coordinate with property manager,2026-06-25T10:09:16.280Z,2026-06-25T10:09:40.811Z
N04111,Lakeview Terrace,2025-01-21,Weather,Low,Storm conditions resulted in temporary service suspension,Coordinate with property manager,2026-06-25T10:09:16.280Z,2026-06-25T10:09:40.811Z
N04118,Cedar Park,2025-05-10,Route Planning,High,Traffic congestion delayed collections across multiple properties,Update access credentials,2026-06-25T10:09:16.280Z,2026-06-25T10:09:40.811Z
N04141,Harbor Pointe,2025-06-05,Weather,High,Flooded access roads prevented route completion,Coordinate with property manager,2026-06-25T10:09:16.280Z,2026-06-25T10:09:40.811Z
N04152,Cedar Park,2025-01-18,Route Planning,Critical,GPS routing error caused missed service locations,Monitor performance for next 7 days,2026-06-25T10:09:16.280Z,2026-06-25T10:09:40.811Z
N04171,Sunset Ridge,2025-03-17,Property Management,High,Management requested additional pickup support,Schedule preventive maintenance,2026-06-25T10:09:16.280Z,2026-06-25T10:09:40.811Z
N04174,Green Oaks,2025-05-21,Staffing,Medium,Resource allocation issue affected collection schedule,Perform operational audit,2026-06-25T10:09:16.280Z,2026-06-25T10:09:40.811Z
N04195,Cedar Park,2025-05-07,Route Planning,Critical,Route handoff between teams caused delays,Assign backup collection crew,2026-06-25T10:09:16.280Z,2026-06-25T10:09:40.811Z
N04212,Cedar Park,2025-06-20,Property Management,Critical,Maintenance work restricted access to collection areas,Coordinate with property manager,2026-06-25T10:09:16.280Z,2026-06-25T10:09:40.811Z
N04216,Sunset Ridge,2025-06-16,Property Management,Medium,Property management requested schedule adjustment,Conduct resident awareness campaign,2026-06-25T10:09:16.280Z,2026-06-25T10:09:40.811Z
N04230,Willow Creek,2025-05-30,Vehicle,Medium,Fleet shortage increased route workloads,Assign backup collection crew,2026-06-25T10:09:16.280Z,2026-06-25T10:09:40.811Z
N04239,Maple Court,2025-02-09,Route Planning,High,Route handoff between teams caused delays,Coordinate with property manager,2026-06-25T10:09:16.280Z,2026-06-25T10:09:40.811Z
N04256,Lakeview Terrace,2025-06-11,Route Planning,Medium,Property clustering analysis suggested optimization opportunities,Conduct resident awareness campaign,2026-06-25T10:09:16.280Z,2026-06-25T10:09:40.811Z
N04314,Lakeview Terrace,2025-05-16,Resident Behavior,High,Repeated policy violations impacted service quality,Increase staffing coverage,2026-06-25T10:09:16.280Z,2026-06-25T10:09:40.811Z
N04315,Harbor Pointe,2025-05-23,Staffing,Medium,Unexpected employee absence impacted daily operations,Schedule preventive maintenance,2026-06-25T10:09:16.280Z,2026-06-25T10:09:40.811Z
N04316,Cedar Park,2025-03-31,Route Planning,Medium,Peak-hour traffic increased collection duration,Review route optimization plan,2026-06-25T10:09:16.280Z,2026-06-25T10:09:40.811Z
N04356,Cedar Park,2025-03-05,Staffing,Low,Shift scheduling conflict resulted in delayed collections,Review route optimization plan,2026-06-25T10:09:16.280Z,2026-06-25T10:09:40.811Z
N04374,Lakeview Terrace,2025-06-06,Resident Behavior,Critical,Collection bins were inaccessible during service window,Review route optimization plan,2026-06-25T10:09:16.280Z,2026-06-25T10:09:40.811Z
N04390,Maple Court,2025-03-02,Vehicle,Critical,Hydraulic lift malfunction slowed operations,Escalate issue to regional manager,2026-06-25T10:09:16.280Z,2026-06-25T10:09:40.811Z
N04415,Cedar Park,2025-02-17,Property Management,Low,Service expectations reviewed with property leadership,Review route optimization plan,2026-06-25T10:09:16.280Z,2026-06-25T10:09:40.811Z
N04419,Green Oaks,2025-01-25,Route Planning,Low,Navigation issue delayed route completion,Perform operational audit,2026-06-25T10:09:16.280Z,2026-06-25T10:09:40.811Z
N04429,Willow Creek,2025-02-08,Vehicle,Low,Engine overheating forced temporary route suspension,Increase staffing coverage,2026-06-25T10:09:16.280Z,2026-06-25T10:09:40.811Z
N04441,Maple Court,2025-03-29,Weather,Medium,Flooded access roads prevented route completion,Increase staffing coverage,2026-06-25T10:09:16.280Z,2026-06-25T10:09:40.811Z
N04453,Willow Creek,2025-01-16,Gate Access,Low,Temporary gate malfunction prevented collector entry,Increase staffing coverage,2026-06-25T10:09:16.280Z,2026-06-25T10:09:40.811Z
N04478,Birchwood Commons,2025-01-13,Property Management,High,Maintenance work restricted access to collection areas,Monitor performance for next 7 days,2026-06-25T10:09:16.280Z,2026-06-25T10:09:40.811Z
N04494,Maple Court,2025-02-17,Weather,Medium,Ice accumulation restricted vehicle movement,Schedule preventive maintenance,2026-06-25T10:09:16.280Z,2026-06-25T10:09:40.811Z
N04502,Willow Creek,2025-06-05,Vehicle,Medium,Flat tire caused service delays across multiple properties,Monitor performance for next 7 days,2026-06-25T10:09:16.280Z,2026-06-25T10:09:40.811Z
N04516,Green Oaks,2025-02-25,Staffing,Critical,Multiple employee absences occurred simultaneously,Increase staffing coverage,2026-06-25T10:09:16.280Z,2026-06-25T10:09:40.811Z
N04517,Willow Creek,2025-01-10,Vehicle,High,Engine overheating forced temporary route suspension,Coordinate with property manager,2026-06-25T10:09:16.280Z,2026-06-25T10:09:40.811Z
N04532,Green Oaks,2025-01-31,Route Planning,High,Dynamic route adjustments improved service outcomes,Increase staffing coverage,2026-06-25T10:09:16.280Z,2026-06-25T10:09:40.811Z
N04539,Maple Court,2025-05-10,Weather,Medium,Poor visibility affected route safety,Conduct resident awareness campaign,2026-06-25T10:09:16.280Z,2026-06-25T10:09:40.811Z
N04552,Willow Creek,2025-06-24,Gate Access,High,Community gate remained locked during scheduled pickup window,Perform operational audit,2026-06-25T10:09:16.280Z,2026-06-25T10:09:40.811Z
N04557,Willow Creek,2025-04-22,Staffing,Medium,Staff shortage on route caused missed pickups,Schedule preventive maintenance,2026-06-25T10:09:16.280Z,2026-06-25T10:09:40.811Z
N04612,Birchwood Commons,2025-05-21,Gate Access,Low,Temporary gate malfunction prevented collector entry,Conduct resident awareness campaign,2026-06-25T10:09:16.280Z,2026-06-25T10:09:40.811Z
N04615,Sunset Ridge,2025-05-17,Gate Access,Critical,Entry denied due to missing vendor registration,Assign backup collection crew,2026-06-25T10:09:16.280Z,2026-06-25T10:09:40.811Z
N04629,Cedar Park,2025-01-24,Staffing,Critical,Shift scheduling conflict resulted in delayed collections,Monitor performance for next 7 days,2026-06-25T10:09:16.280Z,2026-06-25T10:09:40.811Z
N04641,Willow Creek,2025-03-19,Gate Access,Critical,Community access policy changes were not communicated,Review route optimization plan,2026-06-25T10:09:16.280Z,2026-06-25T10:09:40.811Z
N04643,Maple Court,2025-05-30,Weather,Critical,Extreme temperatures slowed collection activities,Review route optimization plan,2026-06-25T10:09:16.280Z,2026-06-25T10:09:40.811Z
N04646,Maple Court,2025-06-05,Vehicle,Medium,Truck mechanical issue delayed entire route schedule,Update access credentials,2026-06-25T10:09:16.280Z,2026-06-25T10:09:40.811Z
N04650,Green Oaks,2025-06-27,Staffing,Medium,Holiday staffing shortages caused delays,Schedule preventive maintenance,2026-06-25T10:09:16.280Z,2026-06-25T10:09:40.811Z
N04652,Harbor Pointe,2025-03-13,Vehicle,Low,Brake system inspection delayed deployment,Escalate issue to regional manager,2026-06-25T10:09:16.280Z,2026-06-25T10:09:40.811Z
N04662,Green Oaks,2025-01-05,Staffing,Low,New collector unfamiliar with property layout,Update access credentials,2026-06-25T10:09:16.280Z,2026-06-25T10:09:40.811Z
N04687,Maple Court,2025-04-25,Weather,Low,Heavy rain delayed collection schedule across region,Increase staffing coverage,2026-06-25T10:09:16.280Z,2026-06-25T10:09:40.811Z
N04697,Lakeview Terrace,2025-02-03,Weather,Low,Storm conditions resulted in temporary service suspension,Conduct resident awareness campaign,2026-06-25T10:09:16.280Z,2026-06-25T10:09:40.811Z
N04708,Willow Creek,2025-05-08,Vehicle,Medium,Replacement vehicle arrived later than expected,Coordinate with property manager,2026-06-25T10:09:16.280Z,2026-06-25T10:09:40.811Z
N04722,Birchwood Commons,2025-02-17,Resident Behavior,Low,Residents requested unscheduled pickups,Review route optimization plan,2026-06-25T10:09:16.280Z,2026-06-25T10:09:40.811Z
N04729,Green Oaks,2025-01-09,Staffing,Low,Unexpected employee absence impacted daily operations,Conduct resident awareness campaign,2026-06-25T10:09:16.280Z,2026-06-25T10:09:40.811Z
N04747,Sunset Ridge,2025-04-04,Gate Access,Critical,Gate access restrictions caused delay on route,Escalate issue to regional manager,2026-06-25T10:09:16.280Z,2026-06-25T10:09:40.811Z
N04748,Harbor Pointe,2025-05-22,Staffing,High,New collector unfamiliar with property layout,Schedule preventive maintenance,2026-06-25T10:09:16.280Z,2026-06-25T10:09:40.811Z
N04754,Harbor Pointe,2025-04-17,Vehicle,Critical,Maintenance backlog reduced fleet readiness,Assign backup collection crew,2026-06-25T10:09:16.280Z,2026-06-25T10:09:40.811Z
N04761,Willow Creek,2025-05-10,Vehicle,Low,Equipment failure reduced collection efficiency,Assign backup collection crew,2026-06-25T10:09:16.280Z,2026-06-25T10:09:40.811Z
N04775,Harbor Pointe,2025-03-26,Weather,Low,Weather-related road closures impacted routes,Coordinate with property manager,2026-06-25T10:09:16.280Z,2026-06-25T10:09:40.811Z
N04781,Sunset Ridge,2025-03-10,Gate Access,Medium,Driver could not access community - gate code expired,Increase staffing coverage,2026-06-25T10:09:16.280Z,2026-06-25T10:09:40.811Z
N04791,Green Oaks,2025-03-31,Staffing,Low,Insufficient staffing levels increased route completion time,Monitor performance for next 7 days,2026-06-25T10:09:16.280Z,2026-06-25T10:09:40.811Z
N04804,Green Oaks,2025-06-12,Vehicle,Critical,Vehicle inspection identified safety concerns before dispatch,Review route optimization plan,2026-06-25T10:09:16.280Z,2026-06-25T10:09:40.811Z
N04808,Maple Court,2025-02-10,Weather,Medium,Adverse weather increased average completion times,Assign backup collection crew,2026-06-25T10:09:16.280Z,2026-06-25T10:09:40.811Z
N04809,Harbor Pointe,2025-04-23,Weather,Medium,Snow accumulation blocked access to several units,Perform operational audit,2026-06-25T10:09:16.280Z,2026-06-25T10:09:40.811Z
N04813,Harbor Pointe,2025-02-27,Vehicle,Medium,Fleet shortage increased route workloads,Review route optimization plan,2026-06-25T10:09:16.280Z,2026-06-25T10:09:40.811Z
N04823,Lakeview Terrace,2025-01-28,Resident Behavior,High,Improper waste disposal created collection challenges,Review route optimization plan,2026-06-25T10:09:16.280Z,2026-06-25T10:09:40.811Z
N04836,Harbor Pointe,2025-01-14,Staffing,Critical,Staff reassignment impacted scheduled routes,Update access credentials,2026-06-25T10:09:16.280Z,2026-06-25T10:09:40.811Z
N04846,Cedar Park,2025-05-22,Property Management,Medium,Property leadership requested service enhancement review,Perform operational audit,2026-06-25T10:09:16.280Z,2026-06-25T10:09:40.811Z
N04894,Willow Creek,2025-04-16,Staffing,High,Reduced workforce availability impacted service quality,Schedule preventive maintenance,2026-06-25T10:09:16.280Z,2026-06-25T10:09:40.811Z
N04917,Cedar Park,2025-06-24,Staffing,Critical,Resource allocation issue affected collection schedule,Update access credentials,2026-06-25T10:09:16.280Z,2026-06-25T10:09:40.811Z
N04918,Sunset Ridge,2025-01-31,Property Management,High,Property staffing changes impacted coordination,Schedule preventive maintenance,2026-06-25T10:09:16.280Z,2026-06-25T10:09:40.811Z
N04930,Birchwood Commons,2025-05-01,Gate Access,Low,New security protocol delayed collector access,Schedule preventive maintenance,2026-06-25T10:09:16.280Z,2026-06-25T10:09:40.811Z
N04948,Willow Creek,2025-06-24,Staffing,Critical,Shift scheduling conflict resulted in delayed collections,Increase staffing coverage,2026-06-25T10:09:16.280Z,2026-06-25T10:09:40.811Z
N04951,Sunset Ridge,2025-01-10,Resident Behavior,Medium,Resident complaints were concentrated in specific buildings,Increase staffing coverage,2026-06-25T10:09:16.280Z,2026-06-25T10:09:40.811Z
N04955,Cedar Park,2025-01-03,Staffing,Medium,Unexpected employee absence impacted daily operations,Assign backup collection crew,2026-06-25T10:09:16.280Z,2026-06-25T10:09:40.811Z
N04969,Lakeview Terrace,2025-01-07,Route Planning,Medium,Route redesign recommended to improve performance,Update access credentials,2026-06-25T10:09:16.280Z,2026-06-25T10:09:40.811Z
N04981,Willow Creek,2025-06-26,Gate Access,Medium,Gate intercom system malfunctioned during service hours,Coordinate with property manager,2026-06-25T10:09:16.280Z,2026-06-25T10:09:40.811Z
N04984,Sunset Ridge,2025-06-11,Property Management,Low,Property leadership requested service enhancement review,Assign backup collection crew,2026-06-25T10:09:16.280Z,2026-06-25T10:09:40.811Z
N04999,Lakeview Terrace,2025-06-26,Route Planning,High,Route redesign recommended to improve performance,Review route optimization plan,2026-06-25T10:09:16.280Z,2026-06-25T10:09:40.811Z
N00011,Cedar Park,2025-06-16,Route Planning,Medium,Route redesign recommended to improve performance,Monitor performance for next 7 days,2026-06-25T10:09:16.280Z,2026-06-25T10:09:40.811Z
N00013,Cedar Park,2025-03-16,Route Planning,Medium,Route redesign recommended to improve performance,Assign backup collection crew,2026-06-25T10:09:16.280Z,2026-06-25T10:09:40.811Z
N00020,Sunset Ridge,2025-06-30,Property Management,Critical,Service expectations reviewed with property leadership,Review route optimization plan,2026-06-25T10:09:16.280Z,2026-06-25T10:09:40.811Z
N00045,Maple Court,2025-02-05,Route Planning,Critical,Route redesign recommended to improve performance,Escalate issue to regional manager,2026-06-25T10:09:16.280Z,2026-06-25T10:09:40.811Z
N00066,Harbor Pointe,2025-04-09,Staffing,High,Insufficient weekend staffing caused backlog,Perform operational audit,2026-06-25T10:09:16.280Z,2026-06-25T10:09:40.811Z
N00073,Harbor Pointe,2025-01-26,Staffing,Critical,Unexpected employee absence impacted daily operations,Escalate issue to regional manager,2026-06-25T10:09:16.280Z,2026-06-25T10:09:40.811Z
N00074,Birchwood Commons,2025-02-06,Gate Access,Low,Community access policy changes were not communicated,Update access credentials,2026-06-25T10:09:16.280Z,2026-06-25T10:09:40.811Z
N00107,Birchwood Commons,2025-04-27,Property Management,Medium,Property management requested schedule adjustment,Assign backup collection crew,2026-06-25T10:09:16.280Z,2026-06-25T10:09:40.811Z
N00113,Lakeview Terrace,2025-05-28,Weather,Medium,Weather advisory required route modification,Monitor performance for next 7 days,2026-06-25T10:09:16.280Z,2026-06-25T10:09:40.811Z
N00116,Green Oaks,2025-06-18,Vehicle,Medium,Truck mechanical issue delayed entire route schedule,Schedule preventive maintenance,2026-06-25T10:09:16.280Z,2026-06-25T10:09:40.811Z
N00118,Lakeview Terrace,2025-01-17,Route Planning,High,Route optimization issue increased travel time,Assign backup collection crew,2026-06-25T10:09:16.280Z,2026-06-25T10:09:40.811Z
N00124,Green Oaks,2025-04-01,Vehicle,Critical,Brake system inspection delayed deployment,Monitor performance for next 7 days,2026-06-25T10:09:16.280Z,2026-06-25T10:09:40.811Z
N00133,Lakeview Terrace,2025-06-13,Route Planning,Low,Service area expansion affected route timing,Escalate issue to regional manager,2026-06-25T10:09:16.280Z,2026-06-25T10:09:40.811Z
N00144,Sunset Ridge,2025-02-21,Gate Access,Critical,Multiple access attempts required before entry was granted,Increase staffing coverage,2026-06-25T10:09:16.280Z,2026-06-25T10:09:40.811Z
N00169,Harbor Pointe,2025-06-22,Vehicle,High,Unexpected maintenance increased route completion time,Update access credentials,2026-06-25T10:09:16.280Z,2026-06-25T10:09:40.811Z
N00188,Maple Court,2025-05-15,Route Planning,High,Service area expansion affected route timing,Schedule preventive maintenance,2026-06-25T10:09:16.280Z,2026-06-25T10:09:40.811Z
N00239,Harbor Pointe,2025-05-25,Weather,Medium,Regional weather event affected service levels,Escalate issue to regional manager,2026-06-25T10:09:16.280Z,2026-06-25T10:09:40.811Z
N00258,Maple Court,2025-01-31,Route Planning,Low,Inefficient route sequencing reduced productivity,Schedule preventive maintenance,2026-06-25T10:09:16.280Z,2026-06-25T10:09:40.811Z
N00272,Cedar Park,2025-04-04,Property Management,Low,Property renovation disrupted normal collection process,Perform operational audit,2026-06-25T10:09:16.280Z,2026-06-25T10:09:40.811Z
N00284,Maple Court,2025-06-18,Weather,Low,Unexpected storm activity required schedule changes,Schedule preventive maintenance,2026-06-25T10:09:16.280Z,2026-06-25T10:09:40.811Z
N00290,Willow Creek,2025-06-01,Vehicle,Low,Flat tire caused service delays across multiple properties,Perform operational audit,2026-06-25T10:09:16.280Z,2026-06-25T10:09:40.811Z
N00292,Maple Court,2025-04-02,Weather,High,Regional weather event affected service levels,Review route optimization plan,2026-06-25T10:09:16.280Z,2026-06-25T10:09:40.811Z
N00300,Sunset Ridge,2025-02-15,Gate Access,Medium,Driver could not access community - gate code expired,Coordinate with property manager,2026-06-25T10:09:16.280Z,2026-06-25T10:09:40.811Z
N00323,Lakeview Terrace,2025-06-12,Weather,Medium,Storm conditions resulted in temporary service suspension,Assign backup collection crew,2026-06-25T10:09:16.280Z,2026-06-25T10:09:40.811Z
N00325,Maple Court,2025-01-23,Vehicle,Critical,Transmission issue impacted route completion,Escalate issue to regional manager,2026-06-25T10:09:16.280Z,2026-06-25T10:09:40.811Z
N00340,Willow Creek,2025-01-04,Gate Access,Low,New security protocol delayed collector access,Escalate issue to regional manager,2026-06-25T10:09:16.280Z,2026-06-25T10:09:40.811Z
N00354,Lakeview Terrace,2025-01-20,Weather,Medium,High winds created safety concerns for collectors,Escalate issue to regional manager,2026-06-25T10:09:16.280Z,2026-06-25T10:09:40.811Z
N00362,Harbor Pointe,2025-01-10,Weather,Critical,Severe heat affected workforce productivity,Increase staffing coverage,2026-06-25T10:09:16.280Z,2026-06-25T10:09:40.811Z
N00388,Sunset Ridge,2025-03-11,Gate Access,High,Property manager unavailable to provide updated gate code,Update access credentials,2026-06-25T10:09:16.280Z,2026-06-25T10:09:40.811Z
N00390,Willow Creek,2025-02-25,Staffing,Low,Training requirements delayed assignment of replacement collector,Monitor performance for next 7 days,2026-06-25T10:09:16.280Z,2026-06-25T10:09:40.811Z
N00395,Green Oaks,2025-03-23,Staffing,High,Recruitment delays limited route coverage,Perform operational audit,2026-06-25T10:09:16.280Z,2026-06-25T10:09:40.811Z
N00396,Lakeview Terrace,2025-05-26,Weather,Medium,Poor visibility affected route safety,Monitor performance for next 7 days,2026-06-25T10:09:16.280Z,2026-06-25T10:09:40.811Z
N00411,Harbor Pointe,2025-03-15,Vehicle,Low,Fleet shortage increased route workloads,Conduct resident awareness campaign,2026-06-25T10:09:16.280Z,2026-06-25T10:09:40.811Z
N00414,Willow Creek,2025-06-30,Staffing,High,New collector unfamiliar with property layout,Coordinate with property manager,2026-06-25T10:09:16.280Z,2026-06-25T10:09:40.811Z
N00425,Harbor Pointe,2025-01-09,Weather,Medium,High winds created safety concerns for collectors,Increase staffing coverage,2026-06-25T10:09:16.280Z,2026-06-25T10:09:40.811Z
N00439,Cedar Park,2025-03-12,Staffing,Low,Overtime limitations reduced available coverage,Perform operational audit,2026-06-25T10:09:16.280Z,2026-06-25T10:09:40.811Z
N00445,Birchwood Commons,2025-01-20,Property Management,Low,Property management requested schedule adjustment,Assign backup collection crew,2026-06-25T10:09:16.280Z,2026-06-25T10:09:40.811Z
N00497,Lakeview Terrace,2025-02-03,Route Planning,Critical,Operational review identified route inefficiencies,Schedule preventive maintenance,2026-06-25T10:09:16.280Z,2026-06-25T10:09:40.811Z
N00500,Sunset Ridge,2025-01-25,Property Management,Low,Access restrictions increased service complexity,Update access credentials,2026-06-25T10:09:16.280Z,2026-06-25T10:09:40.811Z
N00520,Birchwood Commons,2025-03-02,Property Management,Medium,Operational feedback meeting identified improvement areas,Assign backup collection crew,2026-06-25T10:09:16.280Z,2026-06-25T10:09:40.811Z
N00526,Cedar Park,2025-05-05,Property Management,Medium,Access restrictions increased service complexity,Review route optimization plan,2026-06-25T10:09:16.280Z,2026-06-25T10:09:40.811Z
N00544,Birchwood Commons,2025-06-03,Resident Behavior,Critical,Several residents reported confusion regarding pickup schedule,Coordinate with property manager,2026-06-25T10:09:16.280Z,2026-06-25T10:09:40.811Z
N00547,Birchwood Commons,2025-01-09,Resident Behavior,Medium,Resident complaints increased after route schedule change,Monitor performance for next 7 days,2026-06-25T10:09:16.280Z,2026-06-25T10:09:40.811Z
N00549,Cedar Park,2025-02-05,Route Planning,Low,High-density properties created route bottlenecks,Escalate issue to regional manager,2026-06-25T10:09:16.280Z,2026-06-25T10:09:40.811Z
N00569,Maple Court,2025-04-07,Route Planning,Low,Traffic congestion delayed collections across multiple properties,Review route optimization plan,2026-06-25T10:09:16.280Z,2026-06-25T10:09:40.811Z
N00575,Lakeview Terrace,2025-03-01,Resident Behavior,Critical,Collection instructions were frequently ignored,Coordinate with property manager,2026-06-25T10:09:16.280Z,2026-06-25T10:09:40.811Z
N00577,Lakeview Terrace,2025-05-29,Resident Behavior,Low,Residents failed to follow waste segregation guidelines,Coordinate with property manager,2026-06-25T10:09:16.280Z,2026-06-25T10:09:40.811Z
N00591,Maple Court,2025-06-20,Route Planning,Low,Service area expansion affected route timing,Perform operational audit,2026-06-25T10:09:16.280Z,2026-06-25T10:09:40.811Z
N00599,Cedar Park,2025-05-05,Route Planning,Low,Navigation issue delayed route completion,Schedule preventive maintenance,2026-06-25T10:09:16.280Z,2026-06-25T10:09:40.811Z
N00651,Cedar Park,2025-06-10,Property Management,High,Building access procedures updated without notice,Coordinate with property manager,2026-06-25T10:09:16.280Z,2026-06-25T10:09:40.811Z
N00661,Lakeview Terrace,2025-02-22,Weather,Critical,Wet conditions reduced collection speed,Monitor performance for next 7 days,2026-06-25T10:09:16.280Z,2026-06-25T10:09:40.811Z
N00674,Birchwood Commons,2025-05-24,Resident Behavior,Low,Excess waste volume exceeded expected capacity,Coordinate with property manager,2026-06-25T10:09:16.280Z,2026-06-25T10:09:40.811Z
N00688,Birchwood Commons,2025-03-20,Resident Behavior,Critical,Residents requested unscheduled pickups,Coordinate with property manager,2026-06-25T10:09:16.280Z,2026-06-25T10:09:40.811Z
N00719,Green Oaks,2025-05-19,Staffing,Critical,Insufficient staffing levels increased route completion time,Schedule preventive maintenance,2026-06-25T10:09:16.280Z,2026-06-25T10:09:40.811Z
N00774,Harbor Pointe,2025-03-29,Vehicle,Medium,Unexpected maintenance increased route completion time,Conduct resident awareness campaign,2026-06-25T10:09:16.280Z,2026-06-25T10:09:40.811Z
N00791,Maple Court,2025-03-16,Weather,Medium,Snow removal activities blocked service access,Schedule preventive maintenance,2026-06-25T10:09:16.280Z,2026-06-25T10:09:40.811Z
N00802,Harbor Pointe,2025-03-07,Staffing,Low,Insufficient weekend staffing caused backlog,Increase staffing coverage,2026-06-25T10:09:16.280Z,2026-06-25T10:09:40.811Z
N00823,Lakeview Terrace,2025-04-09,Resident Behavior,High,Several residents reported confusion regarding pickup schedule,Perform operational audit,2026-06-25T10:09:16.280Z,2026-06-25T10:09:40.811Z
N00837,Lakeview Terrace,2025-06-06,Weather,Low,Weather disruptions impacted multiple communities,Increase staffing coverage,2026-06-25T10:09:16.280Z,2026-06-25T10:09:40.811Z
N00849,Harbor Pointe,2025-03-08,Staffing,High,Unexpected resignations affected operations,Conduct resident awareness campaign,2026-06-25T10:09:16.280Z,2026-06-25T10:09:40.811Z
N00890,Cedar Park,2025-05-18,Staffing,High,Reduced workforce availability impacted service quality,Escalate issue to regional manager,2026-06-25T10:09:16.280Z,2026-06-25T10:09:40.811Z
N00918,Harbor Pointe,2025-04-22,Vehicle,Critical,Emergency repair interrupted collection schedule,Conduct resident awareness campaign,2026-06-25T10:09:16.280Z,2026-06-25T10:09:40.811Z
N00937,Maple Court,2025-01-09,Weather,Medium,Weather disruptions impacted multiple communities,Conduct resident awareness campaign,2026-06-25T10:09:16.280Z,2026-06-25T10:09:40.811Z
N00946,Birchwood Commons,2025-02-08,Gate Access,Medium,Community gate remained locked during scheduled pickup window,Conduct resident awareness campaign,2026-06-25T10:09:16.280Z,2026-06-25T10:09:40.811Z
N00967,Birchwood Commons,2025-05-25,Property Management,Critical,Property renovation disrupted normal collection process,Perform operational audit,2026-06-25T10:09:16.280Z,2026-06-25T10:09:40.811Z
N00975,Maple Court,2025-02-08,Vehicle,Low,Fleet availability issues caused route reassignment,Escalate issue to regional manager,2026-06-25T10:09:16.280Z,2026-06-25T10:09:40.811Z
N00988,Cedar Park,2025-05-24,Property Management,Low,Management requested route modifications,Conduct resident awareness campaign,2026-06-25T10:09:16.280Z,2026-06-25T10:09:40.811Z
N00025,Cedar Park,2025-03-27,Staffing,Low,New collector unfamiliar with property layout,Monitor performance for next 7 days,2026-06-25T10:09:16.280Z,2026-06-25T10:09:40.811Z
N00030,Birchwood Commons,2025-02-20,Resident Behavior,High,Excess waste volume exceeded expected capacity,Schedule preventive maintenance,2026-06-25T10:09:16.280Z,2026-06-25T10:09:40.811Z
N00040,Birchwood Commons,2025-04-16,Property Management,Critical,Operational feedback meeting identified improvement areas,Monitor performance for next 7 days,2026-06-25T10:09:16.280Z,2026-06-25T10:09:40.811Z
N00075,Green Oaks,2025-06-18,Vehicle,Critical,Engine overheating forced temporary route suspension,Review route optimization plan,2026-06-25T10:09:16.280Z,2026-06-25T10:09:40.811Z
N00076,Willow Creek,2025-02-22,Gate Access,Medium,Temporary gate malfunction prevented collector entry,Review route optimization plan,2026-06-25T10:09:16.280Z,2026-06-25T10:09:40.811Z
N00100,Green Oaks,2025-01-30,Staffing,Low,Insufficient staffing levels increased route completion time,Update access credentials,2026-06-25T10:09:16.280Z,2026-06-25T10:09:40.811Z
N00119,Green Oaks,2025-05-18,Staffing,High,Multiple employee absences occurred simultaneously,Perform operational audit,2026-06-25T10:09:16.280Z,2026-06-25T10:09:40.811Z
N00156,Green Oaks,2025-04-26,Staffing,Medium,New collector unfamiliar with property layout,Monitor performance for next 7 days,2026-06-25T10:09:16.280Z,2026-06-25T10:09:40.811Z
N00180,Willow Creek,2025-01-30,Staffing,Medium,Temporary workers required additional supervision,Monitor performance for next 7 days,2026-06-25T10:09:16.280Z,2026-06-25T10:09:40.811Z
N00246,Cedar Park,2025-05-08,Route Planning,High,Construction activity blocked primary collection route,Increase staffing coverage,2026-06-25T10:09:16.280Z,2026-06-25T10:09:40.811Z
N00248,Sunset Ridge,2025-06-25,Gate Access,High,Access credentials expired unexpectedly,Monitor performance for next 7 days,2026-06-25T10:09:16.280Z,2026-06-25T10:09:40.811Z
N00249,Sunset Ridge,2025-05-22,Property Management,Low,Property inspection activities disrupted collections,Assign backup collection crew,2026-06-25T10:09:16.280Z,2026-06-25T10:09:40.811Z
N00279,Sunset Ridge,2025-04-24,Property Management,High,Property policy changes affected service delivery,Conduct resident awareness campaign,2026-06-25T10:09:16.280Z,2026-06-25T10:09:40.811Z
N00280,Willow Creek,2025-02-05,Staffing,High,Multiple employee absences occurred simultaneously,Conduct resident awareness campaign,2026-06-25T10:09:16.280Z,2026-06-25T10:09:40.811Z
N00332,Harbor Pointe,2025-04-15,Staffing,Critical,Multiple employee absences occurred simultaneously,Update access credentials,2026-06-25T10:09:16.280Z,2026-06-25T10:09:40.811Z
N00335,Cedar Park,2025-04-20,Route Planning,Medium,GPS routing error caused missed service locations,Increase staffing coverage,2026-06-25T10:09:16.280Z,2026-06-25T10:09:40.811Z
N00343,Maple Court,2025-05-14,Vehicle,Low,Transmission issue impacted route completion,Review route optimization plan,2026-06-25T10:09:16.280Z,2026-06-25T10:09:40.811Z
N00376,Sunset Ridge,2025-04-01,Property Management,Critical,Maintenance work restricted access to collection areas,Escalate issue to regional manager,2026-06-25T10:09:16.280Z,2026-06-25T10:09:40.811Z
N00394,Willow Creek,2025-06-13,Staffing,Low,Route coverage reduced due to labor constraints,Schedule preventive maintenance,2026-06-25T10:09:16.280Z,2026-06-25T10:09:40.811Z
N00406,Sunset Ridge,2025-05-24,Gate Access,Critical,Entry denied due to missing vendor registration,Conduct resident awareness campaign,2026-06-25T10:09:16.280Z,2026-06-25T10:09:40.811Z
N00412,Cedar Park,2025-02-11,Route Planning,Medium,Construction activity blocked primary collection route,Perform operational audit,2026-06-25T10:09:16.280Z,2026-06-25T10:09:40.811Z
N00419,Birchwood Commons,2025-05-11,Property Management,Critical,Management requested additional pickup support,Monitor performance for next 7 days,2026-06-25T10:09:16.280Z,2026-06-25T10:09:40.811Z
N00427,Lakeview Terrace,2025-03-31,Resident Behavior,High,Missed communication led to resident dissatisfaction,Escalate issue to regional manager,2026-06-25T10:09:16.280Z,2026-06-25T10:09:40.811Z
N00433,Birchwood Commons,2025-04-28,Gate Access,Low,Delayed authorization from security personnel,Schedule preventive maintenance,2026-06-25T10:09:16.280Z,2026-06-25T10:09:40.811Z
N00435,Maple Court,2025-01-30,Weather,Critical,Weather-related road closures impacted routes,Assign backup collection crew,2026-06-25T10:09:16.280Z,2026-06-25T10:09:40.811Z
N00465,Lakeview Terrace,2025-01-01,Route Planning,High,Route capacity exceeded planned workload,Update access credentials,2026-06-25T10:09:16.280Z,2026-06-25T10:09:40.811Z
N00466,Cedar Park,2025-01-23,Property Management,Critical,Coordination challenges delayed operational response,Conduct resident awareness campaign,2026-06-25T10:09:16.280Z,2026-06-25T10:09:40.811Z
N00473,Harbor Pointe,2025-06-19,Weather,Low,Lightning risk delayed evening collections,Review route optimization plan,2026-06-25T10:09:16.280Z,2026-06-25T10:09:40.811Z
N00489,Green Oaks,2025-06-08,Route Planning,Critical,Inefficient property sequencing impacted schedule adherence,Escalate issue to regional manager,2026-06-25T10:09:16.280Z,2026-06-25T10:09:40.811Z
N00498,Green Oaks,2025-03-13,Vehicle,Critical,Fleet availability issues caused route reassignment,Increase staffing coverage,2026-06-25T10:09:16.280Z,2026-06-25T10:09:40.811Z
N00517,Cedar Park,2025-05-16,Route Planning,Critical,Dynamic route adjustments improved service outcomes,Monitor performance for next 7 days,2026-06-25T10:09:16.280Z,2026-06-25T10:09:40.811Z
N00537,Lakeview Terrace,2025-01-17,Route Planning,Critical,Traffic congestion delayed collections across multiple properties,Coordinate with property manager,2026-06-25T10:09:16.280Z,2026-06-25T10:09:40.811Z
N00562,Willow Creek,2025-02-21,Vehicle,Critical,Vehicle diagnostics required immediate attention,Increase staffing coverage,2026-06-25T10:09:16.280Z,2026-06-25T10:09:40.811Z
N00579,Lakeview Terrace,2025-02-01,Resident Behavior,Critical,Collection instructions were frequently ignored,Coordinate with property manager,2026-06-25T10:09:16.280Z,2026-06-25T10:09:40.811Z
N00589,Birchwood Commons,2025-01-01,Resident Behavior,High,Overflowing bins required additional collection effort,Monitor performance for next 7 days,2026-06-25T10:09:16.280Z,2026-06-25T10:09:40.811Z
N00604,Green Oaks,2025-02-12,Vehicle,Critical,Battery failure delayed route departure,Increase staffing coverage,2026-06-25T10:09:16.280Z,2026-06-25T10:09:40.811Z
N00610,Sunset Ridge,2025-04-04,Property Management,High,Building access procedures updated without notice,Increase staffing coverage,2026-06-25T10:09:16.280Z,2026-06-25T10:09:40.811Z
N00649,Sunset Ridge,2025-02-21,Property Management,Low,Property upgrades impacted collection logistics,Conduct resident awareness campaign,2026-06-25T10:09:16.280Z,2026-06-25T10:09:40.811Z
N00657,Sunset Ridge,2025-01-29,Property Management,Critical,Coordination challenges delayed operational response,Perform operational audit,2026-06-25T10:09:16.280Z,2026-06-25T10:09:40.811Z
N00680,Lakeview Terrace,2025-02-12,Route Planning,High,Navigation issue delayed route completion,Escalate issue to regional manager,2026-06-25T10:09:16.280Z,2026-06-25T10:09:40.811Z
N00686,Sunset Ridge,2025-06-30,Gate Access,Medium,Restricted access due to special community event,Increase staffing coverage,2026-06-25T10:09:16.280Z,2026-06-25T10:09:40.811Z
N00712,Willow Creek,2025-03-27,Vehicle,Low,Maintenance backlog reduced fleet readiness,Assign backup collection crew,2026-06-25T10:09:16.280Z,2026-06-25T10:09:40.811Z
N00718,Sunset Ridge,2025-03-11,Property Management,Critical,Management escalation required operational review,Schedule preventive maintenance,2026-06-25T10:09:16.280Z,2026-06-25T10:09:40.811Z
N00742,Willow Creek,2025-05-03,Vehicle,Low,Transmission issue impacted route completion,Coordinate with property manager,2026-06-25T10:09:16.280Z,2026-06-25T10:09:40.811Z
N00744,Willow Creek,2025-01-09,Vehicle,Critical,Fuel system malfunction impacted collection operations,Perform operational audit,2026-06-25T10:09:16.280Z,2026-06-25T10:09:40.811Z
N00753,Cedar Park,2025-06-14,Staffing,Medium,Temporary workers required additional supervision,Coordinate with property manager,2026-06-25T10:09:16.280Z,2026-06-25T10:09:40.811Z
N00759,Lakeview Terrace,2025-04-20,Weather,Low,Severe heat affected workforce productivity,Escalate issue to regional manager,2026-06-25T10:09:16.280Z,2026-06-25T10:09:40.811Z
N00773,Sunset Ridge,2025-01-10,Resident Behavior,High,Overflowing bins required additional collection effort,Assign backup collection crew,2026-06-25T10:09:16.280Z,2026-06-25T10:09:40.811Z
N00778,Maple Court,2025-02-21,Weather,Low,Flooded access roads prevented route completion,Perform operational audit,2026-06-25T10:09:16.280Z,2026-06-25T10:09:40.811Z
N00784,Cedar Park,2025-05-28,Staffing,Critical,Insufficient staffing levels increased route completion time,Schedule preventive maintenance,2026-06-25T10:09:16.280Z,2026-06-25T10:09:40.811Z
N00797,Cedar Park,2025-02-02,Property Management,Medium,Property upgrades impacted collection logistics,Schedule preventive maintenance,2026-06-25T10:09:16.280Z,2026-06-25T10:09:40.811Z
N00826,Cedar Park,2025-05-05,Property Management,Critical,Operational feedback meeting identified improvement areas,Conduct resident awareness campaign,2026-06-25T10:09:16.280Z,2026-06-25T10:09:40.811Z
N00853,Harbor Pointe,2025-02-13,Vehicle,High,Vehicle diagnostics required immediate attention,Perform operational audit,2026-06-25T10:09:16.280Z,2026-06-25T10:09:40.811Z
N00904,Birchwood Commons,2025-01-17,Gate Access,Medium,Entry denied due to missing vendor registration,Increase staffing coverage,2026-06-25T10:09:16.280Z,2026-06-25T10:09:40.811Z
N00952,Maple Court,2025-01-09,Vehicle,High,Vehicle inspection identified safety concerns before dispatch,Increase staffing coverage,2026-06-25T10:09:16.280Z,2026-06-25T10:09:40.811Z
N00999,Cedar Park,2025-02-23,Route Planning,Low,Service area expansion affected route timing,Increase staffing coverage,2026-06-25T10:09:16.280Z,2026-06-25T10:09:40.811Z
N00005,Birchwood Commons,2025-02-16,Resident Behavior,Low,Late bin placement caused missed pickups,Conduct resident awareness campaign,2026-06-25T10:09:16.280Z,2026-06-25T10:09:40.811Z
N00036,Green Oaks,2025-04-09,Route Planning,Critical,High-density properties created route bottlenecks,Schedule preventive maintenance,2026-06-25T10:09:16.280Z,2026-06-25T10:09:40.811Z
N00048,Birchwood Commons,2025-04-06,Gate Access,Low,Access credentials expired unexpectedly,Assign backup collection crew,2026-06-25T10:09:16.280Z,2026-06-25T10:09:40.811Z
N00082,Harbor Pointe,2025-01-24,Vehicle,Critical,Vehicle inspection identified safety concerns before dispatch,Conduct resident awareness campaign,2026-06-25T10:09:16.280Z,2026-06-25T10:09:40.811Z
N00084,Harbor Pointe,2025-05-16,Vehicle,Low,Replacement vehicle arrived later than expected,Assign backup collection crew,2026-06-25T10:09:16.280Z,2026-06-25T10:09:40.811Z
N00091,Sunset Ridge,2025-01-08,Gate Access,Low,Leasing office did not answer for gate code reset,Coordinate with property manager,2026-06-25T10:09:16.280Z,2026-06-25T10:09:40.811Z
N00092,Lakeview Terrace,2025-01-24,Weather,Critical,Severe heat affected workforce productivity,Perform operational audit,2026-06-25T10:09:16.280Z,2026-06-25T10:09:40.811Z
N00108,Cedar Park,2025-04-14,Property Management,High,Management requested route modifications,Coordinate with property manager,2026-06-25T10:09:16.280Z,2026-06-25T10:09:40.811Z
N00109,Green Oaks,2025-04-29,Staffing,High,Insufficient weekend staffing caused backlog,Monitor performance for next 7 days,2026-06-25T10:09:16.280Z,2026-06-25T10:09:40.811Z
N00110,Maple Court,2025-03-29,Route Planning,Critical,Scheduling overlap reduced operational efficiency,Conduct resident awareness campaign,2026-06-25T10:09:16.280Z,2026-06-25T10:09:40.811Z
N00128,Birchwood Commons,2025-03-29,Resident Behavior,Critical,Residents placed bins outside designated collection hours,Schedule preventive maintenance,2026-06-25T10:09:16.280Z,2026-06-25T10:09:40.811Z
N00137,Birchwood Commons,2025-02-09,Gate Access,Critical,New security protocol delayed collector access,Review route optimization plan,2026-06-25T10:09:16.280Z,2026-06-25T10:09:40.811Z
N00166,Green Oaks,2025-01-29,Route Planning,Low,Route optimization issue increased travel time,Review route optimization plan,2026-06-25T10:09:16.280Z,2026-06-25T10:09:40.811Z
N00189,Harbor Pointe,2025-04-09,Vehicle,Low,Vehicle breakdown impacted collections on route,Increase staffing coverage,2026-06-25T10:09:16.280Z,2026-06-25T10:09:40.811Z
N00198,Cedar Park,2025-03-19,Staffing,High,High employee turnover affected route consistency,Monitor performance for next 7 days,2026-06-25T10:09:16.280Z,2026-06-25T10:09:40.811Z
N00220,Sunset Ridge,2025-03-04,Property Management,Critical,Service expectations reviewed with property leadership,Perform operational audit,2026-06-25T10:09:16.280Z,2026-06-25T10:09:40.811Z
N00230,Green Oaks,2025-03-02,Staffing,Critical,Staff reassignment impacted scheduled routes,Monitor performance for next 7 days,2026-06-25T10:09:16.280Z,2026-06-25T10:09:40.811Z
N00240,Green Oaks,2025-02-14,Vehicle,High,Fleet availability issues caused route reassignment,Monitor performance for next 7 days,2026-06-25T10:09:16.280Z,2026-06-25T10:09:40.811Z
N00241,Harbor Pointe,2025-03-27,Weather,Medium,Heavy rain delayed collection schedule across region,Review route optimization plan,2026-06-25T10:09:16.280Z,2026-06-25T10:09:40.811Z
N00252,Willow Creek,2025-05-28,Staffing,Medium,Peak demand exceeded available workforce capacity,Update access credentials,2026-06-25T10:09:16.280Z,2026-06-25T10:09:40.811Z
N00253,Birchwood Commons,2025-06-28,Resident Behavior,Medium,Resident participation declined during holiday period,Perform operational audit,2026-06-25T10:09:16.280Z,2026-06-25T10:09:40.811Z
N00277,Lakeview Terrace,2025-01-29,Weather,Medium,Adverse weather increased average completion times,Perform operational audit,2026-06-25T10:09:16.280Z,2026-06-25T10:09:40.811Z
N00322,Lakeview Terrace,2025-03-06,Weather,Medium,Lightning risk delayed evening collections,Perform operational audit,2026-06-25T10:09:16.280Z,2026-06-25T10:09:40.811Z
N00341,Lakeview Terrace,2025-05-10,Route Planning,Medium,Navigation issue delayed route completion,Perform operational audit,2026-06-25T10:09:16.280Z,2026-06-25T10:09:40.811Z
N00344,Lakeview Terrace,2025-04-27,Weather,Critical,Weather advisory required route modification,Assign backup collection crew,2026-06-25T10:09:16.280Z,2026-06-25T10:09:40.811Z
N00346,Lakeview Terrace,2025-04-04,Resident Behavior,Critical,Resident education on waste procedures was recommended,Schedule preventive maintenance,2026-06-25T10:09:16.280Z,2026-06-25T10:09:40.811Z
N00353,Maple Court,2025-06-18,Vehicle,Medium,Engine overheating forced temporary route suspension,Increase staffing coverage,2026-06-25T10:09:16.280Z,2026-06-25T10:09:40.811Z
N00387,Maple Court,2025-06-13,Weather,Low,Heavy rain delayed collection schedule across region,Assign backup collection crew,2026-06-25T10:09:16.280Z,2026-06-25T10:09:40.811Z
N00391,Maple Court,2025-01-02,Vehicle,Low,Replacement vehicle arrived later than expected,Perform operational audit,2026-06-25T10:09:16.280Z,2026-06-25T10:09:40.811Z
N00401,Green Oaks,2025-03-21,Route Planning,Low,Inefficient property sequencing impacted schedule adherence,Coordinate with property manager,2026-06-25T10:09:16.280Z,2026-06-25T10:09:40.811Z
N00407,Maple Court,2025-03-02,Vehicle,Medium,Flat tire caused service delays across multiple properties,Update access credentials,2026-06-25T10:09:16.280Z,2026-06-25T10:09:40.811Z
N00443,Green Oaks,2025-03-19,Vehicle,Low,Vehicle inspection identified safety concerns before dispatch,Assign backup collection crew,2026-06-25T10:09:16.280Z,2026-06-25T10:09:40.811Z
N00461,Maple Court,2025-01-24,Route Planning,Medium,Route balancing adjustments improved service coverage,Increase staffing coverage,2026-06-25T10:09:16.280Z,2026-06-25T10:09:40.811Z
N00482,Lakeview Terrace,2025-01-22,Resident Behavior,High,Residents failed to follow waste segregation guidelines,Review route optimization plan,2026-06-25T10:09:16.280Z,2026-06-25T10:09:40.811Z
N00492,Green Oaks,2025-05-24,Vehicle,Low,Transmission issue impacted route completion,Update access credentials,2026-06-25T10:09:16.280Z,2026-06-25T10:09:40.811Z
N00502,Harbor Pointe,2025-03-18,Vehicle,High,Vehicle inspection identified safety concerns before dispatch,Monitor performance for next 7 days,2026-06-25T10:09:16.280Z,2026-06-25T10:09:40.811Z
N00514,Lakeview Terrace,2025-01-20,Weather,High,Heavy rain delayed collection schedule across region,Review route optimization plan,2026-06-25T10:09:16.280Z,2026-06-25T10:09:40.811Z
N00530,Harbor Pointe,2025-06-21,Vehicle,High,Unexpected maintenance increased route completion time,Conduct resident awareness campaign,2026-06-25T10:09:16.280Z,2026-06-25T10:09:40.811Z
N00558,Maple Court,2025-01-10,Route Planning,Critical,Property clustering analysis suggested optimization opportunities,Update access credentials,2026-06-25T10:09:16.280Z,2026-06-25T10:09:40.811Z
N00583,Willow Creek,2025-03-05,Staffing,Critical,Multiple employee absences occurred simultaneously,Escalate issue to regional manager,2026-06-25T10:09:16.280Z,2026-06-25T10:09:40.811Z
N00594,Harbor Pointe,2025-01-12,Weather,Critical,Heavy rain delayed collection schedule across region,Increase staffing coverage,2026-06-25T10:09:16.280Z,2026-06-25T10:09:40.811Z
N00617,Green Oaks,2025-04-04,Vehicle,Low,Truck mechanical issue delayed entire route schedule,Update access credentials,2026-06-25T10:09:16.280Z,2026-06-25T10:09:40.811Z
N00621,Willow Creek,2025-06-14,Staffing,Medium,Reduced workforce availability impacted service quality,Coordinate with property manager,2026-06-25T10:09:16.280Z,2026-06-25T10:09:40.811Z
N00633,Harbor Pointe,2025-01-05,Weather,Critical,Flooded access roads prevented route completion,Perform operational audit,2026-06-25T10:09:16.280Z,2026-06-25T10:09:40.811Z
N00640,Cedar Park,2025-01-26,Route Planning,Low,Service area expansion affected route timing,Perform operational audit,2026-06-25T10:09:16.280Z,2026-06-25T10:09:40.811Z
N00642,Lakeview Terrace,2025-03-05,Resident Behavior,High,Resident education on waste procedures was recommended,Review route optimization plan,2026-06-25T10:09:16.280Z,2026-06-25T10:09:40.811Z
N00660,Cedar Park,2025-01-14,Route Planning,High,Service area expansion affected route timing,Perform operational audit,2026-06-25T10:09:16.280Z,2026-06-25T10:09:40.811Z
N00662,Harbor Pointe,2025-04-14,Weather,High,Storm conditions resulted in temporary service suspension,Update access credentials,2026-06-25T10:09:16.280Z,2026-06-25T10:09:40.811Z
N00672,Maple Court,2025-02-06,Route Planning,Critical,Construction activity blocked primary collection route,Monitor performance for next 7 days,2026-06-25T10:09:16.280Z,2026-06-25T10:09:40.811Z
N00721,Cedar Park,2025-03-15,Property Management,Medium,Property leadership requested service enhancement review,Update access credentials,2026-06-25T10:09:16.280Z,2026-06-25T10:09:40.811Z
N00722,Birchwood Commons,2025-03-30,Gate Access,Medium,Community gate remained locked during scheduled pickup window,Schedule preventive maintenance,2026-06-25T10:09:16.280Z,2026-06-25T10:09:40.811Z
N00745,Green Oaks,2025-04-05,Route Planning,Critical,Navigation issue delayed route completion,Review route optimization plan,2026-06-25T10:09:16.280Z,2026-06-25T10:09:40.811Z
N00749,Birchwood Commons,2025-05-18,Property Management,Low,Service expectations reviewed with property leadership,Increase staffing coverage,2026-06-25T10:09:16.280Z,2026-06-25T10:09:40.811Z
N00755,Lakeview Terrace,2025-03-10,Resident Behavior,Critical,Resident left bin blocked by parked vehicle,Assign backup collection crew,2026-06-25T10:09:16.280Z,2026-06-25T10:09:40.811Z
N00796,Maple Court,2025-04-19,Vehicle,Low,Transmission issue impacted route completion,Assign backup collection crew,2026-06-25T10:09:16.280Z,2026-06-25T10:09:40.811Z
N00803,Maple Court,2025-05-06,Weather,Medium,Severe heat affected workforce productivity,Perform operational audit,2026-06-25T10:09:16.280Z,2026-06-25T10:09:40.811Z
N00812,Willow Creek,2025-02-23,Staffing,Critical,Temporary workers required additional supervision,Conduct resident awareness campaign,2026-06-25T10:09:16.280Z,2026-06-25T10:09:40.811Z
N00865,Maple Court,2025-06-02,Route Planning,High,Travel distance increased due to route modifications,Update access credentials,2026-06-25T10:09:16.280Z,2026-06-25T10:09:40.811Z
N00874,Sunset Ridge,2025-06-25,Gate Access,Low,Community gate remained locked during scheduled pickup window,Review route optimization plan,2026-06-25T10:09:16.280Z,2026-06-25T10:09:40.811Z
N00906,Lakeview Terrace,2025-05-08,Route Planning,High,Traffic congestion delayed collections across multiple properties,Coordinate with property manager,2026-06-25T10:09:16.280Z,2026-06-25T10:09:40.811Z
N00917,Birchwood Commons,2025-02-21,Property Management,Critical,Maintenance work restricted access to collection areas,Coordinate with property manager,2026-06-25T10:09:16.280Z,2026-06-25T10:09:40.811Z
N00966,Lakeview Terrace,2025-04-27,Route Planning,Low,Route handoff between teams caused delays,Schedule preventive maintenance,2026-06-25T10:09:16.280Z,2026-06-25T10:09:40.811Z
N00997,Maple Court,2025-01-03,Weather,High,Flooded access roads prevented route completion,Increase staffing coverage,2026-06-25T10:09:16.280Z,2026-06-25T10:09:40.811Z
N00003,Willow Creek,2025-05-11,Staffing,Low,Insufficient weekend staffing caused backlog,Monitor performance for next 7 days,2026-06-25T10:09:16.280Z,2026-06-25T10:09:40.811Z
N00018,Green Oaks,2025-02-21,Vehicle,High,Vehicle servicing overlapped with scheduled collections,Update access credentials,2026-06-25T10:09:16.280Z,2026-06-25T10:09:40.811Z
N00029,Lakeview Terrace,2025-02-04,Resident Behavior,Critical,Residents failed to follow waste segregation guidelines,Perform operational audit,2026-06-25T10:09:16.280Z,2026-06-25T10:09:40.811Z
N00039,Lakeview Terrace,2025-05-08,Weather,High,Severe weather reduced operational efficiency,Schedule preventive maintenance,2026-06-25T10:09:16.280Z,2026-06-25T10:09:40.811Z
N00051,Harbor Pointe,2025-04-05,Weather,Low,Unexpected storm activity required schedule changes,Monitor performance for next 7 days,2026-06-25T10:09:16.280Z,2026-06-25T10:09:40.811Z
N00088,Sunset Ridge,2025-02-02,Resident Behavior,Critical,Collection bins were inaccessible during service window,Review route optimization plan,2026-06-25T10:09:16.280Z,2026-06-25T10:09:40.811Z
N00125,Maple Court,2025-03-20,Weather,Medium,Poor visibility affected route safety,Update access credentials,2026-06-25T10:09:16.280Z,2026-06-25T10:09:40.811Z
N00149,Birchwood Commons,2025-03-14,Gate Access,Critical,Gate access restrictions caused delay on route,Update access credentials,2026-06-25T10:09:16.280Z,2026-06-25T10:09:40.811Z
N00174,Maple Court,2025-06-20,Vehicle,Critical,Collection vehicle required mid-route maintenance stop,Assign backup collection crew,2026-06-25T10:09:16.280Z,2026-06-25T10:09:40.811Z
N00201,Maple Court,2025-04-18,Weather,Medium,Poor visibility affected route safety,Coordinate with property manager,2026-06-25T10:09:16.280Z,2026-06-25T10:09:40.811Z
N00208,Sunset Ridge,2025-01-18,Resident Behavior,Low,Residents requested unscheduled pickups,Perform operational audit,2026-06-25T10:09:16.280Z,2026-06-25T10:09:40.811Z
N00223,Birchwood Commons,2025-06-28,Property Management,High,Building access procedures updated without notice,Assign backup collection crew,2026-06-25T10:09:16.280Z,2026-06-25T10:09:40.811Z
N00263,Sunset Ridge,2025-05-13,Resident Behavior,Critical,Several residents reported confusion regarding pickup schedule,Schedule preventive maintenance,2026-06-25T10:09:16.280Z,2026-06-25T10:09:40.811Z
N00285,Green Oaks,2025-01-24,Vehicle,Medium,Collection vehicle required mid-route maintenance stop,Increase staffing coverage,2026-06-25T10:09:16.280Z,2026-06-25T10:09:40.811Z
N00295,Birchwood Commons,2025-05-13,Resident Behavior,Low,Several residents reported confusion regarding pickup schedule,Increase staffing coverage,2026-06-25T10:09:16.280Z,2026-06-25T10:09:40.811Z
N00297,Green Oaks,2025-02-05,Vehicle,Medium,Vehicle inspection identified safety concerns before dispatch,Escalate issue to regional manager,2026-06-25T10:09:16.280Z,2026-06-25T10:09:40.811Z
N00298,Green Oaks,2025-03-06,Staffing,High,High employee turnover affected route consistency,Update access credentials,2026-06-25T10:09:16.280Z,2026-06-25T10:09:40.811Z
N00330,Willow Creek,2025-02-08,Staffing,Critical,Insufficient staffing levels increased route completion time,Increase staffing coverage,2026-06-25T10:09:16.280Z,2026-06-25T10:09:40.811Z
N00384,Birchwood Commons,2025-03-26,Gate Access,High,Temporary gate malfunction prevented collector entry,Increase staffing coverage,2026-06-25T10:09:16.280Z,2026-06-25T10:09:40.811Z
N00405,Cedar Park,2025-04-08,Property Management,High,Property inspection activities disrupted collections,Assign backup collection crew,2026-06-25T10:09:16.280Z,2026-06-25T10:09:40.811Z
N00409,Cedar Park,2025-03-12,Property Management,High,Management requested route modifications,Perform operational audit,2026-06-25T10:09:16.280Z,2026-06-25T10:09:40.811Z
N00410,Green Oaks,2025-03-05,Vehicle,Critical,Transmission issue impacted route completion,Perform operational audit,2026-06-25T10:09:16.280Z,2026-06-25T10:09:40.811Z
N00429,Birchwood Commons,2025-02-13,Resident Behavior,Medium,Residents failed to follow waste segregation guidelines,Coordinate with property manager,2026-06-25T10:09:16.280Z,2026-06-25T10:09:40.811Z
N00436,Green Oaks,2025-01-15,Staffing,High,New collector unfamiliar with property layout,Perform operational audit,2026-06-25T10:09:16.280Z,2026-06-25T10:09:40.811Z
N00447,Harbor Pointe,2025-04-05,Vehicle,Medium,Transmission issue impacted route completion,Conduct resident awareness campaign,2026-06-25T10:09:16.280Z,2026-06-25T10:09:40.811Z
N00495,Green Oaks,2025-06-16,Vehicle,High,Vehicle servicing overlapped with scheduled collections,Review route optimization plan,2026-06-25T10:09:16.280Z,2026-06-25T10:09:40.811Z
N00510,Birchwood Commons,2025-03-07,Property Management,Medium,Management requested additional pickup support,Increase staffing coverage,2026-06-25T10:09:16.280Z,2026-06-25T10:09:40.811Z
N00511,Birchwood Commons,2025-04-13,Gate Access,High,Community access policy changes were not communicated,Review route optimization plan,2026-06-25T10:09:16.280Z,2026-06-25T10:09:40.811Z
N00512,Harbor Pointe,2025-05-14,Vehicle,Critical,Unexpected maintenance increased route completion time,Update access credentials,2026-06-25T10:09:16.280Z,2026-06-25T10:09:40.811Z
N00515,Maple Court,2025-06-30,Weather,Low,Snow removal activities blocked service access,Monitor performance for next 7 days,2026-06-25T10:09:16.280Z,2026-06-25T10:09:40.811Z
N00541,Sunset Ridge,2025-02-23,Gate Access,Critical,Security denied entry due to outdated access credentials,Perform operational audit,2026-06-25T10:09:16.280Z,2026-06-25T10:09:40.811Z
N00571,Maple Court,2025-04-21,Route Planning,High,Property clustering analysis suggested optimization opportunities,Schedule preventive maintenance,2026-06-25T10:09:16.280Z,2026-06-25T10:09:40.811Z
N00595,Green Oaks,2025-06-11,Route Planning,Critical,Dynamic route adjustments improved service outcomes,Schedule preventive maintenance,2026-06-25T10:09:16.280Z,2026-06-25T10:09:40.811Z
N00620,Sunset Ridge,2025-06-13,Gate Access,Medium,Service entrance blocked by maintenance activity,Conduct resident awareness campaign,2026-06-25T10:09:16.280Z,2026-06-25T10:09:40.811Z
N00644,Green Oaks,2025-02-25,Route Planning,High,Service area expansion affected route timing,Review route optimization plan,2026-06-25T10:09:16.280Z,2026-06-25T10:09:40.811Z
N00653,Sunset Ridge,2025-02-21,Resident Behavior,Low,Excess waste volume exceeded expected capacity,Assign backup collection crew,2026-06-25T10:09:16.280Z,2026-06-25T10:09:40.811Z
N00679,Willow Creek,2025-02-10,Gate Access,Critical,Multiple access attempts required before entry was granted,Review route optimization plan,2026-06-25T10:09:16.280Z,2026-06-25T10:09:40.811Z
N00727,Harbor Pointe,2025-03-22,Weather,High,Severe weather reduced operational efficiency,Monitor performance for next 7 days,2026-06-25T10:09:16.280Z,2026-06-25T10:09:40.811Z
N00738,Birchwood Commons,2025-06-19,Resident Behavior,Low,Resident education on waste procedures was recommended,Perform operational audit,2026-06-25T10:09:16.280Z,2026-06-25T10:09:40.811Z
N00799,Birchwood Commons,2025-06-04,Property Management,Medium,Building access procedures updated without notice,Update access credentials,2026-06-25T10:09:16.280Z,2026-06-25T10:09:40.811Z
N00815,Birchwood Commons,2025-03-09,Resident Behavior,Critical,Collection instructions were frequently ignored,Conduct resident awareness campaign,2026-06-25T10:09:16.280Z,2026-06-25T10:09:40.811Z
N00832,Sunset Ridge,2025-01-24,Property Management,High,Operational changes were not communicated in advance,Increase staffing coverage,2026-06-25T10:09:16.280Z,2026-06-25T10:09:40.811Z
N00848,Harbor Pointe,2025-01-22,Vehicle,Medium,Brake system inspection delayed deployment,Schedule preventive maintenance,2026-06-25T10:09:16.280Z,2026-06-25T10:09:40.811Z
N00866,Birchwood Commons,2025-03-23,Property Management,Critical,Operational changes were not communicated in advance,Schedule preventive maintenance,2026-06-25T10:09:16.280Z,2026-06-25T10:09:40.811Z
N00907,Green Oaks,2025-03-05,Vehicle,High,Collection vehicle required mid-route maintenance stop,Coordinate with property manager,2026-06-25T10:09:16.280Z,2026-06-25T10:09:40.811Z
N00932,Maple Court,2025-03-20,Route Planning,Critical,Property clustering analysis suggested optimization opportunities,Monitor performance for next 7 days,2026-06-25T10:09:16.280Z,2026-06-25T10:09:40.811Z
N00942,Maple Court,2025-02-19,Vehicle,High,Vehicle diagnostics required immediate attention,Assign backup collection crew,2026-06-25T10:09:16.280Z,2026-06-25T10:09:40.811Z
N00949,Sunset Ridge,2025-01-19,Gate Access,Low,Incorrect gate code provided by property management,Increase staffing coverage,2026-06-25T10:09:16.280Z,2026-06-25T10:09:40.811Z
N00017,Green Oaks,2025-02-27,Vehicle,Low,Maintenance backlog reduced fleet readiness,Escalate issue to regional manager,2026-06-25T10:09:16.280Z,2026-06-25T10:09:40.811Z
N00049,Cedar Park,2025-05-22,Route Planning,Medium,Inefficient route sequencing reduced productivity,Increase staffing coverage,2026-06-25T10:09:16.280Z,2026-06-25T10:09:40.811Z
N00068,Birchwood Commons,2025-06-14,Property Management,Medium,Management communication delay affected operations,Conduct resident awareness campaign,2026-06-25T10:09:16.280Z,2026-06-25T10:09:40.811Z
N00096,Lakeview Terrace,2025-06-29,Resident Behavior,Critical,Unauthorized items were left for collection,Perform operational audit,2026-06-25T10:09:16.280Z,2026-06-25T10:09:40.811Z
N00099,Maple Court,2025-03-31,Route Planning,Medium,Route capacity exceeded planned workload,Coordinate with property manager,2026-06-25T10:09:16.280Z,2026-06-25T10:09:40.811Z
N00131,Birchwood Commons,2025-04-08,Gate Access,Low,Gate access restrictions caused delay on route,Conduct resident awareness campaign,2026-06-25T10:09:16.280Z,2026-06-25T10:09:40.811Z
N00132,Willow Creek,2025-03-07,Vehicle,High,Emergency repair interrupted collection schedule,Escalate issue to regional manager,2026-06-25T10:09:16.280Z,2026-06-25T10:09:40.811Z
N00139,Maple Court,2025-06-11,Route Planning,Low,Construction activity blocked primary collection route,Increase staffing coverage,2026-06-25T10:09:16.280Z,2026-06-25T10:09:40.811Z
N00141,Willow Creek,2025-01-18,Gate Access,Medium,New security protocol delayed collector access,Review route optimization plan,2026-06-25T10:09:16.280Z,2026-06-25T10:09:40.811Z
N00157,Lakeview Terrace,2025-06-29,Route Planning,Critical,Service area expansion affected route timing,Perform operational audit,2026-06-25T10:09:16.280Z,2026-06-25T10:09:40.811Z
N00158,Green Oaks,2025-03-21,Vehicle,Critical,Replacement vehicle arrived later than expected,Escalate issue to regional manager,2026-06-25T10:09:16.280Z,2026-06-25T10:09:40.811Z
N00170,Green Oaks,2025-01-11,Staffing,Low,Overtime limitations reduced available coverage,Coordinate with property manager,2026-06-25T10:09:16.280Z,2026-06-25T10:09:40.811Z
N00173,Harbor Pointe,2025-03-28,Weather,Medium,Ice accumulation restricted vehicle movement,Coordinate with property manager,2026-06-25T10:09:16.280Z,2026-06-25T10:09:40.811Z
N00183,Birchwood Commons,2025-05-13,Property Management,High,Management requested additional pickup support,Assign backup collection crew,2026-06-25T10:09:16.280Z,2026-06-25T10:09:40.811Z
N00186,Harbor Pointe,2025-03-04,Vehicle,Critical,Flat tire caused service delays across multiple properties,Escalate issue to regional manager,2026-06-25T10:09:16.280Z,2026-06-25T10:09:40.811Z
N00199,Willow Creek,2025-06-22,Staffing,High,Staff shortage on route caused missed pickups,Update access credentials,2026-06-25T10:09:16.280Z,2026-06-25T10:09:40.811Z
N00228,Green Oaks,2025-05-16,Staffing,Critical,New collector unfamiliar with property layout,Perform operational audit,2026-06-25T10:09:16.280Z,2026-06-25T10:09:40.811Z
N00234,Willow Creek,2025-01-05,Staffing,Low,Training requirements delayed assignment of replacement collector,Increase staffing coverage,2026-06-25T10:09:16.280Z,2026-06-25T10:09:40.811Z
N00244,Lakeview Terrace,2025-06-06,Route Planning,Critical,Navigation issue delayed route completion,Increase staffing coverage,2026-06-25T10:09:16.280Z,2026-06-25T10:09:40.811Z
N00306,Willow Creek,2025-06-07,Gate Access,Medium,Entry denied due to missing vendor registration,Escalate issue to regional manager,2026-06-25T10:09:16.280Z,2026-06-25T10:09:40.811Z
N00314,Birchwood Commons,2025-02-08,Resident Behavior,High,Several residents reported confusion regarding pickup schedule,Coordinate with property manager,2026-06-25T10:09:16.280Z,2026-06-25T10:09:40.811Z
N00316,Willow Creek,2025-01-31,Gate Access,Critical,Community gate remained locked during scheduled pickup window,Escalate issue to regional manager,2026-06-25T10:09:16.280Z,2026-06-25T10:09:40.811Z
N00317,Birchwood Commons,2025-06-24,Gate Access,Low,Restricted access due to special community event,Increase staffing coverage,2026-06-25T10:09:16.280Z,2026-06-25T10:09:40.811Z
N00331,Harbor Pointe,2025-06-28,Vehicle,Low,Vehicle diagnostics required immediate attention,Schedule preventive maintenance,2026-06-25T10:09:16.280Z,2026-06-25T10:09:40.811Z
N00368,Cedar Park,2025-01-14,Route Planning,Low,Operational review identified route inefficiencies,Increase staffing coverage,2026-06-25T10:09:16.280Z,2026-06-25T10:09:40.811Z
N00370,Birchwood Commons,2025-05-11,Gate Access,Medium,Visitor access restrictions delayed collection process,Monitor performance for next 7 days,2026-06-25T10:09:16.280Z,2026-06-25T10:09:40.811Z
N00380,Maple Court,2025-04-17,Route Planning,High,Construction activity blocked primary collection route,Schedule preventive maintenance,2026-06-25T10:09:16.280Z,2026-06-25T10:09:40.811Z
N00393,Harbor Pointe,2025-02-28,Weather,High,Poor visibility affected route safety,Coordinate with property manager,2026-06-25T10:09:16.280Z,2026-06-25T10:09:40.811Z
N00397,Maple Court,2025-01-26,Vehicle,Low,Battery failure delayed route departure,Schedule preventive maintenance,2026-06-25T10:09:16.280Z,2026-06-25T10:09:40.811Z
N00431,Maple Court,2025-06-18,Vehicle,Critical,Fuel system malfunction impacted collection operations,Increase staffing coverage,2026-06-25T10:09:16.280Z,2026-06-25T10:09:40.811Z
N00437,Cedar Park,2025-04-13,Staffing,Medium,High employee turnover affected route consistency,Escalate issue to regional manager,2026-06-25T10:09:16.280Z,2026-06-25T10:09:40.811Z
N00446,Willow Creek,2025-04-20,Staffing,High,Unexpected resignations affected operations,Assign backup collection crew,2026-06-25T10:09:16.280Z,2026-06-25T10:09:40.811Z
N00450,Birchwood Commons,2025-02-10,Gate Access,Critical,Restricted access due to special community event,Review route optimization plan,2026-06-25T10:09:16.280Z,2026-06-25T10:09:40.811Z
N00456,Sunset Ridge,2025-03-31,Resident Behavior,Medium,Resident complaints were concentrated in specific buildings,Schedule preventive maintenance,2026-06-25T10:09:16.280Z,2026-06-25T10:09:40.811Z
N00460,Willow Creek,2025-05-27,Gate Access,High,Entry denied due to missing vendor registration,Assign backup collection crew,2026-06-25T10:09:16.280Z,2026-06-25T10:09:40.811Z
N00469,Maple Court,2025-05-29,Weather,Medium,Weather disruptions impacted multiple communities,Schedule preventive maintenance,2026-06-25T10:09:16.280Z,2026-06-25T10:09:40.811Z
N00480,Cedar Park,2025-03-27,Property Management,Medium,Property leadership requested service enhancement review,Conduct resident awareness campaign,2026-06-25T10:09:16.280Z,2026-06-25T10:09:40.811Z
N00504,Birchwood Commons,2025-04-01,Gate Access,High,Multiple access attempts required before entry was granted,Conduct resident awareness campaign,2026-06-25T10:09:16.280Z,2026-06-25T10:09:40.811Z
N00509,Cedar Park,2025-03-07,Route Planning,High,Inefficient property sequencing impacted schedule adherence,Review route optimization plan,2026-06-25T10:09:16.280Z,2026-06-25T10:09:40.811Z
N00532,Willow Creek,2025-04-03,Staffing,High,Unexpected resignations affected operations,Update access credentials,2026-06-25T10:09:16.280Z,2026-06-25T10:09:40.811Z
N00545,Cedar Park,2025-04-15,Property Management,Medium,Building access procedures updated without notice,Conduct resident awareness campaign,2026-06-25T10:09:16.280Z,2026-06-25T10:09:40.811Z
N00559,Willow Creek,2025-05-12,Vehicle,Critical,Unexpected maintenance increased route completion time,Perform operational audit,2026-06-25T10:09:16.280Z,2026-06-25T10:09:40.811Z
N00563,Lakeview Terrace,2025-03-14,Weather,Critical,Severe heat affected workforce productivity,Escalate issue to regional manager,2026-06-25T10:09:16.280Z,2026-06-25T10:09:40.811Z
N00614,Cedar Park,2025-05-12,Staffing,Low,Reduced workforce availability impacted service quality,Monitor performance for next 7 days,2026-06-25T10:09:16.280Z,2026-06-25T10:09:40.811Z
N00618,Sunset Ridge,2025-03-10,Gate Access,High,Gate access restrictions caused delay on route,Assign backup collection crew,2026-06-25T10:09:16.280Z,2026-06-25T10:09:40.811Z
N00639,Willow Creek,2025-03-16,Vehicle,Low,Vehicle inspection identified safety concerns before dispatch,Escalate issue to regional manager,2026-06-25T10:09:16.280Z,2026-06-25T10:09:40.811Z
N00645,Lakeview Terrace,2025-05-10,Route Planning,Critical,Service area expansion affected route timing,Escalate issue to regional manager,2026-06-25T10:09:16.280Z,2026-06-25T10:09:40.811Z
N00668,Willow Creek,2025-01-26,Staffing,High,Shift scheduling conflict resulted in delayed collections,Update access credentials,2026-06-25T10:09:16.280Z,2026-06-25T10:09:40.811Z
N00706,Birchwood Commons,2025-02-13,Resident Behavior,Medium,Late bin placement caused missed pickups,Coordinate with property manager,2026-06-25T10:09:16.280Z,2026-06-25T10:09:40.811Z
N00708,Willow Creek,2025-06-15,Vehicle,Medium,Fleet shortage increased route workloads,Escalate issue to regional manager,2026-06-25T10:09:16.280Z,2026-06-25T10:09:40.811Z
N00714,Lakeview Terrace,2025-02-22,Resident Behavior,High,Resident participation declined during holiday period,Perform operational audit,2026-06-25T10:09:16.280Z,2026-06-25T10:09:40.811Z
N00724,Birchwood Commons,2025-01-21,Resident Behavior,Low,Unauthorized items were left for collection,Perform operational audit,2026-06-25T10:09:16.280Z,2026-06-25T10:09:40.811Z
N00779,Harbor Pointe,2025-04-13,Staffing,Critical,Recruitment delays limited route coverage,Conduct resident awareness campaign,2026-06-25T10:09:16.280Z,2026-06-25T10:09:40.811Z
N00785,Willow Creek,2025-03-12,Vehicle,Low,Fuel system malfunction impacted collection operations,Update access credentials,2026-06-25T10:09:16.280Z,2026-06-25T10:09:40.811Z
N00911,Birchwood Commons,2025-06-07,Gate Access,Critical,Leasing office did not answer for gate code reset,Update access credentials,2026-06-25T10:09:16.280Z,2026-06-25T10:09:40.811Z
N00920,Green Oaks,2025-02-17,Vehicle,Medium,Maintenance backlog reduced fleet readiness,Review route optimization plan,2026-06-25T10:09:16.280Z,2026-06-25T10:09:40.811Z
N00923,Lakeview Terrace,2025-01-03,Route Planning,Medium,Navigation issue delayed route completion,Monitor performance for next 7 days,2026-06-25T10:09:16.280Z,2026-06-25T10:09:40.811Z
N00929,Green Oaks,2025-04-08,Vehicle,Low,Brake system inspection delayed deployment,Review route optimization plan,2026-06-25T10:09:16.280Z,2026-06-25T10:09:40.811Z
N00943,Willow Creek,2025-04-23,Gate Access,Medium,Gate access restrictions caused delay on route,Review route optimization plan,2026-06-25T10:09:16.280Z,2026-06-25T10:09:40.811Z
N00958,Cedar Park,2025-04-06,Property Management,Low,Service expectations reviewed with property leadership,Increase staffing coverage,2026-06-25T10:09:16.280Z,2026-06-25T10:09:40.811Z
N00963,Cedar Park,2025-01-07,Staffing,Critical,Route coverage reduced due to labor constraints,Monitor performance for next 7 days,2026-06-25T10:09:16.280Z,2026-06-25T10:09:40.811Z
N00972,Sunset Ridge,2025-02-27,Property Management,Low,Management requested route modifications,Conduct resident awareness campaign,2026-06-25T10:09:16.280Z,2026-06-25T10:09:40.811Z
N00979,Green Oaks,2025-06-29,Vehicle,Critical,Collection vehicle required mid-route maintenance stop,Monitor performance for next 7 days,2026-06-25T10:09:16.280Z,2026-06-25T10:09:40.811Z
N00990,Willow Creek,2025-02-08,Staffing,High,Shift scheduling conflict resulted in delayed collections,Increase staffing coverage,2026-06-25T10:09:16.280Z,2026-06-25T10:09:40.811Z
N00995,Harbor Pointe,2025-06-05,Weather,Medium,Poor visibility affected route safety,Conduct resident awareness campaign,2026-06-25T10:09:16.280Z,2026-06-25T10:09:40.811Z
N01000,Maple Court,2025-04-06,Route Planning,Critical,Travel distance increased due to route modifications,Monitor performance for next 7 days,2026-06-25T10:09:16.280Z,2026-06-25T10:09:40.811Z
N00024,Cedar Park,2025-03-16,Property Management,High,Coordination challenges delayed operational response,Assign backup collection crew,2026-06-25T10:09:16.280Z,2026-06-25T10:09:40.811Z
N00044,Harbor Pointe,2025-02-14,Staffing,Critical,Staff shortage on route caused missed pickups,Coordinate with property manager,2026-06-25T10:09:16.280Z,2026-06-25T10:09:40.811Z
N00057,Harbor Pointe,2025-01-16,Staffing,Medium,Resource allocation issue affected collection schedule,Review route optimization plan,2026-06-25T10:09:16.280Z,2026-06-25T10:09:40.811Z
N00062,Maple Court,2025-04-29,Weather,Low,Snow removal activities blocked service access,Monitor performance for next 7 days,2026-06-25T10:09:16.280Z,2026-06-25T10:09:40.811Z
N00064,Willow Creek,2025-06-12,Vehicle,Critical,Replacement vehicle arrived later than expected,Review route optimization plan,2026-06-25T10:09:16.280Z,2026-06-25T10:09:40.811Z
N00072,Lakeview Terrace,2025-01-13,Weather,Medium,Storm conditions resulted in temporary service suspension,Review route optimization plan,2026-06-25T10:09:16.280Z,2026-06-25T10:09:40.811Z
N00105,Lakeview Terrace,2025-05-26,Route Planning,Medium,Construction activity blocked primary collection route,Coordinate with property manager,2026-06-25T10:09:16.280Z,2026-06-25T10:09:40.811Z
N00123,Harbor Pointe,2025-02-13,Weather,Low,Snow accumulation blocked access to several units,Increase staffing coverage,2026-06-25T10:09:16.280Z,2026-06-25T10:09:40.811Z
N00153,Green Oaks,2025-05-25,Route Planning,High,Peak-hour traffic increased collection duration,Assign backup collection crew,2026-06-25T10:09:16.280Z,2026-06-25T10:09:40.811Z
N00165,Harbor Pointe,2025-06-23,Weather,Critical,Ice accumulation restricted vehicle movement,Update access credentials,2026-06-25T10:09:16.280Z,2026-06-25T10:09:40.811Z
N00167,Cedar Park,2025-04-02,Property Management,Critical,Access restrictions increased service complexity,Monitor performance for next 7 days,2026-06-25T10:09:16.280Z,2026-06-25T10:09:40.811Z
N00172,Maple Court,2025-01-07,Weather,Critical,Weather disruptions impacted multiple communities,Conduct resident awareness campaign,2026-06-25T10:09:16.280Z,2026-06-25T10:09:40.811Z
N00197,Lakeview Terrace,2025-05-03,Weather,High,Poor visibility affected route safety,Assign backup collection crew,2026-06-25T10:09:16.280Z,2026-06-25T10:09:40.811Z
N00217,Cedar Park,2025-03-12,Property Management,High,Community event impacted collection schedule,Review route optimization plan,2026-06-25T10:09:16.280Z,2026-06-25T10:09:40.811Z
N00231,Harbor Pointe,2025-06-22,Weather,Medium,Wet conditions reduced collection speed,Perform operational audit,2026-06-25T10:09:16.280Z,2026-06-25T10:09:40.811Z
N00233,Willow Creek,2025-02-19,Gate Access,High,Security denied entry due to outdated access credentials,Conduct resident awareness campaign,2026-06-25T10:09:16.280Z,2026-06-25T10:09:40.811Z
N00243,Birchwood Commons,2025-05-02,Gate Access,Critical,Security denied entry due to outdated access credentials,Escalate issue to regional manager,2026-06-25T10:09:16.280Z,2026-06-25T10:09:40.811Z
N00255,Lakeview Terrace,2025-06-17,Weather,Low,Weather advisory required route modification,Escalate issue to regional manager,2026-06-25T10:09:16.280Z,2026-06-25T10:09:40.811Z
N00260,Lakeview Terrace,2025-05-26,Weather,High,Weather advisory required route modification,Review route optimization plan,2026-06-25T10:09:16.280Z,2026-06-25T10:09:40.811Z
N00303,Lakeview Terrace,2025-04-30,Route Planning,Critical,Operational review identified route inefficiencies,Schedule preventive maintenance,2026-06-25T10:09:16.280Z,2026-06-25T10:09:40.811Z
N00304,Harbor Pointe,2025-03-09,Staffing,Medium,"Collector called in sick, route covered late",Escalate issue to regional manager,2026-06-25T10:09:16.280Z,2026-06-25T10:09:40.811Z
N00313,Green Oaks,2025-05-30,Route Planning,Medium,Route capacity exceeded planned workload,Perform operational audit,2026-06-25T10:09:16.280Z,2026-06-25T10:09:40.811Z
N00326,Birchwood Commons,2025-03-06,Resident Behavior,Medium,Residents failed to follow waste segregation guidelines,Escalate issue to regional manager,2026-06-25T10:09:16.280Z,2026-06-25T10:09:40.811Z
N00338,Sunset Ridge,2025-05-06,Gate Access,Medium,Service entrance blocked by maintenance activity,Coordinate with property manager,2026-06-25T10:09:16.280Z,2026-06-25T10:09:40.811Z
N00371,Sunset Ridge,2025-05-15,Gate Access,High,Service entrance blocked by maintenance activity,Review route optimization plan,2026-06-25T10:09:16.280Z,2026-06-25T10:09:40.811Z
N00378,Birchwood Commons,2025-05-05,Property Management,Critical,Property policy changes affected service delivery,Monitor performance for next 7 days,2026-06-25T10:09:16.280Z,2026-06-25T10:09:40.811Z
N00392,Harbor Pointe,2025-01-13,Weather,Low,High winds created safety concerns for collectors,Schedule preventive maintenance,2026-06-25T10:09:16.280Z,2026-06-25T10:09:40.811Z
N00413,Willow Creek,2025-02-25,Gate Access,Low,Security denied entry due to outdated access credentials,Conduct resident awareness campaign,2026-06-25T10:09:16.280Z,2026-06-25T10:09:40.811Z
N00418,Sunset Ridge,2025-02-12,Resident Behavior,Critical,Residents failed to follow waste segregation guidelines,Monitor performance for next 7 days,2026-06-25T10:09:16.280Z,2026-06-25T10:09:40.811Z
N00444,Willow Creek,2025-01-26,Vehicle,Low,Vehicle inspection identified safety concerns before dispatch,Review route optimization plan,2026-06-25T10:09:16.280Z,2026-06-25T10:09:40.811Z
N00496,Green Oaks,2025-03-23,Vehicle,High,Vehicle breakdown impacted collections on route,Coordinate with property manager,2026-06-25T10:09:16.280Z,2026-06-25T10:09:40.811Z
N00503,Birchwood Commons,2025-04-28,Gate Access,Medium,New security protocol delayed collector access,Assign backup collection crew,2026-06-25T10:09:16.280Z,2026-06-25T10:09:40.811Z
N00513,Birchwood Commons,2025-06-20,Gate Access,Medium,Service entrance blocked by maintenance activity,Update access credentials,2026-06-25T10:09:16.280Z,2026-06-25T10:09:40.811Z
N00531,Harbor Pointe,2025-04-24,Staffing,High,Shift scheduling conflict resulted in delayed collections,Escalate issue to regional manager,2026-06-25T10:09:16.280Z,2026-06-25T10:09:40.811Z
N00534,Maple Court,2025-02-10,Weather,High,Heavy rain delayed collection schedule across region,Monitor performance for next 7 days,2026-06-25T10:09:16.280Z,2026-06-25T10:09:40.811Z
N00570,Birchwood Commons,2025-03-31,Gate Access,Low,Driver could not access community - gate code expired,Assign backup collection crew,2026-06-25T10:09:16.280Z,2026-06-25T10:09:40.811Z
N00578,Lakeview Terrace,2025-03-21,Resident Behavior,Critical,Collection instructions were frequently ignored,Conduct resident awareness campaign,2026-06-25T10:09:16.280Z,2026-06-25T10:09:40.811Z
N00585,Harbor Pointe,2025-01-16,Vehicle,Medium,Truck mechanical issue delayed entire route schedule,Escalate issue to regional manager,2026-06-25T10:09:16.280Z,2026-06-25T10:09:40.811Z
N00586,Green Oaks,2025-06-15,Staffing,Medium,Unexpected employee absence impacted daily operations,Coordinate with property manager,2026-06-25T10:09:16.280Z,2026-06-25T10:09:40.811Z
N00593,Lakeview Terrace,2025-03-11,Resident Behavior,Medium,Residents failed to follow waste segregation guidelines,Conduct resident awareness campaign,2026-06-25T10:09:16.280Z,2026-06-25T10:09:40.811Z
N00619,Birchwood Commons,2025-02-19,Resident Behavior,Critical,Improper waste disposal created collection challenges,Review route optimization plan,2026-06-25T10:09:16.280Z,2026-06-25T10:09:40.811Z
N00622,Cedar Park,2025-03-11,Property Management,Critical,Coordination challenges delayed operational response,Coordinate with property manager,2026-06-25T10:09:16.280Z,2026-06-25T10:09:40.811Z
N00629,Willow Creek,2025-04-06,Vehicle,Medium,Fuel system malfunction impacted collection operations,Review route optimization plan,2026-06-25T10:09:16.280Z,2026-06-25T10:09:40.811Z
N00678,Willow Creek,2025-04-22,Vehicle,Medium,Truck mechanical issue delayed entire route schedule,Monitor performance for next 7 days,2026-06-25T10:09:16.280Z,2026-06-25T10:09:40.811Z
N00683,Cedar Park,2025-06-21,Route Planning,Critical,Traffic congestion delayed collections across multiple properties,Update access credentials,2026-06-25T10:09:16.280Z,2026-06-25T10:09:40.811Z
N00684,Willow Creek,2025-06-29,Staffing,Low,Multiple employee absences occurred simultaneously,Increase staffing coverage,2026-06-25T10:09:16.280Z,2026-06-25T10:09:40.811Z
N00693,Willow Creek,2025-03-10,Gate Access,High,Delayed authorization from security personnel,Assign backup collection crew,2026-06-25T10:09:16.280Z,2026-06-25T10:09:40.811Z
N00698,Willow Creek,2025-02-03,Staffing,Critical,Temporary workers required additional supervision,Escalate issue to regional manager,2026-06-25T10:09:16.280Z,2026-06-25T10:09:40.811Z
N00713,Green Oaks,2025-05-06,Vehicle,Critical,Hydraulic lift malfunction slowed operations,Perform operational audit,2026-06-25T10:09:16.280Z,2026-06-25T10:09:40.811Z
N00720,Maple Court,2025-02-06,Route Planning,High,Traffic congestion delayed collections across multiple properties,Assign backup collection crew,2026-06-25T10:09:16.280Z,2026-06-25T10:09:40.811Z
N00728,Lakeview Terrace,2025-02-14,Resident Behavior,Critical,Several residents reported confusion regarding pickup schedule,Review route optimization plan,2026-06-25T10:09:16.280Z,2026-06-25T10:09:40.811Z
N00735,Green Oaks,2025-03-16,Staffing,Medium,Route coverage reduced due to labor constraints,Schedule preventive maintenance,2026-06-25T10:09:16.280Z,2026-06-25T10:09:40.811Z
N00764,Maple Court,2025-06-18,Vehicle,Critical,Flat tire caused service delays across multiple properties,Schedule preventive maintenance,2026-06-25T10:09:16.280Z,2026-06-25T10:09:40.811Z
N00768,Cedar Park,2025-04-25,Property Management,Low,Access restrictions increased service complexity,Assign backup collection crew,2026-06-25T10:09:16.280Z,2026-06-25T10:09:40.811Z
N00769,Cedar Park,2025-05-08,Route Planning,Low,High-density properties created route bottlenecks,Conduct resident awareness campaign,2026-06-25T10:09:16.280Z,2026-06-25T10:09:40.811Z
N00772,Sunset Ridge,2025-04-03,Resident Behavior,High,Improper waste disposal created collection challenges,Conduct resident awareness campaign,2026-06-25T10:09:16.280Z,2026-06-25T10:09:40.811Z
N00800,Maple Court,2025-01-15,Vehicle,Low,Vehicle breakdown impacted collections on route,Monitor performance for next 7 days,2026-06-25T10:09:16.280Z,2026-06-25T10:09:40.811Z
N00820,Maple Court,2025-05-02,Route Planning,Medium,Route capacity exceeded planned workload,Assign backup collection crew,2026-06-25T10:09:16.280Z,2026-06-25T10:09:40.811Z
N00835,Willow Creek,2025-05-21,Staffing,Critical,Resource allocation issue affected collection schedule,Increase staffing coverage,2026-06-25T10:09:16.280Z,2026-06-25T10:09:40.811Z
N00862,Maple Court,2025-06-28,Route Planning,Critical,Dynamic route adjustments improved service outcomes,Review route optimization plan,2026-06-25T10:09:16.280Z,2026-06-25T10:09:40.811Z
N00884,Green Oaks,2025-03-12,Staffing,Low,Unexpected employee absence impacted daily operations,Monitor performance for next 7 days,2026-06-25T10:09:16.280Z,2026-06-25T10:09:40.811Z
N00891,Willow Creek,2025-05-14,Staffing,High,High employee turnover affected route consistency,Update access credentials,2026-06-25T10:09:16.280Z,2026-06-25T10:09:40.811Z
N00898,Sunset Ridge,2025-06-21,Gate Access,Medium,Security denied entry due to outdated access credentials,Review route optimization plan,2026-06-25T10:09:16.280Z,2026-06-25T10:09:40.811Z
N00908,Green Oaks,2025-03-04,Staffing,Critical,Unexpected employee absence impacted daily operations,Perform operational audit,2026-06-25T10:09:16.280Z,2026-06-25T10:09:40.811Z
N00915,Lakeview Terrace,2025-04-08,Route Planning,Medium,Travel distance increased due to route modifications,Review route optimization plan,2026-06-25T10:09:16.280Z,2026-06-25T10:09:40.811Z
N00947,Willow Creek,2025-03-11,Staffing,Medium,Resource allocation issue affected collection schedule,Update access credentials,2026-06-25T10:09:16.280Z,2026-06-25T10:09:40.811Z
N00955,Lakeview Terrace,2025-01-04,Resident Behavior,Medium,Resident complaints were concentrated in specific buildings,Schedule preventive maintenance,2026-06-25T10:09:16.280Z,2026-06-25T10:09:40.811Z
N00959,Birchwood Commons,2025-02-16,Property Management,Low,Property upgrades impacted collection logistics,Assign backup collection crew,2026-06-25T10:09:16.280Z,2026-06-25T10:09:40.811Z
N00965,Willow Creek,2025-02-07,Gate Access,Critical,Manual gate operation caused route delays,Perform operational audit,2026-06-25T10:09:16.280Z,2026-06-25T10:09:40.811Z
N00014,Green Oaks,2025-06-30,Staffing,High,Multiple employee absences occurred simultaneously,Coordinate with property manager,2026-06-25T10:09:16.280Z,2026-06-25T10:09:40.811Z
N00022,Lakeview Terrace,2025-02-10,Route Planning,Low,Traffic congestion delayed collections across multiple properties,Coordinate with property manager,2026-06-25T10:09:16.280Z,2026-06-25T10:09:40.811Z
N00043,Maple Court,2025-03-31,Weather,Critical,Weather disruptions impacted multiple communities,Perform operational audit,2026-06-25T10:09:16.280Z,2026-06-25T10:09:40.811Z
N00126,Harbor Pointe,2025-06-30,Weather,High,Storm conditions resulted in temporary service suspension,Review route optimization plan,2026-06-25T10:09:16.280Z,2026-06-25T10:09:40.811Z
N00151,Harbor Pointe,2025-05-30,Weather,Critical,Storm conditions resulted in temporary service suspension,Perform operational audit,2026-06-25T10:09:16.280Z,2026-06-25T10:09:40.811Z
N00179,Birchwood Commons,2025-03-30,Property Management,Critical,Maintenance work restricted access to collection areas,Review route optimization plan,2026-06-25T10:09:16.280Z,2026-06-25T10:09:40.811Z
N00204,Harbor Pointe,2025-02-02,Staffing,Critical,Reduced workforce availability impacted service quality,Assign backup collection crew,2026-06-25T10:09:16.280Z,2026-06-25T10:09:40.811Z
N00238,Cedar Park,2025-05-19,Staffing,Critical,Unexpected employee absence impacted daily operations,Increase staffing coverage,2026-06-25T10:09:16.280Z,2026-06-25T10:09:40.811Z
N00256,Harbor Pointe,2025-05-09,Weather,Critical,Poor visibility affected route safety,Update access credentials,2026-06-25T10:09:16.280Z,2026-06-25T10:09:40.811Z
N00257,Sunset Ridge,2025-01-02,Property Management,High,Property upgrades impacted collection logistics,Assign backup collection crew,2026-06-25T10:09:16.280Z,2026-06-25T10:09:40.811Z
N00259,Green Oaks,2025-04-28,Vehicle,Critical,Vehicle breakdown impacted collections on route,Schedule preventive maintenance,2026-06-25T10:09:16.280Z,2026-06-25T10:09:40.811Z
N00271,Maple Court,2025-02-11,Route Planning,Low,Traffic congestion delayed collections across multiple properties,Conduct resident awareness campaign,2026-06-25T10:09:16.280Z,2026-06-25T10:09:40.811Z
N00278,Sunset Ridge,2025-06-04,Property Management,High,Community event impacted collection schedule,Monitor performance for next 7 days,2026-06-25T10:09:16.280Z,2026-06-25T10:09:40.811Z
N00291,Sunset Ridge,2025-05-15,Resident Behavior,Low,Improper waste disposal created collection challenges,Perform operational audit,2026-06-25T10:09:16.280Z,2026-06-25T10:09:40.811Z
N00301,Harbor Pointe,2025-06-14,Weather,Critical,Snow removal activities blocked service access,Escalate issue to regional manager,2026-06-25T10:09:16.280Z,2026-06-25T10:09:40.811Z
N00315,Harbor Pointe,2025-02-21,Staffing,High,Unexpected resignations affected operations,Conduct resident awareness campaign,2026-06-25T10:09:16.280Z,2026-06-25T10:09:40.811Z
N00324,Harbor Pointe,2025-04-03,Weather,Low,Poor visibility affected route safety,Assign backup collection crew,2026-06-25T10:09:16.280Z,2026-06-25T10:09:40.811Z
N00327,Green Oaks,2025-03-21,Staffing,Critical,"Collector called in sick, route covered late",Increase staffing coverage,2026-06-25T10:09:16.280Z,2026-06-25T10:09:40.811Z
N00364,Willow Creek,2025-04-05,Gate Access,Critical,Community access policy changes were not communicated,Coordinate with property manager,2026-06-25T10:09:16.280Z,2026-06-25T10:09:40.811Z
N00415,Cedar Park,2025-04-26,Route Planning,Critical,Scheduling overlap reduced operational efficiency,Escalate issue to regional manager,2026-06-25T10:09:16.280Z,2026-06-25T10:09:40.811Z
N00442,Birchwood Commons,2025-06-22,Property Management,Critical,Coordination challenges delayed operational response,Review route optimization plan,2026-06-25T10:09:16.280Z,2026-06-25T10:09:40.811Z
N00479,Cedar Park,2025-01-28,Route Planning,High,Property clustering analysis suggested optimization opportunities,Conduct resident awareness campaign,2026-06-25T10:09:16.280Z,2026-06-25T10:09:40.811Z
N00490,Birchwood Commons,2025-02-07,Property Management,High,Management communication delay affected operations,Escalate issue to regional manager,2026-06-25T10:09:16.280Z,2026-06-25T10:09:40.811Z
N00491,Willow Creek,2025-02-27,Vehicle,Critical,Truck mechanical issue delayed entire route schedule,Review route optimization plan,2026-06-25T10:09:16.280Z,2026-06-25T10:09:40.811Z
N00528,Harbor Pointe,2025-06-28,Vehicle,Medium,Engine overheating forced temporary route suspension,Update access credentials,2026-06-25T10:09:16.280Z,2026-06-25T10:09:40.811Z
N00538,Birchwood Commons,2025-06-27,Property Management,High,Operational feedback meeting identified improvement areas,Escalate issue to regional manager,2026-06-25T10:09:16.280Z,2026-06-25T10:09:40.811Z
N00542,Cedar Park,2025-02-27,Staffing,Medium,Resource allocation issue affected collection schedule,Conduct resident awareness campaign,2026-06-25T10:09:16.280Z,2026-06-25T10:09:40.811Z
N00554,Birchwood Commons,2025-02-08,Resident Behavior,Low,Residents failed to follow waste segregation guidelines,Monitor performance for next 7 days,2026-06-25T10:09:16.280Z,2026-06-25T10:09:40.811Z
N00582,Birchwood Commons,2025-06-05,Resident Behavior,Medium,Improper waste disposal created collection challenges,Perform operational audit,2026-06-25T10:09:16.280Z,2026-06-25T10:09:40.811Z
N00584,Maple Court,2025-03-02,Weather,Medium,Adverse weather increased average completion times,Assign backup collection crew,2026-06-25T10:09:16.280Z,2026-06-25T10:09:40.811Z
N00650,Willow Creek,2025-01-12,Staffing,Medium,Unexpected employee absence impacted daily operations,Escalate issue to regional manager,2026-06-25T10:09:16.280Z,2026-06-25T10:09:40.811Z
N00658,Sunset Ridge,2025-03-24,Property Management,Critical,Property staffing changes impacted coordination,Conduct resident awareness campaign,2026-06-25T10:09:16.280Z,2026-06-25T10:09:40.811Z
N00663,Harbor Pointe,2025-04-18,Weather,Low,Flooded access roads prevented route completion,Coordinate with property manager,2026-06-25T10:09:16.280Z,2026-06-25T10:09:40.811Z
N00673,Willow Creek,2025-05-31,Vehicle,Critical,Unexpected maintenance increased route completion time,Conduct resident awareness campaign,2026-06-25T10:09:16.280Z,2026-06-25T10:09:40.811Z
N00690,Birchwood Commons,2025-03-03,Gate Access,Low,Gate intercom system malfunctioned during service hours,Coordinate with property manager,2026-06-25T10:09:16.280Z,2026-06-25T10:09:40.811Z
N00691,Birchwood Commons,2025-03-19,Gate Access,High,Property manager unavailable to provide updated gate code,Increase staffing coverage,2026-06-25T10:09:16.280Z,2026-06-25T10:09:40.811Z
N00699,Lakeview Terrace,2025-01-18,Route Planning,High,Route capacity exceeded planned workload,Escalate issue to regional manager,2026-06-25T10:09:16.280Z,2026-06-25T10:09:40.811Z
N00716,Lakeview Terrace,2025-04-11,Route Planning,Low,Peak-hour traffic increased collection duration,Update access credentials,2026-06-25T10:09:16.280Z,2026-06-25T10:09:40.811Z
N00717,Green Oaks,2025-04-15,Staffing,Medium,Unexpected employee absence impacted daily operations,Perform operational audit,2026-06-25T10:09:16.280Z,2026-06-25T10:09:40.811Z
N00726,Sunset Ridge,2025-03-14,Resident Behavior,High,Improper waste disposal created collection challenges,Review route optimization plan,2026-06-25T10:09:16.280Z,2026-06-25T10:09:40.811Z
N00733,Lakeview Terrace,2025-02-14,Route Planning,High,Scheduling overlap reduced operational efficiency,Review route optimization plan,2026-06-25T10:09:16.280Z,2026-06-25T10:09:40.811Z
N00737,Green Oaks,2025-03-21,Vehicle,Critical,Fleet shortage increased route workloads,Escalate issue to regional manager,2026-06-25T10:09:16.280Z,2026-06-25T10:09:40.811Z
N00748,Sunset Ridge,2025-03-08,Resident Behavior,Medium,Bins not placed at doorstep for scheduled pickup,Update access credentials,2026-06-25T10:09:16.280Z,2026-06-25T10:09:40.811Z
N00760,Sunset Ridge,2025-04-13,Gate Access,Critical,Leasing office did not answer for gate code reset,Monitor performance for next 7 days,2026-06-25T10:09:16.280Z,2026-06-25T10:09:40.811Z
N00762,Harbor Pointe,2025-02-13,Vehicle,High,Vehicle servicing overlapped with scheduled collections,Increase staffing coverage,2026-06-25T10:09:16.280Z,2026-06-25T10:09:40.811Z
N00763,Harbor Pointe,2025-03-15,Staffing,Critical,New collector unfamiliar with property layout,Conduct resident awareness campaign,2026-06-25T10:09:16.280Z,2026-06-25T10:09:40.811Z
N00770,Cedar Park,2025-02-08,Property Management,Critical,Property inspection activities disrupted collections,Review route optimization plan,2026-06-25T10:09:16.280Z,2026-06-25T10:09:40.811Z
N00775,Harbor Pointe,2025-04-18,Vehicle,Critical,Fleet shortage increased route workloads,Monitor performance for next 7 days,2026-06-25T10:09:16.280Z,2026-06-25T10:09:40.811Z
N00777,Cedar Park,2025-02-19,Route Planning,Low,Route optimization issue increased travel time,Coordinate with property manager,2026-06-25T10:09:16.280Z,2026-06-25T10:09:40.811Z
N00810,Sunset Ridge,2025-04-07,Resident Behavior,Critical,Bins not placed at doorstep for scheduled pickup,Perform operational audit,2026-06-25T10:09:16.280Z,2026-06-25T10:09:40.811Z
N00822,Green Oaks,2025-06-14,Vehicle,Medium,Fuel system malfunction impacted collection operations,Conduct resident awareness campaign,2026-06-25T10:09:16.280Z,2026-06-25T10:09:40.811Z
N00829,Sunset Ridge,2025-04-24,Gate Access,Medium,Entry denied due to missing vendor registration,Perform operational audit,2026-06-25T10:09:16.280Z,2026-06-25T10:09:40.811Z
N00841,Birchwood Commons,2025-06-10,Gate Access,High,Incorrect gate code provided by property management,Update access credentials,2026-06-25T10:09:16.280Z,2026-06-25T10:09:40.811Z
N00858,Birchwood Commons,2025-02-16,Property Management,Medium,Property management requested schedule adjustment,Increase staffing coverage,2026-06-25T10:09:16.280Z,2026-06-25T10:09:40.811Z
N00864,Birchwood Commons,2025-01-02,Property Management,Medium,Service expectations reviewed with property leadership,Escalate issue to regional manager,2026-06-25T10:09:16.280Z,2026-06-25T10:09:40.811Z
N00875,Birchwood Commons,2025-06-24,Resident Behavior,Critical,Bins not placed at doorstep for scheduled pickup,Monitor performance for next 7 days,2026-06-25T10:09:16.280Z,2026-06-25T10:09:40.811Z
N00877,Birchwood Commons,2025-02-03,Gate Access,Medium,Access credentials expired unexpectedly,Increase staffing coverage,2026-06-25T10:09:16.280Z,2026-06-25T10:09:40.811Z
N00880,Birchwood Commons,2025-01-10,Gate Access,High,Incorrect gate code provided by property management,Monitor performance for next 7 days,2026-06-25T10:09:16.280Z,2026-06-25T10:09:40.811Z
N00889,Harbor Pointe,2025-01-31,Weather,Medium,Severe heat affected workforce productivity,Escalate issue to regional manager,2026-06-25T10:09:16.280Z,2026-06-25T10:09:40.811Z
N00894,Willow Creek,2025-06-07,Staffing,Low,Unexpected employee absence impacted daily operations,Coordinate with property manager,2026-06-25T10:09:16.280Z,2026-06-25T10:09:40.811Z
N00909,Harbor Pointe,2025-02-27,Staffing,High,New collector unfamiliar with property layout,Review route optimization plan,2026-06-25T10:09:16.280Z,2026-06-25T10:09:40.811Z
N00913,Lakeview Terrace,2025-01-02,Resident Behavior,Medium,Residents placed bins outside designated collection hours,Schedule preventive maintenance,2026-06-25T10:09:16.280Z,2026-06-25T10:09:40.811Z
N00934,Birchwood Commons,2025-02-15,Resident Behavior,Low,Residents placed bins outside designated collection hours,Perform operational audit,2026-06-25T10:09:16.280Z,2026-06-25T10:09:40.811Z
N00977,Sunset Ridge,2025-01-01,Gate Access,Low,Security denied entry due to outdated access credentials,Perform operational audit,2026-06-25T10:09:16.280Z,2026-06-25T10:09:40.811Z
N00980,Lakeview Terrace,2025-04-30,Route Planning,High,Route capacity exceeded planned workload,Conduct resident awareness campaign,2026-06-25T10:09:16.280Z,2026-06-25T10:09:40.811Z
N00983,Lakeview Terrace,2025-02-08,Route Planning,High,Unexpected road closure required route diversion,Update access credentials,2026-06-25T10:09:16.280Z,2026-06-25T10:09:40.811Z
N00985,Birchwood Commons,2025-06-25,Resident Behavior,Medium,Late bin placement caused missed pickups,Review route optimization plan,2026-06-25T10:09:16.280Z,2026-06-25T10:09:40.811Z
N00998,Cedar Park,2025-05-30,Route Planning,Low,Peak-hour traffic increased collection duration,Increase staffing coverage,2026-06-25T10:09:16.280Z,2026-06-25T10:09:40.811Z
N00019,Birchwood Commons,2025-06-12,Property Management,Medium,Operational changes were not communicated in advance,Increase staffing coverage,2026-06-25T10:09:16.280Z,2026-06-25T10:09:40.811Z
N00028,Maple Court,2025-02-16,Weather,Low,Extreme temperatures slowed collection activities,Increase staffing coverage,2026-06-25T10:09:16.280Z,2026-06-25T10:09:40.811Z
N00046,Sunset Ridge,2025-02-01,Gate Access,High,Delayed authorization from security personnel,Update access credentials,2026-06-25T10:09:16.280Z,2026-06-25T10:09:40.811Z
N00050,Sunset Ridge,2025-05-19,Gate Access,Medium,Security denied entry due to outdated access credentials,Review route optimization plan,2026-06-25T10:09:16.280Z,2026-06-25T10:09:40.811Z
N00060,Green Oaks,2025-04-30,Route Planning,Medium,Service area expansion affected route timing,Coordinate with property manager,2026-06-25T10:09:16.280Z,2026-06-25T10:09:40.811Z
N00067,Maple Court,2025-05-20,Vehicle,Critical,Battery failure delayed route departure,Perform operational audit,2026-06-25T10:09:16.280Z,2026-06-25T10:09:40.811Z
N00086,Lakeview Terrace,2025-04-07,Resident Behavior,High,Several residents reported confusion regarding pickup schedule,Update access credentials,2026-06-25T10:09:16.280Z,2026-06-25T10:09:40.811Z
N00095,Harbor Pointe,2025-05-26,Weather,Medium,Storm conditions resulted in temporary service suspension,Monitor performance for next 7 days,2026-06-25T10:09:16.280Z,2026-06-25T10:09:40.811Z
N00097,Maple Court,2025-03-15,Route Planning,Critical,High-density properties created route bottlenecks,Coordinate with property manager,2026-06-25T10:09:16.280Z,2026-06-25T10:09:40.811Z
N00103,Willow Creek,2025-04-19,Gate Access,Medium,Gate access restrictions caused delay on route,Increase staffing coverage,2026-06-25T10:09:16.280Z,2026-06-25T10:09:40.811Z
N00114,Green Oaks,2025-03-17,Vehicle,Critical,Vehicle servicing overlapped with scheduled collections,Monitor performance for next 7 days,2026-06-25T10:09:16.280Z,2026-06-25T10:09:40.811Z
N00117,Harbor Pointe,2025-06-29,Weather,Medium,Poor visibility affected route safety,Conduct resident awareness campaign,2026-06-25T10:09:16.280Z,2026-06-25T10:09:40.811Z
N00145,Harbor Pointe,2025-01-15,Staffing,Low,Staff reassignment impacted scheduled routes,Monitor performance for next 7 days,2026-06-25T10:09:16.280Z,2026-06-25T10:09:40.811Z
N00152,Harbor Pointe,2025-05-13,Weather,Medium,High winds created safety concerns for collectors,Monitor performance for next 7 days,2026-06-25T10:09:16.280Z,2026-06-25T10:09:40.811Z
N00178,Birchwood Commons,2025-04-17,Property Management,Medium,Management requested additional pickup support,Perform operational audit,2026-06-25T10:09:16.280Z,2026-06-25T10:09:40.811Z
N00196,Lakeview Terrace,2025-06-03,Resident Behavior,High,Resident complaints were concentrated in specific buildings,Schedule preventive maintenance,2026-06-25T10:09:16.280Z,2026-06-25T10:09:40.811Z
N00209,Maple Court,2025-05-28,Weather,Medium,Severe weather reduced operational efficiency,Update access credentials,2026-06-25T10:09:16.280Z,2026-06-25T10:09:40.811Z
N00216,Birchwood Commons,2025-06-12,Resident Behavior,Critical,Overflowing bins required additional collection effort,Perform operational audit,2026-06-25T10:09:16.280Z,2026-06-25T10:09:40.811Z
N00251,Green Oaks,2025-01-05,Staffing,High,"Collector called in sick, route covered late",Monitor performance for next 7 days,2026-06-25T10:09:16.280Z,2026-06-25T10:09:40.811Z
N00269,Willow Creek,2025-05-17,Gate Access,High,Gate access restrictions caused delay on route,Perform operational audit,2026-06-25T10:09:16.280Z,2026-06-25T10:09:40.811Z
N00270,Maple Court,2025-02-25,Route Planning,Critical,Route balancing adjustments improved service coverage,Monitor performance for next 7 days,2026-06-25T10:09:16.280Z,2026-06-25T10:09:40.811Z
N00275,Lakeview Terrace,2025-04-20,Route Planning,Medium,Inefficient route sequencing reduced productivity,Monitor performance for next 7 days,2026-06-25T10:09:16.280Z,2026-06-25T10:09:40.811Z
N00293,Willow Creek,2025-03-26,Staffing,High,Training requirements delayed assignment of replacement collector,Perform operational audit,2026-06-25T10:09:16.280Z,2026-06-25T10:09:40.811Z
N00310,Harbor Pointe,2025-03-11,Vehicle,Medium,Collection vehicle required mid-route maintenance stop,Monitor performance for next 7 days,2026-06-25T10:09:16.280Z,2026-06-25T10:09:40.811Z
N00337,Maple Court,2025-03-05,Vehicle,Low,Emergency repair interrupted collection schedule,Increase staffing coverage,2026-06-25T10:09:16.280Z,2026-06-25T10:09:40.811Z
N00357,Birchwood Commons,2025-04-24,Resident Behavior,High,Residents requested unscheduled pickups,Review route optimization plan,2026-06-25T10:09:16.280Z,2026-06-25T10:09:40.811Z
N00359,Birchwood Commons,2025-04-11,Gate Access,Critical,Service entrance blocked by maintenance activity,Perform operational audit,2026-06-25T10:09:16.280Z,2026-06-25T10:09:40.811Z
N00374,Green Oaks,2025-04-27,Staffing,Medium,Staff reassignment impacted scheduled routes,Review route optimization plan,2026-06-25T10:09:16.280Z,2026-06-25T10:09:40.811Z
N00386,Lakeview Terrace,2025-02-09,Resident Behavior,Critical,Residents requested unscheduled pickups,Conduct resident awareness campaign,2026-06-25T10:09:16.280Z,2026-06-25T10:09:40.811Z
N00389,Sunset Ridge,2025-05-05,Property Management,Low,Operational changes were not communicated in advance,Review route optimization plan,2026-06-25T10:09:16.280Z,2026-06-25T10:09:40.811Z
N00402,Lakeview Terrace,2025-05-26,Route Planning,Medium,Travel distance increased due to route modifications,Increase staffing coverage,2026-06-25T10:09:16.280Z,2026-06-25T10:09:40.811Z
N00404,Maple Court,2025-06-22,Route Planning,Critical,Navigation issue delayed route completion,Increase staffing coverage,2026-06-25T10:09:16.280Z,2026-06-25T10:09:40.811Z
N00423,Harbor Pointe,2025-03-02,Vehicle,Critical,Emergency repair interrupted collection schedule,Monitor performance for next 7 days,2026-06-25T10:09:16.280Z,2026-06-25T10:09:40.811Z
N00426,Willow Creek,2025-04-11,Vehicle,Medium,Brake system inspection delayed deployment,Conduct resident awareness campaign,2026-06-25T10:09:16.280Z,2026-06-25T10:09:40.811Z
N00428,Lakeview Terrace,2025-01-23,Weather,Medium,Extreme temperatures slowed collection activities,Monitor performance for next 7 days,2026-06-25T10:09:16.280Z,2026-06-25T10:09:40.811Z
N00440,Maple Court,2025-03-24,Weather,Critical,Weather disruptions impacted multiple communities,Conduct resident awareness campaign,2026-06-25T10:09:16.280Z,2026-06-25T10:09:40.811Z
N00448,Harbor Pointe,2025-03-20,Weather,Low,Adverse weather increased average completion times,Coordinate with property manager,2026-06-25T10:09:16.280Z,2026-06-25T10:09:40.811Z
N00472,Harbor Pointe,2025-02-21,Staffing,Critical,Insufficient staffing levels increased route completion time,Escalate issue to regional manager,2026-06-25T10:09:16.280Z,2026-06-25T10:09:40.811Z
N00494,Harbor Pointe,2025-04-24,Staffing,Low,Peak demand exceeded available workforce capacity,Escalate issue to regional manager,2026-06-25T10:09:16.280Z,2026-06-25T10:09:40.811Z
N00518,Cedar Park,2025-06-14,Property Management,Low,Management requested additional pickup support,Schedule preventive maintenance,2026-06-25T10:09:16.280Z,2026-06-25T10:09:40.811Z
N00523,Maple Court,2025-02-16,Weather,Critical,Flooded access roads prevented route completion,Increase staffing coverage,2026-06-25T10:09:16.280Z,2026-06-25T10:09:40.811Z
N00533,Birchwood Commons,2025-04-29,Property Management,Medium,Property staffing changes impacted coordination,Perform operational audit,2026-06-25T10:09:16.280Z,2026-06-25T10:09:40.811Z
N00546,Cedar Park,2025-06-07,Property Management,Medium,Operational changes were not communicated in advance,Increase staffing coverage,2026-06-25T10:09:16.280Z,2026-06-25T10:09:40.811Z
N00561,Birchwood Commons,2025-02-10,Resident Behavior,Critical,Overflowing bins required additional collection effort,Increase staffing coverage,2026-06-25T10:09:16.280Z,2026-06-25T10:09:40.811Z
N00574,Green Oaks,2025-04-29,Staffing,High,Staff reassignment impacted scheduled routes,Schedule preventive maintenance,2026-06-25T10:09:16.280Z,2026-06-25T10:09:40.811Z
N00576,Birchwood Commons,2025-05-13,Property Management,Low,Coordination challenges delayed operational response,Increase staffing coverage,2026-06-25T10:09:16.280Z,2026-06-25T10:09:40.811Z
N00580,Lakeview Terrace,2025-03-25,Weather,High,Poor visibility affected route safety,Escalate issue to regional manager,2026-06-25T10:09:16.280Z,2026-06-25T10:09:40.811Z
N00596,Sunset Ridge,2025-04-02,Resident Behavior,Critical,Collection bins were inaccessible during service window,Escalate issue to regional manager,2026-06-25T10:09:16.280Z,2026-06-25T10:09:40.811Z
N00608,Willow Creek,2025-03-15,Vehicle,Critical,Replacement vehicle arrived later than expected,Monitor performance for next 7 days,2026-06-25T10:09:16.280Z,2026-06-25T10:09:40.811Z
N00634,Willow Creek,2025-02-08,Staffing,Critical,Recruitment delays limited route coverage,Monitor performance for next 7 days,2026-06-25T10:09:16.280Z,2026-06-25T10:09:40.811Z
N00648,Lakeview Terrace,2025-06-24,Weather,High,Heavy rain delayed collection schedule across region,Perform operational audit,2026-06-25T10:09:16.280Z,2026-06-25T10:09:40.811Z
N00670,Willow Creek,2025-03-29,Vehicle,High,Transmission issue impacted route completion,Perform operational audit,2026-06-25T10:09:16.280Z,2026-06-25T10:09:40.811Z
N00676,Birchwood Commons,2025-01-23,Gate Access,Critical,Gate access restrictions caused delay on route,Assign backup collection crew,2026-06-25T10:09:16.280Z,2026-06-25T10:09:40.811Z
N00701,Lakeview Terrace,2025-04-08,Route Planning,High,Route optimization issue increased travel time,Coordinate with property manager,2026-06-25T10:09:16.280Z,2026-06-25T10:09:40.811Z
N00704,Harbor Pointe,2025-05-05,Staffing,Critical,Route coverage reduced due to labor constraints,Assign backup collection crew,2026-06-25T10:09:16.280Z,2026-06-25T10:09:40.811Z
N00709,Maple Court,2025-04-14,Vehicle,High,Brake system inspection delayed deployment,Increase staffing coverage,2026-06-25T10:09:16.280Z,2026-06-25T10:09:40.811Z
N00730,Maple Court,2025-05-16,Weather,Low,Adverse weather increased average completion times,Assign backup collection crew,2026-06-25T10:09:16.280Z,2026-06-25T10:09:40.811Z
N00732,Willow Creek,2025-04-03,Gate Access,Medium,Entry denied due to missing vendor registration,Update access credentials,2026-06-25T10:09:16.280Z,2026-06-25T10:09:40.811Z
N00734,Harbor Pointe,2025-05-29,Staffing,Low,Holiday staffing shortages caused delays,Conduct resident awareness campaign,2026-06-25T10:09:16.280Z,2026-06-25T10:09:40.811Z
N00756,Sunset Ridge,2025-02-08,Gate Access,High,Visitor access restrictions delayed collection process,Review route optimization plan,2026-06-25T10:09:16.280Z,2026-06-25T10:09:40.811Z
N00767,Lakeview Terrace,2025-02-04,Resident Behavior,Medium,Excess waste volume exceeded expected capacity,Coordinate with property manager,2026-06-25T10:09:16.280Z,2026-06-25T10:09:40.811Z
N00776,Maple Court,2025-02-07,Vehicle,High,Transmission issue impacted route completion,Update access credentials,2026-06-25T10:09:16.280Z,2026-06-25T10:09:40.811Z
N00780,Harbor Pointe,2025-01-12,Staffing,Low,Unexpected resignations affected operations,Monitor performance for next 7 days,2026-06-25T10:09:16.280Z,2026-06-25T10:09:40.811Z
N00805,Birchwood Commons,2025-02-04,Property Management,Low,Property management requested schedule adjustment,Update access credentials,2026-06-25T10:09:16.280Z,2026-06-25T10:09:40.811Z
N00819,Green Oaks,2025-04-21,Route Planning,Low,Operational review identified route inefficiencies,Monitor performance for next 7 days,2026-06-25T10:09:16.280Z,2026-06-25T10:09:40.811Z
N00827,Willow Creek,2025-01-29,Staffing,Medium,Recruitment delays limited route coverage,Increase staffing coverage,2026-06-25T10:09:16.280Z,2026-06-25T10:09:40.811Z
N00854,Willow Creek,2025-03-22,Gate Access,Medium,Delayed authorization from security personnel,Increase staffing coverage,2026-06-25T10:09:16.280Z,2026-06-25T10:09:40.811Z
N00870,Cedar Park,2025-06-13,Property Management,Low,Management escalation required operational review,Monitor performance for next 7 days,2026-06-25T10:09:16.280Z,2026-06-25T10:09:40.811Z
N00901,Birchwood Commons,2025-05-07,Property Management,Low,Building access procedures updated without notice,Review route optimization plan,2026-06-25T10:09:16.280Z,2026-06-25T10:09:40.811Z
N00912,Sunset Ridge,2025-02-26,Gate Access,Medium,Driver could not access community - gate code expired,Conduct resident awareness campaign,2026-06-25T10:09:16.280Z,2026-06-25T10:09:40.811Z
N00941,Maple Court,2025-01-02,Weather,Medium,Poor visibility affected route safety,Escalate issue to regional manager,2026-06-25T10:09:16.280Z,2026-06-25T10:09:40.811Z
N00945,Maple Court,2025-03-25,Weather,Medium,Wet conditions reduced collection speed,Conduct resident awareness campaign,2026-06-25T10:09:16.280Z,2026-06-25T10:09:40.811Z
N00957,Willow Creek,2025-05-10,Vehicle,Low,Fuel system malfunction impacted collection operations,Review route optimization plan,2026-06-25T10:09:16.280Z,2026-06-25T10:09:40.811Z
N00989,Lakeview Terrace,2025-03-09,Route Planning,Low,Inefficient route sequencing reduced productivity,Update access credentials,2026-06-25T10:09:16.280Z,2026-06-25T10:09:40.811Z
N00001,Birchwood Commons,2025-04-01,Resident Behavior,High,Excess waste volume exceeded expected capacity,Perform operational audit,2026-06-25T10:09:16.280Z,2026-06-25T10:09:40.811Z
N00009,Willow Creek,2025-01-04,Vehicle,Critical,Vehicle diagnostics required immediate attention,Perform operational audit,2026-06-25T10:09:16.280Z,2026-06-25T10:09:40.811Z
N00026,Green Oaks,2025-05-08,Staffing,High,Overtime limitations reduced available coverage,Escalate issue to regional manager,2026-06-25T10:09:16.280Z,2026-06-25T10:09:40.811Z
N00037,Maple Court,2025-02-12,Route Planning,Medium,Route capacity exceeded planned workload,Conduct resident awareness campaign,2026-06-25T10:09:16.280Z,2026-06-25T10:09:40.811Z
N00055,Cedar Park,2025-04-30,Property Management,Medium,Property management requested schedule adjustment,Monitor performance for next 7 days,2026-06-25T10:09:16.280Z,2026-06-25T10:09:40.811Z
N00065,Lakeview Terrace,2025-01-04,Resident Behavior,High,Excess waste volume exceeded expected capacity,Monitor performance for next 7 days,2026-06-25T10:09:16.280Z,2026-06-25T10:09:40.811Z
N00071,Harbor Pointe,2025-03-01,Weather,High,Storm conditions resulted in temporary service suspension,Perform operational audit,2026-06-25T10:09:16.280Z,2026-06-25T10:09:40.811Z
N00079,Lakeview Terrace,2025-05-15,Resident Behavior,Critical,Late bin placement caused missed pickups,Review route optimization plan,2026-06-25T10:09:16.280Z,2026-06-25T10:09:40.811Z
N00087,Sunset Ridge,2025-06-18,Property Management,Medium,Coordination challenges delayed operational response,Conduct resident awareness campaign,2026-06-25T10:09:16.280Z,2026-06-25T10:09:40.811Z
N00147,Harbor Pointe,2025-01-05,Staffing,High,Unexpected resignations affected operations,Schedule preventive maintenance,2026-06-25T10:09:16.280Z,2026-06-25T10:09:40.811Z
N00162,Cedar Park,2025-05-21,Staffing,Medium,Peak demand exceeded available workforce capacity,Conduct resident awareness campaign,2026-06-25T10:09:16.280Z,2026-06-25T10:09:40.811Z
N00164,Sunset Ridge,2025-05-02,Resident Behavior,Medium,Several residents reported confusion regarding pickup schedule,Escalate issue to regional manager,2026-06-25T10:09:16.280Z,2026-06-25T10:09:40.811Z
N00181,Lakeview Terrace,2025-03-20,Route Planning,Low,Unexpected road closure required route diversion,Conduct resident awareness campaign,2026-06-25T10:09:16.280Z,2026-06-25T10:09:40.811Z
N00195,Harbor Pointe,2025-04-04,Vehicle,Critical,Flat tire caused service delays across multiple properties,Monitor performance for next 7 days,2026-06-25T10:09:16.280Z,2026-06-25T10:09:40.811Z
N00202,Harbor Pointe,2025-04-21,Staffing,Medium,Resource allocation issue affected collection schedule,Schedule preventive maintenance,2026-06-25T10:09:16.280Z,2026-06-25T10:09:40.811Z
N00205,Harbor Pointe,2025-03-03,Vehicle,Low,Maintenance backlog reduced fleet readiness,Conduct resident awareness campaign,2026-06-25T10:09:16.280Z,2026-06-25T10:09:40.811Z
N00206,Lakeview Terrace,2025-03-29,Resident Behavior,Medium,Resident complaints were concentrated in specific buildings,Update access credentials,2026-06-25T10:09:16.280Z,2026-06-25T10:09:40.811Z
N00210,Maple Court,2025-02-16,Vehicle,Critical,Brake system inspection delayed deployment,Assign backup collection crew,2026-06-25T10:09:16.280Z,2026-06-25T10:09:40.811Z
N00229,Cedar Park,2025-01-18,Staffing,High,Insufficient staffing levels increased route completion time,Update access credentials,2026-06-25T10:09:16.280Z,2026-06-25T10:09:40.811Z
N00235,Harbor Pointe,2025-02-07,Weather,High,Snow accumulation blocked access to several units,Monitor performance for next 7 days,2026-06-25T10:09:16.280Z,2026-06-25T10:09:40.811Z
N00261,Birchwood Commons,2025-05-12,Gate Access,Critical,Visitor access restrictions delayed collection process,Increase staffing coverage,2026-06-25T10:09:16.280Z,2026-06-25T10:09:40.811Z
N00302,Birchwood Commons,2025-05-15,Gate Access,High,Gate access restrictions caused delay on route,Conduct resident awareness campaign,2026-06-25T10:09:16.280Z,2026-06-25T10:09:40.811Z
N00311,Cedar Park,2025-05-23,Route Planning,Medium,Dynamic route adjustments improved service outcomes,Perform operational audit,2026-06-25T10:09:16.280Z,2026-06-25T10:09:40.811Z
N00312,Cedar Park,2025-04-17,Property Management,Low,Coordination challenges delayed operational response,Schedule preventive maintenance,2026-06-25T10:09:16.280Z,2026-06-25T10:09:40.811Z
N00348,Willow Creek,2025-02-12,Vehicle,Critical,Replacement vehicle arrived later than expected,Perform operational audit,2026-06-25T10:09:16.280Z,2026-06-25T10:09:40.811Z
N00360,Maple Court,2025-03-31,Vehicle,Medium,Flat tire caused service delays across multiple properties,Review route optimization plan,2026-06-25T10:09:16.280Z,2026-06-25T10:09:40.811Z
N00417,Harbor Pointe,2025-05-18,Staffing,Low,Unexpected resignations affected operations,Monitor performance for next 7 days,2026-06-25T10:09:16.280Z,2026-06-25T10:09:40.811Z
N00421,Harbor Pointe,2025-04-29,Weather,High,High winds created safety concerns for collectors,Monitor performance for next 7 days,2026-06-25T10:09:16.280Z,2026-06-25T10:09:40.811Z
N00568,Green Oaks,2025-03-10,Staffing,High,"Collector called in sick, route covered late",Assign backup collection crew,2026-06-25T10:09:16.280Z,2026-06-25T10:09:40.811Z
N00607,Sunset Ridge,2025-04-06,Property Management,Critical,Maintenance work restricted access to collection areas,Increase staffing coverage,2026-06-25T10:09:16.280Z,2026-06-25T10:09:40.811Z
N00637,Lakeview Terrace,2025-02-02,Resident Behavior,High,Resident complaints were concentrated in specific buildings,Monitor performance for next 7 days,2026-06-25T10:09:16.280Z,2026-06-25T10:09:40.811Z
N00638,Lakeview Terrace,2025-06-15,Resident Behavior,Low,Late bin placement caused missed pickups,Update access credentials,2026-06-25T10:09:16.280Z,2026-06-25T10:09:40.811Z
N00643,Birchwood Commons,2025-06-10,Gate Access,Critical,Property manager unavailable to provide updated gate code,Increase staffing coverage,2026-06-25T10:09:16.280Z,2026-06-25T10:09:40.811Z
N00646,Maple Court,2025-03-25,Vehicle,Critical,Replacement vehicle arrived later than expected,Update access credentials,2026-06-25T10:09:16.280Z,2026-06-25T10:09:40.811Z
N00725,Lakeview Terrace,2025-04-12,Resident Behavior,Low,Resident complaints increased after route schedule change,Update access credentials,2026-06-25T10:09:16.280Z,2026-06-25T10:09:40.811Z
N00729,Cedar Park,2025-05-04,Route Planning,Medium,Route balancing adjustments improved service coverage,Escalate issue to regional manager,2026-06-25T10:09:16.280Z,2026-06-25T10:09:40.811Z
N00740,Lakeview Terrace,2025-06-21,Route Planning,Medium,Route capacity exceeded planned workload,Escalate issue to regional manager,2026-06-25T10:09:16.280Z,2026-06-25T10:09:40.811Z
N00790,Maple Court,2025-01-09,Vehicle,Critical,Maintenance backlog reduced fleet readiness,Assign backup collection crew,2026-06-25T10:09:16.280Z,2026-06-25T10:09:40.811Z
N00794,Maple Court,2025-04-24,Route Planning,Critical,Service area expansion affected route timing,Conduct resident awareness campaign,2026-06-25T10:09:16.280Z,2026-06-25T10:09:40.811Z
N00821,Birchwood Commons,2025-04-08,Gate Access,Medium,Manual gate operation caused route delays,Conduct resident awareness campaign,2026-06-25T10:09:16.280Z,2026-06-25T10:09:40.811Z
N00842,Cedar Park,2025-02-24,Staffing,Critical,Staff reassignment impacted scheduled routes,Assign backup collection crew,2026-06-25T10:09:16.280Z,2026-06-25T10:09:40.811Z
N00843,Lakeview Terrace,2025-01-12,Resident Behavior,Low,Improper waste disposal created collection challenges,Conduct resident awareness campaign,2026-06-25T10:09:16.280Z,2026-06-25T10:09:40.811Z
N00852,Maple Court,2025-01-11,Route Planning,Critical,Peak-hour traffic increased collection duration,Update access credentials,2026-06-25T10:09:16.280Z,2026-06-25T10:09:40.811Z
N00886,Green Oaks,2025-01-15,Vehicle,High,Equipment failure reduced collection efficiency,Review route optimization plan,2026-06-25T10:09:16.280Z,2026-06-25T10:09:40.811Z
N00892,Sunset Ridge,2025-03-21,Gate Access,Medium,Temporary gate malfunction prevented collector entry,Assign backup collection crew,2026-06-25T10:09:16.280Z,2026-06-25T10:09:40.811Z
N00924,Cedar Park,2025-02-05,Staffing,Low,Shift scheduling conflict resulted in delayed collections,Assign backup collection crew,2026-06-25T10:09:16.280Z,2026-06-25T10:09:40.811Z
N00951,Cedar Park,2025-04-26,Route Planning,High,Inefficient property sequencing impacted schedule adherence,Escalate issue to regional manager,2026-06-25T10:09:16.280Z,2026-06-25T10:09:40.811Z
N00962,Birchwood Commons,2025-06-08,Property Management,Low,Operational changes were not communicated in advance,Update access credentials,2026-06-25T10:09:16.280Z,2026-06-25T10:09:40.811Z
N00968,Lakeview Terrace,2025-04-08,Resident Behavior,Critical,Collection instructions were frequently ignored,Increase staffing coverage,2026-06-25T10:09:16.280Z,2026-06-25T10:09:40.811Z
N00974,Lakeview Terrace,2025-03-09,Resident Behavior,Medium,Resident left bin blocked by parked vehicle,Increase staffing coverage,2026-06-25T10:09:16.280Z,2026-06-25T10:09:40.811Z
N00993,Cedar Park,2025-05-09,Property Management,Low,Management communication delay affected operations,Assign backup collection crew,2026-06-25T10:09:16.280Z,2026-06-25T10:09:40.811Z
N00032,Willow Creek,2025-05-28,Gate Access,High,Gate intercom system malfunctioned during service hours,Increase staffing coverage,2026-06-25T10:09:16.280Z,2026-06-25T10:09:40.811Z
N00033,Sunset Ridge,2025-06-22,Resident Behavior,Critical,Improperly secured waste created operational issues,Update access credentials,2026-06-25T10:09:16.280Z,2026-06-25T10:09:40.811Z
N00054,Cedar Park,2025-05-30,Staffing,Low,New collector unfamiliar with property layout,Conduct resident awareness campaign,2026-06-25T10:09:16.280Z,2026-06-25T10:09:40.811Z
N00061,Lakeview Terrace,2025-06-12,Route Planning,Medium,High-density properties created route bottlenecks,Schedule preventive maintenance,2026-06-25T10:09:16.280Z,2026-06-25T10:09:40.811Z
N00089,Birchwood Commons,2025-04-28,Resident Behavior,High,Repeated policy violations impacted service quality,Escalate issue to regional manager,2026-06-25T10:09:16.280Z,2026-06-25T10:09:40.811Z
N00098,Green Oaks,2025-01-01,Staffing,Low,Unexpected employee absence impacted daily operations,Update access credentials,2026-06-25T10:09:16.280Z,2026-06-25T10:09:40.811Z
N00129,Maple Court,2025-05-25,Weather,High,Poor visibility affected route safety,Update access credentials,2026-06-25T10:09:16.280Z,2026-06-25T10:09:40.811Z
N00143,Birchwood Commons,2025-03-16,Gate Access,Low,Manual gate operation caused route delays,Increase staffing coverage,2026-06-25T10:09:16.280Z,2026-06-25T10:09:40.811Z
N00155,Lakeview Terrace,2025-01-22,Weather,High,Adverse weather increased average completion times,Increase staffing coverage,2026-06-25T10:09:16.280Z,2026-06-25T10:09:40.811Z
N00190,Maple Court,2025-04-27,Weather,Low,Weather disruptions impacted multiple communities,Monitor performance for next 7 days,2026-06-25T10:09:16.280Z,2026-06-25T10:09:40.811Z
N00191,Lakeview Terrace,2025-01-20,Weather,Critical,Storm conditions resulted in temporary service suspension,Update access credentials,2026-06-25T10:09:16.280Z,2026-06-25T10:09:40.811Z
N00192,Sunset Ridge,2025-05-22,Gate Access,Low,Gate access restrictions caused delay on route,Coordinate with property manager,2026-06-25T10:09:16.280Z,2026-06-25T10:09:40.811Z
N00207,Lakeview Terrace,2025-03-10,Resident Behavior,Critical,Resident education on waste procedures was recommended,Conduct resident awareness campaign,2026-06-25T10:09:16.280Z,2026-06-25T10:09:40.811Z
N00211,Green Oaks,2025-06-01,Staffing,High,Holiday staffing shortages caused delays,Monitor performance for next 7 days,2026-06-25T10:09:16.280Z,2026-06-25T10:09:40.811Z
N00213,Birchwood Commons,2025-03-13,Property Management,Low,Property leadership requested service enhancement review,Conduct resident awareness campaign,2026-06-25T10:09:16.280Z,2026-06-25T10:09:40.811Z
N00215,Green Oaks,2025-01-28,Vehicle,Medium,Unexpected maintenance increased route completion time,Monitor performance for next 7 days,2026-06-25T10:09:16.280Z,2026-06-25T10:09:40.811Z
N00222,Willow Creek,2025-06-15,Staffing,High,Temporary workers required additional supervision,Increase staffing coverage,2026-06-25T10:09:16.280Z,2026-06-25T10:09:40.811Z
N00274,Sunset Ridge,2025-03-26,Resident Behavior,Medium,Bins not placed at doorstep for scheduled pickup,Monitor performance for next 7 days,2026-06-25T10:09:16.280Z,2026-06-25T10:09:40.811Z
N00296,Birchwood Commons,2025-01-08,Property Management,High,Operational changes were not communicated in advance,Assign backup collection crew,2026-06-25T10:09:16.280Z,2026-06-25T10:09:40.811Z
N00307,Willow Creek,2025-03-26,Vehicle,Low,Fleet availability issues caused route reassignment,Increase staffing coverage,2026-06-25T10:09:16.280Z,2026-06-25T10:09:40.811Z
N00318,Cedar Park,2025-01-05,Property Management,High,Community event impacted collection schedule,Perform operational audit,2026-06-25T10:09:16.280Z,2026-06-25T10:09:40.811Z
N00321,Green Oaks,2025-06-08,Route Planning,High,Inefficient property sequencing impacted schedule adherence,Review route optimization plan,2026-06-25T10:09:16.280Z,2026-06-25T10:09:40.811Z
N00356,Cedar Park,2025-05-13,Staffing,Medium,Unexpected resignations affected operations,Increase staffing coverage,2026-06-25T10:09:16.280Z,2026-06-25T10:09:40.811Z
N00377,Sunset Ridge,2025-01-08,Property Management,Medium,Management requested route modifications,Update access credentials,2026-06-25T10:09:16.280Z,2026-06-25T10:09:40.811Z
N00381,Cedar Park,2025-01-25,Property Management,High,Property leadership requested service enhancement review,Perform operational audit,2026-06-25T10:09:16.280Z,2026-06-25T10:09:40.811Z
N00383,Harbor Pointe,2025-06-19,Staffing,Low,New collector unfamiliar with property layout,Monitor performance for next 7 days,2026-06-25T10:09:16.280Z,2026-06-25T10:09:40.811Z
N00399,Green Oaks,2025-04-17,Vehicle,Critical,Collection vehicle required mid-route maintenance stop,Perform operational audit,2026-06-25T10:09:16.280Z,2026-06-25T10:09:40.811Z
N00400,Cedar Park,2025-03-03,Staffing,Critical,Multiple employee absences occurred simultaneously,Perform operational audit,2026-06-25T10:09:16.280Z,2026-06-25T10:09:40.811Z
N00416,Willow Creek,2025-03-03,Gate Access,High,Gate intercom system malfunctioned during service hours,Monitor performance for next 7 days,2026-06-25T10:09:16.280Z,2026-06-25T10:09:40.811Z
N00422,Lakeview Terrace,2025-06-08,Resident Behavior,Critical,Excess waste volume exceeded expected capacity,Schedule preventive maintenance,2026-06-25T10:09:16.280Z,2026-06-25T10:09:40.811Z
N00441,Birchwood Commons,2025-02-20,Resident Behavior,Medium,Collection bins were inaccessible during service window,Assign backup collection crew,2026-06-25T10:09:16.280Z,2026-06-25T10:09:40.811Z
N00454,Cedar Park,2025-04-19,Staffing,Low,Holiday staffing shortages caused delays,Update access credentials,2026-06-25T10:09:16.280Z,2026-06-25T10:09:40.811Z
N00459,Cedar Park,2025-06-15,Property Management,Critical,Manager reported recurring service concerns,Perform operational audit,2026-06-25T10:09:16.280Z,2026-06-25T10:09:40.811Z
N00481,Maple Court,2025-06-23,Vehicle,High,Truck mechanical issue delayed entire route schedule,Increase staffing coverage,2026-06-25T10:09:16.280Z,2026-06-25T10:09:40.811Z
N00484,Harbor Pointe,2025-05-24,Staffing,Medium,Overtime limitations reduced available coverage,Conduct resident awareness campaign,2026-06-25T10:09:16.280Z,2026-06-25T10:09:40.811Z
N00488,Lakeview Terrace,2025-01-18,Route Planning,Critical,Service area expansion affected route timing,Assign backup collection crew,2026-06-25T10:09:16.280Z,2026-06-25T10:09:40.811Z
N00521,Birchwood Commons,2025-05-07,Resident Behavior,Critical,Resident complaints increased after route schedule change,Review route optimization plan,2026-06-25T10:09:16.280Z,2026-06-25T10:09:40.811Z
N00522,Lakeview Terrace,2025-05-17,Route Planning,High,Travel distance increased due to route modifications,Assign backup collection crew,2026-06-25T10:09:16.280Z,2026-06-25T10:09:40.811Z
N00527,Lakeview Terrace,2025-01-04,Route Planning,Low,Traffic congestion delayed collections across multiple properties,Assign backup collection crew,2026-06-25T10:09:16.280Z,2026-06-25T10:09:40.811Z
N00543,Maple Court,2025-06-10,Route Planning,Low,Dynamic route adjustments improved service outcomes,Increase staffing coverage,2026-06-25T10:09:16.280Z,2026-06-25T10:09:40.811Z
N00552,Harbor Pointe,2025-05-10,Vehicle,High,Fleet availability issues caused route reassignment,Increase staffing coverage,2026-06-25T10:09:16.280Z,2026-06-25T10:09:40.811Z
N00564,Cedar Park,2025-04-29,Route Planning,Critical,Traffic congestion delayed collections across multiple properties,Review route optimization plan,2026-06-25T10:09:16.280Z,2026-06-25T10:09:40.811Z
N00598,Lakeview Terrace,2025-03-31,Resident Behavior,Medium,Residents failed to follow waste segregation guidelines,Schedule preventive maintenance,2026-06-25T10:09:16.280Z,2026-06-25T10:09:40.811Z
N00601,Birchwood Commons,2025-04-17,Gate Access,High,Gate intercom system malfunctioned during service hours,Increase staffing coverage,2026-06-25T10:09:16.280Z,2026-06-25T10:09:40.811Z
N00606,Lakeview Terrace,2025-04-05,Weather,High,Wet conditions reduced collection speed,Increase staffing coverage,2026-06-25T10:09:16.280Z,2026-06-25T10:09:40.811Z
N00625,Maple Court,2025-03-20,Route Planning,Critical,Route optimization issue increased travel time,Escalate issue to regional manager,2026-06-25T10:09:16.280Z,2026-06-25T10:09:40.811Z
N00626,Green Oaks,2025-01-30,Vehicle,High,Equipment failure reduced collection efficiency,Schedule preventive maintenance,2026-06-25T10:09:16.280Z,2026-06-25T10:09:40.811Z
N00652,Maple Court,2025-02-09,Route Planning,Medium,Service area expansion affected route timing,Perform operational audit,2026-06-25T10:09:16.280Z,2026-06-25T10:09:40.811Z
N00654,Cedar Park,2025-02-04,Route Planning,Medium,Traffic congestion delayed collections across multiple properties,Conduct resident awareness campaign,2026-06-25T10:09:16.280Z,2026-06-25T10:09:40.811Z
N00671,Willow Creek,2025-03-13,Vehicle,Medium,Fuel system malfunction impacted collection operations,Increase staffing coverage,2026-06-25T10:09:16.280Z,2026-06-25T10:09:40.811Z
N00689,Harbor Pointe,2025-02-27,Vehicle,Low,Truck mechanical issue delayed entire route schedule,Assign backup collection crew,2026-06-25T10:09:16.280Z,2026-06-25T10:09:40.811Z
N00692,Sunset Ridge,2025-02-06,Property Management,Low,Property renovation disrupted normal collection process,Increase staffing coverage,2026-06-25T10:09:16.280Z,2026-06-25T10:09:40.811Z
N00702,Harbor Pointe,2025-06-11,Staffing,Critical,Insufficient weekend staffing caused backlog,Coordinate with property manager,2026-06-25T10:09:16.280Z,2026-06-25T10:09:40.811Z
N00705,Cedar Park,2025-01-28,Staffing,Medium,New collector unfamiliar with property layout,Update access credentials,2026-06-25T10:09:16.280Z,2026-06-25T10:09:40.811Z
N00707,Cedar Park,2025-01-04,Route Planning,Low,Property clustering analysis suggested optimization opportunities,Increase staffing coverage,2026-06-25T10:09:16.280Z,2026-06-25T10:09:40.811Z
N00736,Lakeview Terrace,2025-01-29,Resident Behavior,Low,Residents failed to follow waste segregation guidelines,Perform operational audit,2026-06-25T10:09:16.280Z,2026-06-25T10:09:40.811Z
N00838,Sunset Ridge,2025-02-20,Property Management,High,Manager reported recurring service concerns,Increase staffing coverage,2026-06-25T10:09:16.280Z,2026-06-25T10:09:40.811Z
N00859,Cedar Park,2025-01-02,Property Management,Low,Maintenance work restricted access to collection areas,Monitor performance for next 7 days,2026-06-25T10:09:16.280Z,2026-06-25T10:09:40.811Z
N00876,Birchwood Commons,2025-04-06,Property Management,High,Community event impacted collection schedule,Monitor performance for next 7 days,2026-06-25T10:09:16.280Z,2026-06-25T10:09:40.811Z
N00882,Maple Court,2025-06-20,Weather,High,Snow accumulation blocked access to several units,Escalate issue to regional manager,2026-06-25T10:09:16.280Z,2026-06-25T10:09:40.811Z
N00899,Cedar Park,2025-05-09,Property Management,Critical,Management escalation required operational review,Assign backup collection crew,2026-06-25T10:09:16.280Z,2026-06-25T10:09:40.811Z
N00935,Lakeview Terrace,2025-02-08,Weather,Low,Emergency weather response delayed operations,Update access credentials,2026-06-25T10:09:16.280Z,2026-06-25T10:09:40.811Z
N00961,Lakeview Terrace,2025-06-27,Route Planning,Critical,Inefficient route sequencing reduced productivity,Review route optimization plan,2026-06-25T10:09:16.280Z,2026-06-25T10:09:40.811Z
N00973,Lakeview Terrace,2025-03-28,Resident Behavior,Critical,Collection instructions were frequently ignored,Conduct resident awareness campaign,2026-06-25T10:09:16.280Z,2026-06-25T10:09:40.811Z
N00984,Maple Court,2025-01-02,Weather,High,Storm conditions resulted in temporary service suspension,Escalate issue to regional manager,2026-06-25T10:09:16.280Z,2026-06-25T10:09:40.811Z
N00035,Cedar Park,2025-01-31,Route Planning,Low,Dynamic route adjustments improved service outcomes,Update access credentials,2026-06-25T10:09:16.280Z,2026-06-25T10:09:40.811Z
N00059,Willow Creek,2025-03-25,Staffing,Medium,Unexpected employee absence impacted daily operations,Coordinate with property manager,2026-06-25T10:09:16.280Z,2026-06-25T10:09:40.811Z
N00070,Green Oaks,2025-04-02,Route Planning,Medium,GPS routing error caused missed service locations,Schedule preventive maintenance,2026-06-25T10:09:16.280Z,2026-06-25T10:09:40.811Z
N00077,Maple Court,2025-06-07,Vehicle,Medium,Emergency repair interrupted collection schedule,Monitor performance for next 7 days,2026-06-25T10:09:16.280Z,2026-06-25T10:09:40.811Z
N00083,Birchwood Commons,2025-02-01,Gate Access,High,Gate intercom system malfunctioned during service hours,Escalate issue to regional manager,2026-06-25T10:09:16.280Z,2026-06-25T10:09:40.811Z
N00102,Sunset Ridge,2025-01-04,Property Management,Low,Service expectations reviewed with property leadership,Assign backup collection crew,2026-06-25T10:09:16.280Z,2026-06-25T10:09:40.811Z
N00127,Sunset Ridge,2025-02-09,Resident Behavior,High,Resident left bin blocked by parked vehicle,Monitor performance for next 7 days,2026-06-25T10:09:16.280Z,2026-06-25T10:09:40.811Z
N00140,Lakeview Terrace,2025-06-09,Resident Behavior,Critical,Residents failed to follow waste segregation guidelines,Monitor performance for next 7 days,2026-06-25T10:09:16.280Z,2026-06-25T10:09:40.811Z
N00142,Harbor Pointe,2025-01-01,Weather,Critical,Severe weather reduced operational efficiency,Schedule preventive maintenance,2026-06-25T10:09:16.280Z,2026-06-25T10:09:40.811Z
N00146,Green Oaks,2025-06-02,Route Planning,High,Service area expansion affected route timing,Update access credentials,2026-06-25T10:09:16.280Z,2026-06-25T10:09:40.811Z
N00148,Birchwood Commons,2025-05-01,Gate Access,Medium,Access credentials expired unexpectedly,Update access credentials,2026-06-25T10:09:16.280Z,2026-06-25T10:09:40.811Z
N00176,Maple Court,2025-05-04,Vehicle,High,Vehicle breakdown impacted collections on route,Perform operational audit,2026-06-25T10:09:16.280Z,2026-06-25T10:09:40.811Z
N00200,Willow Creek,2025-01-04,Staffing,High,Route coverage reduced due to labor constraints,Assign backup collection crew,2026-06-25T10:09:16.280Z,2026-06-25T10:09:40.811Z
N00212,Cedar Park,2025-01-14,Property Management,Critical,Manager reported recurring service concerns,Perform operational audit,2026-06-25T10:09:16.280Z,2026-06-25T10:09:40.811Z
N00225,Harbor Pointe,2025-03-26,Vehicle,High,Truck mechanical issue delayed entire route schedule,Assign backup collection crew,2026-06-25T10:09:16.280Z,2026-06-25T10:09:40.811Z
N00227,Lakeview Terrace,2025-06-04,Resident Behavior,Low,Missed communication led to resident dissatisfaction,Update access credentials,2026-06-25T10:09:16.280Z,2026-06-25T10:09:40.811Z
N00232,Cedar Park,2025-03-29,Property Management,Low,Operational changes were not communicated in advance,Perform operational audit,2026-06-25T10:09:16.280Z,2026-06-25T10:09:40.811Z
N00237,Lakeview Terrace,2025-05-20,Weather,Medium,Weather-related road closures impacted routes,Escalate issue to regional manager,2026-06-25T10:09:16.280Z,2026-06-25T10:09:40.811Z
N00247,Green Oaks,2025-01-08,Vehicle,High,Transmission issue impacted route completion,Conduct resident awareness campaign,2026-06-25T10:09:16.280Z,2026-06-25T10:09:40.811Z
N00266,Green Oaks,2025-04-18,Staffing,High,Unexpected resignations affected operations,Coordinate with property manager,2026-06-25T10:09:16.280Z,2026-06-25T10:09:40.811Z
N00267,Birchwood Commons,2025-04-17,Property Management,Medium,Property upgrades impacted collection logistics,Perform operational audit,2026-06-25T10:09:16.280Z,2026-06-25T10:09:40.811Z
N00268,Green Oaks,2025-02-24,Vehicle,Medium,Maintenance backlog reduced fleet readiness,Monitor performance for next 7 days,2026-06-25T10:09:16.280Z,2026-06-25T10:09:40.811Z
N00281,Willow Creek,2025-02-20,Gate Access,Medium,Incorrect gate code provided by property management,Conduct resident awareness campaign,2026-06-25T10:09:16.280Z,2026-06-25T10:09:40.811Z
N00289,Birchwood Commons,2025-02-16,Property Management,Critical,Property staffing changes impacted coordination,Perform operational audit,2026-06-25T10:09:16.280Z,2026-06-25T10:09:40.811Z
N00305,Green Oaks,2025-02-13,Route Planning,Critical,Unexpected road closure required route diversion,Assign backup collection crew,2026-06-25T10:09:16.280Z,2026-06-25T10:09:40.811Z
N00328,Cedar Park,2025-03-25,Staffing,Critical,New collector unfamiliar with property layout,Update access credentials,2026-06-25T10:09:16.280Z,2026-06-25T10:09:40.811Z
N00339,Birchwood Commons,2025-06-09,Gate Access,High,Entry denied due to missing vendor registration,Perform operational audit,2026-06-25T10:09:16.280Z,2026-06-25T10:09:40.811Z
N00350,Maple Court,2025-02-27,Weather,Low,Ice accumulation restricted vehicle movement,Assign backup collection crew,2026-06-25T10:09:16.280Z,2026-06-25T10:09:40.811Z
N00352,Green Oaks,2025-05-04,Vehicle,Medium,Equipment failure reduced collection efficiency,Conduct resident awareness campaign,2026-06-25T10:09:16.280Z,2026-06-25T10:09:40.811Z
N00358,Sunset Ridge,2025-03-05,Property Management,Medium,Operational changes were not communicated in advance,Escalate issue to regional manager,2026-06-25T10:09:16.280Z,2026-06-25T10:09:40.811Z
N00363,Willow Creek,2025-03-30,Staffing,Low,Shift scheduling conflict resulted in delayed collections,Assign backup collection crew,2026-06-25T10:09:16.280Z,2026-06-25T10:09:40.811Z
N00375,Lakeview Terrace,2025-05-20,Route Planning,Low,Travel distance increased due to route modifications,Schedule preventive maintenance,2026-06-25T10:09:16.280Z,2026-06-25T10:09:40.811Z
N00385,Harbor Pointe,2025-01-14,Staffing,Low,New collector unfamiliar with property layout,Increase staffing coverage,2026-06-25T10:09:16.280Z,2026-06-25T10:09:40.811Z
N00398,Birchwood Commons,2025-06-13,Resident Behavior,Low,Excess waste volume exceeded expected capacity,Coordinate with property manager,2026-06-25T10:09:16.280Z,2026-06-25T10:09:40.811Z
N00408,Lakeview Terrace,2025-06-04,Route Planning,Medium,Peak-hour traffic increased collection duration,Update access credentials,2026-06-25T10:09:16.280Z,2026-06-25T10:09:40.811Z
N00424,Harbor Pointe,2025-03-23,Staffing,Critical,Peak demand exceeded available workforce capacity,Update access credentials,2026-06-25T10:09:16.280Z,2026-06-25T10:09:40.811Z
N00434,Lakeview Terrace,2025-06-13,Resident Behavior,High,Resident participation declined during holiday period,Assign backup collection crew,2026-06-25T10:09:16.280Z,2026-06-25T10:09:40.811Z
N00468,Cedar Park,2025-04-10,Property Management,Low,Property inspection activities disrupted collections,Schedule preventive maintenance,2026-06-25T10:09:16.280Z,2026-06-25T10:09:40.811Z
N00501,Maple Court,2025-01-05,Vehicle,Critical,Collection vehicle required mid-route maintenance stop,Escalate issue to regional manager,2026-06-25T10:09:16.280Z,2026-06-25T10:09:40.811Z
N00539,Sunset Ridge,2025-03-16,Gate Access,Critical,Delayed authorization from security personnel,Schedule preventive maintenance,2026-06-25T10:09:16.280Z,2026-06-25T10:09:40.811Z
N00557,Green Oaks,2025-03-14,Route Planning,High,Route capacity exceeded planned workload,Perform operational audit,2026-06-25T10:09:16.280Z,2026-06-25T10:09:40.811Z
N00587,Sunset Ridge,2025-05-28,Gate Access,Critical,Leasing office did not answer for gate code reset,Coordinate with property manager,2026-06-25T10:09:16.280Z,2026-06-25T10:09:40.811Z
N00597,Lakeview Terrace,2025-06-28,Resident Behavior,Medium,Collection instructions were frequently ignored,Conduct resident awareness campaign,2026-06-25T10:09:16.280Z,2026-06-25T10:09:40.811Z
N00615,Green Oaks,2025-04-29,Vehicle,Critical,Maintenance backlog reduced fleet readiness,Schedule preventive maintenance,2026-06-25T10:09:16.280Z,2026-06-25T10:09:40.811Z
N00635,Harbor Pointe,2025-06-13,Weather,High,Wet conditions reduced collection speed,Coordinate with property manager,2026-06-25T10:09:16.280Z,2026-06-25T10:09:40.811Z
N00636,Maple Court,2025-04-21,Vehicle,High,Engine overheating forced temporary route suspension,Perform operational audit,2026-06-25T10:09:16.280Z,2026-06-25T10:09:40.811Z
N00647,Maple Court,2025-06-11,Route Planning,High,Inefficient property sequencing impacted schedule adherence,Monitor performance for next 7 days,2026-06-25T10:09:16.280Z,2026-06-25T10:09:40.811Z
N00664,Willow Creek,2025-01-08,Vehicle,Critical,Fleet availability issues caused route reassignment,Schedule preventive maintenance,2026-06-25T10:09:16.280Z,2026-06-25T10:09:40.811Z
N00669,Maple Court,2025-03-11,Route Planning,Critical,Route capacity exceeded planned workload,Coordinate with property manager,2026-06-25T10:09:16.280Z,2026-06-25T10:09:40.811Z
N00682,Green Oaks,2025-05-03,Route Planning,Medium,Traffic congestion delayed collections across multiple properties,Monitor performance for next 7 days,2026-06-25T10:09:16.280Z,2026-06-25T10:09:40.811Z
N00700,Cedar Park,2025-06-03,Property Management,Low,Property leadership requested service enhancement review,Review route optimization plan,2026-06-25T10:09:16.280Z,2026-06-25T10:09:40.811Z
N00765,Sunset Ridge,2025-03-28,Gate Access,Low,Entry denied due to missing vendor registration,Escalate issue to regional manager,2026-06-25T10:09:16.280Z,2026-06-25T10:09:40.811Z
N00771,Green Oaks,2025-05-12,Staffing,Critical,Staff shortage on route caused missed pickups,Escalate issue to regional manager,2026-06-25T10:09:16.280Z,2026-06-25T10:09:40.811Z
N00811,Willow Creek,2025-05-14,Gate Access,Critical,Access card failed to unlock service entrance,Assign backup collection crew,2026-06-25T10:09:16.280Z,2026-06-25T10:09:40.811Z
N00818,Lakeview Terrace,2025-05-14,Route Planning,Medium,Service area expansion affected route timing,Increase staffing coverage,2026-06-25T10:09:16.280Z,2026-06-25T10:09:40.811Z
N00824,Maple Court,2025-04-21,Weather,Low,Severe weather reduced operational efficiency,Perform operational audit,2026-06-25T10:09:16.280Z,2026-06-25T10:09:40.811Z
N00825,Sunset Ridge,2025-02-27,Resident Behavior,Critical,Repeated policy violations impacted service quality,Coordinate with property manager,2026-06-25T10:09:16.280Z,2026-06-25T10:09:40.811Z
N00836,Lakeview Terrace,2025-05-15,Resident Behavior,High,Overflowing bins required additional collection effort,Update access credentials,2026-06-25T10:09:16.280Z,2026-06-25T10:09:40.811Z
N00850,Birchwood Commons,2025-05-21,Resident Behavior,Critical,Unauthorized items were left for collection,Coordinate with property manager,2026-06-25T10:09:16.280Z,2026-06-25T10:09:40.811Z
N00860,Cedar Park,2025-05-07,Staffing,Low,Insufficient staffing levels increased route completion time,Escalate issue to regional manager,2026-06-25T10:09:16.280Z,2026-06-25T10:09:40.811Z
N00867,Sunset Ridge,2025-05-19,Property Management,Low,Management requested additional pickup support,Escalate issue to regional manager,2026-06-25T10:09:16.280Z,2026-06-25T10:09:40.811Z
N00868,Willow Creek,2025-02-02,Vehicle,Critical,Collection vehicle required mid-route maintenance stop,Escalate issue to regional manager,2026-06-25T10:09:16.280Z,2026-06-25T10:09:40.811Z
N00872,Cedar Park,2025-05-16,Route Planning,High,Navigation issue delayed route completion,Schedule preventive maintenance,2026-06-25T10:09:16.280Z,2026-06-25T10:09:40.811Z
N00883,Harbor Pointe,2025-06-17,Weather,Critical,Weather advisory required route modification,Coordinate with property manager,2026-06-25T10:09:16.280Z,2026-06-25T10:09:40.811Z
N00893,Sunset Ridge,2025-03-18,Resident Behavior,Medium,Missed communication led to resident dissatisfaction,Increase staffing coverage,2026-06-25T10:09:16.280Z,2026-06-25T10:09:40.811Z
N00896,Birchwood Commons,2025-05-15,Gate Access,Critical,Community gate remained locked during scheduled pickup window,Escalate issue to regional manager,2026-06-25T10:09:16.280Z,2026-06-25T10:09:40.811Z
N00926,Willow Creek,2025-04-13,Gate Access,Medium,Manual gate operation caused route delays,Perform operational audit,2026-06-25T10:09:16.280Z,2026-06-25T10:09:40.811Z
N00930,Birchwood Commons,2025-06-19,Resident Behavior,Medium,Resident left bin blocked by parked vehicle,Assign backup collection crew,2026-06-25T10:09:16.280Z,2026-06-25T10:09:40.811Z
N00931,Green Oaks,2025-05-02,Staffing,Low,Training requirements delayed assignment of replacement collector,Conduct resident awareness campaign,2026-06-25T10:09:16.280Z,2026-06-25T10:09:40.811Z
N00938,Harbor Pointe,2025-02-17,Staffing,Medium,Insufficient staffing levels increased route completion time,Review route optimization plan,2026-06-25T10:09:16.280Z,2026-06-25T10:09:40.811Z
N00960,Birchwood Commons,2025-03-13,Resident Behavior,High,Repeated policy violations impacted service quality,Escalate issue to regional manager,2026-06-25T10:09:16.280Z,2026-06-25T10:09:40.811Z
N00970,Cedar Park,2025-02-20,Property Management,High,Service expectations reviewed with property leadership,Increase staffing coverage,2026-06-25T10:09:16.280Z,2026-06-25T10:09:40.811Z
N00981,Sunset Ridge,2025-03-14,Resident Behavior,High,Residents requested unscheduled pickups,Schedule preventive maintenance,2026-06-25T10:09:16.280Z,2026-06-25T10:09:40.811Z
N00004,Green Oaks,2025-02-26,Staffing,Low,Staff shortage on route caused missed pickups,Schedule preventive maintenance,2026-06-25T10:09:16.280Z,2026-06-25T10:09:40.811Z
N00007,Green Oaks,2025-01-28,Vehicle,Low,Fleet availability issues caused route reassignment,Schedule preventive maintenance,2026-06-25T10:09:16.280Z,2026-06-25T10:09:40.811Z
N00008,Birchwood Commons,2025-03-10,Resident Behavior,Critical,Improper waste disposal created collection challenges,Review route optimization plan,2026-06-25T10:09:16.280Z,2026-06-25T10:09:40.811Z
N00034,Sunset Ridge,2025-06-17,Resident Behavior,Medium,Resident education on waste procedures was recommended,Conduct resident awareness campaign,2026-06-25T10:09:16.280Z,2026-06-25T10:09:40.811Z
N00047,Lakeview Terrace,2025-06-12,Route Planning,Low,Dynamic route adjustments improved service outcomes,Coordinate with property manager,2026-06-25T10:09:16.280Z,2026-06-25T10:09:40.811Z
N00080,Cedar Park,2025-05-20,Property Management,Critical,Property renovation disrupted normal collection process,Conduct resident awareness campaign,2026-06-25T10:09:16.280Z,2026-06-25T10:09:40.811Z
N00104,Willow Creek,2025-01-20,Gate Access,Critical,Entry denied due to missing vendor registration,Perform operational audit,2026-06-25T10:09:16.280Z,2026-06-25T10:09:40.811Z
N00106,Sunset Ridge,2025-01-05,Property Management,High,Property renovation disrupted normal collection process,Monitor performance for next 7 days,2026-06-25T10:09:16.280Z,2026-06-25T10:09:40.811Z
N00168,Sunset Ridge,2025-06-22,Gate Access,Medium,New security protocol delayed collector access,Schedule preventive maintenance,2026-06-25T10:09:16.280Z,2026-06-25T10:09:40.811Z
N00187,Harbor Pointe,2025-02-24,Vehicle,Critical,Fuel system malfunction impacted collection operations,Perform operational audit,2026-06-25T10:09:16.280Z,2026-06-25T10:09:40.811Z
N00203,Cedar Park,2025-04-24,Staffing,Medium,Training requirements delayed assignment of replacement collector,Escalate issue to regional manager,2026-06-25T10:09:16.280Z,2026-06-25T10:09:40.811Z
N00224,Maple Court,2025-06-05,Weather,High,Lightning risk delayed evening collections,Monitor performance for next 7 days,2026-06-25T10:09:16.280Z,2026-06-25T10:09:40.811Z
N00254,Lakeview Terrace,2025-01-01,Resident Behavior,Low,Improperly secured waste created operational issues,Coordinate with property manager,2026-06-25T10:09:16.280Z,2026-06-25T10:09:40.811Z
N00264,Cedar Park,2025-02-16,Property Management,Medium,Access restrictions increased service complexity,Update access credentials,2026-06-25T10:09:16.280Z,2026-06-25T10:09:40.811Z
N00283,Birchwood Commons,2025-05-19,Resident Behavior,Low,Residents failed to follow waste segregation guidelines,Escalate issue to regional manager,2026-06-25T10:09:16.280Z,2026-06-25T10:09:40.811Z
N00286,Sunset Ridge,2025-04-08,Resident Behavior,Medium,Collection instructions were frequently ignored,Update access credentials,2026-06-25T10:09:16.280Z,2026-06-25T10:09:40.811Z
N00288,Lakeview Terrace,2025-06-15,Resident Behavior,Medium,Repeated policy violations impacted service quality,Assign backup collection crew,2026-06-25T10:09:16.280Z,2026-06-25T10:09:40.811Z
N00299,Harbor Pointe,2025-04-15,Weather,Medium,Severe heat affected workforce productivity,Perform operational audit,2026-06-25T10:09:16.280Z,2026-06-25T10:09:40.811Z
N00349,Cedar Park,2025-01-03,Property Management,Critical,Property policy changes affected service delivery,Monitor performance for next 7 days,2026-06-25T10:09:16.280Z,2026-06-25T10:09:40.811Z
N00361,Birchwood Commons,2025-03-16,Gate Access,High,Entry denied due to missing vendor registration,Review route optimization plan,2026-06-25T10:09:16.280Z,2026-06-25T10:09:40.811Z
N00367,Lakeview Terrace,2025-01-08,Route Planning,Low,Route optimization issue increased travel time,Increase staffing coverage,2026-06-25T10:09:16.280Z,2026-06-25T10:09:40.811Z
N00372,Maple Court,2025-04-01,Route Planning,Low,Route redesign recommended to improve performance,Escalate issue to regional manager,2026-06-25T10:09:16.280Z,2026-06-25T10:09:40.811Z
N00379,Cedar Park,2025-05-06,Route Planning,Medium,Traffic congestion delayed collections across multiple properties,Schedule preventive maintenance,2026-06-25T10:09:16.280Z,2026-06-25T10:09:40.811Z
N00420,Maple Court,2025-06-03,Route Planning,Medium,Operational review identified route inefficiencies,Coordinate with property manager,2026-06-25T10:09:16.280Z,2026-06-25T10:09:40.811Z
N00430,Lakeview Terrace,2025-03-11,Weather,Medium,Emergency weather response delayed operations,Coordinate with property manager,2026-06-25T10:09:16.280Z,2026-06-25T10:09:40.811Z
N00438,Cedar Park,2025-04-25,Route Planning,High,Property clustering analysis suggested optimization opportunities,Perform operational audit,2026-06-25T10:09:16.280Z,2026-06-25T10:09:40.811Z
N00464,Maple Court,2025-04-20,Weather,Critical,Flooded access roads prevented route completion,Conduct resident awareness campaign,2026-06-25T10:09:16.280Z,2026-06-25T10:09:40.811Z
N00476,Maple Court,2025-03-31,Weather,Medium,Severe heat affected workforce productivity,Monitor performance for next 7 days,2026-06-25T10:09:16.280Z,2026-06-25T10:09:40.811Z
N00506,Cedar Park,2025-04-23,Property Management,Critical,Service expectations reviewed with property leadership,Conduct resident awareness campaign,2026-06-25T10:09:16.280Z,2026-06-25T10:09:40.811Z
N00507,Sunset Ridge,2025-01-08,Resident Behavior,High,Improper waste disposal created collection challenges,Update access credentials,2026-06-25T10:09:16.280Z,2026-06-25T10:09:40.811Z
N00553,Maple Court,2025-06-18,Weather,High,Storm conditions resulted in temporary service suspension,Review route optimization plan,2026-06-25T10:09:16.280Z,2026-06-25T10:09:40.811Z
N00556,Maple Court,2025-05-07,Vehicle,Critical,Equipment failure reduced collection efficiency,Monitor performance for next 7 days,2026-06-25T10:09:16.280Z,2026-06-25T10:09:40.811Z
N00566,Willow Creek,2025-04-13,Staffing,High,Unexpected resignations affected operations,Update access credentials,2026-06-25T10:09:16.280Z,2026-06-25T10:09:40.811Z
N00573,Sunset Ridge,2025-05-17,Resident Behavior,Low,Missed communication led to resident dissatisfaction,Monitor performance for next 7 days,2026-06-25T10:09:16.280Z,2026-06-25T10:09:40.811Z
N00611,Harbor Pointe,2025-03-06,Weather,Low,Wet conditions reduced collection speed,Schedule preventive maintenance,2026-06-25T10:09:16.280Z,2026-06-25T10:09:40.811Z
N00630,Green Oaks,2025-06-25,Route Planning,Medium,Route optimization issue increased travel time,Escalate issue to regional manager,2026-06-25T10:09:16.280Z,2026-06-25T10:09:40.811Z
N00666,Birchwood Commons,2025-04-28,Gate Access,Low,Community gate remained locked during scheduled pickup window,Monitor performance for next 7 days,2026-06-25T10:09:16.280Z,2026-06-25T10:09:40.811Z
N00675,Maple Court,2025-04-07,Vehicle,Critical,Engine overheating forced temporary route suspension,Schedule preventive maintenance,2026-06-25T10:09:16.280Z,2026-06-25T10:09:40.811Z
N00696,Birchwood Commons,2025-02-22,Gate Access,High,Leasing office did not answer for gate code reset,Schedule preventive maintenance,2026-06-25T10:09:16.280Z,2026-06-25T10:09:40.811Z
N00697,Lakeview Terrace,2025-06-05,Route Planning,Low,Unexpected road closure required route diversion,Coordinate with property manager,2026-06-25T10:09:16.280Z,2026-06-25T10:09:40.811Z
N00739,Green Oaks,2025-05-01,Vehicle,Low,Maintenance backlog reduced fleet readiness,Conduct resident awareness campaign,2026-06-25T10:09:16.280Z,2026-06-25T10:09:40.811Z
N00743,Green Oaks,2025-02-15,Route Planning,High,Inefficient property sequencing impacted schedule adherence,Escalate issue to regional manager,2026-06-25T10:09:16.280Z,2026-06-25T10:09:40.811Z
N00746,Green Oaks,2025-01-14,Vehicle,High,Vehicle inspection identified safety concerns before dispatch,Conduct resident awareness campaign,2026-06-25T10:09:16.280Z,2026-06-25T10:09:40.811Z
N00750,Green Oaks,2025-05-16,Route Planning,High,Operational review identified route inefficiencies,Assign backup collection crew,2026-06-25T10:09:16.280Z,2026-06-25T10:09:40.811Z
N00751,Maple Court,2025-01-08,Route Planning,Low,Scheduling overlap reduced operational efficiency,Schedule preventive maintenance,2026-06-25T10:09:16.280Z,2026-06-25T10:09:40.811Z
N00766,Green Oaks,2025-01-27,Staffing,Medium,Unexpected resignations affected operations,Review route optimization plan,2026-06-25T10:09:16.280Z,2026-06-25T10:09:40.811Z
N00783,Willow Creek,2025-06-04,Gate Access,Low,Gate access restrictions caused delay on route,Update access credentials,2026-06-25T10:09:16.280Z,2026-06-25T10:09:40.811Z
N00806,Cedar Park,2025-04-28,Staffing,Low,Training requirements delayed assignment of replacement collector,Review route optimization plan,2026-06-25T10:09:16.280Z,2026-06-25T10:09:40.811Z
N00807,Maple Court,2025-05-28,Route Planning,Critical,High-density properties created route bottlenecks,Conduct resident awareness campaign,2026-06-25T10:09:16.280Z,2026-06-25T10:09:40.811Z
N00809,Maple Court,2025-05-26,Route Planning,Medium,Route balancing adjustments improved service coverage,Perform operational audit,2026-06-25T10:09:16.280Z,2026-06-25T10:09:40.811Z
N00834,Cedar Park,2025-05-29,Route Planning,Medium,High-density properties created route bottlenecks,Escalate issue to regional manager,2026-06-25T10:09:16.280Z,2026-06-25T10:09:40.811Z
N00844,Willow Creek,2025-05-17,Gate Access,Low,Visitor access restrictions delayed collection process,Assign backup collection crew,2026-06-25T10:09:16.280Z,2026-06-25T10:09:40.811Z
N00861,Maple Court,2025-01-27,Weather,Low,Snow removal activities blocked service access,Assign backup collection crew,2026-06-25T10:09:16.280Z,2026-06-25T10:09:40.811Z
N00902,Harbor Pointe,2025-04-29,Staffing,Critical,Insufficient staffing levels increased route completion time,Review route optimization plan,2026-06-25T10:09:16.280Z,2026-06-25T10:09:40.811Z
N00919,Green Oaks,2025-06-13,Route Planning,Low,Operational review identified route inefficiencies,Review route optimization plan,2026-06-25T10:09:16.280Z,2026-06-25T10:09:40.811Z
N00922,Lakeview Terrace,2025-01-20,Route Planning,Medium,Inefficient route sequencing reduced productivity,Conduct resident awareness campaign,2026-06-25T10:09:16.280Z,2026-06-25T10:09:40.811Z
N00939,Sunset Ridge,2025-01-10,Gate Access,Medium,Access card failed to unlock service entrance,Assign backup collection crew,2026-06-25T10:09:16.280Z,2026-06-25T10:09:40.811Z
N00956,Lakeview Terrace,2025-05-09,Resident Behavior,Critical,Resident education on waste procedures was recommended,Review route optimization plan,2026-06-25T10:09:16.280Z,2026-06-25T10:09:40.811Z
N00964,Willow Creek,2025-06-12,Vehicle,Critical,Truck mechanical issue delayed entire route schedule,Conduct resident awareness campaign,2026-06-25T10:09:16.280Z,2026-06-25T10:09:40.811Z
N00986,Maple Court,2025-04-12,Route Planning,Low,Navigation issue delayed route completion,Assign backup collection crew,2026-06-25T10:09:16.280Z,2026-06-25T10:09:40.811Z
N00987,Harbor Pointe,2025-06-09,Weather,Low,Severe weather reduced operational efficiency,Assign backup collection crew,2026-06-25T10:09:16.280Z,2026-06-25T10:09:40.811Z
N00991,Lakeview Terrace,2025-04-06,Route Planning,Low,Route capacity exceeded planned workload,Coordinate with property manager,2026-06-25T10:09:16.280Z,2026-06-25T10:09:40.811Z
N00994,Green Oaks,2025-06-11,Route Planning,Medium,Inefficient route sequencing reduced productivity,Assign backup collection crew,2026-06-25T10:09:16.280Z,2026-06-25T10:09:40.811Z
N00027,Green Oaks,2025-01-28,Staffing,Medium,New collector unfamiliar with property layout,Perform operational audit,2026-06-25T10:09:16.280Z,2026-06-25T10:09:40.811Z
N00056,Sunset Ridge,2025-03-19,Property Management,Medium,Management communication delay affected operations,Perform operational audit,2026-06-25T10:09:16.280Z,2026-06-25T10:09:40.811Z
N00058,Birchwood Commons,2025-05-06,Resident Behavior,High,Excess waste volume exceeded expected capacity,Increase staffing coverage,2026-06-25T10:09:16.280Z,2026-06-25T10:09:40.811Z
N00063,Lakeview Terrace,2025-02-06,Weather,Medium,Weather-related road closures impacted routes,Escalate issue to regional manager,2026-06-25T10:09:16.280Z,2026-06-25T10:09:40.811Z
N00078,Harbor Pointe,2025-03-07,Weather,Medium,Weather disruptions impacted multiple communities,Conduct resident awareness campaign,2026-06-25T10:09:16.280Z,2026-06-25T10:09:40.811Z
N00094,Harbor Pointe,2025-05-15,Weather,Medium,Unexpected storm activity required schedule changes,Coordinate with property manager,2026-06-25T10:09:16.280Z,2026-06-25T10:09:40.811Z
N00122,Willow Creek,2025-04-22,Vehicle,High,Vehicle breakdown impacted collections on route,Update access credentials,2026-06-25T10:09:16.280Z,2026-06-25T10:09:40.811Z
N00138,Harbor Pointe,2025-01-12,Vehicle,Medium,Emergency repair interrupted collection schedule,Increase staffing coverage,2026-06-25T10:09:16.280Z,2026-06-25T10:09:40.811Z
N00154,Harbor Pointe,2025-06-21,Weather,High,Flooded access roads prevented route completion,Review route optimization plan,2026-06-25T10:09:16.280Z,2026-06-25T10:09:40.811Z
N00185,Cedar Park,2025-01-04,Route Planning,Low,Peak-hour traffic increased collection duration,Conduct resident awareness campaign,2026-06-25T10:09:16.280Z,2026-06-25T10:09:40.811Z
N00218,Maple Court,2025-05-30,Vehicle,High,Vehicle diagnostics required immediate attention,Assign backup collection crew,2026-06-25T10:09:16.280Z,2026-06-25T10:09:40.811Z
N00219,Lakeview Terrace,2025-06-27,Weather,Critical,Heavy rain delayed collection schedule across region,Conduct resident awareness campaign,2026-06-25T10:09:16.280Z,2026-06-25T10:09:40.811Z
N00226,Harbor Pointe,2025-01-04,Weather,Low,Wet conditions reduced collection speed,Assign backup collection crew,2026-06-25T10:09:16.280Z,2026-06-25T10:09:40.811Z
N00250,Sunset Ridge,2025-03-17,Property Management,Medium,Management communication delay affected operations,Conduct resident awareness campaign,2026-06-25T10:09:16.280Z,2026-06-25T10:09:40.811Z
N00265,Willow Creek,2025-03-14,Gate Access,High,Visitor access restrictions delayed collection process,Perform operational audit,2026-06-25T10:09:16.280Z,2026-06-25T10:09:40.811Z
N00276,Birchwood Commons,2025-04-08,Gate Access,High,Service entrance blocked by maintenance activity,Monitor performance for next 7 days,2026-06-25T10:09:16.280Z,2026-06-25T10:09:40.811Z
N00334,Maple Court,2025-03-07,Weather,Critical,Snow accumulation blocked access to several units,Perform operational audit,2026-06-25T10:09:16.280Z,2026-06-25T10:09:40.811Z
N00347,Maple Court,2025-04-20,Route Planning,Low,Route handoff between teams caused delays,Update access credentials,2026-06-25T10:09:16.280Z,2026-06-25T10:09:40.811Z
N00351,Harbor Pointe,2025-02-17,Weather,High,Weather-related road closures impacted routes,Increase staffing coverage,2026-06-25T10:09:16.280Z,2026-06-25T10:09:40.811Z
N00365,Green Oaks,2025-06-26,Staffing,Critical,Temporary workers required additional supervision,Escalate issue to regional manager,2026-06-25T10:09:16.280Z,2026-06-25T10:09:40.811Z
N00369,Cedar Park,2025-01-28,Staffing,Low,Unexpected resignations affected operations,Perform operational audit,2026-06-25T10:09:16.280Z,2026-06-25T10:09:40.811Z
N00449,Sunset Ridge,2025-03-20,Gate Access,Medium,Temporary gate malfunction prevented collector entry,Update access credentials,2026-06-25T10:09:16.280Z,2026-06-25T10:09:40.811Z
N00457,Sunset Ridge,2025-05-15,Gate Access,High,Gate intercom system malfunctioned during service hours,Escalate issue to regional manager,2026-06-25T10:09:16.280Z,2026-06-25T10:09:40.811Z
N00483,Green Oaks,2025-04-28,Route Planning,Low,Travel distance increased due to route modifications,Increase staffing coverage,2026-06-25T10:09:16.280Z,2026-06-25T10:09:40.811Z
N00508,Maple Court,2025-02-23,Route Planning,Critical,Operational review identified route inefficiencies,Increase staffing coverage,2026-06-25T10:09:16.280Z,2026-06-25T10:09:40.811Z
N00551,Birchwood Commons,2025-01-04,Gate Access,Medium,Delayed authorization from security personnel,Coordinate with property manager,2026-06-25T10:09:16.280Z,2026-06-25T10:09:40.811Z
N00567,Maple Court,2025-04-11,Weather,Low,Adverse weather increased average completion times,Conduct resident awareness campaign,2026-06-25T10:09:16.280Z,2026-06-25T10:09:40.811Z
N00572,Lakeview Terrace,2025-06-06,Resident Behavior,Critical,Improper waste disposal created collection challenges,Schedule preventive maintenance,2026-06-25T10:09:16.280Z,2026-06-25T10:09:40.811Z
N00581,Green Oaks,2025-02-06,Vehicle,High,Brake system inspection delayed deployment,Perform operational audit,2026-06-25T10:09:16.280Z,2026-06-25T10:09:40.811Z
N00603,Maple Court,2025-04-17,Weather,High,Weather-related road closures impacted routes,Assign backup collection crew,2026-06-25T10:09:16.280Z,2026-06-25T10:09:40.811Z
N00632,Harbor Pointe,2025-05-12,Weather,Low,Weather disruptions impacted multiple communities,Schedule preventive maintenance,2026-06-25T10:09:16.280Z,2026-06-25T10:09:40.811Z
N00659,Willow Creek,2025-02-28,Staffing,Critical,"Collector called in sick, route covered late",Monitor performance for next 7 days,2026-06-25T10:09:16.280Z,2026-06-25T10:09:40.811Z
N00681,Green Oaks,2025-03-27,Route Planning,Low,Inefficient route sequencing reduced productivity,Schedule preventive maintenance,2026-06-25T10:09:16.280Z,2026-06-25T10:09:40.811Z
N00685,Maple Court,2025-02-19,Vehicle,Medium,Fuel system malfunction impacted collection operations,Monitor performance for next 7 days,2026-06-25T10:09:16.280Z,2026-06-25T10:09:40.811Z
N00687,Maple Court,2025-04-15,Route Planning,Critical,Inefficient route sequencing reduced productivity,Conduct resident awareness campaign,2026-06-25T10:09:16.280Z,2026-06-25T10:09:40.811Z
N00703,Sunset Ridge,2025-03-01,Property Management,Critical,Manager reported recurring service concerns,Schedule preventive maintenance,2026-06-25T10:09:16.280Z,2026-06-25T10:09:40.811Z
N00715,Cedar Park,2025-03-31,Route Planning,Critical,Route handoff between teams caused delays,Assign backup collection crew,2026-06-25T10:09:16.280Z,2026-06-25T10:09:40.811Z
N00723,Lakeview Terrace,2025-03-11,Resident Behavior,Low,Missed communication led to resident dissatisfaction,Coordinate with property manager,2026-06-25T10:09:16.280Z,2026-06-25T10:09:40.811Z
N00752,Harbor Pointe,2025-02-23,Weather,High,Flooded access roads prevented route completion,Schedule preventive maintenance,2026-06-25T10:09:16.280Z,2026-06-25T10:09:40.811Z
N00789,Willow Creek,2025-05-16,Staffing,High,New collector unfamiliar with property layout,Escalate issue to regional manager,2026-06-25T10:09:16.280Z,2026-06-25T10:09:40.811Z
N00804,Sunset Ridge,2025-06-10,Gate Access,Critical,Access credentials expired unexpectedly,Coordinate with property manager,2026-06-25T10:09:16.280Z,2026-06-25T10:09:40.811Z
N00828,Harbor Pointe,2025-05-21,Weather,High,Regional weather event affected service levels,Escalate issue to regional manager,2026-06-25T10:09:16.280Z,2026-06-25T10:09:40.811Z
N00840,Maple Court,2025-04-18,Vehicle,High,Battery failure delayed route departure,Schedule preventive maintenance,2026-06-25T10:09:16.280Z,2026-06-25T10:09:40.811Z
N00847,Willow Creek,2025-02-13,Gate Access,High,Gate intercom system malfunctioned during service hours,Update access credentials,2026-06-25T10:09:16.280Z,2026-06-25T10:09:40.811Z
N00953,Cedar Park,2025-06-05,Staffing,Low,Holiday staffing shortages caused delays,Schedule preventive maintenance,2026-06-25T10:09:16.280Z,2026-06-25T10:09:40.811Z
N00976,Willow Creek,2025-01-19,Vehicle,Medium,Vehicle inspection identified safety concerns before dispatch,Review route optimization plan,2026-06-25T10:09:16.280Z,2026-06-25T10:09:40.811Z
N00010,Lakeview Terrace,2025-05-04,Weather,Medium,Poor visibility affected route safety,Increase staffing coverage,2026-06-25T10:09:16.280Z,2026-06-25T10:09:40.811Z
N00016,Cedar Park,2025-02-04,Staffing,Low,Route coverage reduced due to labor constraints,Perform operational audit,2026-06-25T10:09:16.280Z,2026-06-25T10:09:40.811Z
N00031,Willow Creek,2025-03-01,Gate Access,Medium,Access card failed to unlock service entrance,Monitor performance for next 7 days,2026-06-25T10:09:16.280Z,2026-06-25T10:09:40.811Z
N00038,Maple Court,2025-03-18,Vehicle,High,Unexpected maintenance increased route completion time,Perform operational audit,2026-06-25T10:09:16.280Z,2026-06-25T10:09:40.811Z
N00041,Sunset Ridge,2025-02-17,Resident Behavior,Critical,Excess waste volume exceeded expected capacity,Escalate issue to regional manager,2026-06-25T10:09:16.280Z,2026-06-25T10:09:40.811Z
N00093,Birchwood Commons,2025-04-18,Property Management,Low,Management communication delay affected operations,Escalate issue to regional manager,2026-06-25T10:09:16.280Z,2026-06-25T10:09:40.811Z
N00159,Birchwood Commons,2025-05-19,Gate Access,Medium,Gate intercom system malfunctioned during service hours,Assign backup collection crew,2026-06-25T10:09:16.280Z,2026-06-25T10:09:40.811Z
N00161,Birchwood Commons,2025-02-09,Gate Access,Critical,Access credentials expired unexpectedly,Monitor performance for next 7 days,2026-06-25T10:09:16.280Z,2026-06-25T10:09:40.811Z
N00163,Birchwood Commons,2025-02-27,Property Management,Medium,Management escalation required operational review,Coordinate with property manager,2026-06-25T10:09:16.280Z,2026-06-25T10:09:40.811Z
N00177,Cedar Park,2025-01-20,Property Management,Low,Service expectations reviewed with property leadership,Perform operational audit,2026-06-25T10:09:16.280Z,2026-06-25T10:09:40.811Z
N00182,Cedar Park,2025-01-29,Route Planning,Critical,Service area expansion affected route timing,Escalate issue to regional manager,2026-06-25T10:09:16.280Z,2026-06-25T10:09:40.811Z
N00242,Birchwood Commons,2025-05-19,Property Management,High,Property management requested schedule adjustment,Update access credentials,2026-06-25T10:09:16.280Z,2026-06-25T10:09:40.811Z
N00262,Maple Court,2025-01-16,Weather,Low,Snow removal activities blocked service access,Monitor performance for next 7 days,2026-06-25T10:09:16.280Z,2026-06-25T10:09:40.811Z
N00287,Willow Creek,2025-05-11,Vehicle,High,Replacement vehicle arrived later than expected,Coordinate with property manager,2026-06-25T10:09:16.280Z,2026-06-25T10:09:40.811Z
N00320,Cedar Park,2025-04-09,Staffing,Medium,Recruitment delays limited route coverage,Perform operational audit,2026-06-25T10:09:16.280Z,2026-06-25T10:09:40.811Z
N00329,Harbor Pointe,2025-05-20,Staffing,Critical,New collector unfamiliar with property layout,Conduct resident awareness campaign,2026-06-25T10:09:16.280Z,2026-06-25T10:09:40.811Z
N00333,Sunset Ridge,2025-05-05,Property Management,Medium,Coordination challenges delayed operational response,Escalate issue to regional manager,2026-06-25T10:09:16.280Z,2026-06-25T10:09:40.811Z
N00336,Green Oaks,2025-03-26,Route Planning,High,Inefficient route sequencing reduced productivity,Update access credentials,2026-06-25T10:09:16.280Z,2026-06-25T10:09:40.811Z
N00345,Maple Court,2025-03-07,Weather,Medium,Snow removal activities blocked service access,Coordinate with property manager,2026-06-25T10:09:16.280Z,2026-06-25T10:09:40.811Z
N00453,Cedar Park,2025-06-05,Route Planning,High,High-density properties created route bottlenecks,Update access credentials,2026-06-25T10:09:16.280Z,2026-06-25T10:09:40.811Z
N00455,Green Oaks,2025-03-04,Route Planning,Low,Route redesign recommended to improve performance,Update access credentials,2026-06-25T10:09:16.280Z,2026-06-25T10:09:40.811Z
N00462,Willow Creek,2025-05-28,Gate Access,High,Gate intercom system malfunctioned during service hours,Assign backup collection crew,2026-06-25T10:09:16.280Z,2026-06-25T10:09:40.811Z
N00467,Green Oaks,2025-01-23,Staffing,Medium,Insufficient weekend staffing caused backlog,Schedule preventive maintenance,2026-06-25T10:09:16.280Z,2026-06-25T10:09:40.811Z
N00474,Green Oaks,2025-05-08,Route Planning,High,Route handoff between teams caused delays,Review route optimization plan,2026-06-25T10:09:16.280Z,2026-06-25T10:09:40.811Z
N00475,Birchwood Commons,2025-03-05,Resident Behavior,Medium,Resident complaints were concentrated in specific buildings,Monitor performance for next 7 days,2026-06-25T10:09:16.280Z,2026-06-25T10:09:40.811Z
N00486,Maple Court,2025-01-28,Weather,High,Extreme temperatures slowed collection activities,Increase staffing coverage,2026-06-25T10:09:16.280Z,2026-06-25T10:09:40.811Z
N00487,Lakeview Terrace,2025-02-28,Resident Behavior,Critical,Resident left bin blocked by parked vehicle,Schedule preventive maintenance,2026-06-25T10:09:16.280Z,2026-06-25T10:09:40.811Z
N00505,Harbor Pointe,2025-06-13,Vehicle,Critical,Transmission issue impacted route completion,Assign backup collection crew,2026-06-25T10:09:16.280Z,2026-06-25T10:09:40.811Z
N00516,Green Oaks,2025-01-22,Vehicle,High,Fleet shortage increased route workloads,Review route optimization plan,2026-06-25T10:09:16.280Z,2026-06-25T10:09:40.811Z
N00519,Maple Court,2025-05-07,Route Planning,High,Inefficient route sequencing reduced productivity,Schedule preventive maintenance,2026-06-25T10:09:16.280Z,2026-06-25T10:09:40.811Z
N00525,Sunset Ridge,2025-06-11,Property Management,Critical,Management communication delay affected operations,Increase staffing coverage,2026-06-25T10:09:16.280Z,2026-06-25T10:09:40.811Z
N00529,Lakeview Terrace,2025-05-16,Route Planning,Critical,Scheduling overlap reduced operational efficiency,Schedule preventive maintenance,2026-06-25T10:09:16.280Z,2026-06-25T10:09:40.811Z
N00535,Maple Court,2025-01-07,Weather,Critical,Weather disruptions impacted multiple communities,Assign backup collection crew,2026-06-25T10:09:16.280Z,2026-06-25T10:09:40.811Z
N00540,Sunset Ridge,2025-03-19,Property Management,Critical,Manager reported recurring service concerns,Update access credentials,2026-06-25T10:09:16.280Z,2026-06-25T10:09:40.811Z
N00565,Birchwood Commons,2025-06-19,Resident Behavior,Low,Collection instructions were frequently ignored,Review route optimization plan,2026-06-25T10:09:16.280Z,2026-06-25T10:09:40.811Z
N00590,Willow Creek,2025-02-25,Vehicle,Medium,Vehicle inspection identified safety concerns before dispatch,Coordinate with property manager,2026-06-25T10:09:16.280Z,2026-06-25T10:09:40.811Z
N00592,Cedar Park,2025-05-28,Property Management,High,Manager reported recurring service concerns,Perform operational audit,2026-06-25T10:09:16.280Z,2026-06-25T10:09:40.811Z
N00605,Birchwood Commons,2025-06-13,Property Management,Low,Property inspection activities disrupted collections,Coordinate with property manager,2026-06-25T10:09:16.280Z,2026-06-25T10:09:40.811Z
N00613,Birchwood Commons,2025-05-06,Gate Access,Low,Property manager unavailable to provide updated gate code,Coordinate with property manager,2026-06-25T10:09:16.280Z,2026-06-25T10:09:40.811Z
N00627,Harbor Pointe,2025-01-15,Weather,Low,Adverse weather increased average completion times,Assign backup collection crew,2026-06-25T10:09:16.280Z,2026-06-25T10:09:40.811Z
N00641,Birchwood Commons,2025-06-06,Property Management,Critical,Coordination challenges delayed operational response,Increase staffing coverage,2026-06-25T10:09:16.280Z,2026-06-25T10:09:40.811Z
N00667,Cedar Park,2025-01-18,Property Management,Critical,Property policy changes affected service delivery,Conduct resident awareness campaign,2026-06-25T10:09:16.280Z,2026-06-25T10:09:40.811Z
N00711,Willow Creek,2025-02-28,Gate Access,High,Delayed authorization from security personnel,Conduct resident awareness campaign,2026-06-25T10:09:16.280Z,2026-06-25T10:09:40.811Z
N00731,Birchwood Commons,2025-01-23,Resident Behavior,High,Collection instructions were frequently ignored,Schedule preventive maintenance,2026-06-25T10:09:16.280Z,2026-06-25T10:09:40.811Z
N00741,Lakeview Terrace,2025-04-16,Resident Behavior,Critical,Resident left bin blocked by parked vehicle,Coordinate with property manager,2026-06-25T10:09:16.280Z,2026-06-25T10:09:40.811Z
N00747,Green Oaks,2025-01-16,Staffing,High,Peak demand exceeded available workforce capacity,Increase staffing coverage,2026-06-25T10:09:16.280Z,2026-06-25T10:09:40.811Z
N00754,Sunset Ridge,2025-02-28,Gate Access,Critical,Gate access restrictions caused delay on route,Assign backup collection crew,2026-06-25T10:09:16.280Z,2026-06-25T10:09:40.811Z
N00758,Lakeview Terrace,2025-01-01,Weather,High,Weather-related road closures impacted routes,Coordinate with property manager,2026-06-25T10:09:16.280Z,2026-06-25T10:09:40.811Z
N00788,Cedar Park,2025-05-17,Property Management,High,Property leadership requested service enhancement review,Coordinate with property manager,2026-06-25T10:09:16.280Z,2026-06-25T10:09:40.811Z
N00795,Birchwood Commons,2025-06-10,Resident Behavior,Medium,Resident participation declined during holiday period,Review route optimization plan,2026-06-25T10:09:16.280Z,2026-06-25T10:09:40.811Z
N00833,Cedar Park,2025-01-28,Staffing,Low,Training requirements delayed assignment of replacement collector,Escalate issue to regional manager,2026-06-25T10:09:16.280Z,2026-06-25T10:09:40.811Z
N00845,Maple Court,2025-01-03,Route Planning,Medium,Scheduling overlap reduced operational efficiency,Perform operational audit,2026-06-25T10:09:16.280Z,2026-06-25T10:09:40.811Z
N00855,Maple Court,2025-03-07,Weather,High,Regional weather event affected service levels,Increase staffing coverage,2026-06-25T10:09:16.280Z,2026-06-25T10:09:40.811Z
N00857,Lakeview Terrace,2025-04-13,Weather,Low,Unexpected storm activity required schedule changes,Assign backup collection crew,2026-06-25T10:09:16.280Z,2026-06-25T10:09:40.811Z
N00863,Willow Creek,2025-04-28,Gate Access,Critical,Property manager unavailable to provide updated gate code,Escalate issue to regional manager,2026-06-25T10:09:16.280Z,2026-06-25T10:09:40.811Z
N00871,Sunset Ridge,2025-03-16,Gate Access,High,Access card failed to unlock service entrance,Increase staffing coverage,2026-06-25T10:09:16.280Z,2026-06-25T10:09:40.811Z
N00885,Willow Creek,2025-03-06,Vehicle,High,Maintenance backlog reduced fleet readiness,Assign backup collection crew,2026-06-25T10:09:16.280Z,2026-06-25T10:09:40.811Z
N00900,Lakeview Terrace,2025-01-26,Route Planning,Medium,Route balancing adjustments improved service coverage,Schedule preventive maintenance,2026-06-25T10:09:16.280Z,2026-06-25T10:09:40.811Z
N00936,Willow Creek,2025-06-03,Vehicle,Low,Emergency repair interrupted collection schedule,Update access credentials,2026-06-25T10:09:16.280Z,2026-06-25T10:09:40.811Z
N00940,Cedar Park,2025-01-06,Route Planning,Low,Service area expansion affected route timing,Monitor performance for next 7 days,2026-06-25T10:09:16.280Z,2026-06-25T10:09:40.811Z
N00969,Birchwood Commons,2025-06-11,Gate Access,Critical,Service entrance blocked by maintenance activity,Coordinate with property manager,2026-06-25T10:09:16.280Z,2026-06-25T10:09:40.811Z
N00978,Maple Court,2025-05-08,Vehicle,Low,Brake system inspection delayed deployment,Increase staffing coverage,2026-06-25T10:09:16.280Z,2026-06-25T10:09:40.811Z
N00002,Sunset Ridge,2025-04-24,Resident Behavior,Medium,Missed communication led to resident dissatisfaction,Conduct resident awareness campaign,2026-06-25T10:09:16.280Z,2026-06-25T10:09:40.811Z
N00012,Birchwood Commons,2025-05-19,Resident Behavior,Critical,Repeated policy violations impacted service quality,Increase staffing coverage,2026-06-25T10:09:16.280Z,2026-06-25T10:09:40.811Z
N00015,Cedar Park,2025-02-27,Property Management,Critical,Property policy changes affected service delivery,Assign backup collection crew,2026-06-25T10:09:16.280Z,2026-06-25T10:09:40.811Z
N00052,Willow Creek,2025-01-16,Staffing,Low,Unexpected resignations affected operations,Escalate issue to regional manager,2026-06-25T10:09:16.280Z,2026-06-25T10:09:40.811Z
N00090,Sunset Ridge,2025-04-18,Gate Access,Critical,Property manager unavailable to provide updated gate code,Escalate issue to regional manager,2026-06-25T10:09:16.280Z,2026-06-25T10:09:40.811Z
N00101,Sunset Ridge,2025-02-22,Property Management,Low,Coordination challenges delayed operational response,Increase staffing coverage,2026-06-25T10:09:16.280Z,2026-06-25T10:09:40.811Z
N00111,Harbor Pointe,2025-03-09,Weather,Low,Severe weather reduced operational efficiency,Update access credentials,2026-06-25T10:09:16.280Z,2026-06-25T10:09:40.811Z
N00112,Green Oaks,2025-06-26,Route Planning,Low,Dynamic route adjustments improved service outcomes,Increase staffing coverage,2026-06-25T10:09:16.280Z,2026-06-25T10:09:40.811Z
N00120,Harbor Pointe,2025-02-19,Staffing,Medium,Reduced workforce availability impacted service quality,Coordinate with property manager,2026-06-25T10:09:16.280Z,2026-06-25T10:09:40.811Z
N00130,Lakeview Terrace,2025-05-18,Resident Behavior,Low,Repeated policy violations impacted service quality,Escalate issue to regional manager,2026-06-25T10:09:16.280Z,2026-06-25T10:09:40.811Z
N00135,Sunset Ridge,2025-04-09,Gate Access,Low,Gate access restrictions caused delay on route,Escalate issue to regional manager,2026-06-25T10:09:16.280Z,2026-06-25T10:09:40.811Z
N00136,Harbor Pointe,2025-03-01,Vehicle,Critical,Vehicle servicing overlapped with scheduled collections,Monitor performance for next 7 days,2026-06-25T10:09:16.280Z,2026-06-25T10:09:40.811Z
N00160,Green Oaks,2025-02-12,Route Planning,Medium,Travel distance increased due to route modifications,Assign backup collection crew,2026-06-25T10:09:16.280Z,2026-06-25T10:09:40.811Z
N00184,Green Oaks,2025-04-16,Vehicle,High,Fuel system malfunction impacted collection operations,Increase staffing coverage,2026-06-25T10:09:16.280Z,2026-06-25T10:09:40.811Z
N00221,Cedar Park,2025-03-18,Staffing,Medium,Recruitment delays limited route coverage,Review route optimization plan,2026-06-25T10:09:16.280Z,2026-06-25T10:09:40.811Z
N00282,Willow Creek,2025-01-22,Gate Access,Critical,Security denied entry due to outdated access credentials,Conduct resident awareness campaign,2026-06-25T10:09:16.280Z,2026-06-25T10:09:40.811Z
N00308,Birchwood Commons,2025-06-06,Resident Behavior,High,Collection bins were inaccessible during service window,Review route optimization plan,2026-06-25T10:09:16.280Z,2026-06-25T10:09:40.811Z
N00309,Green Oaks,2025-04-11,Route Planning,Critical,Route capacity exceeded planned workload,Conduct resident awareness campaign,2026-06-25T10:09:16.280Z,2026-06-25T10:09:40.811Z
N00319,Green Oaks,2025-02-05,Route Planning,High,GPS routing error caused missed service locations,Perform operational audit,2026-06-25T10:09:16.280Z,2026-06-25T10:09:40.811Z
N00382,Harbor Pointe,2025-01-25,Vehicle,Critical,Brake system inspection delayed deployment,Increase staffing coverage,2026-06-25T10:09:16.280Z,2026-06-25T10:09:40.811Z
N00403,Lakeview Terrace,2025-04-17,Resident Behavior,High,Several residents reported confusion regarding pickup schedule,Coordinate with property manager,2026-06-25T10:09:16.280Z,2026-06-25T10:09:40.811Z
N00451,Green Oaks,2025-02-08,Route Planning,Low,Route balancing adjustments improved service coverage,Increase staffing coverage,2026-06-25T10:09:16.280Z,2026-06-25T10:09:40.811Z
N00477,Sunset Ridge,2025-02-18,Property Management,High,Access restrictions increased service complexity,Escalate issue to regional manager,2026-06-25T10:09:16.280Z,2026-06-25T10:09:40.811Z
N00524,Green Oaks,2025-06-10,Staffing,Critical,New collector unfamiliar with property layout,Schedule preventive maintenance,2026-06-25T10:09:16.280Z,2026-06-25T10:09:40.811Z
N00536,Willow Creek,2025-02-21,Gate Access,Low,Property manager unavailable to provide updated gate code,Conduct resident awareness campaign,2026-06-25T10:09:16.280Z,2026-06-25T10:09:40.811Z
N00555,Lakeview Terrace,2025-04-05,Route Planning,Medium,Property clustering analysis suggested optimization opportunities,Review route optimization plan,2026-06-25T10:09:16.280Z,2026-06-25T10:09:40.811Z
N00560,Cedar Park,2025-02-13,Property Management,High,Property staffing changes impacted coordination,Escalate issue to regional manager,2026-06-25T10:09:16.280Z,2026-06-25T10:09:40.811Z
N00600,Lakeview Terrace,2025-02-11,Route Planning,Low,Inefficient route sequencing reduced productivity,Monitor performance for next 7 days,2026-06-25T10:09:16.280Z,2026-06-25T10:09:40.811Z
N00609,Lakeview Terrace,2025-04-06,Resident Behavior,Medium,Resident education on waste procedures was recommended,Monitor performance for next 7 days,2026-06-25T10:09:16.280Z,2026-06-25T10:09:40.811Z
N00612,Maple Court,2025-02-25,Weather,Low,Storm conditions resulted in temporary service suspension,Increase staffing coverage,2026-06-25T10:09:16.280Z,2026-06-25T10:09:40.811Z
N00616,Cedar Park,2025-04-30,Route Planning,Medium,Operational review identified route inefficiencies,Perform operational audit,2026-06-25T10:09:16.280Z,2026-06-25T10:09:40.811Z
N00623,Willow Creek,2025-03-29,Staffing,Low,Temporary workers required additional supervision,Coordinate with property manager,2026-06-25T10:09:16.280Z,2026-06-25T10:09:40.811Z
N00628,Maple Court,2025-04-03,Route Planning,Low,High-density properties created route bottlenecks,Assign backup collection crew,2026-06-25T10:09:16.280Z,2026-06-25T10:09:40.811Z
N00655,Birchwood Commons,2025-03-02,Property Management,Critical,Community event impacted collection schedule,Escalate issue to regional manager,2026-06-25T10:09:16.280Z,2026-06-25T10:09:40.811Z
N00694,Birchwood Commons,2025-04-21,Property Management,Critical,Coordination challenges delayed operational response,Update access credentials,2026-06-25T10:09:16.280Z,2026-06-25T10:09:40.811Z
N00710,Harbor Pointe,2025-06-27,Staffing,High,Insufficient weekend staffing caused backlog,Monitor performance for next 7 days,2026-06-25T10:09:16.280Z,2026-06-25T10:09:40.811Z
N00787,Sunset Ridge,2025-04-22,Gate Access,Critical,Security denied entry due to outdated access credentials,Monitor performance for next 7 days,2026-06-25T10:09:16.280Z,2026-06-25T10:09:40.811Z
N00792,Maple Court,2025-06-18,Vehicle,Medium,Vehicle diagnostics required immediate attention,Assign backup collection crew,2026-06-25T10:09:16.280Z,2026-06-25T10:09:40.811Z
N00798,Harbor Pointe,2025-01-18,Weather,Critical,Wet conditions reduced collection speed,Update access credentials,2026-06-25T10:09:16.280Z,2026-06-25T10:09:40.811Z
N00801,Lakeview Terrace,2025-01-18,Weather,Low,Adverse weather increased average completion times,Monitor performance for next 7 days,2026-06-25T10:09:16.280Z,2026-06-25T10:09:40.811Z
N00808,Willow Creek,2025-02-28,Vehicle,High,Replacement vehicle arrived later than expected,Assign backup collection crew,2026-06-25T10:09:16.280Z,2026-06-25T10:09:40.811Z
N00816,Sunset Ridge,2025-02-24,Resident Behavior,Critical,Resident complaints increased after route schedule change,Perform operational audit,2026-06-25T10:09:16.280Z,2026-06-25T10:09:40.811Z
N00831,Green Oaks,2025-03-01,Route Planning,High,Route optimization issue increased travel time,Update access credentials,2026-06-25T10:09:16.280Z,2026-06-25T10:09:40.811Z
N00839,Cedar Park,2025-06-10,Route Planning,Low,Traffic congestion delayed collections across multiple properties,Review route optimization plan,2026-06-25T10:09:16.280Z,2026-06-25T10:09:40.811Z
N00846,Harbor Pointe,2025-01-21,Staffing,Low,Temporary workers required additional supervision,Escalate issue to regional manager,2026-06-25T10:09:16.280Z,2026-06-25T10:09:40.811Z
N00851,Birchwood Commons,2025-03-20,Resident Behavior,Medium,Repeated policy violations impacted service quality,Monitor performance for next 7 days,2026-06-25T10:09:16.280Z,2026-06-25T10:09:40.811Z
N00869,Maple Court,2025-06-19,Vehicle,Low,Vehicle servicing overlapped with scheduled collections,Coordinate with property manager,2026-06-25T10:09:16.280Z,2026-06-25T10:09:40.811Z
N00873,Harbor Pointe,2025-04-14,Staffing,Medium,Holiday staffing shortages caused delays,Coordinate with property manager,2026-06-25T10:09:16.280Z,2026-06-25T10:09:40.811Z
N00895,Birchwood Commons,2025-04-09,Gate Access,Low,Entry denied due to missing vendor registration,Schedule preventive maintenance,2026-06-25T10:09:16.280Z,2026-06-25T10:09:40.811Z
N00897,Harbor Pointe,2025-06-15,Vehicle,Medium,Replacement vehicle arrived later than expected,Coordinate with property manager,2026-06-25T10:09:16.280Z,2026-06-25T10:09:40.811Z
N00905,Sunset Ridge,2025-03-28,Resident Behavior,Low,Several residents reported confusion regarding pickup schedule,Increase staffing coverage,2026-06-25T10:09:16.280Z,2026-06-25T10:09:40.811Z
N00910,Maple Court,2025-01-07,Vehicle,Medium,Vehicle servicing overlapped with scheduled collections,Assign backup collection crew,2026-06-25T10:09:16.280Z,2026-06-25T10:09:40.811Z
N00914,Sunset Ridge,2025-05-31,Gate Access,Medium,Temporary gate malfunction prevented collector entry,Escalate issue to regional manager,2026-06-25T10:09:16.280Z,2026-06-25T10:09:40.811Z
N00916,Cedar Park,2025-01-07,Property Management,High,Management escalation required operational review,Monitor performance for next 7 days,2026-06-25T10:09:16.280Z,2026-06-25T10:09:40.811Z
N00925,Birchwood Commons,2025-06-19,Resident Behavior,Medium,Excess waste volume exceeded expected capacity,Monitor performance for next 7 days,2026-06-25T10:09:16.280Z,2026-06-25T10:09:40.811Z
N00950,Harbor Pointe,2025-06-12,Weather,Low,Unexpected storm activity required schedule changes,Review route optimization plan,2026-06-25T10:09:16.280Z,2026-06-25T10:09:40.811Z
N00982,Willow Creek,2025-02-09,Vehicle,Critical,Vehicle servicing overlapped with scheduled collections,Schedule preventive maintenance,2026-06-25T10:09:16.280Z,2026-06-25T10:09:40.811Z
N00996,Willow Creek,2025-01-23,Vehicle,Medium,Flat tire caused service delays across multiple properties,Conduct resident awareness campaign,2026-06-25T10:09:16.280Z,2026-06-25T10:09:40.811Z
N00006,Sunset Ridge,2025-06-28,Property Management,Low,Property upgrades impacted collection logistics,Update access credentials,2026-06-25T10:09:16.280Z,2026-06-25T10:09:40.811Z
N00021,Sunset Ridge,2025-04-28,Gate Access,High,Security denied entry due to outdated access credentials,Schedule preventive maintenance,2026-06-25T10:09:16.280Z,2026-06-25T10:09:40.811Z
N00023,Cedar Park,2025-01-03,Property Management,Medium,Coordination challenges delayed operational response,Escalate issue to regional manager,2026-06-25T10:09:16.280Z,2026-06-25T10:09:40.811Z
N00042,Maple Court,2025-01-20,Route Planning,Critical,Scheduling overlap reduced operational efficiency,Perform operational audit,2026-06-25T10:09:16.280Z,2026-06-25T10:09:40.811Z
N00053,Birchwood Commons,2025-03-07,Property Management,Critical,Operational feedback meeting identified improvement areas,Monitor performance for next 7 days,2026-06-25T10:09:16.280Z,2026-06-25T10:09:40.811Z
N00069,Birchwood Commons,2025-02-04,Resident Behavior,High,Resident participation declined during holiday period,Update access credentials,2026-06-25T10:09:16.280Z,2026-06-25T10:09:40.811Z
N00081,Cedar Park,2025-06-23,Property Management,Low,Operational changes were not communicated in advance,Review route optimization plan,2026-06-25T10:09:16.280Z,2026-06-25T10:09:40.811Z
N00085,Willow Creek,2025-04-03,Vehicle,Medium,Transmission issue impacted route completion,Schedule preventive maintenance,2026-06-25T10:09:16.280Z,2026-06-25T10:09:40.811Z
N00115,Maple Court,2025-02-01,Route Planning,Critical,Peak-hour traffic increased collection duration,Monitor performance for next 7 days,2026-06-25T10:09:16.280Z,2026-06-25T10:09:40.811Z
N00121,Willow Creek,2025-03-19,Staffing,Medium,Training requirements delayed assignment of replacement collector,Perform operational audit,2026-06-25T10:09:16.280Z,2026-06-25T10:09:40.811Z
N00134,Birchwood Commons,2025-04-15,Gate Access,Medium,Gate access restrictions caused delay on route,Schedule preventive maintenance,2026-06-25T10:09:16.280Z,2026-06-25T10:09:40.811Z
N00150,Sunset Ridge,2025-02-26,Gate Access,High,Gate access restrictions caused delay on route,Monitor performance for next 7 days,2026-06-25T10:09:16.280Z,2026-06-25T10:09:40.811Z
N00171,Cedar Park,2025-01-08,Staffing,Low,Resource allocation issue affected collection schedule,Monitor performance for next 7 days,2026-06-25T10:09:16.280Z,2026-06-25T10:09:40.811Z
N00175,Lakeview Terrace,2025-02-14,Route Planning,Critical,Unexpected road closure required route diversion,Conduct resident awareness campaign,2026-06-25T10:09:16.280Z,2026-06-25T10:09:40.811Z
N00193,Lakeview Terrace,2025-01-29,Resident Behavior,Critical,Missed communication led to resident dissatisfaction,Increase staffing coverage,2026-06-25T10:09:16.280Z,2026-06-25T10:09:40.811Z
N00194,Lakeview Terrace,2025-03-01,Resident Behavior,Critical,Resident left bin blocked by parked vehicle,Perform operational audit,2026-06-25T10:09:16.280Z,2026-06-25T10:09:40.811Z
N00214,Cedar Park,2025-01-14,Property Management,Low,Community event impacted collection schedule,Update access credentials,2026-06-25T10:09:16.280Z,2026-06-25T10:09:40.811Z
N00236,Birchwood Commons,2025-05-07,Gate Access,Medium,New security protocol delayed collector access,Perform operational audit,2026-06-25T10:09:16.280Z,2026-06-25T10:09:40.811Z
N00245,Sunset Ridge,2025-03-26,Gate Access,Critical,Gate access restrictions caused delay on route,Schedule preventive maintenance,2026-06-25T10:09:16.280Z,2026-06-25T10:09:40.811Z
N00273,Cedar Park,2025-05-05,Staffing,High,Overtime limitations reduced available coverage,Update access credentials,2026-06-25T10:09:16.280Z,2026-06-25T10:09:40.811Z
N00294,Cedar Park,2025-05-14,Route Planning,Low,Route optimization issue increased travel time,Monitor performance for next 7 days,2026-06-25T10:09:16.280Z,2026-06-25T10:09:40.811Z
N00342,Harbor Pointe,2025-01-05,Staffing,Low,Peak demand exceeded available workforce capacity,Perform operational audit,2026-06-25T10:09:16.280Z,2026-06-25T10:09:40.811Z
N00355,Willow Creek,2025-02-01,Vehicle,Critical,Collection vehicle required mid-route maintenance stop,Update access credentials,2026-06-25T10:09:16.280Z,2026-06-25T10:09:40.811Z
N00366,Birchwood Commons,2025-01-13,Resident Behavior,High,Resident complaints increased after route schedule change,Increase staffing coverage,2026-06-25T10:09:16.280Z,2026-06-25T10:09:40.811Z
N00373,Cedar Park,2025-04-23,Property Management,Medium,Property policy changes affected service delivery,Schedule preventive maintenance,2026-06-25T10:09:16.280Z,2026-06-25T10:09:40.811Z
N00432,Harbor Pointe,2025-04-09,Staffing,Critical,Overtime limitations reduced available coverage,Conduct resident awareness campaign,2026-06-25T10:09:16.280Z,2026-06-25T10:09:40.811Z
N00452,Lakeview Terrace,2025-05-14,Resident Behavior,High,Residents placed bins outside designated collection hours,Perform operational audit,2026-06-25T10:09:16.280Z,2026-06-25T10:09:40.811Z
N00458,Lakeview Terrace,2025-01-07,Route Planning,Low,Route handoff between teams caused delays,Assign backup collection crew,2026-06-25T10:09:16.280Z,2026-06-25T10:09:40.811Z
N00463,Birchwood Commons,2025-01-25,Gate Access,Medium,Entry denied due to missing vendor registration,Perform operational audit,2026-06-25T10:09:16.280Z,2026-06-25T10:09:40.811Z
N00470,Sunset Ridge,2025-03-07,Gate Access,Low,Community gate remained locked during scheduled pickup window,Coordinate with property manager,2026-06-25T10:09:16.280Z,2026-06-25T10:09:40.811Z
N00471,Lakeview Terrace,2025-04-19,Route Planning,Low,Construction activity blocked primary collection route,Monitor performance for next 7 days,2026-06-25T10:09:16.280Z,2026-06-25T10:09:40.811Z
N00478,Willow Creek,2025-05-31,Gate Access,High,Multiple access attempts required before entry was granted,Monitor performance for next 7 days,2026-06-25T10:09:16.280Z,2026-06-25T10:09:40.811Z
N00485,Birchwood Commons,2025-01-09,Property Management,Low,Property staffing changes impacted coordination,Escalate issue to regional manager,2026-06-25T10:09:16.280Z,2026-06-25T10:09:40.811Z
N00493,Cedar Park,2025-06-02,Route Planning,Critical,GPS routing error caused missed service locations,Review route optimization plan,2026-06-25T10:09:16.280Z,2026-06-25T10:09:40.811Z
N00499,Sunset Ridge,2025-06-23,Resident Behavior,Critical,Late bin placement caused missed pickups,Escalate issue to regional manager,2026-06-25T10:09:16.280Z,2026-06-25T10:09:40.811Z
N00548,Cedar Park,2025-03-19,Staffing,High,Multiple employee absences occurred simultaneously,Assign backup collection crew,2026-06-25T10:09:16.280Z,2026-06-25T10:09:40.811Z
N00550,Birchwood Commons,2025-03-19,Property Management,Low,Property management requested schedule adjustment,Monitor performance for next 7 days,2026-06-25T10:09:16.280Z,2026-06-25T10:09:40.811Z
N00588,Sunset Ridge,2025-04-04,Gate Access,Critical,Access card failed to unlock service entrance,Coordinate with property manager,2026-06-25T10:09:16.280Z,2026-06-25T10:09:40.811Z
N00602,Harbor Pointe,2025-06-20,Weather,High,Regional weather event affected service levels,Escalate issue to regional manager,2026-06-25T10:09:16.280Z,2026-06-25T10:09:40.811Z
N00624,Sunset Ridge,2025-04-18,Gate Access,Critical,Restricted access due to special community event,Escalate issue to regional manager,2026-06-25T10:09:16.280Z,2026-06-25T10:09:40.811Z
N00631,Sunset Ridge,2025-01-03,Gate Access,Low,Restricted access due to special community event,Increase staffing coverage,2026-06-25T10:09:16.280Z,2026-06-25T10:09:40.811Z
N00656,Harbor Pointe,2025-06-28,Weather,Low,Storm conditions resulted in temporary service suspension,Update access credentials,2026-06-25T10:09:16.280Z,2026-06-25T10:09:40.811Z
N00665,Birchwood Commons,2025-01-26,Resident Behavior,Low,Resident education on waste procedures was recommended,Perform operational audit,2026-06-25T10:09:16.280Z,2026-06-25T10:09:40.811Z
N00677,Birchwood Commons,2025-04-18,Gate Access,High,Community access policy changes were not communicated,Update access credentials,2026-06-25T10:09:16.280Z,2026-06-25T10:09:40.811Z
N00695,Lakeview Terrace,2025-01-09,Weather,Critical,Poor visibility affected route safety,Escalate issue to regional manager,2026-06-25T10:09:16.280Z,2026-06-25T10:09:40.811Z
N00757,Sunset Ridge,2025-01-24,Gate Access,Medium,Community gate remained locked during scheduled pickup window,Coordinate with property manager,2026-06-25T10:09:16.280Z,2026-06-25T10:09:40.811Z
N00761,Maple Court,2025-06-21,Route Planning,Low,Service area expansion affected route timing,Escalate issue to regional manager,2026-06-25T10:09:16.280Z,2026-06-25T10:09:40.811Z
N00781,Harbor Pointe,2025-06-22,Vehicle,High,Vehicle breakdown impacted collections on route,Conduct resident awareness campaign,2026-06-25T10:09:16.280Z,2026-06-25T10:09:40.811Z
N00782,Willow Creek,2025-06-23,Staffing,High,Reduced workforce availability impacted service quality,Perform operational audit,2026-06-25T10:09:16.280Z,2026-06-25T10:09:40.811Z
N00786,Maple Court,2025-06-12,Route Planning,Low,Route capacity exceeded planned workload,Escalate issue to regional manager,2026-06-25T10:09:16.280Z,2026-06-25T10:09:40.811Z
N00793,Cedar Park,2025-02-25,Staffing,Low,Shift scheduling conflict resulted in delayed collections,Update access credentials,2026-06-25T10:09:16.280Z,2026-06-25T10:09:40.811Z
N00813,Harbor Pointe,2025-02-11,Vehicle,Critical,Emergency repair interrupted collection schedule,Conduct resident awareness campaign,2026-06-25T10:09:16.280Z,2026-06-25T10:09:40.811Z
N00814,Lakeview Terrace,2025-06-18,Weather,Critical,Severe weather reduced operational efficiency,Monitor performance for next 7 days,2026-06-25T10:09:16.280Z,2026-06-25T10:09:40.811Z
N00817,Lakeview Terrace,2025-02-08,Resident Behavior,Medium,Unauthorized items were left for collection,Review route optimization plan,2026-06-25T10:09:16.280Z,2026-06-25T10:09:40.811Z
N00830,Harbor Pointe,2025-02-04,Vehicle,High,Vehicle servicing overlapped with scheduled collections,Monitor performance for next 7 days,2026-06-25T10:09:16.280Z,2026-06-25T10:09:40.811Z
N00856,Harbor Pointe,2025-02-06,Vehicle,Medium,Hydraulic lift malfunction slowed operations,Perform operational audit,2026-06-25T10:09:16.280Z,2026-06-25T10:09:40.811Z
N00878,Maple Court,2025-01-18,Route Planning,Low,Operational review identified route inefficiencies,Coordinate with property manager,2026-06-25T10:09:16.280Z,2026-06-25T10:09:40.811Z
N00879,Green Oaks,2025-03-12,Route Planning,Low,Construction activity blocked primary collection route,Escalate issue to regional manager,2026-06-25T10:09:16.280Z,2026-06-25T10:09:40.811Z
N00881,Lakeview Terrace,2025-05-25,Route Planning,Low,High-density properties created route bottlenecks,Conduct resident awareness campaign,2026-06-25T10:09:16.280Z,2026-06-25T10:09:40.811Z
N00887,Birchwood Commons,2025-01-24,Resident Behavior,Medium,Resident left bin blocked by parked vehicle,Conduct resident awareness campaign,2026-06-25T10:09:16.280Z,2026-06-25T10:09:40.811Z
N00888,Harbor Pointe,2025-06-14,Staffing,Medium,Shift scheduling conflict resulted in delayed collections,Perform operational audit,2026-06-25T10:09:16.280Z,2026-06-25T10:09:40.811Z
N00903,Cedar Park,2025-03-15,Staffing,Critical,Recruitment delays limited route coverage,Escalate issue to regional manager,2026-06-25T10:09:16.280Z,2026-06-25T10:09:40.811Z
N00921,Lakeview Terrace,2025-02-25,Weather,Critical,Snow accumulation blocked access to several units,Monitor performance for next 7 days,2026-06-25T10:09:16.280Z,2026-06-25T10:09:40.811Z
N00927,Lakeview Terrace,2025-04-11,Resident Behavior,Critical,Resident education on waste procedures was recommended,Escalate issue to regional manager,2026-06-25T10:09:16.280Z,2026-06-25T10:09:40.811Z
N00928,Lakeview Terrace,2025-04-23,Route Planning,Low,Unexpected road closure required route diversion,Conduct resident awareness campaign,2026-06-25T10:09:16.280Z,2026-06-25T10:09:40.811Z
N00933,Willow Creek,2025-06-07,Staffing,High,Unexpected employee absence impacted daily operations,Escalate issue to regional manager,2026-06-25T10:09:16.280Z,2026-06-25T10:09:40.811Z
N00944,Sunset Ridge,2025-03-17,Gate Access,Medium,Community access policy changes were not communicated,Escalate issue to regional manager,2026-06-25T10:09:16.280Z,2026-06-25T10:09:40.811Z
N00948,Willow Creek,2025-02-12,Gate Access,High,Manual gate operation caused route delays,Update access credentials,2026-06-25T10:09:16.280Z,2026-06-25T10:09:40.811Z
N00954,Birchwood Commons,2025-05-18,Property Management,Critical,Property upgrades impacted collection logistics,Escalate issue to regional manager,2026-06-25T10:09:16.280Z,2026-06-25T10:09:40.811Z
N00971,Maple Court,2025-05-10,Route Planning,High,Traffic congestion delayed collections across multiple properties,Perform operational audit,2026-06-25T10:09:16.280Z,2026-06-25T10:09:40.811Z
N00992,Sunset Ridge,2025-05-26,Resident Behavior,Medium,Excess waste volume exceeded expected capacity,Conduct resident awareness campaign,2026-06-25T10:09:16.280Z,2026-06-25T10:09:40.811Z
N01021,Cedar Park,2025-04-14,Route Planning,Medium,Route handoff between teams caused delays,Review route optimization plan,2026-06-25T10:09:16.280Z,2026-06-25T10:09:40.811Z
N01037,Birchwood Commons,2025-01-25,Resident Behavior,High,Late bin placement caused missed pickups,Perform operational audit,2026-06-25T10:09:16.280Z,2026-06-25T10:09:40.811Z
N01038,Green Oaks,2025-05-04,Vehicle,Medium,Fleet availability issues caused route reassignment,Schedule preventive maintenance,2026-06-25T10:09:16.280Z,2026-06-25T10:09:40.811Z
N01045,Maple Court,2025-01-03,Vehicle,High,Battery failure delayed route departure,Conduct resident awareness campaign,2026-06-25T10:09:16.280Z,2026-06-25T10:09:40.811Z
N01064,Willow Creek,2025-06-28,Gate Access,Medium,New security protocol delayed collector access,Perform operational audit,2026-06-25T10:09:16.280Z,2026-06-25T10:09:40.811Z
N01073,Sunset Ridge,2025-05-02,Gate Access,High,Property manager unavailable to provide updated gate code,Update access credentials,2026-06-25T10:09:16.280Z,2026-06-25T10:09:40.811Z
N01078,Cedar Park,2025-05-02,Route Planning,Medium,Navigation issue delayed route completion,Monitor performance for next 7 days,2026-06-25T10:09:16.280Z,2026-06-25T10:09:40.811Z
N01104,Willow Creek,2025-01-20,Gate Access,Critical,Restricted access due to special community event,Update access credentials,2026-06-25T10:09:16.280Z,2026-06-25T10:09:40.811Z
N01113,Green Oaks,2025-06-12,Vehicle,High,Vehicle servicing overlapped with scheduled collections,Escalate issue to regional manager,2026-06-25T10:09:16.280Z,2026-06-25T10:09:40.811Z
N01117,Cedar Park,2025-05-24,Property Management,Low,Management requested route modifications,Conduct resident awareness campaign,2026-06-25T10:09:16.280Z,2026-06-25T10:09:40.811Z
N01131,Cedar Park,2025-06-03,Route Planning,Low,Unexpected road closure required route diversion,Escalate issue to regional manager,2026-06-25T10:09:16.280Z,2026-06-25T10:09:40.811Z
N01134,Lakeview Terrace,2025-06-10,Weather,High,High winds created safety concerns for collectors,Monitor performance for next 7 days,2026-06-25T10:09:16.280Z,2026-06-25T10:09:40.811Z
N01150,Lakeview Terrace,2025-01-08,Weather,Critical,Regional weather event affected service levels,Update access credentials,2026-06-25T10:09:16.280Z,2026-06-25T10:09:40.811Z
N01160,Sunset Ridge,2025-02-09,Resident Behavior,Critical,Resident participation declined during holiday period,Perform operational audit,2026-06-25T10:09:16.280Z,2026-06-25T10:09:40.811Z
N01171,Harbor Pointe,2025-04-21,Vehicle,High,Battery failure delayed route departure,Coordinate with property manager,2026-06-25T10:09:16.280Z,2026-06-25T10:09:40.811Z
N01180,Cedar Park,2025-05-21,Route Planning,Low,Travel distance increased due to route modifications,Increase staffing coverage,2026-06-25T10:09:16.280Z,2026-06-25T10:09:40.811Z
N01186,Cedar Park,2025-03-23,Staffing,High,Recruitment delays limited route coverage,Increase staffing coverage,2026-06-25T10:09:16.280Z,2026-06-25T10:09:40.811Z
N01190,Willow Creek,2025-04-26,Gate Access,Critical,Multiple access attempts required before entry was granted,Increase staffing coverage,2026-06-25T10:09:16.280Z,2026-06-25T10:09:40.811Z
N01245,Harbor Pointe,2025-05-29,Vehicle,Critical,Equipment failure reduced collection efficiency,Assign backup collection crew,2026-06-25T10:09:16.280Z,2026-06-25T10:09:40.811Z
N01246,Sunset Ridge,2025-03-15,Resident Behavior,Medium,Residents requested unscheduled pickups,Update access credentials,2026-06-25T10:09:16.280Z,2026-06-25T10:09:40.811Z
N01276,Cedar Park,2025-03-30,Property Management,High,Operational feedback meeting identified improvement areas,Monitor performance for next 7 days,2026-06-25T10:09:16.280Z,2026-06-25T10:09:40.811Z
N01289,Harbor Pointe,2025-01-26,Vehicle,High,Equipment failure reduced collection efficiency,Review route optimization plan,2026-06-25T10:09:16.280Z,2026-06-25T10:09:40.811Z
N01292,Harbor Pointe,2025-02-09,Vehicle,Low,Maintenance backlog reduced fleet readiness,Update access credentials,2026-06-25T10:09:16.280Z,2026-06-25T10:09:40.811Z
N01293,Sunset Ridge,2025-04-11,Resident Behavior,High,Collection instructions were frequently ignored,Perform operational audit,2026-06-25T10:09:16.280Z,2026-06-25T10:09:40.811Z
N01307,Lakeview Terrace,2025-01-18,Route Planning,Low,High-density properties created route bottlenecks,Update access credentials,2026-06-25T10:09:16.280Z,2026-06-25T10:09:40.811Z
N01315,Lakeview Terrace,2025-04-06,Resident Behavior,Medium,Missed communication led to resident dissatisfaction,Perform operational audit,2026-06-25T10:09:16.280Z,2026-06-25T10:09:40.811Z
N01323,Harbor Pointe,2025-06-19,Vehicle,Medium,Replacement vehicle arrived later than expected,Escalate issue to regional manager,2026-06-25T10:09:16.280Z,2026-06-25T10:09:40.811Z
N01330,Cedar Park,2025-04-13,Route Planning,Critical,Traffic congestion delayed collections across multiple properties,Update access credentials,2026-06-25T10:09:16.280Z,2026-06-25T10:09:40.811Z
N01331,Birchwood Commons,2025-01-14,Property Management,Critical,Manager reported recurring service concerns,Coordinate with property manager,2026-06-25T10:09:16.280Z,2026-06-25T10:09:40.811Z
N01333,Sunset Ridge,2025-04-19,Resident Behavior,Medium,Resident complaints were concentrated in specific buildings,Review route optimization plan,2026-06-25T10:09:16.280Z,2026-06-25T10:09:40.811Z
N01339,Maple Court,2025-03-08,Route Planning,Medium,Route balancing adjustments improved service coverage,Conduct resident awareness campaign,2026-06-25T10:09:16.280Z,2026-06-25T10:09:40.811Z
N01348,Lakeview Terrace,2025-02-28,Resident Behavior,Medium,Residents placed bins outside designated collection hours,Coordinate with property manager,2026-06-25T10:09:16.280Z,2026-06-25T10:09:40.811Z
N01362,Birchwood Commons,2025-01-03,Resident Behavior,Medium,Improper waste disposal created collection challenges,Update access credentials,2026-06-25T10:09:16.280Z,2026-06-25T10:09:40.811Z
N01368,Willow Creek,2025-03-10,Gate Access,Critical,Gate access restrictions caused delay on route,Escalate issue to regional manager,2026-06-25T10:09:16.280Z,2026-06-25T10:09:40.811Z
N01370,Harbor Pointe,2025-02-08,Staffing,High,"Collector called in sick, route covered late",Monitor performance for next 7 days,2026-06-25T10:09:16.280Z,2026-06-25T10:09:40.811Z
N01383,Sunset Ridge,2025-06-02,Property Management,Critical,Property inspection activities disrupted collections,Perform operational audit,2026-06-25T10:09:16.280Z,2026-06-25T10:09:40.811Z
N01392,Harbor Pointe,2025-03-17,Staffing,Medium,Training requirements delayed assignment of replacement collector,Escalate issue to regional manager,2026-06-25T10:09:16.280Z,2026-06-25T10:09:40.811Z
N01402,Birchwood Commons,2025-06-17,Property Management,Medium,Operational changes were not communicated in advance,Review route optimization plan,2026-06-25T10:09:16.280Z,2026-06-25T10:09:40.811Z
N01410,Harbor Pointe,2025-01-12,Staffing,Low,Recruitment delays limited route coverage,Monitor performance for next 7 days,2026-06-25T10:09:16.280Z,2026-06-25T10:09:40.811Z
N01446,Cedar Park,2025-05-02,Staffing,Low,Resource allocation issue affected collection schedule,Update access credentials,2026-06-25T10:09:16.280Z,2026-06-25T10:09:40.811Z
N01463,Birchwood Commons,2025-01-09,Resident Behavior,Medium,Excess waste volume exceeded expected capacity,Coordinate with property manager,2026-06-25T10:09:16.280Z,2026-06-25T10:09:40.811Z
N01507,Maple Court,2025-06-12,Vehicle,Medium,Vehicle inspection identified safety concerns before dispatch,Update access credentials,2026-06-25T10:09:16.280Z,2026-06-25T10:09:40.811Z
N01518,Harbor Pointe,2025-03-24,Vehicle,Medium,Fleet shortage increased route workloads,Increase staffing coverage,2026-06-25T10:09:16.280Z,2026-06-25T10:09:40.811Z
N01534,Maple Court,2025-06-23,Weather,Medium,Ice accumulation restricted vehicle movement,Coordinate with property manager,2026-06-25T10:09:16.280Z,2026-06-25T10:09:40.811Z
N01549,Harbor Pointe,2025-02-09,Vehicle,Low,Fuel system malfunction impacted collection operations,Perform operational audit,2026-06-25T10:09:16.280Z,2026-06-25T10:09:40.811Z
N01570,Birchwood Commons,2025-03-17,Gate Access,Low,Incorrect gate code provided by property management,Update access credentials,2026-06-25T10:09:16.280Z,2026-06-25T10:09:40.811Z
N01596,Green Oaks,2025-05-10,Vehicle,Medium,Fleet availability issues caused route reassignment,Update access credentials,2026-06-25T10:09:16.280Z,2026-06-25T10:09:40.811Z
N01597,Willow Creek,2025-02-27,Staffing,Low,Unexpected employee absence impacted daily operations,Monitor performance for next 7 days,2026-06-25T10:09:16.280Z,2026-06-25T10:09:40.811Z
N01599,Willow Creek,2025-01-10,Staffing,Critical,Insufficient weekend staffing caused backlog,Perform operational audit,2026-06-25T10:09:16.280Z,2026-06-25T10:09:40.811Z
N01601,Birchwood Commons,2025-04-12,Property Management,High,Property upgrades impacted collection logistics,Review route optimization plan,2026-06-25T10:09:16.280Z,2026-06-25T10:09:40.811Z
N01608,Sunset Ridge,2025-04-04,Resident Behavior,Low,Bins not placed at doorstep for scheduled pickup,Conduct resident awareness campaign,2026-06-25T10:09:16.280Z,2026-06-25T10:09:40.811Z
N01629,Harbor Pointe,2025-06-13,Staffing,Low,Temporary workers required additional supervision,Conduct resident awareness campaign,2026-06-25T10:09:16.280Z,2026-06-25T10:09:40.811Z
N01654,Green Oaks,2025-01-30,Route Planning,Medium,High-density properties created route bottlenecks,Conduct resident awareness campaign,2026-06-25T10:09:16.280Z,2026-06-25T10:09:40.811Z
N01655,Sunset Ridge,2025-06-26,Property Management,Critical,Coordination challenges delayed operational response,Perform operational audit,2026-06-25T10:09:16.280Z,2026-06-25T10:09:40.811Z
N01695,Sunset Ridge,2025-05-22,Resident Behavior,Medium,Resident left bin blocked by parked vehicle,Assign backup collection crew,2026-06-25T10:09:16.280Z,2026-06-25T10:09:40.811Z
N01710,Cedar Park,2025-04-24,Staffing,Medium,High employee turnover affected route consistency,Escalate issue to regional manager,2026-06-25T10:09:16.280Z,2026-06-25T10:09:40.811Z
N01746,Willow Creek,2025-05-18,Gate Access,Critical,Driver could not access community - gate code expired,Review route optimization plan,2026-06-25T10:09:16.280Z,2026-06-25T10:09:40.811Z
N01754,Sunset Ridge,2025-04-17,Property Management,Low,Property policy changes affected service delivery,Monitor performance for next 7 days,2026-06-25T10:09:16.280Z,2026-06-25T10:09:40.811Z
N01764,Green Oaks,2025-06-10,Vehicle,High,Truck mechanical issue delayed entire route schedule,Increase staffing coverage,2026-06-25T10:09:16.280Z,2026-06-25T10:09:40.811Z
N01770,Willow Creek,2025-04-22,Staffing,Low,Resource allocation issue affected collection schedule,Increase staffing coverage,2026-06-25T10:09:16.280Z,2026-06-25T10:09:40.811Z
N01838,Green Oaks,2025-01-09,Vehicle,High,Transmission issue impacted route completion,Update access credentials,2026-06-25T10:09:16.280Z,2026-06-25T10:09:40.811Z
N01849,Green Oaks,2025-02-23,Vehicle,High,Engine overheating forced temporary route suspension,Perform operational audit,2026-06-25T10:09:16.280Z,2026-06-25T10:09:40.811Z
N01887,Cedar Park,2025-02-09,Property Management,Critical,Property inspection activities disrupted collections,Review route optimization plan,2026-06-25T10:09:16.280Z,2026-06-25T10:09:40.811Z
N01910,Sunset Ridge,2025-04-21,Property Management,High,Building access procedures updated without notice,Coordinate with property manager,2026-06-25T10:09:16.280Z,2026-06-25T10:09:40.811Z
N01917,Sunset Ridge,2025-05-10,Gate Access,Critical,Driver could not access community - gate code expired,Update access credentials,2026-06-25T10:09:16.280Z,2026-06-25T10:09:40.811Z
N01952,Sunset Ridge,2025-03-17,Resident Behavior,Medium,Repeated policy violations impacted service quality,Perform operational audit,2026-06-25T10:09:16.280Z,2026-06-25T10:09:40.811Z
N01976,Birchwood Commons,2025-02-08,Gate Access,High,Multiple access attempts required before entry was granted,Monitor performance for next 7 days,2026-06-25T10:09:16.280Z,2026-06-25T10:09:40.811Z
N01979,Willow Creek,2025-05-29,Staffing,Critical,Route coverage reduced due to labor constraints,Schedule preventive maintenance,2026-06-25T10:09:16.280Z,2026-06-25T10:09:40.811Z
N01999,Maple Court,2025-04-03,Weather,High,Emergency weather response delayed operations,Schedule preventive maintenance,2026-06-25T10:09:16.280Z,2026-06-25T10:09:40.811Z
N01001,Willow Creek,2025-02-20,Staffing,High,Unexpected employee absence impacted daily operations,Coordinate with property manager,2026-06-25T10:09:16.280Z,2026-06-25T10:09:40.811Z
N01002,Harbor Pointe,2025-02-27,Staffing,Low,Reduced workforce availability impacted service quality,Review route optimization plan,2026-06-25T10:09:16.280Z,2026-06-25T10:09:40.811Z
N01003,Lakeview Terrace,2025-02-10,Route Planning,Medium,Inefficient route sequencing reduced productivity,Assign backup collection crew,2026-06-25T10:09:16.280Z,2026-06-25T10:09:40.811Z
N01007,Maple Court,2025-03-11,Vehicle,High,Brake system inspection delayed deployment,Monitor performance for next 7 days,2026-06-25T10:09:16.280Z,2026-06-25T10:09:40.811Z
N01018,Maple Court,2025-04-28,Route Planning,Critical,High-density properties created route bottlenecks,Assign backup collection crew,2026-06-25T10:09:16.280Z,2026-06-25T10:09:40.811Z
N01019,Birchwood Commons,2025-03-31,Resident Behavior,High,Residents placed bins outside designated collection hours,Escalate issue to regional manager,2026-06-25T10:09:16.280Z,2026-06-25T10:09:40.811Z
N01025,Harbor Pointe,2025-06-11,Weather,Critical,Weather disruptions impacted multiple communities,Update access credentials,2026-06-25T10:09:16.280Z,2026-06-25T10:09:40.811Z
N01048,Willow Creek,2025-04-03,Gate Access,Critical,Security denied entry due to outdated access credentials,Perform operational audit,2026-06-25T10:09:16.280Z,2026-06-25T10:09:40.811Z
N01052,Birchwood Commons,2025-02-28,Resident Behavior,Critical,Resident left bin blocked by parked vehicle,Conduct resident awareness campaign,2026-06-25T10:09:16.280Z,2026-06-25T10:09:40.811Z
N01090,Green Oaks,2025-02-25,Route Planning,Low,Traffic congestion delayed collections across multiple properties,Increase staffing coverage,2026-06-25T10:09:16.280Z,2026-06-25T10:09:40.811Z
N01116,Lakeview Terrace,2025-04-06,Route Planning,Critical,Peak-hour traffic increased collection duration,Assign backup collection crew,2026-06-25T10:09:16.280Z,2026-06-25T10:09:40.811Z
N01119,Maple Court,2025-02-03,Vehicle,Low,Transmission issue impacted route completion,Schedule preventive maintenance,2026-06-25T10:09:16.280Z,2026-06-25T10:09:40.811Z
N01135,Harbor Pointe,2025-01-29,Vehicle,Critical,Replacement vehicle arrived later than expected,Review route optimization plan,2026-06-25T10:09:16.280Z,2026-06-25T10:09:40.811Z
N01210,Cedar Park,2025-02-02,Staffing,Low,Reduced workforce availability impacted service quality,Coordinate with property manager,2026-06-25T10:09:16.280Z,2026-06-25T10:09:40.811Z
N01239,Cedar Park,2025-04-21,Staffing,High,New collector unfamiliar with property layout,Monitor performance for next 7 days,2026-06-25T10:09:16.280Z,2026-06-25T10:09:40.811Z
N01244,Cedar Park,2025-01-20,Staffing,High,"Collector called in sick, route covered late",Increase staffing coverage,2026-06-25T10:09:16.280Z,2026-06-25T10:09:40.811Z
N01247,Cedar Park,2025-04-13,Property Management,Critical,Management requested additional pickup support,Escalate issue to regional manager,2026-06-25T10:09:16.280Z,2026-06-25T10:09:40.811Z
N01250,Maple Court,2025-06-21,Route Planning,Low,Route handoff between teams caused delays,Increase staffing coverage,2026-06-25T10:09:16.280Z,2026-06-25T10:09:40.811Z
N01256,Willow Creek,2025-02-23,Staffing,Low,Reduced workforce availability impacted service quality,Review route optimization plan,2026-06-25T10:09:16.280Z,2026-06-25T10:09:40.811Z
N01291,Harbor Pointe,2025-02-26,Staffing,Critical,Holiday staffing shortages caused delays,Update access credentials,2026-06-25T10:09:16.280Z,2026-06-25T10:09:40.811Z
N01319,Green Oaks,2025-04-06,Route Planning,High,Unexpected road closure required route diversion,Review route optimization plan,2026-06-25T10:09:16.280Z,2026-06-25T10:09:40.811Z
N01326,Harbor Pointe,2025-04-30,Staffing,Medium,Peak demand exceeded available workforce capacity,Assign backup collection crew,2026-06-25T10:09:16.280Z,2026-06-25T10:09:40.811Z
N01337,Cedar Park,2025-03-18,Staffing,Medium,Unexpected resignations affected operations,Assign backup collection crew,2026-06-25T10:09:16.280Z,2026-06-25T10:09:40.811Z
N01346,Willow Creek,2025-06-13,Gate Access,Medium,Service entrance blocked by maintenance activity,Conduct resident awareness campaign,2026-06-25T10:09:16.280Z,2026-06-25T10:09:40.811Z
N01352,Green Oaks,2025-05-07,Vehicle,Low,Emergency repair interrupted collection schedule,Update access credentials,2026-06-25T10:09:16.280Z,2026-06-25T10:09:40.811Z
N01363,Cedar Park,2025-06-25,Route Planning,High,Peak-hour traffic increased collection duration,Update access credentials,2026-06-25T10:09:16.280Z,2026-06-25T10:09:40.811Z
N01377,Cedar Park,2025-03-05,Property Management,Medium,Coordination challenges delayed operational response,Perform operational audit,2026-06-25T10:09:16.280Z,2026-06-25T10:09:40.811Z
N01385,Willow Creek,2025-04-29,Staffing,Medium,Holiday staffing shortages caused delays,Escalate issue to regional manager,2026-06-25T10:09:16.280Z,2026-06-25T10:09:40.811Z
N01393,Lakeview Terrace,2025-01-15,Resident Behavior,Medium,Repeated policy violations impacted service quality,Update access credentials,2026-06-25T10:09:16.280Z,2026-06-25T10:09:40.811Z
N01404,Lakeview Terrace,2025-01-27,Resident Behavior,High,Missed communication led to resident dissatisfaction,Increase staffing coverage,2026-06-25T10:09:16.280Z,2026-06-25T10:09:40.811Z
N01462,Birchwood Commons,2025-06-14,Property Management,Medium,Access restrictions increased service complexity,Escalate issue to regional manager,2026-06-25T10:09:16.280Z,2026-06-25T10:09:40.811Z
N01493,Sunset Ridge,2025-05-19,Property Management,Low,Building access procedures updated without notice,Monitor performance for next 7 days,2026-06-25T10:09:16.280Z,2026-06-25T10:09:40.811Z
N01530,Maple Court,2025-02-05,Weather,Critical,Severe heat affected workforce productivity,Review route optimization plan,2026-06-25T10:09:16.280Z,2026-06-25T10:09:40.811Z
N01532,Lakeview Terrace,2025-01-21,Resident Behavior,Medium,Residents failed to follow waste segregation guidelines,Coordinate with property manager,2026-06-25T10:09:16.280Z,2026-06-25T10:09:40.811Z
N01533,Lakeview Terrace,2025-05-10,Resident Behavior,Low,Resident participation declined during holiday period,Schedule preventive maintenance,2026-06-25T10:09:16.280Z,2026-06-25T10:09:40.811Z
N01537,Green Oaks,2025-03-09,Route Planning,Medium,Route handoff between teams caused delays,Conduct resident awareness campaign,2026-06-25T10:09:16.280Z,2026-06-25T10:09:40.811Z
N01551,Maple Court,2025-01-23,Weather,Low,Snow accumulation blocked access to several units,Assign backup collection crew,2026-06-25T10:09:16.280Z,2026-06-25T10:09:40.811Z
N01562,Cedar Park,2025-06-08,Staffing,Medium,Unexpected employee absence impacted daily operations,Perform operational audit,2026-06-25T10:09:16.280Z,2026-06-25T10:09:40.811Z
N01567,Lakeview Terrace,2025-05-03,Weather,High,Snow removal activities blocked service access,Perform operational audit,2026-06-25T10:09:16.280Z,2026-06-25T10:09:40.811Z
N01575,Sunset Ridge,2025-02-06,Gate Access,Medium,Community gate remained locked during scheduled pickup window,Perform operational audit,2026-06-25T10:09:16.280Z,2026-06-25T10:09:40.811Z
N01617,Sunset Ridge,2025-03-29,Resident Behavior,Low,Unauthorized items were left for collection,Perform operational audit,2026-06-25T10:09:16.280Z,2026-06-25T10:09:40.811Z
N01628,Sunset Ridge,2025-06-27,Property Management,Critical,Management escalation required operational review,Assign backup collection crew,2026-06-25T10:09:16.280Z,2026-06-25T10:09:40.811Z
N01645,Maple Court,2025-03-10,Vehicle,Medium,Battery failure delayed route departure,Assign backup collection crew,2026-06-25T10:09:16.280Z,2026-06-25T10:09:40.811Z
N01672,Willow Creek,2025-06-10,Vehicle,High,Fleet shortage increased route workloads,Escalate issue to regional manager,2026-06-25T10:09:16.280Z,2026-06-25T10:09:40.811Z
N01678,Cedar Park,2025-01-30,Staffing,High,Temporary workers required additional supervision,Increase staffing coverage,2026-06-25T10:09:16.280Z,2026-06-25T10:09:40.811Z
N01692,Harbor Pointe,2025-02-11,Weather,Critical,Snow removal activities blocked service access,Coordinate with property manager,2026-06-25T10:09:16.280Z,2026-06-25T10:09:40.811Z
N01709,Green Oaks,2025-03-20,Vehicle,Medium,Collection vehicle required mid-route maintenance stop,Increase staffing coverage,2026-06-25T10:09:16.280Z,2026-06-25T10:09:40.811Z
N01735,Lakeview Terrace,2025-04-06,Weather,Low,Snow removal activities blocked service access,Update access credentials,2026-06-25T10:09:16.280Z,2026-06-25T10:09:40.811Z
N01736,Harbor Pointe,2025-01-24,Vehicle,High,Fleet shortage increased route workloads,Perform operational audit,2026-06-25T10:09:16.280Z,2026-06-25T10:09:40.811Z
N01763,Sunset Ridge,2025-04-01,Gate Access,High,Temporary gate malfunction prevented collector entry,Assign backup collection crew,2026-06-25T10:09:16.280Z,2026-06-25T10:09:40.811Z
N01774,Harbor Pointe,2025-05-08,Weather,Critical,Unexpected storm activity required schedule changes,Escalate issue to regional manager,2026-06-25T10:09:16.280Z,2026-06-25T10:09:40.811Z
N01784,Willow Creek,2025-02-28,Gate Access,Critical,Entry denied due to missing vendor registration,Coordinate with property manager,2026-06-25T10:09:16.280Z,2026-06-25T10:09:40.811Z
N01787,Willow Creek,2025-01-29,Staffing,High,Holiday staffing shortages caused delays,Assign backup collection crew,2026-06-25T10:09:16.280Z,2026-06-25T10:09:40.811Z
N01791,Lakeview Terrace,2025-01-08,Route Planning,Low,Route capacity exceeded planned workload,Perform operational audit,2026-06-25T10:09:16.280Z,2026-06-25T10:09:40.811Z
N01807,Maple Court,2025-06-13,Route Planning,Critical,Service area expansion affected route timing,Update access credentials,2026-06-25T10:09:16.280Z,2026-06-25T10:09:40.811Z
N01859,Willow Creek,2025-02-20,Staffing,Critical,Temporary workers required additional supervision,Schedule preventive maintenance,2026-06-25T10:09:16.280Z,2026-06-25T10:09:40.811Z
N01862,Maple Court,2025-02-01,Weather,Critical,Snow accumulation blocked access to several units,Coordinate with property manager,2026-06-25T10:09:16.280Z,2026-06-25T10:09:40.811Z
N01948,Maple Court,2025-04-30,Route Planning,Low,High-density properties created route bottlenecks,Update access credentials,2026-06-25T10:09:16.280Z,2026-06-25T10:09:40.811Z
N01950,Harbor Pointe,2025-01-03,Weather,Critical,Severe weather reduced operational efficiency,Coordinate with property manager,2026-06-25T10:09:16.280Z,2026-06-25T10:09:40.811Z
N01954,Cedar Park,2025-04-08,Route Planning,Critical,GPS routing error caused missed service locations,Schedule preventive maintenance,2026-06-25T10:09:16.280Z,2026-06-25T10:09:40.811Z
N01962,Harbor Pointe,2025-06-23,Vehicle,Medium,Vehicle servicing overlapped with scheduled collections,Schedule preventive maintenance,2026-06-25T10:09:16.280Z,2026-06-25T10:09:40.811Z
N01972,Cedar Park,2025-03-09,Staffing,Medium,Staff shortage on route caused missed pickups,Increase staffing coverage,2026-06-25T10:09:16.280Z,2026-06-25T10:09:40.811Z
N01026,Sunset Ridge,2025-05-07,Resident Behavior,Low,Collection bins were inaccessible during service window,Escalate issue to regional manager,2026-06-25T10:09:16.280Z,2026-06-25T10:09:40.811Z
N01030,Harbor Pointe,2025-05-04,Weather,High,Storm conditions resulted in temporary service suspension,Coordinate with property manager,2026-06-25T10:09:16.280Z,2026-06-25T10:09:40.811Z
N01057,Sunset Ridge,2025-02-13,Gate Access,High,New security protocol delayed collector access,Schedule preventive maintenance,2026-06-25T10:09:16.280Z,2026-06-25T10:09:40.811Z
N01058,Birchwood Commons,2025-03-16,Resident Behavior,Critical,Repeated policy violations impacted service quality,Assign backup collection crew,2026-06-25T10:09:16.280Z,2026-06-25T10:09:40.811Z
N01068,Lakeview Terrace,2025-03-14,Route Planning,Low,Scheduling overlap reduced operational efficiency,Conduct resident awareness campaign,2026-06-25T10:09:16.280Z,2026-06-25T10:09:40.811Z
N01069,Birchwood Commons,2025-02-09,Gate Access,Critical,Restricted access due to special community event,Increase staffing coverage,2026-06-25T10:09:16.280Z,2026-06-25T10:09:40.811Z
N01079,Lakeview Terrace,2025-03-17,Resident Behavior,Critical,Excess waste volume exceeded expected capacity,Increase staffing coverage,2026-06-25T10:09:16.280Z,2026-06-25T10:09:40.811Z
N01088,Birchwood Commons,2025-03-09,Gate Access,High,Entry denied due to missing vendor registration,Assign backup collection crew,2026-06-25T10:09:16.280Z,2026-06-25T10:09:40.811Z
N01099,Harbor Pointe,2025-03-04,Weather,Critical,Lightning risk delayed evening collections,Assign backup collection crew,2026-06-25T10:09:16.280Z,2026-06-25T10:09:40.811Z
N01102,Cedar Park,2025-02-19,Staffing,Low,Unexpected resignations affected operations,Conduct resident awareness campaign,2026-06-25T10:09:16.280Z,2026-06-25T10:09:40.811Z
N01107,Green Oaks,2025-03-25,Route Planning,Critical,Navigation issue delayed route completion,Coordinate with property manager,2026-06-25T10:09:16.280Z,2026-06-25T10:09:40.811Z
N01149,Birchwood Commons,2025-03-08,Resident Behavior,Critical,Resident complaints increased after route schedule change,Escalate issue to regional manager,2026-06-25T10:09:16.280Z,2026-06-25T10:09:40.811Z
N01153,Lakeview Terrace,2025-06-07,Weather,Medium,Heavy rain delayed collection schedule across region,Escalate issue to regional manager,2026-06-25T10:09:16.280Z,2026-06-25T10:09:40.811Z
N01176,Willow Creek,2025-03-25,Gate Access,High,Leasing office did not answer for gate code reset,Escalate issue to regional manager,2026-06-25T10:09:16.280Z,2026-06-25T10:09:40.811Z
N01182,Lakeview Terrace,2025-06-23,Weather,Critical,Extreme temperatures slowed collection activities,Schedule preventive maintenance,2026-06-25T10:09:16.280Z,2026-06-25T10:09:40.811Z
N01212,Lakeview Terrace,2025-02-01,Resident Behavior,Medium,Unauthorized items were left for collection,Coordinate with property manager,2026-06-25T10:09:16.280Z,2026-06-25T10:09:40.811Z
N01216,Cedar Park,2025-06-19,Route Planning,Low,Inefficient route sequencing reduced productivity,Schedule preventive maintenance,2026-06-25T10:09:16.280Z,2026-06-25T10:09:40.811Z
N01220,Cedar Park,2025-06-16,Route Planning,Medium,Traffic congestion delayed collections across multiple properties,Coordinate with property manager,2026-06-25T10:09:16.280Z,2026-06-25T10:09:40.811Z
N01221,Maple Court,2025-06-17,Vehicle,Medium,Fleet availability issues caused route reassignment,Increase staffing coverage,2026-06-25T10:09:16.280Z,2026-06-25T10:09:40.811Z
N01236,Willow Creek,2025-01-11,Staffing,Critical,Shift scheduling conflict resulted in delayed collections,Update access credentials,2026-06-25T10:09:16.280Z,2026-06-25T10:09:40.811Z
N01241,Willow Creek,2025-02-16,Staffing,Medium,"Collector called in sick, route covered late",Schedule preventive maintenance,2026-06-25T10:09:16.280Z,2026-06-25T10:09:40.811Z
N01251,Green Oaks,2025-06-17,Staffing,High,Insufficient staffing levels increased route completion time,Monitor performance for next 7 days,2026-06-25T10:09:16.280Z,2026-06-25T10:09:40.811Z
N01280,Willow Creek,2025-06-03,Staffing,High,New collector unfamiliar with property layout,Increase staffing coverage,2026-06-25T10:09:16.280Z,2026-06-25T10:09:40.811Z
N01312,Willow Creek,2025-02-01,Gate Access,High,Manual gate operation caused route delays,Conduct resident awareness campaign,2026-06-25T10:09:16.280Z,2026-06-25T10:09:40.811Z
N01313,Green Oaks,2025-01-31,Vehicle,Critical,Emergency repair interrupted collection schedule,Schedule preventive maintenance,2026-06-25T10:09:16.280Z,2026-06-25T10:09:40.811Z
N01367,Birchwood Commons,2025-05-02,Resident Behavior,High,Resident participation declined during holiday period,Escalate issue to regional manager,2026-06-25T10:09:16.280Z,2026-06-25T10:09:40.811Z
N01400,Lakeview Terrace,2025-01-24,Resident Behavior,High,Residents requested unscheduled pickups,Review route optimization plan,2026-06-25T10:09:16.280Z,2026-06-25T10:09:40.811Z
N01459,Maple Court,2025-01-18,Weather,Medium,Flooded access roads prevented route completion,Monitor performance for next 7 days,2026-06-25T10:09:16.280Z,2026-06-25T10:09:40.811Z
N01468,Willow Creek,2025-01-15,Gate Access,Low,Temporary gate malfunction prevented collector entry,Escalate issue to regional manager,2026-06-25T10:09:16.280Z,2026-06-25T10:09:40.811Z
N01510,Cedar Park,2025-04-15,Staffing,High,"Collector called in sick, route covered late",Assign backup collection crew,2026-06-25T10:09:16.280Z,2026-06-25T10:09:40.811Z
N01516,Sunset Ridge,2025-03-27,Property Management,High,Property upgrades impacted collection logistics,Escalate issue to regional manager,2026-06-25T10:09:16.280Z,2026-06-25T10:09:40.811Z
N01521,Maple Court,2025-01-18,Route Planning,Medium,Route redesign recommended to improve performance,Increase staffing coverage,2026-06-25T10:09:16.280Z,2026-06-25T10:09:40.811Z
N01561,Maple Court,2025-05-21,Weather,High,Severe heat affected workforce productivity,Coordinate with property manager,2026-06-25T10:09:16.280Z,2026-06-25T10:09:40.811Z
N01574,Cedar Park,2025-01-01,Route Planning,Critical,Peak-hour traffic increased collection duration,Increase staffing coverage,2026-06-25T10:09:16.280Z,2026-06-25T10:09:40.811Z
N01591,Cedar Park,2025-05-18,Route Planning,High,Route redesign recommended to improve performance,Assign backup collection crew,2026-06-25T10:09:16.280Z,2026-06-25T10:09:40.811Z
N01604,Sunset Ridge,2025-05-25,Resident Behavior,Low,Residents placed bins outside designated collection hours,Update access credentials,2026-06-25T10:09:16.280Z,2026-06-25T10:09:40.811Z
N01612,Birchwood Commons,2025-03-17,Property Management,Low,Access restrictions increased service complexity,Update access credentials,2026-06-25T10:09:16.280Z,2026-06-25T10:09:40.811Z
N01623,Willow Creek,2025-02-22,Staffing,Medium,High employee turnover affected route consistency,Review route optimization plan,2026-06-25T10:09:16.280Z,2026-06-25T10:09:40.811Z
N01646,Willow Creek,2025-03-26,Gate Access,Medium,New security protocol delayed collector access,Escalate issue to regional manager,2026-06-25T10:09:16.280Z,2026-06-25T10:09:40.811Z
N01701,Lakeview Terrace,2025-06-04,Route Planning,Medium,Route handoff between teams caused delays,Monitor performance for next 7 days,2026-06-25T10:09:16.280Z,2026-06-25T10:09:40.811Z
N01712,Sunset Ridge,2025-03-21,Resident Behavior,Medium,Resident education on waste procedures was recommended,Schedule preventive maintenance,2026-06-25T10:09:16.280Z,2026-06-25T10:09:40.811Z
N01714,Lakeview Terrace,2025-06-11,Route Planning,Critical,GPS routing error caused missed service locations,Perform operational audit,2026-06-25T10:09:16.280Z,2026-06-25T10:09:40.811Z
N01724,Green Oaks,2025-03-24,Vehicle,Low,Unexpected maintenance increased route completion time,Monitor performance for next 7 days,2026-06-25T10:09:16.280Z,2026-06-25T10:09:40.811Z
N01771,Green Oaks,2025-04-12,Staffing,Medium,Staff shortage on route caused missed pickups,Schedule preventive maintenance,2026-06-25T10:09:16.280Z,2026-06-25T10:09:40.811Z
N01775,Maple Court,2025-06-04,Weather,High,Unexpected storm activity required schedule changes,Assign backup collection crew,2026-06-25T10:09:16.280Z,2026-06-25T10:09:40.811Z
N01778,Cedar Park,2025-01-10,Staffing,Medium,Multiple employee absences occurred simultaneously,Assign backup collection crew,2026-06-25T10:09:16.280Z,2026-06-25T10:09:40.811Z
N01799,Green Oaks,2025-01-27,Route Planning,Low,Construction activity blocked primary collection route,Monitor performance for next 7 days,2026-06-25T10:09:16.280Z,2026-06-25T10:09:40.811Z
N01817,Sunset Ridge,2025-04-05,Property Management,High,Management requested route modifications,Conduct resident awareness campaign,2026-06-25T10:09:16.280Z,2026-06-25T10:09:40.811Z
N01825,Cedar Park,2025-05-30,Route Planning,Critical,Construction activity blocked primary collection route,Monitor performance for next 7 days,2026-06-25T10:09:16.280Z,2026-06-25T10:09:40.811Z
N01839,Cedar Park,2025-02-09,Property Management,Critical,Property leadership requested service enhancement review,Review route optimization plan,2026-06-25T10:09:16.280Z,2026-06-25T10:09:40.811Z
N01840,Green Oaks,2025-06-02,Route Planning,High,Property clustering analysis suggested optimization opportunities,Monitor performance for next 7 days,2026-06-25T10:09:16.280Z,2026-06-25T10:09:40.811Z
N01902,Willow Creek,2025-05-14,Gate Access,Medium,Leasing office did not answer for gate code reset,Review route optimization plan,2026-06-25T10:09:16.280Z,2026-06-25T10:09:40.811Z
N01907,Cedar Park,2025-04-25,Staffing,Medium,New collector unfamiliar with property layout,Update access credentials,2026-06-25T10:09:16.280Z,2026-06-25T10:09:40.811Z
N01966,Harbor Pointe,2025-02-27,Weather,Critical,Weather-related road closures impacted routes,Update access credentials,2026-06-25T10:09:16.280Z,2026-06-25T10:09:40.811Z
N01982,Birchwood Commons,2025-01-21,Resident Behavior,Low,Repeated policy violations impacted service quality,Conduct resident awareness campaign,2026-06-25T10:09:16.280Z,2026-06-25T10:09:40.811Z
N01983,Birchwood Commons,2025-05-11,Gate Access,Medium,Leasing office did not answer for gate code reset,Monitor performance for next 7 days,2026-06-25T10:09:16.280Z,2026-06-25T10:09:40.811Z
N01984,Birchwood Commons,2025-01-30,Resident Behavior,Low,Late bin placement caused missed pickups,Schedule preventive maintenance,2026-06-25T10:09:16.280Z,2026-06-25T10:09:40.811Z
N01991,Maple Court,2025-05-31,Route Planning,Low,Property clustering analysis suggested optimization opportunities,Update access credentials,2026-06-25T10:09:16.280Z,2026-06-25T10:09:40.811Z
N01995,Harbor Pointe,2025-01-02,Vehicle,Critical,Emergency repair interrupted collection schedule,Update access credentials,2026-06-25T10:09:16.280Z,2026-06-25T10:09:40.811Z
N01009,Cedar Park,2025-04-29,Property Management,High,Manager reported recurring service concerns,Increase staffing coverage,2026-06-25T10:09:16.280Z,2026-06-25T10:09:40.811Z
N01014,Willow Creek,2025-05-30,Vehicle,Low,Fuel system malfunction impacted collection operations,Escalate issue to regional manager,2026-06-25T10:09:16.280Z,2026-06-25T10:09:40.811Z
N01016,Green Oaks,2025-06-15,Staffing,Medium,Multiple employee absences occurred simultaneously,Monitor performance for next 7 days,2026-06-25T10:09:16.280Z,2026-06-25T10:09:40.811Z
N01055,Green Oaks,2025-03-10,Vehicle,Medium,Vehicle breakdown impacted collections on route,Escalate issue to regional manager,2026-06-25T10:09:16.280Z,2026-06-25T10:09:40.811Z
N01056,Cedar Park,2025-06-22,Property Management,Medium,Building access procedures updated without notice,Coordinate with property manager,2026-06-25T10:09:16.280Z,2026-06-25T10:09:40.811Z
N01059,Lakeview Terrace,2025-04-01,Weather,Medium,Snow accumulation blocked access to several units,Review route optimization plan,2026-06-25T10:09:16.280Z,2026-06-25T10:09:40.811Z
N01065,Harbor Pointe,2025-02-06,Vehicle,Medium,Vehicle breakdown impacted collections on route,Increase staffing coverage,2026-06-25T10:09:16.280Z,2026-06-25T10:09:40.811Z
N01074,Maple Court,2025-01-05,Weather,Low,Flooded access roads prevented route completion,Perform operational audit,2026-06-25T10:09:16.280Z,2026-06-25T10:09:40.811Z
N01082,Cedar Park,2025-05-14,Route Planning,Low,Navigation issue delayed route completion,Coordinate with property manager,2026-06-25T10:09:16.280Z,2026-06-25T10:09:40.811Z
N01093,Willow Creek,2025-03-05,Gate Access,Critical,Access credentials expired unexpectedly,Assign backup collection crew,2026-06-25T10:09:16.280Z,2026-06-25T10:09:40.811Z
N01098,Willow Creek,2025-03-17,Staffing,High,Staff reassignment impacted scheduled routes,Conduct resident awareness campaign,2026-06-25T10:09:16.280Z,2026-06-25T10:09:40.811Z
N01100,Harbor Pointe,2025-01-18,Weather,Critical,High winds created safety concerns for collectors,Monitor performance for next 7 days,2026-06-25T10:09:16.280Z,2026-06-25T10:09:40.811Z
N01127,Cedar Park,2025-03-08,Staffing,Low,Recruitment delays limited route coverage,Coordinate with property manager,2026-06-25T10:09:16.280Z,2026-06-25T10:09:40.811Z
N01161,Cedar Park,2025-04-11,Route Planning,Low,Service area expansion affected route timing,Perform operational audit,2026-06-25T10:09:16.280Z,2026-06-25T10:09:40.811Z
N01175,Lakeview Terrace,2025-02-19,Resident Behavior,Low,Resident complaints increased after route schedule change,Monitor performance for next 7 days,2026-06-25T10:09:16.280Z,2026-06-25T10:09:40.811Z
N01195,Sunset Ridge,2025-02-07,Resident Behavior,Critical,Bins not placed at doorstep for scheduled pickup,Schedule preventive maintenance,2026-06-25T10:09:16.280Z,2026-06-25T10:09:40.811Z
N01200,Cedar Park,2025-06-10,Route Planning,Low,Route capacity exceeded planned workload,Conduct resident awareness campaign,2026-06-25T10:09:16.280Z,2026-06-25T10:09:40.811Z
N01207,Harbor Pointe,2025-02-19,Vehicle,Critical,Fuel system malfunction impacted collection operations,Increase staffing coverage,2026-06-25T10:09:16.280Z,2026-06-25T10:09:40.811Z
N01225,Green Oaks,2025-03-28,Vehicle,Medium,Hydraulic lift malfunction slowed operations,Assign backup collection crew,2026-06-25T10:09:16.280Z,2026-06-25T10:09:40.811Z
N01235,Maple Court,2025-01-14,Weather,Low,Lightning risk delayed evening collections,Escalate issue to regional manager,2026-06-25T10:09:16.280Z,2026-06-25T10:09:40.811Z
N01261,Maple Court,2025-04-20,Weather,Critical,Poor visibility affected route safety,Assign backup collection crew,2026-06-25T10:09:16.280Z,2026-06-25T10:09:40.811Z
N01285,Willow Creek,2025-04-11,Vehicle,Medium,Transmission issue impacted route completion,Review route optimization plan,2026-06-25T10:09:16.280Z,2026-06-25T10:09:40.811Z
N01294,Cedar Park,2025-03-17,Route Planning,Medium,Inefficient property sequencing impacted schedule adherence,Escalate issue to regional manager,2026-06-25T10:09:16.280Z,2026-06-25T10:09:40.811Z
N01301,Willow Creek,2025-01-11,Staffing,High,Recruitment delays limited route coverage,Coordinate with property manager,2026-06-25T10:09:16.280Z,2026-06-25T10:09:40.811Z
N01341,Willow Creek,2025-03-30,Gate Access,Critical,Access card failed to unlock service entrance,Perform operational audit,2026-06-25T10:09:16.280Z,2026-06-25T10:09:40.811Z
N01382,Birchwood Commons,2025-01-06,Property Management,Low,Property upgrades impacted collection logistics,Perform operational audit,2026-06-25T10:09:16.280Z,2026-06-25T10:09:40.811Z
N01401,Willow Creek,2025-06-29,Vehicle,High,Vehicle diagnostics required immediate attention,Increase staffing coverage,2026-06-25T10:09:16.280Z,2026-06-25T10:09:40.811Z
N01407,Willow Creek,2025-05-13,Gate Access,Medium,Multiple access attempts required before entry was granted,Assign backup collection crew,2026-06-25T10:09:16.280Z,2026-06-25T10:09:40.811Z
N01415,Maple Court,2025-04-11,Route Planning,Medium,Dynamic route adjustments improved service outcomes,Review route optimization plan,2026-06-25T10:09:16.280Z,2026-06-25T10:09:40.811Z
N01464,Birchwood Commons,2025-06-29,Gate Access,Medium,Manual gate operation caused route delays,Coordinate with property manager,2026-06-25T10:09:16.280Z,2026-06-25T10:09:40.811Z
N01474,Lakeview Terrace,2025-01-09,Route Planning,Low,Inefficient property sequencing impacted schedule adherence,Coordinate with property manager,2026-06-25T10:09:16.280Z,2026-06-25T10:09:40.811Z
N01488,Harbor Pointe,2025-02-23,Staffing,Critical,Unexpected employee absence impacted daily operations,Escalate issue to regional manager,2026-06-25T10:09:16.280Z,2026-06-25T10:09:40.811Z
N01520,Willow Creek,2025-06-24,Gate Access,Medium,Security denied entry due to outdated access credentials,Update access credentials,2026-06-25T10:09:16.280Z,2026-06-25T10:09:40.811Z
N01522,Maple Court,2025-05-04,Vehicle,High,Engine overheating forced temporary route suspension,Escalate issue to regional manager,2026-06-25T10:09:16.280Z,2026-06-25T10:09:40.811Z
N01540,Maple Court,2025-02-15,Weather,High,High winds created safety concerns for collectors,Conduct resident awareness campaign,2026-06-25T10:09:16.280Z,2026-06-25T10:09:40.811Z
N01578,Cedar Park,2025-04-22,Property Management,Low,Property inspection activities disrupted collections,Review route optimization plan,2026-06-25T10:09:16.280Z,2026-06-25T10:09:40.811Z
N01580,Birchwood Commons,2025-02-08,Property Management,Critical,Access restrictions increased service complexity,Coordinate with property manager,2026-06-25T10:09:16.280Z,2026-06-25T10:09:40.811Z
N01638,Maple Court,2025-03-20,Route Planning,Medium,Operational review identified route inefficiencies,Review route optimization plan,2026-06-25T10:09:16.280Z,2026-06-25T10:09:40.811Z
N01662,Maple Court,2025-05-04,Route Planning,Medium,Property clustering analysis suggested optimization opportunities,Schedule preventive maintenance,2026-06-25T10:09:16.280Z,2026-06-25T10:09:40.811Z
N01675,Cedar Park,2025-01-25,Property Management,Medium,Maintenance work restricted access to collection areas,Update access credentials,2026-06-25T10:09:16.280Z,2026-06-25T10:09:40.811Z
N01685,Sunset Ridge,2025-06-20,Resident Behavior,Critical,Collection bins were inaccessible during service window,Perform operational audit,2026-06-25T10:09:16.280Z,2026-06-25T10:09:40.811Z
N01698,Harbor Pointe,2025-03-07,Vehicle,Critical,Unexpected maintenance increased route completion time,Conduct resident awareness campaign,2026-06-25T10:09:16.280Z,2026-06-25T10:09:40.811Z
N01711,Harbor Pointe,2025-03-06,Vehicle,High,Fleet shortage increased route workloads,Review route optimization plan,2026-06-25T10:09:16.280Z,2026-06-25T10:09:40.811Z
N01713,Sunset Ridge,2025-02-02,Gate Access,High,Gate intercom system malfunctioned during service hours,Increase staffing coverage,2026-06-25T10:09:16.280Z,2026-06-25T10:09:40.811Z
N01733,Sunset Ridge,2025-05-03,Property Management,High,Building access procedures updated without notice,Assign backup collection crew,2026-06-25T10:09:16.280Z,2026-06-25T10:09:40.811Z
N01740,Willow Creek,2025-03-19,Staffing,Low,Recruitment delays limited route coverage,Assign backup collection crew,2026-06-25T10:09:16.280Z,2026-06-25T10:09:40.811Z
N01750,Cedar Park,2025-03-27,Property Management,Medium,Property renovation disrupted normal collection process,Escalate issue to regional manager,2026-06-25T10:09:16.280Z,2026-06-25T10:09:40.811Z
N01812,Willow Creek,2025-05-12,Gate Access,High,Access card failed to unlock service entrance,Update access credentials,2026-06-25T10:09:16.280Z,2026-06-25T10:09:40.811Z
N01845,Maple Court,2025-02-06,Weather,Medium,Lightning risk delayed evening collections,Update access credentials,2026-06-25T10:09:16.280Z,2026-06-25T10:09:40.811Z
N01851,Willow Creek,2025-04-07,Gate Access,High,Service entrance blocked by maintenance activity,Increase staffing coverage,2026-06-25T10:09:16.280Z,2026-06-25T10:09:40.811Z
N01864,Sunset Ridge,2025-02-08,Resident Behavior,Low,Several residents reported confusion regarding pickup schedule,Monitor performance for next 7 days,2026-06-25T10:09:16.280Z,2026-06-25T10:09:40.811Z
N01872,Lakeview Terrace,2025-04-09,Resident Behavior,Medium,Resident left bin blocked by parked vehicle,Coordinate with property manager,2026-06-25T10:09:16.280Z,2026-06-25T10:09:40.811Z
N01873,Cedar Park,2025-04-08,Route Planning,Critical,Route handoff between teams caused delays,Monitor performance for next 7 days,2026-06-25T10:09:16.280Z,2026-06-25T10:09:40.811Z
N01879,Harbor Pointe,2025-01-24,Weather,Critical,Wet conditions reduced collection speed,Schedule preventive maintenance,2026-06-25T10:09:16.280Z,2026-06-25T10:09:40.811Z
N01908,Green Oaks,2025-01-13,Vehicle,Low,Maintenance backlog reduced fleet readiness,Increase staffing coverage,2026-06-25T10:09:16.280Z,2026-06-25T10:09:40.811Z
N01922,Harbor Pointe,2025-06-26,Staffing,High,Staff reassignment impacted scheduled routes,Perform operational audit,2026-06-25T10:09:16.280Z,2026-06-25T10:09:40.811Z
N01926,Cedar Park,2025-06-23,Staffing,Critical,Staff shortage on route caused missed pickups,Schedule preventive maintenance,2026-06-25T10:09:16.280Z,2026-06-25T10:09:40.811Z
N01929,Sunset Ridge,2025-06-16,Property Management,Critical,Operational changes were not communicated in advance,Monitor performance for next 7 days,2026-06-25T10:09:16.280Z,2026-06-25T10:09:40.811Z
N01953,Birchwood Commons,2025-04-17,Property Management,Critical,Coordination challenges delayed operational response,Coordinate with property manager,2026-06-25T10:09:16.280Z,2026-06-25T10:09:40.811Z
N01959,Green Oaks,2025-03-17,Staffing,Low,Recruitment delays limited route coverage,Assign backup collection crew,2026-06-25T10:09:16.280Z,2026-06-25T10:09:40.811Z
N01967,Harbor Pointe,2025-06-05,Weather,Medium,Unexpected storm activity required schedule changes,Coordinate with property manager,2026-06-25T10:09:16.280Z,2026-06-25T10:09:40.811Z
N01969,Cedar Park,2025-03-17,Route Planning,Medium,Travel distance increased due to route modifications,Schedule preventive maintenance,2026-06-25T10:09:16.280Z,2026-06-25T10:09:40.811Z
N01996,Maple Court,2025-05-31,Route Planning,Medium,Navigation issue delayed route completion,Escalate issue to regional manager,2026-06-25T10:09:16.280Z,2026-06-25T10:09:40.811Z
N01017,Maple Court,2025-04-19,Route Planning,Low,GPS routing error caused missed service locations,Escalate issue to regional manager,2026-06-25T10:09:16.280Z,2026-06-25T10:09:40.811Z
N01036,Willow Creek,2025-04-27,Gate Access,Low,Incorrect gate code provided by property management,Update access credentials,2026-06-25T10:09:16.280Z,2026-06-25T10:09:40.811Z
N01067,Maple Court,2025-04-11,Route Planning,Medium,Scheduling overlap reduced operational efficiency,Increase staffing coverage,2026-06-25T10:09:16.280Z,2026-06-25T10:09:40.811Z
N01130,Lakeview Terrace,2025-01-28,Route Planning,Critical,Traffic congestion delayed collections across multiple properties,Schedule preventive maintenance,2026-06-25T10:09:16.280Z,2026-06-25T10:09:40.811Z
N01146,Harbor Pointe,2025-03-17,Vehicle,Critical,Fleet shortage increased route workloads,Conduct resident awareness campaign,2026-06-25T10:09:16.280Z,2026-06-25T10:09:40.811Z
N01147,Maple Court,2025-04-19,Route Planning,Low,Service area expansion affected route timing,Update access credentials,2026-06-25T10:09:16.280Z,2026-06-25T10:09:40.811Z
N01185,Maple Court,2025-05-04,Vehicle,Critical,Equipment failure reduced collection efficiency,Review route optimization plan,2026-06-25T10:09:16.280Z,2026-06-25T10:09:40.811Z
N01205,Lakeview Terrace,2025-03-28,Route Planning,Critical,Route capacity exceeded planned workload,Escalate issue to regional manager,2026-06-25T10:09:16.280Z,2026-06-25T10:09:40.811Z
N01213,Birchwood Commons,2025-02-14,Property Management,Critical,Coordination challenges delayed operational response,Escalate issue to regional manager,2026-06-25T10:09:16.280Z,2026-06-25T10:09:40.811Z
N01253,Birchwood Commons,2025-01-03,Resident Behavior,Critical,Missed communication led to resident dissatisfaction,Update access credentials,2026-06-25T10:09:16.280Z,2026-06-25T10:09:40.811Z
N01259,Sunset Ridge,2025-03-20,Property Management,Critical,Property management requested schedule adjustment,Schedule preventive maintenance,2026-06-25T10:09:16.280Z,2026-06-25T10:09:40.811Z
N01265,Cedar Park,2025-01-27,Staffing,Medium,Route coverage reduced due to labor constraints,Conduct resident awareness campaign,2026-06-25T10:09:16.280Z,2026-06-25T10:09:40.811Z
N01287,Birchwood Commons,2025-04-05,Resident Behavior,Critical,Residents placed bins outside designated collection hours,Assign backup collection crew,2026-06-25T10:09:16.280Z,2026-06-25T10:09:40.811Z
N01298,Willow Creek,2025-01-11,Vehicle,Medium,Flat tire caused service delays across multiple properties,Review route optimization plan,2026-06-25T10:09:16.280Z,2026-06-25T10:09:40.811Z
N01305,Birchwood Commons,2025-04-01,Gate Access,High,Property manager unavailable to provide updated gate code,Review route optimization plan,2026-06-25T10:09:16.280Z,2026-06-25T10:09:40.811Z
N01324,Cedar Park,2025-01-09,Route Planning,Medium,Construction activity blocked primary collection route,Increase staffing coverage,2026-06-25T10:09:16.280Z,2026-06-25T10:09:40.811Z
N01327,Cedar Park,2025-04-16,Route Planning,Medium,Peak-hour traffic increased collection duration,Update access credentials,2026-06-25T10:09:16.280Z,2026-06-25T10:09:40.811Z
N01335,Cedar Park,2025-04-12,Property Management,Medium,Access restrictions increased service complexity,Monitor performance for next 7 days,2026-06-25T10:09:16.280Z,2026-06-25T10:09:40.811Z
N01338,Cedar Park,2025-04-10,Route Planning,Low,Construction activity blocked primary collection route,Increase staffing coverage,2026-06-25T10:09:16.280Z,2026-06-25T10:09:40.811Z
N01351,Maple Court,2025-01-11,Weather,High,Lightning risk delayed evening collections,Assign backup collection crew,2026-06-25T10:09:16.280Z,2026-06-25T10:09:40.811Z
N01394,Sunset Ridge,2025-01-14,Gate Access,Low,Community gate remained locked during scheduled pickup window,Assign backup collection crew,2026-06-25T10:09:16.280Z,2026-06-25T10:09:40.811Z
N01397,Birchwood Commons,2025-05-07,Resident Behavior,Medium,Residents requested unscheduled pickups,Coordinate with property manager,2026-06-25T10:09:16.280Z,2026-06-25T10:09:40.811Z
N01414,Cedar Park,2025-02-26,Staffing,Low,Multiple employee absences occurred simultaneously,Increase staffing coverage,2026-06-25T10:09:16.280Z,2026-06-25T10:09:40.811Z
N01431,Birchwood Commons,2025-01-08,Property Management,Medium,Access restrictions increased service complexity,Perform operational audit,2026-06-25T10:09:16.280Z,2026-06-25T10:09:40.811Z
N01444,Willow Creek,2025-03-15,Staffing,Medium,New collector unfamiliar with property layout,Update access credentials,2026-06-25T10:09:16.280Z,2026-06-25T10:09:40.811Z
N01453,Sunset Ridge,2025-05-25,Gate Access,Medium,New security protocol delayed collector access,Coordinate with property manager,2026-06-25T10:09:16.280Z,2026-06-25T10:09:40.811Z
N01456,Birchwood Commons,2025-06-07,Property Management,Critical,Property inspection activities disrupted collections,Conduct resident awareness campaign,2026-06-25T10:09:16.280Z,2026-06-25T10:09:40.811Z
N01476,Harbor Pointe,2025-05-12,Vehicle,Low,Emergency repair interrupted collection schedule,Increase staffing coverage,2026-06-25T10:09:16.280Z,2026-06-25T10:09:40.811Z
N01481,Birchwood Commons,2025-02-28,Property Management,Critical,Property upgrades impacted collection logistics,Review route optimization plan,2026-06-25T10:09:16.280Z,2026-06-25T10:09:40.811Z
N01495,Willow Creek,2025-05-31,Gate Access,Low,Community gate remained locked during scheduled pickup window,Assign backup collection crew,2026-06-25T10:09:16.280Z,2026-06-25T10:09:40.811Z
N01503,Lakeview Terrace,2025-05-03,Route Planning,Medium,Dynamic route adjustments improved service outcomes,Escalate issue to regional manager,2026-06-25T10:09:16.280Z,2026-06-25T10:09:40.811Z
N01531,Harbor Pointe,2025-06-06,Staffing,Critical,Insufficient weekend staffing caused backlog,Schedule preventive maintenance,2026-06-25T10:09:16.280Z,2026-06-25T10:09:40.811Z
N01592,Green Oaks,2025-03-28,Vehicle,Critical,Vehicle diagnostics required immediate attention,Assign backup collection crew,2026-06-25T10:09:16.280Z,2026-06-25T10:09:40.811Z
N01611,Maple Court,2025-03-14,Route Planning,Low,Travel distance increased due to route modifications,Monitor performance for next 7 days,2026-06-25T10:09:16.280Z,2026-06-25T10:09:40.811Z
N01616,Maple Court,2025-03-04,Weather,Low,Ice accumulation restricted vehicle movement,Coordinate with property manager,2026-06-25T10:09:16.280Z,2026-06-25T10:09:40.811Z
N01620,Maple Court,2025-05-04,Vehicle,Medium,Replacement vehicle arrived later than expected,Increase staffing coverage,2026-06-25T10:09:16.280Z,2026-06-25T10:09:40.811Z
N01640,Birchwood Commons,2025-01-18,Resident Behavior,Critical,Several residents reported confusion regarding pickup schedule,Increase staffing coverage,2026-06-25T10:09:16.280Z,2026-06-25T10:09:40.811Z
N01656,Willow Creek,2025-01-01,Staffing,Critical,Unexpected employee absence impacted daily operations,Review route optimization plan,2026-06-25T10:09:16.280Z,2026-06-25T10:09:40.811Z
N01668,Sunset Ridge,2025-04-03,Property Management,High,Access restrictions increased service complexity,Conduct resident awareness campaign,2026-06-25T10:09:16.280Z,2026-06-25T10:09:40.811Z
N01669,Lakeview Terrace,2025-06-28,Route Planning,Medium,Service area expansion affected route timing,Schedule preventive maintenance,2026-06-25T10:09:16.280Z,2026-06-25T10:09:40.811Z
N01696,Green Oaks,2025-01-14,Staffing,Critical,Unexpected resignations affected operations,Update access credentials,2026-06-25T10:09:16.280Z,2026-06-25T10:09:40.811Z
N01708,Willow Creek,2025-03-25,Gate Access,High,Leasing office did not answer for gate code reset,Escalate issue to regional manager,2026-06-25T10:09:16.280Z,2026-06-25T10:09:40.811Z
N01715,Birchwood Commons,2025-03-07,Resident Behavior,Critical,Residents placed bins outside designated collection hours,Conduct resident awareness campaign,2026-06-25T10:09:16.280Z,2026-06-25T10:09:40.811Z
N01720,Willow Creek,2025-06-05,Staffing,High,Overtime limitations reduced available coverage,Schedule preventive maintenance,2026-06-25T10:09:16.280Z,2026-06-25T10:09:40.811Z
N01723,Birchwood Commons,2025-06-15,Resident Behavior,High,Resident complaints increased after route schedule change,Update access credentials,2026-06-25T10:09:16.280Z,2026-06-25T10:09:40.811Z
N01731,Green Oaks,2025-05-25,Staffing,Critical,Shift scheduling conflict resulted in delayed collections,Review route optimization plan,2026-06-25T10:09:16.280Z,2026-06-25T10:09:40.811Z
N01741,Lakeview Terrace,2025-05-10,Weather,Low,Severe heat affected workforce productivity,Update access credentials,2026-06-25T10:09:16.280Z,2026-06-25T10:09:40.811Z
N01795,Lakeview Terrace,2025-05-26,Resident Behavior,Low,Residents failed to follow waste segregation guidelines,Schedule preventive maintenance,2026-06-25T10:09:16.280Z,2026-06-25T10:09:40.811Z
N01803,Birchwood Commons,2025-05-19,Property Management,High,Property renovation disrupted normal collection process,Escalate issue to regional manager,2026-06-25T10:09:16.280Z,2026-06-25T10:09:40.811Z
N01806,Cedar Park,2025-05-14,Property Management,Critical,Building access procedures updated without notice,Increase staffing coverage,2026-06-25T10:09:16.280Z,2026-06-25T10:09:40.811Z
N01858,Birchwood Commons,2025-06-11,Gate Access,High,Temporary gate malfunction prevented collector entry,Schedule preventive maintenance,2026-06-25T10:09:16.280Z,2026-06-25T10:09:40.811Z
N01892,Harbor Pointe,2025-03-25,Staffing,Medium,Shift scheduling conflict resulted in delayed collections,Escalate issue to regional manager,2026-06-25T10:09:16.280Z,2026-06-25T10:09:40.811Z
N01895,Green Oaks,2025-03-01,Vehicle,Critical,Collection vehicle required mid-route maintenance stop,Monitor performance for next 7 days,2026-06-25T10:09:16.280Z,2026-06-25T10:09:40.811Z
N01900,Maple Court,2025-02-09,Route Planning,Critical,Scheduling overlap reduced operational efficiency,Monitor performance for next 7 days,2026-06-25T10:09:16.280Z,2026-06-25T10:09:40.811Z
N01918,Sunset Ridge,2025-03-15,Property Management,Medium,Property leadership requested service enhancement review,Increase staffing coverage,2026-06-25T10:09:16.280Z,2026-06-25T10:09:40.811Z
N01919,Lakeview Terrace,2025-02-17,Resident Behavior,Medium,Resident complaints were concentrated in specific buildings,Increase staffing coverage,2026-06-25T10:09:16.280Z,2026-06-25T10:09:40.811Z
N01938,Maple Court,2025-06-18,Vehicle,Critical,Collection vehicle required mid-route maintenance stop,Assign backup collection crew,2026-06-25T10:09:16.280Z,2026-06-25T10:09:40.811Z
N01985,Birchwood Commons,2025-03-06,Resident Behavior,Critical,Resident complaints increased after route schedule change,Assign backup collection crew,2026-06-25T10:09:16.280Z,2026-06-25T10:09:40.811Z
N01015,Green Oaks,2025-05-16,Vehicle,High,Equipment failure reduced collection efficiency,Coordinate with property manager,2026-06-25T10:09:16.280Z,2026-06-25T10:09:40.811Z
N01023,Willow Creek,2025-04-29,Staffing,Critical,Insufficient staffing levels increased route completion time,Schedule preventive maintenance,2026-06-25T10:09:16.280Z,2026-06-25T10:09:40.811Z
N01063,Willow Creek,2025-02-13,Staffing,Medium,Holiday staffing shortages caused delays,Increase staffing coverage,2026-06-25T10:09:16.280Z,2026-06-25T10:09:40.811Z
N01072,Cedar Park,2025-01-29,Property Management,Low,Property upgrades impacted collection logistics,Increase staffing coverage,2026-06-25T10:09:16.280Z,2026-06-25T10:09:40.811Z
N01087,Harbor Pointe,2025-06-26,Vehicle,Medium,Hydraulic lift malfunction slowed operations,Conduct resident awareness campaign,2026-06-25T10:09:16.280Z,2026-06-25T10:09:40.811Z
N01094,Sunset Ridge,2025-06-12,Gate Access,High,Driver could not access community - gate code expired,Increase staffing coverage,2026-06-25T10:09:16.280Z,2026-06-25T10:09:40.811Z
N01101,Cedar Park,2025-06-05,Route Planning,Critical,Unexpected road closure required route diversion,Escalate issue to regional manager,2026-06-25T10:09:16.280Z,2026-06-25T10:09:40.811Z
N01106,Cedar Park,2025-04-11,Property Management,Critical,Community event impacted collection schedule,Monitor performance for next 7 days,2026-06-25T10:09:16.280Z,2026-06-25T10:09:40.811Z
N01124,Cedar Park,2025-06-13,Property Management,Low,Management requested route modifications,Assign backup collection crew,2026-06-25T10:09:16.280Z,2026-06-25T10:09:40.811Z
N01142,Willow Creek,2025-03-08,Staffing,Low,Training requirements delayed assignment of replacement collector,Update access credentials,2026-06-25T10:09:16.280Z,2026-06-25T10:09:40.811Z
N01156,Lakeview Terrace,2025-02-09,Weather,High,Storm conditions resulted in temporary service suspension,Schedule preventive maintenance,2026-06-25T10:09:16.280Z,2026-06-25T10:09:40.811Z
N01172,Harbor Pointe,2025-03-31,Staffing,Low,Unexpected employee absence impacted daily operations,Schedule preventive maintenance,2026-06-25T10:09:16.280Z,2026-06-25T10:09:40.811Z
N01188,Sunset Ridge,2025-06-09,Resident Behavior,High,Resident education on waste procedures was recommended,Review route optimization plan,2026-06-25T10:09:16.280Z,2026-06-25T10:09:40.811Z
N01193,Sunset Ridge,2025-04-12,Resident Behavior,Low,Several residents reported confusion regarding pickup schedule,Increase staffing coverage,2026-06-25T10:09:16.280Z,2026-06-25T10:09:40.811Z
N01234,Green Oaks,2025-02-04,Route Planning,Critical,Dynamic route adjustments improved service outcomes,Schedule preventive maintenance,2026-06-25T10:09:16.280Z,2026-06-25T10:09:40.811Z
N01278,Harbor Pointe,2025-01-15,Weather,Low,Ice accumulation restricted vehicle movement,Monitor performance for next 7 days,2026-06-25T10:09:16.280Z,2026-06-25T10:09:40.811Z
N01329,Harbor Pointe,2025-06-16,Staffing,High,Staff reassignment impacted scheduled routes,Perform operational audit,2026-06-25T10:09:16.280Z,2026-06-25T10:09:40.811Z
N01332,Harbor Pointe,2025-03-01,Staffing,Low,Training requirements delayed assignment of replacement collector,Schedule preventive maintenance,2026-06-25T10:09:16.280Z,2026-06-25T10:09:40.811Z
N01336,Willow Creek,2025-06-27,Staffing,Critical,High employee turnover affected route consistency,Coordinate with property manager,2026-06-25T10:09:16.280Z,2026-06-25T10:09:40.811Z
N01356,Harbor Pointe,2025-01-14,Vehicle,Low,Transmission issue impacted route completion,Conduct resident awareness campaign,2026-06-25T10:09:16.280Z,2026-06-25T10:09:40.811Z
N01357,Willow Creek,2025-01-01,Vehicle,Low,Brake system inspection delayed deployment,Conduct resident awareness campaign,2026-06-25T10:09:16.280Z,2026-06-25T10:09:40.811Z
N01366,Harbor Pointe,2025-03-18,Vehicle,High,Fleet shortage increased route workloads,Schedule preventive maintenance,2026-06-25T10:09:16.280Z,2026-06-25T10:09:40.811Z
N01369,Green Oaks,2025-06-18,Staffing,Low,Peak demand exceeded available workforce capacity,Update access credentials,2026-06-25T10:09:16.280Z,2026-06-25T10:09:40.811Z
N01390,Green Oaks,2025-03-26,Vehicle,High,Truck mechanical issue delayed entire route schedule,Escalate issue to regional manager,2026-06-25T10:09:16.280Z,2026-06-25T10:09:40.811Z
N01412,Green Oaks,2025-03-17,Vehicle,Low,Maintenance backlog reduced fleet readiness,Increase staffing coverage,2026-06-25T10:09:16.280Z,2026-06-25T10:09:40.811Z
N01425,Maple Court,2025-06-26,Vehicle,Critical,Vehicle servicing overlapped with scheduled collections,Perform operational audit,2026-06-25T10:09:16.280Z,2026-06-25T10:09:40.811Z
N01443,Green Oaks,2025-01-07,Staffing,Medium,"Collector called in sick, route covered late",Escalate issue to regional manager,2026-06-25T10:09:16.280Z,2026-06-25T10:09:40.811Z
N01461,Sunset Ridge,2025-03-28,Property Management,High,Management requested additional pickup support,Perform operational audit,2026-06-25T10:09:16.280Z,2026-06-25T10:09:40.811Z
N01484,Birchwood Commons,2025-03-13,Gate Access,Critical,New security protocol delayed collector access,Update access credentials,2026-06-25T10:09:16.280Z,2026-06-25T10:09:40.811Z
N01485,Lakeview Terrace,2025-05-30,Resident Behavior,Low,Overflowing bins required additional collection effort,Assign backup collection crew,2026-06-25T10:09:16.280Z,2026-06-25T10:09:40.811Z
N01505,Willow Creek,2025-04-15,Staffing,High,Multiple employee absences occurred simultaneously,Increase staffing coverage,2026-06-25T10:09:16.280Z,2026-06-25T10:09:40.811Z
N01506,Cedar Park,2025-02-28,Property Management,High,Coordination challenges delayed operational response,Escalate issue to regional manager,2026-06-25T10:09:16.280Z,2026-06-25T10:09:40.811Z
N01511,Lakeview Terrace,2025-01-22,Resident Behavior,Low,Resident left bin blocked by parked vehicle,Conduct resident awareness campaign,2026-06-25T10:09:16.280Z,2026-06-25T10:09:40.811Z
N01560,Willow Creek,2025-01-15,Vehicle,Low,Vehicle servicing overlapped with scheduled collections,Escalate issue to regional manager,2026-06-25T10:09:16.280Z,2026-06-25T10:09:40.811Z
N01563,Willow Creek,2025-01-30,Vehicle,Critical,Hydraulic lift malfunction slowed operations,Conduct resident awareness campaign,2026-06-25T10:09:16.280Z,2026-06-25T10:09:40.811Z
N01565,Sunset Ridge,2025-06-01,Gate Access,Low,Gate intercom system malfunctioned during service hours,Increase staffing coverage,2026-06-25T10:09:16.280Z,2026-06-25T10:09:40.811Z
N01595,Birchwood Commons,2025-02-08,Gate Access,High,New security protocol delayed collector access,Escalate issue to regional manager,2026-06-25T10:09:16.280Z,2026-06-25T10:09:40.811Z
N01621,Birchwood Commons,2025-01-25,Resident Behavior,High,Resident left bin blocked by parked vehicle,Perform operational audit,2026-06-25T10:09:16.280Z,2026-06-25T10:09:40.811Z
N01622,Maple Court,2025-06-03,Vehicle,Critical,Brake system inspection delayed deployment,Monitor performance for next 7 days,2026-06-25T10:09:16.280Z,2026-06-25T10:09:40.811Z
N01660,Willow Creek,2025-06-20,Staffing,Low,Unexpected resignations affected operations,Escalate issue to regional manager,2026-06-25T10:09:16.280Z,2026-06-25T10:09:40.811Z
N01683,Sunset Ridge,2025-02-09,Resident Behavior,Medium,Excess waste volume exceeded expected capacity,Escalate issue to regional manager,2026-06-25T10:09:16.280Z,2026-06-25T10:09:40.811Z
N01686,Green Oaks,2025-01-21,Vehicle,Critical,Collection vehicle required mid-route maintenance stop,Coordinate with property manager,2026-06-25T10:09:16.280Z,2026-06-25T10:09:40.811Z
N01703,Lakeview Terrace,2025-05-06,Route Planning,High,Travel distance increased due to route modifications,Perform operational audit,2026-06-25T10:09:16.280Z,2026-06-25T10:09:40.811Z
N01719,Green Oaks,2025-06-07,Staffing,Critical,Temporary workers required additional supervision,Schedule preventive maintenance,2026-06-25T10:09:16.280Z,2026-06-25T10:09:40.811Z
N01722,Willow Creek,2025-03-28,Vehicle,High,Engine overheating forced temporary route suspension,Assign backup collection crew,2026-06-25T10:09:16.280Z,2026-06-25T10:09:40.811Z
N01743,Willow Creek,2025-05-01,Gate Access,Medium,Access credentials expired unexpectedly,Assign backup collection crew,2026-06-25T10:09:16.280Z,2026-06-25T10:09:40.811Z
N01749,Lakeview Terrace,2025-01-28,Weather,Low,Extreme temperatures slowed collection activities,Coordinate with property manager,2026-06-25T10:09:16.280Z,2026-06-25T10:09:40.811Z
N01752,Willow Creek,2025-04-21,Staffing,Medium,"Collector called in sick, route covered late",Review route optimization plan,2026-06-25T10:09:16.280Z,2026-06-25T10:09:40.811Z
N01780,Maple Court,2025-04-16,Route Planning,Critical,Operational review identified route inefficiencies,Update access credentials,2026-06-25T10:09:16.280Z,2026-06-25T10:09:40.811Z
N01790,Cedar Park,2025-05-15,Staffing,Low,Unexpected resignations affected operations,Perform operational audit,2026-06-25T10:09:16.280Z,2026-06-25T10:09:40.811Z
N01792,Lakeview Terrace,2025-04-18,Weather,Critical,Weather advisory required route modification,Monitor performance for next 7 days,2026-06-25T10:09:16.280Z,2026-06-25T10:09:40.811Z
N01798,Harbor Pointe,2025-02-17,Vehicle,Low,Unexpected maintenance increased route completion time,Review route optimization plan,2026-06-25T10:09:16.280Z,2026-06-25T10:09:40.811Z
N01815,Willow Creek,2025-05-03,Staffing,Critical,Unexpected resignations affected operations,Review route optimization plan,2026-06-25T10:09:16.280Z,2026-06-25T10:09:40.811Z
N01824,Sunset Ridge,2025-03-30,Gate Access,Medium,Community access policy changes were not communicated,Perform operational audit,2026-06-25T10:09:16.280Z,2026-06-25T10:09:40.811Z
N01828,Willow Creek,2025-05-17,Gate Access,Low,Entry denied due to missing vendor registration,Update access credentials,2026-06-25T10:09:16.280Z,2026-06-25T10:09:40.811Z
N01843,Sunset Ridge,2025-06-10,Resident Behavior,Low,Residents failed to follow waste segregation guidelines,Monitor performance for next 7 days,2026-06-25T10:09:16.280Z,2026-06-25T10:09:40.811Z
N01844,Green Oaks,2025-01-10,Staffing,Critical,New collector unfamiliar with property layout,Coordinate with property manager,2026-06-25T10:09:16.280Z,2026-06-25T10:09:40.811Z
N01856,Lakeview Terrace,2025-03-13,Resident Behavior,Medium,Missed communication led to resident dissatisfaction,Monitor performance for next 7 days,2026-06-25T10:09:16.280Z,2026-06-25T10:09:40.811Z
N01857,Harbor Pointe,2025-05-30,Vehicle,Critical,Emergency repair interrupted collection schedule,Coordinate with property manager,2026-06-25T10:09:16.280Z,2026-06-25T10:09:40.811Z
N01870,Lakeview Terrace,2025-06-25,Weather,Medium,Wet conditions reduced collection speed,Review route optimization plan,2026-06-25T10:09:16.280Z,2026-06-25T10:09:40.811Z
N01878,Lakeview Terrace,2025-03-12,Resident Behavior,Medium,Improper waste disposal created collection challenges,Schedule preventive maintenance,2026-06-25T10:09:16.280Z,2026-06-25T10:09:40.811Z
N01885,Lakeview Terrace,2025-01-05,Resident Behavior,Critical,Improperly secured waste created operational issues,Update access credentials,2026-06-25T10:09:16.280Z,2026-06-25T10:09:40.811Z
N01888,Harbor Pointe,2025-03-19,Vehicle,Medium,Flat tire caused service delays across multiple properties,Review route optimization plan,2026-06-25T10:09:16.280Z,2026-06-25T10:09:40.811Z
N01906,Cedar Park,2025-05-24,Route Planning,Low,Dynamic route adjustments improved service outcomes,Escalate issue to regional manager,2026-06-25T10:09:16.280Z,2026-06-25T10:09:40.811Z
N01925,Birchwood Commons,2025-05-18,Property Management,Medium,Property renovation disrupted normal collection process,Assign backup collection crew,2026-06-25T10:09:16.280Z,2026-06-25T10:09:40.811Z
N01934,Green Oaks,2025-04-01,Route Planning,Low,Route optimization issue increased travel time,Monitor performance for next 7 days,2026-06-25T10:09:16.280Z,2026-06-25T10:09:40.811Z
N01947,Birchwood Commons,2025-04-22,Gate Access,High,Security denied entry due to outdated access credentials,Assign backup collection crew,2026-06-25T10:09:16.280Z,2026-06-25T10:09:40.811Z
N01980,Lakeview Terrace,2025-04-20,Route Planning,Critical,Inefficient property sequencing impacted schedule adherence,Coordinate with property manager,2026-06-25T10:09:16.280Z,2026-06-25T10:09:40.811Z
N01993,Cedar Park,2025-06-02,Property Management,Critical,Management communication delay affected operations,Perform operational audit,2026-06-25T10:09:16.280Z,2026-06-25T10:09:40.811Z
N02000,Birchwood Commons,2025-02-22,Resident Behavior,High,Residents placed bins outside designated collection hours,Escalate issue to regional manager,2026-06-25T10:09:16.280Z,2026-06-25T10:09:40.811Z
N01031,Lakeview Terrace,2025-05-18,Route Planning,High,Route capacity exceeded planned workload,Monitor performance for next 7 days,2026-06-25T10:09:16.280Z,2026-06-25T10:09:40.811Z
N01047,Cedar Park,2025-02-05,Route Planning,Critical,Inefficient property sequencing impacted schedule adherence,Conduct resident awareness campaign,2026-06-25T10:09:16.280Z,2026-06-25T10:09:40.811Z
N01049,Green Oaks,2025-06-10,Route Planning,Low,Navigation issue delayed route completion,Conduct resident awareness campaign,2026-06-25T10:09:16.280Z,2026-06-25T10:09:40.811Z
N01053,Willow Creek,2025-01-29,Vehicle,Critical,Brake system inspection delayed deployment,Monitor performance for next 7 days,2026-06-25T10:09:16.280Z,2026-06-25T10:09:40.811Z
N01054,Sunset Ridge,2025-02-28,Resident Behavior,Low,Unauthorized items were left for collection,Coordinate with property manager,2026-06-25T10:09:16.280Z,2026-06-25T10:09:40.811Z
N01077,Sunset Ridge,2025-02-10,Resident Behavior,High,Resident complaints increased after route schedule change,Increase staffing coverage,2026-06-25T10:09:16.280Z,2026-06-25T10:09:40.811Z
N01141,Willow Creek,2025-06-21,Gate Access,Critical,Manual gate operation caused route delays,Assign backup collection crew,2026-06-25T10:09:16.280Z,2026-06-25T10:09:40.811Z
N01145,Green Oaks,2025-02-24,Route Planning,Medium,Route redesign recommended to improve performance,Review route optimization plan,2026-06-25T10:09:16.280Z,2026-06-25T10:09:40.811Z
N01174,Lakeview Terrace,2025-03-17,Route Planning,Medium,GPS routing error caused missed service locations,Review route optimization plan,2026-06-25T10:09:16.280Z,2026-06-25T10:09:40.811Z
N01204,Maple Court,2025-05-27,Vehicle,Critical,Equipment failure reduced collection efficiency,Update access credentials,2026-06-25T10:09:16.280Z,2026-06-25T10:09:40.811Z
N01240,Sunset Ridge,2025-06-07,Gate Access,Low,Entry denied due to missing vendor registration,Review route optimization plan,2026-06-25T10:09:16.280Z,2026-06-25T10:09:40.811Z
N01263,Cedar Park,2025-04-18,Route Planning,Critical,Navigation issue delayed route completion,Schedule preventive maintenance,2026-06-25T10:09:16.280Z,2026-06-25T10:09:40.811Z
N01266,Lakeview Terrace,2025-06-08,Weather,Critical,Unexpected storm activity required schedule changes,Perform operational audit,2026-06-25T10:09:16.280Z,2026-06-25T10:09:40.811Z
N01270,Harbor Pointe,2025-03-16,Staffing,Low,Unexpected resignations affected operations,Monitor performance for next 7 days,2026-06-25T10:09:16.280Z,2026-06-25T10:09:40.811Z
N01283,Harbor Pointe,2025-05-08,Vehicle,Low,Replacement vehicle arrived later than expected,Update access credentials,2026-06-25T10:09:16.280Z,2026-06-25T10:09:40.811Z
N01304,Green Oaks,2025-06-05,Vehicle,High,Truck mechanical issue delayed entire route schedule,Update access credentials,2026-06-25T10:09:16.280Z,2026-06-25T10:09:40.811Z
N01347,Cedar Park,2025-01-16,Route Planning,Low,Route optimization issue increased travel time,Assign backup collection crew,2026-06-25T10:09:16.280Z,2026-06-25T10:09:40.811Z
N01376,Cedar Park,2025-01-07,Property Management,Low,Access restrictions increased service complexity,Perform operational audit,2026-06-25T10:09:16.280Z,2026-06-25T10:09:40.811Z
N01422,Lakeview Terrace,2025-02-18,Resident Behavior,Medium,Resident participation declined during holiday period,Escalate issue to regional manager,2026-06-25T10:09:16.280Z,2026-06-25T10:09:40.811Z
N01433,Lakeview Terrace,2025-05-18,Resident Behavior,Medium,Missed communication led to resident dissatisfaction,Increase staffing coverage,2026-06-25T10:09:16.280Z,2026-06-25T10:09:40.811Z
N01445,Willow Creek,2025-02-05,Gate Access,Critical,Service entrance blocked by maintenance activity,Coordinate with property manager,2026-06-25T10:09:16.280Z,2026-06-25T10:09:40.811Z
N01447,Willow Creek,2025-03-24,Gate Access,High,Access card failed to unlock service entrance,Assign backup collection crew,2026-06-25T10:09:16.280Z,2026-06-25T10:09:40.811Z
N01458,Birchwood Commons,2025-01-12,Property Management,Medium,Property management requested schedule adjustment,Increase staffing coverage,2026-06-25T10:09:16.280Z,2026-06-25T10:09:40.811Z
N01475,Birchwood Commons,2025-03-24,Property Management,High,Coordination challenges delayed operational response,Escalate issue to regional manager,2026-06-25T10:09:16.280Z,2026-06-25T10:09:40.811Z
N01517,Willow Creek,2025-03-10,Gate Access,Critical,Community gate remained locked during scheduled pickup window,Escalate issue to regional manager,2026-06-25T10:09:16.280Z,2026-06-25T10:09:40.811Z
N01524,Willow Creek,2025-02-21,Gate Access,High,Restricted access due to special community event,Conduct resident awareness campaign,2026-06-25T10:09:16.280Z,2026-06-25T10:09:40.811Z
N01569,Maple Court,2025-03-03,Vehicle,Low,Flat tire caused service delays across multiple properties,Coordinate with property manager,2026-06-25T10:09:16.280Z,2026-06-25T10:09:40.811Z
N01659,Cedar Park,2025-03-02,Route Planning,High,Route handoff between teams caused delays,Conduct resident awareness campaign,2026-06-25T10:09:16.280Z,2026-06-25T10:09:40.811Z
N01664,Harbor Pointe,2025-05-09,Staffing,High,High employee turnover affected route consistency,Escalate issue to regional manager,2026-06-25T10:09:16.280Z,2026-06-25T10:09:40.811Z
N01679,Lakeview Terrace,2025-04-22,Route Planning,Medium,Route balancing adjustments improved service coverage,Assign backup collection crew,2026-06-25T10:09:16.280Z,2026-06-25T10:09:40.811Z
N01716,Harbor Pointe,2025-05-19,Staffing,High,Resource allocation issue affected collection schedule,Conduct resident awareness campaign,2026-06-25T10:09:16.280Z,2026-06-25T10:09:40.811Z
N01728,Willow Creek,2025-02-26,Gate Access,Low,Leasing office did not answer for gate code reset,Perform operational audit,2026-06-25T10:09:16.280Z,2026-06-25T10:09:40.811Z
N01730,Birchwood Commons,2025-05-21,Property Management,Low,Manager reported recurring service concerns,Assign backup collection crew,2026-06-25T10:09:16.280Z,2026-06-25T10:09:40.811Z
N01739,Birchwood Commons,2025-02-28,Gate Access,Medium,Security denied entry due to outdated access credentials,Update access credentials,2026-06-25T10:09:16.280Z,2026-06-25T10:09:40.811Z
N01758,Willow Creek,2025-04-19,Staffing,Medium,Staff reassignment impacted scheduled routes,Monitor performance for next 7 days,2026-06-25T10:09:16.280Z,2026-06-25T10:09:40.811Z
N01768,Cedar Park,2025-04-22,Staffing,Low,Shift scheduling conflict resulted in delayed collections,Update access credentials,2026-06-25T10:09:16.280Z,2026-06-25T10:09:40.811Z
N01822,Willow Creek,2025-01-05,Gate Access,High,New security protocol delayed collector access,Update access credentials,2026-06-25T10:09:16.280Z,2026-06-25T10:09:40.811Z
N01831,Sunset Ridge,2025-06-11,Gate Access,Low,New security protocol delayed collector access,Update access credentials,2026-06-25T10:09:16.280Z,2026-06-25T10:09:40.811Z
N01837,Sunset Ridge,2025-05-04,Resident Behavior,High,Resident complaints increased after route schedule change,Perform operational audit,2026-06-25T10:09:16.280Z,2026-06-25T10:09:40.811Z
N01848,Lakeview Terrace,2025-04-23,Weather,Low,Severe weather reduced operational efficiency,Conduct resident awareness campaign,2026-06-25T10:09:16.280Z,2026-06-25T10:09:40.811Z
N01852,Harbor Pointe,2025-03-01,Vehicle,Medium,Truck mechanical issue delayed entire route schedule,Monitor performance for next 7 days,2026-06-25T10:09:16.280Z,2026-06-25T10:09:40.811Z
N01880,Harbor Pointe,2025-01-07,Staffing,Critical,Temporary workers required additional supervision,Assign backup collection crew,2026-06-25T10:09:16.280Z,2026-06-25T10:09:40.811Z
N01883,Birchwood Commons,2025-05-22,Gate Access,Low,Security denied entry due to outdated access credentials,Conduct resident awareness campaign,2026-06-25T10:09:16.280Z,2026-06-25T10:09:40.811Z
N01935,Green Oaks,2025-05-04,Vehicle,Critical,Truck mechanical issue delayed entire route schedule,Assign backup collection crew,2026-06-25T10:09:16.280Z,2026-06-25T10:09:40.811Z
N01977,Sunset Ridge,2025-01-10,Property Management,High,Property inspection activities disrupted collections,Review route optimization plan,2026-06-25T10:09:16.280Z,2026-06-25T10:09:40.811Z
N01986,Green Oaks,2025-05-20,Route Planning,Critical,Route handoff between teams caused delays,Assign backup collection crew,2026-06-25T10:09:16.280Z,2026-06-25T10:09:40.811Z
N01989,Sunset Ridge,2025-05-12,Gate Access,Low,Restricted access due to special community event,Increase staffing coverage,2026-06-25T10:09:16.280Z,2026-06-25T10:09:40.811Z
N01008,Lakeview Terrace,2025-01-25,Weather,Critical,Heavy rain delayed collection schedule across region,Perform operational audit,2026-06-25T10:09:16.280Z,2026-06-25T10:09:40.811Z
N01010,Willow Creek,2025-06-16,Staffing,High,Staff reassignment impacted scheduled routes,Coordinate with property manager,2026-06-25T10:09:16.280Z,2026-06-25T10:09:40.811Z
N01040,Green Oaks,2025-02-01,Staffing,Low,Resource allocation issue affected collection schedule,Perform operational audit,2026-06-25T10:09:16.280Z,2026-06-25T10:09:40.811Z
N01046,Maple Court,2025-06-11,Route Planning,High,Route handoff between teams caused delays,Increase staffing coverage,2026-06-25T10:09:16.280Z,2026-06-25T10:09:40.811Z
N01070,Maple Court,2025-04-12,Weather,Medium,Adverse weather increased average completion times,Monitor performance for next 7 days,2026-06-25T10:09:16.280Z,2026-06-25T10:09:40.811Z
N01075,Maple Court,2025-06-10,Route Planning,Critical,High-density properties created route bottlenecks,Monitor performance for next 7 days,2026-06-25T10:09:16.280Z,2026-06-25T10:09:40.811Z
N01083,Willow Creek,2025-06-22,Staffing,Medium,Training requirements delayed assignment of replacement collector,Assign backup collection crew,2026-06-25T10:09:16.280Z,2026-06-25T10:09:40.811Z
N01103,Harbor Pointe,2025-02-25,Vehicle,Medium,Vehicle servicing overlapped with scheduled collections,Escalate issue to regional manager,2026-06-25T10:09:16.280Z,2026-06-25T10:09:40.811Z
N01128,Maple Court,2025-05-01,Route Planning,Critical,Operational review identified route inefficiencies,Escalate issue to regional manager,2026-06-25T10:09:16.280Z,2026-06-25T10:09:40.811Z
N01151,Green Oaks,2025-02-01,Staffing,Critical,Peak demand exceeded available workforce capacity,Assign backup collection crew,2026-06-25T10:09:16.280Z,2026-06-25T10:09:40.811Z
N01173,Sunset Ridge,2025-02-24,Gate Access,Critical,New security protocol delayed collector access,Perform operational audit,2026-06-25T10:09:16.280Z,2026-06-25T10:09:40.811Z
N01178,Lakeview Terrace,2025-06-29,Resident Behavior,Low,Resident left bin blocked by parked vehicle,Assign backup collection crew,2026-06-25T10:09:16.280Z,2026-06-25T10:09:40.811Z
N01179,Maple Court,2025-06-28,Vehicle,Low,Equipment failure reduced collection efficiency,Escalate issue to regional manager,2026-06-25T10:09:16.280Z,2026-06-25T10:09:40.811Z
N01218,Willow Creek,2025-06-01,Staffing,Medium,New collector unfamiliar with property layout,Assign backup collection crew,2026-06-25T10:09:16.280Z,2026-06-25T10:09:40.811Z
N01248,Sunset Ridge,2025-06-20,Gate Access,Critical,Access credentials expired unexpectedly,Review route optimization plan,2026-06-25T10:09:16.280Z,2026-06-25T10:09:40.811Z
N01254,Sunset Ridge,2025-04-27,Resident Behavior,Medium,Resident participation declined during holiday period,Update access credentials,2026-06-25T10:09:16.280Z,2026-06-25T10:09:40.811Z
N01281,Sunset Ridge,2025-02-06,Resident Behavior,Medium,Collection bins were inaccessible during service window,Monitor performance for next 7 days,2026-06-25T10:09:16.280Z,2026-06-25T10:09:40.811Z
N01299,Lakeview Terrace,2025-06-16,Route Planning,Critical,Travel distance increased due to route modifications,Monitor performance for next 7 days,2026-06-25T10:09:16.280Z,2026-06-25T10:09:40.811Z
N01309,Sunset Ridge,2025-04-12,Gate Access,Critical,Security denied entry due to outdated access credentials,Coordinate with property manager,2026-06-25T10:09:16.280Z,2026-06-25T10:09:40.811Z
N01334,Harbor Pointe,2025-04-19,Staffing,Critical,Recruitment delays limited route coverage,Schedule preventive maintenance,2026-06-25T10:09:16.280Z,2026-06-25T10:09:40.811Z
N01340,Green Oaks,2025-03-08,Route Planning,Low,Scheduling overlap reduced operational efficiency,Monitor performance for next 7 days,2026-06-25T10:09:16.280Z,2026-06-25T10:09:40.811Z
N01350,Sunset Ridge,2025-06-19,Property Management,High,Management requested additional pickup support,Schedule preventive maintenance,2026-06-25T10:09:16.280Z,2026-06-25T10:09:40.811Z
N01354,Maple Court,2025-04-09,Route Planning,Critical,Traffic congestion delayed collections across multiple properties,Conduct resident awareness campaign,2026-06-25T10:09:16.280Z,2026-06-25T10:09:40.811Z
N01380,Lakeview Terrace,2025-03-21,Route Planning,Low,Peak-hour traffic increased collection duration,Update access credentials,2026-06-25T10:09:16.280Z,2026-06-25T10:09:40.811Z
N01391,Birchwood Commons,2025-06-15,Property Management,Medium,Property renovation disrupted normal collection process,Escalate issue to regional manager,2026-06-25T10:09:16.280Z,2026-06-25T10:09:40.811Z
N01421,Cedar Park,2025-03-22,Staffing,Low,Staff shortage on route caused missed pickups,Conduct resident awareness campaign,2026-06-25T10:09:16.280Z,2026-06-25T10:09:40.811Z
N01430,Maple Court,2025-02-01,Weather,Critical,Weather advisory required route modification,Monitor performance for next 7 days,2026-06-25T10:09:16.280Z,2026-06-25T10:09:40.811Z
N01465,Maple Court,2025-01-21,Route Planning,Critical,Scheduling overlap reduced operational efficiency,Increase staffing coverage,2026-06-25T10:09:16.280Z,2026-06-25T10:09:40.811Z
N01466,Harbor Pointe,2025-03-08,Weather,Critical,Severe heat affected workforce productivity,Escalate issue to regional manager,2026-06-25T10:09:16.280Z,2026-06-25T10:09:40.811Z
N01478,Willow Creek,2025-06-09,Vehicle,Critical,Equipment failure reduced collection efficiency,Escalate issue to regional manager,2026-06-25T10:09:16.280Z,2026-06-25T10:09:40.811Z
N01498,Harbor Pointe,2025-02-24,Staffing,Low,"Collector called in sick, route covered late",Perform operational audit,2026-06-25T10:09:16.280Z,2026-06-25T10:09:40.811Z
N01528,Green Oaks,2025-05-27,Route Planning,High,Peak-hour traffic increased collection duration,Review route optimization plan,2026-06-25T10:09:16.280Z,2026-06-25T10:09:40.811Z
N01538,Green Oaks,2025-01-05,Vehicle,High,Vehicle breakdown impacted collections on route,Schedule preventive maintenance,2026-06-25T10:09:16.280Z,2026-06-25T10:09:40.811Z
N01552,Lakeview Terrace,2025-01-28,Resident Behavior,Low,Collection bins were inaccessible during service window,Escalate issue to regional manager,2026-06-25T10:09:16.280Z,2026-06-25T10:09:40.811Z
N01577,Cedar Park,2025-01-15,Property Management,High,Property inspection activities disrupted collections,Monitor performance for next 7 days,2026-06-25T10:09:16.280Z,2026-06-25T10:09:40.811Z
N01619,Willow Creek,2025-02-17,Gate Access,Critical,Manual gate operation caused route delays,Perform operational audit,2026-06-25T10:09:16.280Z,2026-06-25T10:09:40.811Z
N01648,Lakeview Terrace,2025-05-03,Route Planning,Low,Route redesign recommended to improve performance,Monitor performance for next 7 days,2026-06-25T10:09:16.280Z,2026-06-25T10:09:40.811Z
N01667,Cedar Park,2025-05-31,Route Planning,Low,Unexpected road closure required route diversion,Coordinate with property manager,2026-06-25T10:09:16.280Z,2026-06-25T10:09:40.811Z
N01674,Green Oaks,2025-06-21,Vehicle,High,Fleet shortage increased route workloads,Assign backup collection crew,2026-06-25T10:09:16.280Z,2026-06-25T10:09:40.811Z
N01689,Harbor Pointe,2025-02-13,Weather,Low,Weather advisory required route modification,Monitor performance for next 7 days,2026-06-25T10:09:16.280Z,2026-06-25T10:09:40.811Z
N01702,Harbor Pointe,2025-06-14,Staffing,Critical,"Collector called in sick, route covered late",Coordinate with property manager,2026-06-25T10:09:16.280Z,2026-06-25T10:09:40.811Z
N01705,Lakeview Terrace,2025-03-24,Weather,Critical,Weather advisory required route modification,Schedule preventive maintenance,2026-06-25T10:09:16.280Z,2026-06-25T10:09:40.811Z
N01706,Maple Court,2025-05-05,Vehicle,Low,Emergency repair interrupted collection schedule,Review route optimization plan,2026-06-25T10:09:16.280Z,2026-06-25T10:09:40.811Z
N01732,Cedar Park,2025-01-03,Property Management,Medium,Management communication delay affected operations,Escalate issue to regional manager,2026-06-25T10:09:16.280Z,2026-06-25T10:09:40.811Z
N01777,Cedar Park,2025-03-17,Property Management,Medium,Manager reported recurring service concerns,Review route optimization plan,2026-06-25T10:09:16.280Z,2026-06-25T10:09:40.811Z
N01794,Willow Creek,2025-05-24,Vehicle,Low,Emergency repair interrupted collection schedule,Review route optimization plan,2026-06-25T10:09:16.280Z,2026-06-25T10:09:40.811Z
N01811,Sunset Ridge,2025-04-28,Resident Behavior,High,Unauthorized items were left for collection,Monitor performance for next 7 days,2026-06-25T10:09:16.280Z,2026-06-25T10:09:40.811Z
N01816,Willow Creek,2025-06-20,Staffing,Low,Staff shortage on route caused missed pickups,Monitor performance for next 7 days,2026-06-25T10:09:16.280Z,2026-06-25T10:09:40.811Z
N01867,Cedar Park,2025-01-05,Property Management,Medium,Property inspection activities disrupted collections,Conduct resident awareness campaign,2026-06-25T10:09:16.280Z,2026-06-25T10:09:40.811Z
N01882,Birchwood Commons,2025-05-05,Gate Access,Critical,Gate intercom system malfunctioned during service hours,Schedule preventive maintenance,2026-06-25T10:09:16.280Z,2026-06-25T10:09:40.811Z
N01916,Maple Court,2025-03-20,Weather,Low,Snow accumulation blocked access to several units,Conduct resident awareness campaign,2026-06-25T10:09:16.280Z,2026-06-25T10:09:40.811Z
N01921,Birchwood Commons,2025-05-27,Gate Access,Critical,Incorrect gate code provided by property management,Schedule preventive maintenance,2026-06-25T10:09:16.280Z,2026-06-25T10:09:40.811Z
N01936,Willow Creek,2025-06-19,Vehicle,Low,Truck mechanical issue delayed entire route schedule,Coordinate with property manager,2026-06-25T10:09:16.280Z,2026-06-25T10:09:40.811Z
N01951,Birchwood Commons,2025-01-16,Property Management,Critical,Community event impacted collection schedule,Coordinate with property manager,2026-06-25T10:09:16.280Z,2026-06-25T10:09:40.811Z
N01960,Green Oaks,2025-06-06,Staffing,Low,Overtime limitations reduced available coverage,Schedule preventive maintenance,2026-06-25T10:09:16.280Z,2026-06-25T10:09:40.811Z
N01013,Willow Creek,2025-06-26,Staffing,Critical,Staff reassignment impacted scheduled routes,Conduct resident awareness campaign,2026-06-25T10:09:16.280Z,2026-06-25T10:09:40.811Z
N01044,Cedar Park,2025-03-08,Staffing,Low,High employee turnover affected route consistency,Schedule preventive maintenance,2026-06-25T10:09:16.280Z,2026-06-25T10:09:40.811Z
N01050,Sunset Ridge,2025-03-20,Resident Behavior,High,Resident participation declined during holiday period,Assign backup collection crew,2026-06-25T10:09:16.280Z,2026-06-25T10:09:40.811Z
N01060,Lakeview Terrace,2025-02-21,Route Planning,High,Scheduling overlap reduced operational efficiency,Perform operational audit,2026-06-25T10:09:16.280Z,2026-06-25T10:09:40.811Z
N01085,Cedar Park,2025-04-23,Route Planning,High,Service area expansion affected route timing,Increase staffing coverage,2026-06-25T10:09:16.280Z,2026-06-25T10:09:40.811Z
N01095,Sunset Ridge,2025-06-01,Property Management,High,Operational feedback meeting identified improvement areas,Escalate issue to regional manager,2026-06-25T10:09:16.280Z,2026-06-25T10:09:40.811Z
N01114,Green Oaks,2025-03-17,Staffing,Critical,Shift scheduling conflict resulted in delayed collections,Conduct resident awareness campaign,2026-06-25T10:09:16.280Z,2026-06-25T10:09:40.811Z
N01137,Cedar Park,2025-01-12,Staffing,Medium,High employee turnover affected route consistency,Perform operational audit,2026-06-25T10:09:16.280Z,2026-06-25T10:09:40.811Z
N01143,Willow Creek,2025-04-27,Gate Access,Medium,Access card failed to unlock service entrance,Schedule preventive maintenance,2026-06-25T10:09:16.280Z,2026-06-25T10:09:40.811Z
N01154,Maple Court,2025-03-29,Route Planning,Medium,Route optimization issue increased travel time,Conduct resident awareness campaign,2026-06-25T10:09:16.280Z,2026-06-25T10:09:40.811Z
N01167,Willow Creek,2025-02-22,Gate Access,Medium,Visitor access restrictions delayed collection process,Conduct resident awareness campaign,2026-06-25T10:09:16.280Z,2026-06-25T10:09:40.811Z
N01203,Lakeview Terrace,2025-05-02,Resident Behavior,Medium,Residents requested unscheduled pickups,Increase staffing coverage,2026-06-25T10:09:16.280Z,2026-06-25T10:09:40.811Z
N01249,Birchwood Commons,2025-02-25,Property Management,Low,Management requested route modifications,Assign backup collection crew,2026-06-25T10:09:16.280Z,2026-06-25T10:09:40.811Z
N01286,Maple Court,2025-05-05,Vehicle,Critical,Brake system inspection delayed deployment,Schedule preventive maintenance,2026-06-25T10:09:16.280Z,2026-06-25T10:09:40.811Z
N01300,Green Oaks,2025-04-14,Route Planning,Low,Navigation issue delayed route completion,Review route optimization plan,2026-06-25T10:09:16.280Z,2026-06-25T10:09:40.811Z
N01314,Cedar Park,2025-01-14,Property Management,Low,Property upgrades impacted collection logistics,Schedule preventive maintenance,2026-06-25T10:09:16.280Z,2026-06-25T10:09:40.811Z
N01316,Birchwood Commons,2025-04-29,Resident Behavior,High,Overflowing bins required additional collection effort,Perform operational audit,2026-06-25T10:09:16.280Z,2026-06-25T10:09:40.811Z
N01353,Willow Creek,2025-02-06,Vehicle,Critical,Battery failure delayed route departure,Update access credentials,2026-06-25T10:09:16.280Z,2026-06-25T10:09:40.811Z
N01360,Harbor Pointe,2025-04-12,Staffing,High,Resource allocation issue affected collection schedule,Update access credentials,2026-06-25T10:09:16.280Z,2026-06-25T10:09:40.811Z
N01361,Sunset Ridge,2025-02-07,Gate Access,Critical,Visitor access restrictions delayed collection process,Conduct resident awareness campaign,2026-06-25T10:09:16.280Z,2026-06-25T10:09:40.811Z
N01374,Willow Creek,2025-01-05,Vehicle,Medium,Fleet availability issues caused route reassignment,Schedule preventive maintenance,2026-06-25T10:09:16.280Z,2026-06-25T10:09:40.811Z
N01388,Green Oaks,2025-03-07,Vehicle,Critical,Flat tire caused service delays across multiple properties,Escalate issue to regional manager,2026-06-25T10:09:16.280Z,2026-06-25T10:09:40.811Z
N01429,Harbor Pointe,2025-06-18,Staffing,Medium,"Collector called in sick, route covered late",Update access credentials,2026-06-25T10:09:16.280Z,2026-06-25T10:09:40.811Z
N01436,Harbor Pointe,2025-06-28,Vehicle,Critical,Equipment failure reduced collection efficiency,Schedule preventive maintenance,2026-06-25T10:09:16.280Z,2026-06-25T10:09:40.811Z
N01467,Green Oaks,2025-01-01,Vehicle,High,Battery failure delayed route departure,Coordinate with property manager,2026-06-25T10:09:16.280Z,2026-06-25T10:09:40.811Z
N01473,Sunset Ridge,2025-06-05,Gate Access,Medium,Incorrect gate code provided by property management,Monitor performance for next 7 days,2026-06-25T10:09:16.280Z,2026-06-25T10:09:40.811Z
N01477,Green Oaks,2025-06-19,Staffing,High,Peak demand exceeded available workforce capacity,Escalate issue to regional manager,2026-06-25T10:09:16.280Z,2026-06-25T10:09:40.811Z
N01482,Willow Creek,2025-03-28,Vehicle,Medium,Transmission issue impacted route completion,Conduct resident awareness campaign,2026-06-25T10:09:16.280Z,2026-06-25T10:09:40.811Z
N01491,Sunset Ridge,2025-06-26,Gate Access,Low,Restricted access due to special community event,Schedule preventive maintenance,2026-06-25T10:09:16.280Z,2026-06-25T10:09:40.811Z
N01492,Willow Creek,2025-01-24,Gate Access,Critical,Manual gate operation caused route delays,Monitor performance for next 7 days,2026-06-25T10:09:16.280Z,2026-06-25T10:09:40.811Z
N01519,Birchwood Commons,2025-05-26,Property Management,Low,Management escalation required operational review,Perform operational audit,2026-06-25T10:09:16.280Z,2026-06-25T10:09:40.811Z
N01526,Lakeview Terrace,2025-05-28,Route Planning,High,Navigation issue delayed route completion,Increase staffing coverage,2026-06-25T10:09:16.280Z,2026-06-25T10:09:40.811Z
N01529,Sunset Ridge,2025-05-04,Property Management,Medium,Property renovation disrupted normal collection process,Schedule preventive maintenance,2026-06-25T10:09:16.280Z,2026-06-25T10:09:40.811Z
N01535,Willow Creek,2025-05-31,Staffing,High,Staff reassignment impacted scheduled routes,Update access credentials,2026-06-25T10:09:16.280Z,2026-06-25T10:09:40.811Z
N01541,Birchwood Commons,2025-03-30,Property Management,Medium,Maintenance work restricted access to collection areas,Review route optimization plan,2026-06-25T10:09:16.280Z,2026-06-25T10:09:40.811Z
N01555,Sunset Ridge,2025-02-13,Gate Access,Low,Gate intercom system malfunctioned during service hours,Update access credentials,2026-06-25T10:09:16.280Z,2026-06-25T10:09:40.811Z
N01571,Cedar Park,2025-01-06,Staffing,High,Staff shortage on route caused missed pickups,Conduct resident awareness campaign,2026-06-25T10:09:16.280Z,2026-06-25T10:09:40.811Z
N01579,Cedar Park,2025-04-26,Route Planning,Critical,Route redesign recommended to improve performance,Increase staffing coverage,2026-06-25T10:09:16.280Z,2026-06-25T10:09:40.811Z
N01584,Lakeview Terrace,2025-06-17,Route Planning,Low,Route handoff between teams caused delays,Coordinate with property manager,2026-06-25T10:09:16.280Z,2026-06-25T10:09:40.811Z
N01587,Harbor Pointe,2025-04-07,Weather,Low,Emergency weather response delayed operations,Perform operational audit,2026-06-25T10:09:16.280Z,2026-06-25T10:09:40.811Z
N01618,Lakeview Terrace,2025-01-14,Route Planning,Low,Route balancing adjustments improved service coverage,Schedule preventive maintenance,2026-06-25T10:09:16.280Z,2026-06-25T10:09:40.811Z
N01636,Birchwood Commons,2025-05-21,Resident Behavior,Critical,Resident education on waste procedures was recommended,Increase staffing coverage,2026-06-25T10:09:16.280Z,2026-06-25T10:09:40.811Z
N01637,Sunset Ridge,2025-06-21,Gate Access,High,Access card failed to unlock service entrance,Perform operational audit,2026-06-25T10:09:16.280Z,2026-06-25T10:09:40.811Z
N01649,Green Oaks,2025-02-12,Staffing,Low,Insufficient staffing levels increased route completion time,Review route optimization plan,2026-06-25T10:09:16.280Z,2026-06-25T10:09:40.811Z
N01653,Lakeview Terrace,2025-04-02,Route Planning,Medium,Scheduling overlap reduced operational efficiency,Schedule preventive maintenance,2026-06-25T10:09:16.280Z,2026-06-25T10:09:40.811Z
N01682,Sunset Ridge,2025-03-08,Property Management,High,Maintenance work restricted access to collection areas,Schedule preventive maintenance,2026-06-25T10:09:16.280Z,2026-06-25T10:09:40.811Z
N01688,Willow Creek,2025-05-12,Vehicle,High,Vehicle inspection identified safety concerns before dispatch,Review route optimization plan,2026-06-25T10:09:16.280Z,2026-06-25T10:09:40.811Z
N01747,Lakeview Terrace,2025-03-23,Resident Behavior,Critical,Residents failed to follow waste segregation guidelines,Increase staffing coverage,2026-06-25T10:09:16.280Z,2026-06-25T10:09:40.811Z
N01773,Birchwood Commons,2025-04-24,Gate Access,Critical,Security denied entry due to outdated access credentials,Escalate issue to regional manager,2026-06-25T10:09:16.280Z,2026-06-25T10:09:40.811Z
N01796,Cedar Park,2025-04-21,Property Management,Low,Manager reported recurring service concerns,Escalate issue to regional manager,2026-06-25T10:09:16.280Z,2026-06-25T10:09:40.811Z
N01804,Harbor Pointe,2025-06-17,Vehicle,Critical,Collection vehicle required mid-route maintenance stop,Assign backup collection crew,2026-06-25T10:09:16.280Z,2026-06-25T10:09:40.811Z
N01821,Lakeview Terrace,2025-01-01,Route Planning,Low,Route optimization issue increased travel time,Increase staffing coverage,2026-06-25T10:09:16.280Z,2026-06-25T10:09:40.811Z
N01829,Maple Court,2025-04-30,Route Planning,Critical,Route optimization issue increased travel time,Assign backup collection crew,2026-06-25T10:09:16.280Z,2026-06-25T10:09:40.811Z
N01830,Willow Creek,2025-05-08,Staffing,Medium,Unexpected employee absence impacted daily operations,Perform operational audit,2026-06-25T10:09:16.280Z,2026-06-25T10:09:40.811Z
N01834,Birchwood Commons,2025-02-21,Property Management,Medium,Property renovation disrupted normal collection process,Escalate issue to regional manager,2026-06-25T10:09:16.280Z,2026-06-25T10:09:40.811Z
N01836,Sunset Ridge,2025-02-28,Resident Behavior,Low,Resident education on waste procedures was recommended,Conduct resident awareness campaign,2026-06-25T10:09:16.280Z,2026-06-25T10:09:40.811Z
N01860,Birchwood Commons,2025-04-06,Property Management,High,Property staffing changes impacted coordination,Monitor performance for next 7 days,2026-06-25T10:09:16.280Z,2026-06-25T10:09:40.811Z
N01865,Harbor Pointe,2025-04-05,Vehicle,Critical,Equipment failure reduced collection efficiency,Perform operational audit,2026-06-25T10:09:16.280Z,2026-06-25T10:09:40.811Z
N01881,Cedar Park,2025-03-08,Property Management,Critical,Operational feedback meeting identified improvement areas,Increase staffing coverage,2026-06-25T10:09:16.280Z,2026-06-25T10:09:40.811Z
N01897,Green Oaks,2025-05-08,Vehicle,Low,Battery failure delayed route departure,Escalate issue to regional manager,2026-06-25T10:09:16.280Z,2026-06-25T10:09:40.811Z
N01898,Birchwood Commons,2025-01-04,Property Management,Medium,Service expectations reviewed with property leadership,Assign backup collection crew,2026-06-25T10:09:16.280Z,2026-06-25T10:09:40.811Z
N01924,Maple Court,2025-06-29,Route Planning,Critical,Scheduling overlap reduced operational efficiency,Monitor performance for next 7 days,2026-06-25T10:09:16.280Z,2026-06-25T10:09:40.811Z
N01941,Harbor Pointe,2025-01-15,Vehicle,Low,Vehicle inspection identified safety concerns before dispatch,Perform operational audit,2026-06-25T10:09:16.280Z,2026-06-25T10:09:40.811Z
N01946,Sunset Ridge,2025-03-31,Gate Access,Medium,Entry denied due to missing vendor registration,Monitor performance for next 7 days,2026-06-25T10:09:16.280Z,2026-06-25T10:09:40.811Z
N01970,Birchwood Commons,2025-02-02,Resident Behavior,High,Residents placed bins outside designated collection hours,Schedule preventive maintenance,2026-06-25T10:09:16.280Z,2026-06-25T10:09:40.811Z
N01990,Maple Court,2025-03-05,Route Planning,Critical,Route optimization issue increased travel time,Assign backup collection crew,2026-06-25T10:09:16.280Z,2026-06-25T10:09:40.811Z
N01992,Harbor Pointe,2025-06-20,Staffing,Critical,Staff reassignment impacted scheduled routes,Perform operational audit,2026-06-25T10:09:16.280Z,2026-06-25T10:09:40.811Z
N01004,Lakeview Terrace,2025-01-04,Route Planning,Medium,Route balancing adjustments improved service coverage,Assign backup collection crew,2026-06-25T10:09:16.280Z,2026-06-25T10:09:40.811Z
N01006,Lakeview Terrace,2025-06-24,Resident Behavior,Low,Resident complaints were concentrated in specific buildings,Review route optimization plan,2026-06-25T10:09:16.280Z,2026-06-25T10:09:40.811Z
N01011,Sunset Ridge,2025-03-10,Resident Behavior,Critical,Unauthorized items were left for collection,Conduct resident awareness campaign,2026-06-25T10:09:16.280Z,2026-06-25T10:09:40.811Z
N01028,Birchwood Commons,2025-04-27,Property Management,High,Building access procedures updated without notice,Assign backup collection crew,2026-06-25T10:09:16.280Z,2026-06-25T10:09:40.811Z
N01034,Green Oaks,2025-05-13,Staffing,High,Staff reassignment impacted scheduled routes,Assign backup collection crew,2026-06-25T10:09:16.280Z,2026-06-25T10:09:40.811Z
N01039,Green Oaks,2025-02-27,Vehicle,Low,Transmission issue impacted route completion,Increase staffing coverage,2026-06-25T10:09:16.280Z,2026-06-25T10:09:40.811Z
N01086,Birchwood Commons,2025-04-08,Resident Behavior,Medium,Improper waste disposal created collection challenges,Review route optimization plan,2026-06-25T10:09:16.280Z,2026-06-25T10:09:40.811Z
N01091,Cedar Park,2025-01-18,Staffing,High,High employee turnover affected route consistency,Escalate issue to regional manager,2026-06-25T10:09:16.280Z,2026-06-25T10:09:40.811Z
N01092,Willow Creek,2025-06-27,Vehicle,Critical,Emergency repair interrupted collection schedule,Escalate issue to regional manager,2026-06-25T10:09:16.280Z,2026-06-25T10:09:40.811Z
N01096,Birchwood Commons,2025-06-08,Property Management,Critical,Property upgrades impacted collection logistics,Coordinate with property manager,2026-06-25T10:09:16.280Z,2026-06-25T10:09:40.811Z
N01109,Harbor Pointe,2025-04-13,Weather,Critical,Unexpected storm activity required schedule changes,Assign backup collection crew,2026-06-25T10:09:16.280Z,2026-06-25T10:09:40.811Z
N01121,Sunset Ridge,2025-05-13,Property Management,Low,Access restrictions increased service complexity,Conduct resident awareness campaign,2026-06-25T10:09:16.280Z,2026-06-25T10:09:40.811Z
N01152,Willow Creek,2025-02-19,Gate Access,Critical,Access credentials expired unexpectedly,Assign backup collection crew,2026-06-25T10:09:16.280Z,2026-06-25T10:09:40.811Z
N01162,Harbor Pointe,2025-06-01,Staffing,Critical,Peak demand exceeded available workforce capacity,Increase staffing coverage,2026-06-25T10:09:16.280Z,2026-06-25T10:09:40.811Z
N01169,Birchwood Commons,2025-03-15,Gate Access,High,Security denied entry due to outdated access credentials,Review route optimization plan,2026-06-25T10:09:16.280Z,2026-06-25T10:09:40.811Z
N01170,Cedar Park,2025-02-23,Property Management,Low,Operational changes were not communicated in advance,Escalate issue to regional manager,2026-06-25T10:09:16.280Z,2026-06-25T10:09:40.811Z
N01217,Lakeview Terrace,2025-04-14,Weather,Critical,Unexpected storm activity required schedule changes,Monitor performance for next 7 days,2026-06-25T10:09:16.280Z,2026-06-25T10:09:40.811Z
N01230,Sunset Ridge,2025-02-05,Resident Behavior,High,Collection bins were inaccessible during service window,Monitor performance for next 7 days,2026-06-25T10:09:16.280Z,2026-06-25T10:09:40.811Z
N01231,Sunset Ridge,2025-04-05,Gate Access,Medium,Community access policy changes were not communicated,Increase staffing coverage,2026-06-25T10:09:16.280Z,2026-06-25T10:09:40.811Z
N01262,Lakeview Terrace,2025-01-26,Weather,Low,Emergency weather response delayed operations,Coordinate with property manager,2026-06-25T10:09:16.280Z,2026-06-25T10:09:40.811Z
N01271,Harbor Pointe,2025-03-06,Weather,Medium,Severe weather reduced operational efficiency,Review route optimization plan,2026-06-25T10:09:16.280Z,2026-06-25T10:09:40.811Z
N01272,Cedar Park,2025-05-29,Property Management,Low,Access restrictions increased service complexity,Perform operational audit,2026-06-25T10:09:16.280Z,2026-06-25T10:09:40.811Z
N01273,Sunset Ridge,2025-04-23,Resident Behavior,Medium,Repeated policy violations impacted service quality,Review route optimization plan,2026-06-25T10:09:16.280Z,2026-06-25T10:09:40.811Z
N01282,Green Oaks,2025-03-02,Route Planning,Medium,Travel distance increased due to route modifications,Update access credentials,2026-06-25T10:09:16.280Z,2026-06-25T10:09:40.811Z
N01297,Maple Court,2025-05-08,Route Planning,Low,Route capacity exceeded planned workload,Increase staffing coverage,2026-06-25T10:09:16.280Z,2026-06-25T10:09:40.811Z
N01303,Willow Creek,2025-01-11,Gate Access,Critical,Multiple access attempts required before entry was granted,Schedule preventive maintenance,2026-06-25T10:09:16.280Z,2026-06-25T10:09:40.811Z
N01306,Birchwood Commons,2025-04-02,Resident Behavior,Medium,Collection instructions were frequently ignored,Escalate issue to regional manager,2026-06-25T10:09:16.280Z,2026-06-25T10:09:40.811Z
N01364,Sunset Ridge,2025-04-08,Resident Behavior,Critical,Several residents reported confusion regarding pickup schedule,Increase staffing coverage,2026-06-25T10:09:16.280Z,2026-06-25T10:09:40.811Z
N01373,Lakeview Terrace,2025-04-06,Weather,Low,Unexpected storm activity required schedule changes,Perform operational audit,2026-06-25T10:09:16.280Z,2026-06-25T10:09:40.811Z
N01418,Lakeview Terrace,2025-04-10,Weather,Critical,Wet conditions reduced collection speed,Increase staffing coverage,2026-06-25T10:09:16.280Z,2026-06-25T10:09:40.811Z
N01423,Harbor Pointe,2025-05-12,Vehicle,Critical,Unexpected maintenance increased route completion time,Conduct resident awareness campaign,2026-06-25T10:09:16.280Z,2026-06-25T10:09:40.811Z
N01451,Lakeview Terrace,2025-03-16,Route Planning,Low,Travel distance increased due to route modifications,Coordinate with property manager,2026-06-25T10:09:16.280Z,2026-06-25T10:09:40.811Z
N01452,Maple Court,2025-05-13,Weather,Medium,Wet conditions reduced collection speed,Update access credentials,2026-06-25T10:09:16.280Z,2026-06-25T10:09:40.811Z
N01470,Sunset Ridge,2025-06-19,Resident Behavior,Critical,Repeated policy violations impacted service quality,Coordinate with property manager,2026-06-25T10:09:16.280Z,2026-06-25T10:09:40.811Z
N01487,Lakeview Terrace,2025-03-06,Weather,Critical,Adverse weather increased average completion times,Escalate issue to regional manager,2026-06-25T10:09:16.280Z,2026-06-25T10:09:40.811Z
N01496,Birchwood Commons,2025-04-24,Gate Access,High,Leasing office did not answer for gate code reset,Conduct resident awareness campaign,2026-06-25T10:09:16.280Z,2026-06-25T10:09:40.811Z
N01504,Sunset Ridge,2025-01-07,Gate Access,Low,Delayed authorization from security personnel,Assign backup collection crew,2026-06-25T10:09:16.280Z,2026-06-25T10:09:40.811Z
N01509,Sunset Ridge,2025-05-26,Gate Access,Critical,Access credentials expired unexpectedly,Monitor performance for next 7 days,2026-06-25T10:09:16.280Z,2026-06-25T10:09:40.811Z
N01514,Cedar Park,2025-02-03,Property Management,Critical,Access restrictions increased service complexity,Monitor performance for next 7 days,2026-06-25T10:09:16.280Z,2026-06-25T10:09:40.811Z
N01539,Maple Court,2025-01-08,Weather,High,Weather-related road closures impacted routes,Schedule preventive maintenance,2026-06-25T10:09:16.280Z,2026-06-25T10:09:40.811Z
N01543,Maple Court,2025-04-17,Weather,Medium,Unexpected storm activity required schedule changes,Review route optimization plan,2026-06-25T10:09:16.280Z,2026-06-25T10:09:40.811Z
N01554,Cedar Park,2025-03-05,Staffing,Low,Unexpected employee absence impacted daily operations,Schedule preventive maintenance,2026-06-25T10:09:16.280Z,2026-06-25T10:09:40.811Z
N01564,Sunset Ridge,2025-04-25,Property Management,High,Maintenance work restricted access to collection areas,Monitor performance for next 7 days,2026-06-25T10:09:16.280Z,2026-06-25T10:09:40.811Z
N01582,Harbor Pointe,2025-02-07,Weather,Medium,Poor visibility affected route safety,Coordinate with property manager,2026-06-25T10:09:16.280Z,2026-06-25T10:09:40.811Z
N01588,Maple Court,2025-02-04,Route Planning,Critical,Scheduling overlap reduced operational efficiency,Update access credentials,2026-06-25T10:09:16.280Z,2026-06-25T10:09:40.811Z
N01593,Birchwood Commons,2025-02-04,Property Management,High,Building access procedures updated without notice,Escalate issue to regional manager,2026-06-25T10:09:16.280Z,2026-06-25T10:09:40.811Z
N01614,Willow Creek,2025-04-27,Gate Access,Low,Manual gate operation caused route delays,Escalate issue to regional manager,2026-06-25T10:09:16.280Z,2026-06-25T10:09:40.811Z
N01630,Maple Court,2025-05-06,Vehicle,Critical,Vehicle breakdown impacted collections on route,Assign backup collection crew,2026-06-25T10:09:16.280Z,2026-06-25T10:09:40.811Z
N01639,Birchwood Commons,2025-01-14,Property Management,Medium,Management requested route modifications,Increase staffing coverage,2026-06-25T10:09:16.280Z,2026-06-25T10:09:40.811Z
N01642,Cedar Park,2025-05-27,Property Management,High,Property management requested schedule adjustment,Increase staffing coverage,2026-06-25T10:09:16.280Z,2026-06-25T10:09:40.811Z
N01650,Lakeview Terrace,2025-05-22,Weather,High,Storm conditions resulted in temporary service suspension,Monitor performance for next 7 days,2026-06-25T10:09:16.280Z,2026-06-25T10:09:40.811Z
N01665,Willow Creek,2025-01-26,Vehicle,Low,Fleet shortage increased route workloads,Increase staffing coverage,2026-06-25T10:09:16.280Z,2026-06-25T10:09:40.811Z
N01671,Cedar Park,2025-05-03,Route Planning,Medium,Traffic congestion delayed collections across multiple properties,Schedule preventive maintenance,2026-06-25T10:09:16.280Z,2026-06-25T10:09:40.811Z
N01687,Green Oaks,2025-02-22,Route Planning,Critical,Operational review identified route inefficiencies,Update access credentials,2026-06-25T10:09:16.280Z,2026-06-25T10:09:40.811Z
N01718,Birchwood Commons,2025-05-19,Property Management,High,Property management requested schedule adjustment,Escalate issue to regional manager,2026-06-25T10:09:16.280Z,2026-06-25T10:09:40.811Z
N01745,Green Oaks,2025-06-10,Staffing,Medium,High employee turnover affected route consistency,Coordinate with property manager,2026-06-25T10:09:16.280Z,2026-06-25T10:09:40.811Z
N01748,Harbor Pointe,2025-03-13,Vehicle,Critical,Replacement vehicle arrived later than expected,Assign backup collection crew,2026-06-25T10:09:16.280Z,2026-06-25T10:09:40.811Z
N01765,Maple Court,2025-05-03,Weather,Medium,Extreme temperatures slowed collection activities,Coordinate with property manager,2026-06-25T10:09:16.280Z,2026-06-25T10:09:40.811Z
N01781,Birchwood Commons,2025-04-07,Property Management,Medium,Service expectations reviewed with property leadership,Monitor performance for next 7 days,2026-06-25T10:09:16.280Z,2026-06-25T10:09:40.811Z
N01793,Sunset Ridge,2025-05-03,Resident Behavior,Critical,Several residents reported confusion regarding pickup schedule,Conduct resident awareness campaign,2026-06-25T10:09:16.280Z,2026-06-25T10:09:40.811Z
N01801,Willow Creek,2025-03-08,Staffing,Low,Shift scheduling conflict resulted in delayed collections,Monitor performance for next 7 days,2026-06-25T10:09:16.280Z,2026-06-25T10:09:40.811Z
N01850,Cedar Park,2025-03-24,Route Planning,High,GPS routing error caused missed service locations,Escalate issue to regional manager,2026-06-25T10:09:16.280Z,2026-06-25T10:09:40.811Z
N01861,Willow Creek,2025-04-19,Vehicle,Critical,Unexpected maintenance increased route completion time,Schedule preventive maintenance,2026-06-25T10:09:16.280Z,2026-06-25T10:09:40.811Z
N01871,Green Oaks,2025-04-28,Staffing,Critical,Training requirements delayed assignment of replacement collector,Monitor performance for next 7 days,2026-06-25T10:09:16.280Z,2026-06-25T10:09:40.811Z
N01884,Harbor Pointe,2025-03-05,Staffing,Medium,Insufficient staffing levels increased route completion time,Schedule preventive maintenance,2026-06-25T10:09:16.280Z,2026-06-25T10:09:40.811Z
N01903,Lakeview Terrace,2025-01-23,Resident Behavior,Low,Residents requested unscheduled pickups,Coordinate with property manager,2026-06-25T10:09:16.280Z,2026-06-25T10:09:40.811Z
N01914,Sunset Ridge,2025-05-06,Property Management,Critical,Property staffing changes impacted coordination,Review route optimization plan,2026-06-25T10:09:16.280Z,2026-06-25T10:09:40.811Z
N01958,Maple Court,2025-04-06,Weather,Low,High winds created safety concerns for collectors,Review route optimization plan,2026-06-25T10:09:16.280Z,2026-06-25T10:09:40.811Z
N01964,Harbor Pointe,2025-04-14,Staffing,High,Staff shortage on route caused missed pickups,Escalate issue to regional manager,2026-06-25T10:09:16.280Z,2026-06-25T10:09:40.811Z
N01024,Birchwood Commons,2025-03-22,Gate Access,Medium,Leasing office did not answer for gate code reset,Conduct resident awareness campaign,2026-06-25T10:09:16.280Z,2026-06-25T10:09:40.811Z
N01035,Maple Court,2025-02-03,Vehicle,Low,Vehicle inspection identified safety concerns before dispatch,Update access credentials,2026-06-25T10:09:16.280Z,2026-06-25T10:09:40.811Z
N01051,Harbor Pointe,2025-06-15,Staffing,Critical,Recruitment delays limited route coverage,Perform operational audit,2026-06-25T10:09:16.280Z,2026-06-25T10:09:40.811Z
N01081,Lakeview Terrace,2025-04-23,Route Planning,High,Travel distance increased due to route modifications,Escalate issue to regional manager,2026-06-25T10:09:16.280Z,2026-06-25T10:09:40.811Z
N01105,Cedar Park,2025-04-01,Route Planning,High,Peak-hour traffic increased collection duration,Escalate issue to regional manager,2026-06-25T10:09:16.280Z,2026-06-25T10:09:40.811Z
N01118,Green Oaks,2025-05-10,Vehicle,High,Fuel system malfunction impacted collection operations,Coordinate with property manager,2026-06-25T10:09:16.280Z,2026-06-25T10:09:40.811Z
N01123,Maple Court,2025-03-31,Route Planning,High,Scheduling overlap reduced operational efficiency,Coordinate with property manager,2026-06-25T10:09:16.280Z,2026-06-25T10:09:40.811Z
N01164,Green Oaks,2025-04-25,Vehicle,Medium,Unexpected maintenance increased route completion time,Increase staffing coverage,2026-06-25T10:09:16.280Z,2026-06-25T10:09:40.811Z
N01194,Harbor Pointe,2025-03-21,Vehicle,Low,Emergency repair interrupted collection schedule,Perform operational audit,2026-06-25T10:09:16.280Z,2026-06-25T10:09:40.811Z
N01208,Lakeview Terrace,2025-05-26,Route Planning,High,Navigation issue delayed route completion,Schedule preventive maintenance,2026-06-25T10:09:16.280Z,2026-06-25T10:09:40.811Z
N01227,Birchwood Commons,2025-05-02,Gate Access,Low,Visitor access restrictions delayed collection process,Review route optimization plan,2026-06-25T10:09:16.280Z,2026-06-25T10:09:40.811Z
N01232,Lakeview Terrace,2025-03-08,Resident Behavior,High,Late bin placement caused missed pickups,Monitor performance for next 7 days,2026-06-25T10:09:16.280Z,2026-06-25T10:09:40.811Z
N01257,Sunset Ridge,2025-01-25,Gate Access,High,Restricted access due to special community event,Escalate issue to regional manager,2026-06-25T10:09:16.280Z,2026-06-25T10:09:40.811Z
N01260,Birchwood Commons,2025-02-17,Gate Access,High,Restricted access due to special community event,Schedule preventive maintenance,2026-06-25T10:09:16.280Z,2026-06-25T10:09:40.811Z
N01288,Lakeview Terrace,2025-06-11,Route Planning,Low,High-density properties created route bottlenecks,Update access credentials,2026-06-25T10:09:16.280Z,2026-06-25T10:09:40.811Z
N01295,Birchwood Commons,2025-05-24,Gate Access,Low,Community gate remained locked during scheduled pickup window,Review route optimization plan,2026-06-25T10:09:16.280Z,2026-06-25T10:09:40.811Z
N01375,Cedar Park,2025-02-24,Route Planning,Low,Dynamic route adjustments improved service outcomes,Increase staffing coverage,2026-06-25T10:09:16.280Z,2026-06-25T10:09:40.811Z
N01384,Maple Court,2025-05-16,Vehicle,Critical,Transmission issue impacted route completion,Monitor performance for next 7 days,2026-06-25T10:09:16.280Z,2026-06-25T10:09:40.811Z
N01387,Cedar Park,2025-02-24,Property Management,Medium,Management requested additional pickup support,Escalate issue to regional manager,2026-06-25T10:09:16.280Z,2026-06-25T10:09:40.811Z
N01399,Maple Court,2025-01-22,Route Planning,High,Route handoff between teams caused delays,Conduct resident awareness campaign,2026-06-25T10:09:16.280Z,2026-06-25T10:09:40.811Z
N01424,Cedar Park,2025-06-04,Staffing,Critical,Peak demand exceeded available workforce capacity,Assign backup collection crew,2026-06-25T10:09:16.280Z,2026-06-25T10:09:40.811Z
N01441,Maple Court,2025-05-29,Vehicle,Low,Fleet availability issues caused route reassignment,Assign backup collection crew,2026-06-25T10:09:16.280Z,2026-06-25T10:09:40.811Z
N01486,Sunset Ridge,2025-03-09,Property Management,Critical,Property management requested schedule adjustment,Increase staffing coverage,2026-06-25T10:09:16.280Z,2026-06-25T10:09:40.811Z
N01497,Birchwood Commons,2025-02-03,Property Management,Medium,Access restrictions increased service complexity,Conduct resident awareness campaign,2026-06-25T10:09:16.280Z,2026-06-25T10:09:40.811Z
N01500,Harbor Pointe,2025-05-02,Weather,Critical,Severe weather reduced operational efficiency,Perform operational audit,2026-06-25T10:09:16.280Z,2026-06-25T10:09:40.811Z
N01557,Harbor Pointe,2025-06-14,Vehicle,Low,Vehicle inspection identified safety concerns before dispatch,Perform operational audit,2026-06-25T10:09:16.280Z,2026-06-25T10:09:40.811Z
N01576,Lakeview Terrace,2025-04-19,Resident Behavior,Low,Repeated policy violations impacted service quality,Conduct resident awareness campaign,2026-06-25T10:09:16.280Z,2026-06-25T10:09:40.811Z
N01606,Green Oaks,2025-06-13,Route Planning,Critical,Construction activity blocked primary collection route,Monitor performance for next 7 days,2026-06-25T10:09:16.280Z,2026-06-25T10:09:40.811Z
N01624,Cedar Park,2025-03-16,Staffing,Medium,Temporary workers required additional supervision,Update access credentials,2026-06-25T10:09:16.280Z,2026-06-25T10:09:40.811Z
N01633,Birchwood Commons,2025-05-22,Property Management,Critical,Community event impacted collection schedule,Assign backup collection crew,2026-06-25T10:09:16.280Z,2026-06-25T10:09:40.811Z
N01634,Sunset Ridge,2025-01-16,Resident Behavior,Medium,Improperly secured waste created operational issues,Assign backup collection crew,2026-06-25T10:09:16.280Z,2026-06-25T10:09:40.811Z
N01657,Willow Creek,2025-05-12,Staffing,Critical,Shift scheduling conflict resulted in delayed collections,Conduct resident awareness campaign,2026-06-25T10:09:16.280Z,2026-06-25T10:09:40.811Z
N01691,Harbor Pointe,2025-03-25,Staffing,Low,Temporary workers required additional supervision,Increase staffing coverage,2026-06-25T10:09:16.280Z,2026-06-25T10:09:40.811Z
N01697,Willow Creek,2025-04-17,Gate Access,Low,Entry denied due to missing vendor registration,Escalate issue to regional manager,2026-06-25T10:09:16.280Z,2026-06-25T10:09:40.811Z
N01700,Birchwood Commons,2025-06-20,Property Management,Low,Management requested route modifications,Review route optimization plan,2026-06-25T10:09:16.280Z,2026-06-25T10:09:40.811Z
N01704,Lakeview Terrace,2025-02-14,Weather,Low,Storm conditions resulted in temporary service suspension,Coordinate with property manager,2026-06-25T10:09:16.280Z,2026-06-25T10:09:40.811Z
N01725,Willow Creek,2025-05-24,Staffing,High,"Collector called in sick, route covered late",Coordinate with property manager,2026-06-25T10:09:16.280Z,2026-06-25T10:09:40.811Z
N01756,Birchwood Commons,2025-04-28,Resident Behavior,Critical,Resident complaints increased after route schedule change,Coordinate with property manager,2026-06-25T10:09:16.280Z,2026-06-25T10:09:40.811Z
N01757,Harbor Pointe,2025-04-15,Staffing,Critical,Insufficient staffing levels increased route completion time,Assign backup collection crew,2026-06-25T10:09:16.280Z,2026-06-25T10:09:40.811Z
N01772,Harbor Pointe,2025-04-30,Staffing,Low,Staff shortage on route caused missed pickups,Increase staffing coverage,2026-06-25T10:09:16.280Z,2026-06-25T10:09:40.811Z
N01776,Harbor Pointe,2025-01-17,Staffing,Medium,Staff shortage on route caused missed pickups,Conduct resident awareness campaign,2026-06-25T10:09:16.280Z,2026-06-25T10:09:40.811Z
N01779,Maple Court,2025-02-21,Vehicle,Low,Transmission issue impacted route completion,Perform operational audit,2026-06-25T10:09:16.280Z,2026-06-25T10:09:40.811Z
N01800,Green Oaks,2025-05-07,Staffing,Medium,Temporary workers required additional supervision,Coordinate with property manager,2026-06-25T10:09:16.280Z,2026-06-25T10:09:40.811Z
N01866,Willow Creek,2025-03-17,Vehicle,Critical,Fuel system malfunction impacted collection operations,Coordinate with property manager,2026-06-25T10:09:16.280Z,2026-06-25T10:09:40.811Z
N01909,Willow Creek,2025-01-21,Vehicle,High,Hydraulic lift malfunction slowed operations,Coordinate with property manager,2026-06-25T10:09:16.280Z,2026-06-25T10:09:40.811Z
N01927,Sunset Ridge,2025-03-14,Gate Access,Critical,Access credentials expired unexpectedly,Perform operational audit,2026-06-25T10:09:16.280Z,2026-06-25T10:09:40.811Z
N01928,Birchwood Commons,2025-01-31,Resident Behavior,Medium,Residents placed bins outside designated collection hours,Perform operational audit,2026-06-25T10:09:16.280Z,2026-06-25T10:09:40.811Z
N01931,Maple Court,2025-01-15,Weather,Low,Severe heat affected workforce productivity,Increase staffing coverage,2026-06-25T10:09:16.280Z,2026-06-25T10:09:40.811Z
N01932,Birchwood Commons,2025-01-29,Resident Behavior,High,Improper waste disposal created collection challenges,Schedule preventive maintenance,2026-06-25T10:09:16.280Z,2026-06-25T10:09:40.811Z
N01937,Birchwood Commons,2025-06-12,Resident Behavior,Medium,Bins not placed at doorstep for scheduled pickup,Update access credentials,2026-06-25T10:09:16.280Z,2026-06-25T10:09:40.811Z
N01940,Green Oaks,2025-04-07,Staffing,Critical,Training requirements delayed assignment of replacement collector,Coordinate with property manager,2026-06-25T10:09:16.280Z,2026-06-25T10:09:40.811Z
N01942,Willow Creek,2025-03-22,Gate Access,Low,Driver could not access community - gate code expired,Coordinate with property manager,2026-06-25T10:09:16.280Z,2026-06-25T10:09:40.811Z
N01949,Harbor Pointe,2025-01-29,Vehicle,High,Emergency repair interrupted collection schedule,Escalate issue to regional manager,2026-06-25T10:09:16.280Z,2026-06-25T10:09:40.811Z
N01956,Green Oaks,2025-05-19,Route Planning,High,Scheduling overlap reduced operational efficiency,Perform operational audit,2026-06-25T10:09:16.280Z,2026-06-25T10:09:40.811Z
N01963,Sunset Ridge,2025-02-11,Property Management,Critical,Operational feedback meeting identified improvement areas,Coordinate with property manager,2026-06-25T10:09:16.280Z,2026-06-25T10:09:40.811Z
N01973,Harbor Pointe,2025-06-09,Staffing,Critical,Route coverage reduced due to labor constraints,Increase staffing coverage,2026-06-25T10:09:16.280Z,2026-06-25T10:09:40.811Z
N01978,Harbor Pointe,2025-05-31,Staffing,Critical,Holiday staffing shortages caused delays,Update access credentials,2026-06-25T10:09:16.280Z,2026-06-25T10:09:40.811Z
N01994,Sunset Ridge,2025-05-13,Resident Behavior,Medium,Missed communication led to resident dissatisfaction,Perform operational audit,2026-06-25T10:09:16.280Z,2026-06-25T10:09:40.811Z
N01998,Sunset Ridge,2025-02-25,Resident Behavior,Medium,Repeated policy violations impacted service quality,Conduct resident awareness campaign,2026-06-25T10:09:16.280Z,2026-06-25T10:09:40.811Z
N01022,Sunset Ridge,2025-01-27,Gate Access,Critical,Property manager unavailable to provide updated gate code,Monitor performance for next 7 days,2026-06-25T10:09:16.280Z,2026-06-25T10:09:40.811Z
N01032,Cedar Park,2025-06-25,Property Management,Low,Property policy changes affected service delivery,Schedule preventive maintenance,2026-06-25T10:09:16.280Z,2026-06-25T10:09:40.811Z
N01042,Sunset Ridge,2025-03-19,Resident Behavior,Critical,Collection bins were inaccessible during service window,Update access credentials,2026-06-25T10:09:16.280Z,2026-06-25T10:09:40.811Z
N01084,Willow Creek,2025-03-01,Gate Access,Medium,Restricted access due to special community event,Coordinate with property manager,2026-06-25T10:09:16.280Z,2026-06-25T10:09:40.811Z
N01112,Willow Creek,2025-06-05,Gate Access,High,Community access policy changes were not communicated,Coordinate with property manager,2026-06-25T10:09:16.280Z,2026-06-25T10:09:40.811Z
N01126,Birchwood Commons,2025-06-01,Property Management,Medium,Management requested additional pickup support,Escalate issue to regional manager,2026-06-25T10:09:16.280Z,2026-06-25T10:09:40.811Z
N01140,Sunset Ridge,2025-01-10,Resident Behavior,Low,Improperly secured waste created operational issues,Assign backup collection crew,2026-06-25T10:09:16.280Z,2026-06-25T10:09:40.811Z
N01158,Green Oaks,2025-03-25,Vehicle,Low,Hydraulic lift malfunction slowed operations,Schedule preventive maintenance,2026-06-25T10:09:16.280Z,2026-06-25T10:09:40.811Z
N01181,Lakeview Terrace,2025-05-30,Route Planning,Critical,Route optimization issue increased travel time,Increase staffing coverage,2026-06-25T10:09:16.280Z,2026-06-25T10:09:40.811Z
N01184,Cedar Park,2025-03-22,Property Management,Low,Property management requested schedule adjustment,Monitor performance for next 7 days,2026-06-25T10:09:16.280Z,2026-06-25T10:09:40.811Z
N01189,Green Oaks,2025-05-29,Route Planning,Low,Route handoff between teams caused delays,Increase staffing coverage,2026-06-25T10:09:16.280Z,2026-06-25T10:09:40.811Z
N01198,Harbor Pointe,2025-04-23,Weather,Critical,Wet conditions reduced collection speed,Increase staffing coverage,2026-06-25T10:09:16.280Z,2026-06-25T10:09:40.811Z
N01215,Lakeview Terrace,2025-03-29,Resident Behavior,Low,Improper waste disposal created collection challenges,Escalate issue to regional manager,2026-06-25T10:09:16.280Z,2026-06-25T10:09:40.811Z
N01226,Birchwood Commons,2025-06-14,Gate Access,Low,Temporary gate malfunction prevented collector entry,Escalate issue to regional manager,2026-06-25T10:09:16.280Z,2026-06-25T10:09:40.811Z
N01242,Maple Court,2025-03-07,Weather,Critical,Flooded access roads prevented route completion,Coordinate with property manager,2026-06-25T10:09:16.280Z,2026-06-25T10:09:40.811Z
N01274,Harbor Pointe,2025-03-26,Staffing,Critical,Unexpected resignations affected operations,Assign backup collection crew,2026-06-25T10:09:16.280Z,2026-06-25T10:09:40.811Z
N01284,Lakeview Terrace,2025-03-10,Route Planning,Medium,Route capacity exceeded planned workload,Perform operational audit,2026-06-25T10:09:16.280Z,2026-06-25T10:09:40.811Z
N01308,Maple Court,2025-05-31,Weather,High,Snow removal activities blocked service access,Increase staffing coverage,2026-06-25T10:09:16.280Z,2026-06-25T10:09:40.811Z
N01318,Willow Creek,2025-02-14,Gate Access,Medium,Manual gate operation caused route delays,Update access credentials,2026-06-25T10:09:16.280Z,2026-06-25T10:09:40.811Z
N01321,Birchwood Commons,2025-06-13,Gate Access,Medium,Community access policy changes were not communicated,Assign backup collection crew,2026-06-25T10:09:16.280Z,2026-06-25T10:09:40.811Z
N01349,Harbor Pointe,2025-04-18,Staffing,High,Multiple employee absences occurred simultaneously,Review route optimization plan,2026-06-25T10:09:16.280Z,2026-06-25T10:09:40.811Z
N01371,Willow Creek,2025-01-18,Staffing,Critical,Staff shortage on route caused missed pickups,Perform operational audit,2026-06-25T10:09:16.280Z,2026-06-25T10:09:40.811Z
N01398,Maple Court,2025-03-29,Vehicle,High,Engine overheating forced temporary route suspension,Assign backup collection crew,2026-06-25T10:09:16.280Z,2026-06-25T10:09:40.811Z
N01411,Birchwood Commons,2025-05-10,Property Management,Low,Property staffing changes impacted coordination,Assign backup collection crew,2026-06-25T10:09:16.280Z,2026-06-25T10:09:40.811Z
N01426,Lakeview Terrace,2025-03-30,Weather,Critical,Regional weather event affected service levels,Review route optimization plan,2026-06-25T10:09:16.280Z,2026-06-25T10:09:40.811Z
N01432,Green Oaks,2025-01-26,Staffing,Low,Shift scheduling conflict resulted in delayed collections,Assign backup collection crew,2026-06-25T10:09:16.280Z,2026-06-25T10:09:40.811Z
N01434,Harbor Pointe,2025-03-06,Vehicle,Critical,Vehicle servicing overlapped with scheduled collections,Update access credentials,2026-06-25T10:09:16.280Z,2026-06-25T10:09:40.811Z
N01435,Green Oaks,2025-06-23,Vehicle,High,Fuel system malfunction impacted collection operations,Monitor performance for next 7 days,2026-06-25T10:09:16.280Z,2026-06-25T10:09:40.811Z
N01448,Maple Court,2025-04-15,Vehicle,Medium,Unexpected maintenance increased route completion time,Assign backup collection crew,2026-06-25T10:09:16.280Z,2026-06-25T10:09:40.811Z
N01449,Green Oaks,2025-03-13,Staffing,Low,Temporary workers required additional supervision,Update access credentials,2026-06-25T10:09:16.280Z,2026-06-25T10:09:40.811Z
N01455,Lakeview Terrace,2025-02-16,Resident Behavior,Low,Excess waste volume exceeded expected capacity,Conduct resident awareness campaign,2026-06-25T10:09:16.280Z,2026-06-25T10:09:40.811Z
N01460,Willow Creek,2025-02-06,Vehicle,Medium,Equipment failure reduced collection efficiency,Conduct resident awareness campaign,2026-06-25T10:09:16.280Z,2026-06-25T10:09:40.811Z
N01479,Harbor Pointe,2025-02-09,Vehicle,Low,Emergency repair interrupted collection schedule,Conduct resident awareness campaign,2026-06-25T10:09:16.280Z,2026-06-25T10:09:40.811Z
N01502,Lakeview Terrace,2025-02-22,Route Planning,Medium,Service area expansion affected route timing,Assign backup collection crew,2026-06-25T10:09:16.280Z,2026-06-25T10:09:40.811Z
N01512,Birchwood Commons,2025-02-09,Property Management,High,Community event impacted collection schedule,Schedule preventive maintenance,2026-06-25T10:09:16.280Z,2026-06-25T10:09:40.811Z
N01515,Sunset Ridge,2025-01-20,Gate Access,Medium,Incorrect gate code provided by property management,Conduct resident awareness campaign,2026-06-25T10:09:16.280Z,2026-06-25T10:09:40.811Z
N01523,Willow Creek,2025-05-25,Staffing,Critical,"Collector called in sick, route covered late",Schedule preventive maintenance,2026-06-25T10:09:16.280Z,2026-06-25T10:09:40.811Z
N01546,Birchwood Commons,2025-05-26,Property Management,High,Property management requested schedule adjustment,Schedule preventive maintenance,2026-06-25T10:09:16.280Z,2026-06-25T10:09:40.811Z
N01556,Willow Creek,2025-02-17,Gate Access,Medium,Leasing office did not answer for gate code reset,Escalate issue to regional manager,2026-06-25T10:09:16.280Z,2026-06-25T10:09:40.811Z
N01583,Green Oaks,2025-04-25,Route Planning,Critical,Construction activity blocked primary collection route,Coordinate with property manager,2026-06-25T10:09:16.280Z,2026-06-25T10:09:40.811Z
N01632,Cedar Park,2025-05-08,Route Planning,Critical,GPS routing error caused missed service locations,Review route optimization plan,2026-06-25T10:09:16.280Z,2026-06-25T10:09:40.811Z
N01635,Willow Creek,2025-01-15,Vehicle,Critical,Unexpected maintenance increased route completion time,Assign backup collection crew,2026-06-25T10:09:16.280Z,2026-06-25T10:09:40.811Z
N01647,Willow Creek,2025-06-26,Staffing,Low,Unexpected employee absence impacted daily operations,Update access credentials,2026-06-25T10:09:16.280Z,2026-06-25T10:09:40.811Z
N01680,Cedar Park,2025-06-20,Property Management,Critical,Community event impacted collection schedule,Conduct resident awareness campaign,2026-06-25T10:09:16.280Z,2026-06-25T10:09:40.811Z
N01693,Sunset Ridge,2025-01-04,Gate Access,Critical,Manual gate operation caused route delays,Conduct resident awareness campaign,2026-06-25T10:09:16.280Z,2026-06-25T10:09:40.811Z
N01707,Birchwood Commons,2025-04-26,Resident Behavior,Medium,Excess waste volume exceeded expected capacity,Conduct resident awareness campaign,2026-06-25T10:09:16.280Z,2026-06-25T10:09:40.811Z
N01717,Birchwood Commons,2025-03-19,Gate Access,Low,Property manager unavailable to provide updated gate code,Increase staffing coverage,2026-06-25T10:09:16.280Z,2026-06-25T10:09:40.811Z
N01737,Willow Creek,2025-06-24,Vehicle,Low,Truck mechanical issue delayed entire route schedule,Increase staffing coverage,2026-06-25T10:09:16.280Z,2026-06-25T10:09:40.811Z
N01751,Green Oaks,2025-03-06,Vehicle,Critical,Emergency repair interrupted collection schedule,Increase staffing coverage,2026-06-25T10:09:16.280Z,2026-06-25T10:09:40.811Z
N01753,Lakeview Terrace,2025-05-31,Resident Behavior,Critical,Improperly secured waste created operational issues,Schedule preventive maintenance,2026-06-25T10:09:16.280Z,2026-06-25T10:09:40.811Z
N01766,Sunset Ridge,2025-04-26,Resident Behavior,Critical,Residents requested unscheduled pickups,Conduct resident awareness campaign,2026-06-25T10:09:16.280Z,2026-06-25T10:09:40.811Z
N01767,Sunset Ridge,2025-05-09,Resident Behavior,High,Repeated policy violations impacted service quality,Coordinate with property manager,2026-06-25T10:09:16.280Z,2026-06-25T10:09:40.811Z
N01786,Willow Creek,2025-01-18,Vehicle,High,Equipment failure reduced collection efficiency,Schedule preventive maintenance,2026-06-25T10:09:16.280Z,2026-06-25T10:09:40.811Z
N01814,Sunset Ridge,2025-03-28,Property Management,Critical,Property management requested schedule adjustment,Review route optimization plan,2026-06-25T10:09:16.280Z,2026-06-25T10:09:40.811Z
N01818,Cedar Park,2025-06-17,Property Management,Low,Operational feedback meeting identified improvement areas,Perform operational audit,2026-06-25T10:09:16.280Z,2026-06-25T10:09:40.811Z
N01823,Birchwood Commons,2025-01-02,Property Management,Low,Access restrictions increased service complexity,Increase staffing coverage,2026-06-25T10:09:16.280Z,2026-06-25T10:09:40.811Z
N01826,Cedar Park,2025-01-06,Staffing,Low,Holiday staffing shortages caused delays,Update access credentials,2026-06-25T10:09:16.280Z,2026-06-25T10:09:40.811Z
N01841,Sunset Ridge,2025-01-16,Gate Access,High,Gate intercom system malfunctioned during service hours,Coordinate with property manager,2026-06-25T10:09:16.280Z,2026-06-25T10:09:40.811Z
N01854,Sunset Ridge,2025-01-12,Property Management,Critical,Property renovation disrupted normal collection process,Update access credentials,2026-06-25T10:09:16.280Z,2026-06-25T10:09:40.811Z
N01877,Willow Creek,2025-06-29,Gate Access,Low,Gate access restrictions caused delay on route,Schedule preventive maintenance,2026-06-25T10:09:16.280Z,2026-06-25T10:09:40.811Z
N01889,Sunset Ridge,2025-01-04,Property Management,Low,Manager reported recurring service concerns,Assign backup collection crew,2026-06-25T10:09:16.280Z,2026-06-25T10:09:40.811Z
N01901,Cedar Park,2025-05-24,Route Planning,Low,Construction activity blocked primary collection route,Coordinate with property manager,2026-06-25T10:09:16.280Z,2026-06-25T10:09:40.811Z
N01911,Cedar Park,2025-03-01,Route Planning,Low,Traffic congestion delayed collections across multiple properties,Coordinate with property manager,2026-06-25T10:09:16.280Z,2026-06-25T10:09:40.811Z
N01912,Birchwood Commons,2025-03-05,Gate Access,Critical,Community access policy changes were not communicated,Increase staffing coverage,2026-06-25T10:09:16.280Z,2026-06-25T10:09:40.811Z
N01930,Willow Creek,2025-05-07,Vehicle,Low,Equipment failure reduced collection efficiency,Monitor performance for next 7 days,2026-06-25T10:09:16.280Z,2026-06-25T10:09:40.811Z
N01955,Willow Creek,2025-05-14,Vehicle,Medium,Replacement vehicle arrived later than expected,Assign backup collection crew,2026-06-25T10:09:16.280Z,2026-06-25T10:09:40.811Z
N01987,Birchwood Commons,2025-01-21,Property Management,High,Management requested additional pickup support,Review route optimization plan,2026-06-25T10:09:16.280Z,2026-06-25T10:09:40.811Z
N01988,Harbor Pointe,2025-03-11,Staffing,Critical,"Collector called in sick, route covered late",Assign backup collection crew,2026-06-25T10:09:16.280Z,2026-06-25T10:09:40.811Z
N01005,Lakeview Terrace,2025-04-11,Resident Behavior,Low,Collection instructions were frequently ignored,Review route optimization plan,2026-06-25T10:09:16.280Z,2026-06-25T10:09:40.811Z
N01020,Maple Court,2025-01-21,Vehicle,High,Vehicle breakdown impacted collections on route,Increase staffing coverage,2026-06-25T10:09:16.280Z,2026-06-25T10:09:40.811Z
N01029,Lakeview Terrace,2025-05-23,Resident Behavior,Low,Resident complaints increased after route schedule change,Monitor performance for next 7 days,2026-06-25T10:09:16.280Z,2026-06-25T10:09:40.811Z
N01061,Cedar Park,2025-01-15,Route Planning,Low,Scheduling overlap reduced operational efficiency,Assign backup collection crew,2026-06-25T10:09:16.280Z,2026-06-25T10:09:40.811Z
N01066,Maple Court,2025-02-17,Route Planning,Low,Navigation issue delayed route completion,Perform operational audit,2026-06-25T10:09:16.280Z,2026-06-25T10:09:40.811Z
N01122,Green Oaks,2025-02-06,Vehicle,High,Battery failure delayed route departure,Perform operational audit,2026-06-25T10:09:16.280Z,2026-06-25T10:09:40.811Z
N01129,Green Oaks,2025-06-19,Staffing,Low,Multiple employee absences occurred simultaneously,Coordinate with property manager,2026-06-25T10:09:16.280Z,2026-06-25T10:09:40.811Z
N01139,Willow Creek,2025-03-28,Vehicle,High,Collection vehicle required mid-route maintenance stop,Schedule preventive maintenance,2026-06-25T10:09:16.280Z,2026-06-25T10:09:40.811Z
N01144,Lakeview Terrace,2025-03-26,Route Planning,High,GPS routing error caused missed service locations,Schedule preventive maintenance,2026-06-25T10:09:16.280Z,2026-06-25T10:09:40.811Z
N01155,Green Oaks,2025-05-03,Route Planning,Critical,GPS routing error caused missed service locations,Perform operational audit,2026-06-25T10:09:16.280Z,2026-06-25T10:09:40.811Z
N01168,Willow Creek,2025-01-26,Vehicle,Low,Equipment failure reduced collection efficiency,Monitor performance for next 7 days,2026-06-25T10:09:16.280Z,2026-06-25T10:09:40.811Z
N01177,Birchwood Commons,2025-03-28,Resident Behavior,Critical,Residents placed bins outside designated collection hours,Monitor performance for next 7 days,2026-06-25T10:09:16.280Z,2026-06-25T10:09:40.811Z
N01183,Harbor Pointe,2025-02-12,Staffing,Low,High employee turnover affected route consistency,Conduct resident awareness campaign,2026-06-25T10:09:16.280Z,2026-06-25T10:09:40.811Z
N01191,Willow Creek,2025-03-28,Staffing,Medium,Insufficient staffing levels increased route completion time,Increase staffing coverage,2026-06-25T10:09:16.280Z,2026-06-25T10:09:40.811Z
N01197,Lakeview Terrace,2025-05-07,Resident Behavior,Medium,Residents failed to follow waste segregation guidelines,Assign backup collection crew,2026-06-25T10:09:16.280Z,2026-06-25T10:09:40.811Z
N01199,Green Oaks,2025-04-04,Vehicle,Low,Vehicle inspection identified safety concerns before dispatch,Monitor performance for next 7 days,2026-06-25T10:09:16.280Z,2026-06-25T10:09:40.811Z
N01202,Green Oaks,2025-05-01,Route Planning,Critical,High-density properties created route bottlenecks,Escalate issue to regional manager,2026-06-25T10:09:16.280Z,2026-06-25T10:09:40.811Z
N01211,Willow Creek,2025-05-22,Staffing,Medium,Holiday staffing shortages caused delays,Assign backup collection crew,2026-06-25T10:09:16.280Z,2026-06-25T10:09:40.811Z
N01222,Willow Creek,2025-03-06,Staffing,Medium,Temporary workers required additional supervision,Update access credentials,2026-06-25T10:09:16.280Z,2026-06-25T10:09:40.811Z
N01223,Green Oaks,2025-04-09,Route Planning,High,Peak-hour traffic increased collection duration,Review route optimization plan,2026-06-25T10:09:16.280Z,2026-06-25T10:09:40.811Z
N01255,Green Oaks,2025-03-21,Vehicle,Medium,Transmission issue impacted route completion,Perform operational audit,2026-06-25T10:09:16.280Z,2026-06-25T10:09:40.811Z
N01268,Sunset Ridge,2025-03-24,Gate Access,High,Gate access restrictions caused delay on route,Monitor performance for next 7 days,2026-06-25T10:09:16.280Z,2026-06-25T10:09:40.811Z
N01275,Birchwood Commons,2025-04-24,Resident Behavior,Critical,Excess waste volume exceeded expected capacity,Increase staffing coverage,2026-06-25T10:09:16.280Z,2026-06-25T10:09:40.811Z
N01277,Maple Court,2025-01-22,Route Planning,Low,Peak-hour traffic increased collection duration,Escalate issue to regional manager,2026-06-25T10:09:16.280Z,2026-06-25T10:09:40.811Z
N01311,Willow Creek,2025-06-29,Staffing,Low,High employee turnover affected route consistency,Perform operational audit,2026-06-25T10:09:16.280Z,2026-06-25T10:09:40.811Z
N01342,Lakeview Terrace,2025-06-13,Weather,Low,Unexpected storm activity required schedule changes,Escalate issue to regional manager,2026-06-25T10:09:16.280Z,2026-06-25T10:09:40.811Z
N01344,Cedar Park,2025-03-22,Staffing,Medium,New collector unfamiliar with property layout,Escalate issue to regional manager,2026-06-25T10:09:16.280Z,2026-06-25T10:09:40.811Z
N01345,Maple Court,2025-06-08,Vehicle,Medium,Engine overheating forced temporary route suspension,Conduct resident awareness campaign,2026-06-25T10:09:16.280Z,2026-06-25T10:09:40.811Z
N01359,Cedar Park,2025-04-21,Staffing,Medium,Reduced workforce availability impacted service quality,Review route optimization plan,2026-06-25T10:09:16.280Z,2026-06-25T10:09:40.811Z
N01379,Harbor Pointe,2025-06-07,Staffing,Medium,Holiday staffing shortages caused delays,Assign backup collection crew,2026-06-25T10:09:16.280Z,2026-06-25T10:09:40.811Z
N01386,Lakeview Terrace,2025-06-01,Route Planning,Critical,Dynamic route adjustments improved service outcomes,Coordinate with property manager,2026-06-25T10:09:16.280Z,2026-06-25T10:09:40.811Z
N01389,Harbor Pointe,2025-03-17,Vehicle,Critical,Replacement vehicle arrived later than expected,Assign backup collection crew,2026-06-25T10:09:16.280Z,2026-06-25T10:09:40.811Z
N01406,Cedar Park,2025-04-01,Route Planning,High,Peak-hour traffic increased collection duration,Update access credentials,2026-06-25T10:09:16.280Z,2026-06-25T10:09:40.811Z
N01419,Harbor Pointe,2025-03-20,Staffing,Critical,Resource allocation issue affected collection schedule,Coordinate with property manager,2026-06-25T10:09:16.280Z,2026-06-25T10:09:40.811Z
N01440,Maple Court,2025-06-18,Route Planning,Medium,Service area expansion affected route timing,Conduct resident awareness campaign,2026-06-25T10:09:16.280Z,2026-06-25T10:09:40.811Z
N01454,Green Oaks,2025-03-04,Route Planning,Low,Peak-hour traffic increased collection duration,Conduct resident awareness campaign,2026-06-25T10:09:16.280Z,2026-06-25T10:09:40.811Z
N01489,Maple Court,2025-01-18,Route Planning,High,Route redesign recommended to improve performance,Coordinate with property manager,2026-06-25T10:09:16.280Z,2026-06-25T10:09:40.811Z
N01548,Green Oaks,2025-03-12,Route Planning,High,Inefficient route sequencing reduced productivity,Conduct resident awareness campaign,2026-06-25T10:09:16.280Z,2026-06-25T10:09:40.811Z
N01559,Cedar Park,2025-01-05,Property Management,Medium,Management requested additional pickup support,Monitor performance for next 7 days,2026-06-25T10:09:16.280Z,2026-06-25T10:09:40.811Z
N01609,Lakeview Terrace,2025-05-27,Route Planning,Low,Navigation issue delayed route completion,Conduct resident awareness campaign,2026-06-25T10:09:16.280Z,2026-06-25T10:09:40.811Z
N01610,Cedar Park,2025-03-13,Staffing,High,Staff shortage on route caused missed pickups,Monitor performance for next 7 days,2026-06-25T10:09:16.280Z,2026-06-25T10:09:40.811Z
N01625,Harbor Pointe,2025-01-30,Weather,Low,Snow accumulation blocked access to several units,Review route optimization plan,2026-06-25T10:09:16.280Z,2026-06-25T10:09:40.811Z
N01652,Maple Court,2025-05-07,Route Planning,Low,Construction activity blocked primary collection route,Assign backup collection crew,2026-06-25T10:09:16.280Z,2026-06-25T10:09:40.811Z
N01661,Sunset Ridge,2025-02-08,Resident Behavior,Low,Resident complaints increased after route schedule change,Assign backup collection crew,2026-06-25T10:09:16.280Z,2026-06-25T10:09:40.811Z
N01677,Maple Court,2025-02-04,Weather,Low,Poor visibility affected route safety,Perform operational audit,2026-06-25T10:09:16.280Z,2026-06-25T10:09:40.811Z
N01681,Lakeview Terrace,2025-03-15,Route Planning,High,Route optimization issue increased travel time,Review route optimization plan,2026-06-25T10:09:16.280Z,2026-06-25T10:09:40.811Z
N01684,Maple Court,2025-05-27,Vehicle,High,Emergency repair interrupted collection schedule,Coordinate with property manager,2026-06-25T10:09:16.280Z,2026-06-25T10:09:40.811Z
N01726,Green Oaks,2025-04-23,Route Planning,Low,Route balancing adjustments improved service coverage,Conduct resident awareness campaign,2026-06-25T10:09:16.280Z,2026-06-25T10:09:40.811Z
N01727,Lakeview Terrace,2025-05-17,Weather,Low,Severe weather reduced operational efficiency,Coordinate with property manager,2026-06-25T10:09:16.280Z,2026-06-25T10:09:40.811Z
N01738,Lakeview Terrace,2025-02-17,Weather,Critical,Poor visibility affected route safety,Update access credentials,2026-06-25T10:09:16.280Z,2026-06-25T10:09:40.811Z
N01744,Birchwood Commons,2025-04-07,Property Management,Medium,Community event impacted collection schedule,Escalate issue to regional manager,2026-06-25T10:09:16.280Z,2026-06-25T10:09:40.811Z
N01761,Green Oaks,2025-02-03,Route Planning,Critical,Route optimization issue increased travel time,Escalate issue to regional manager,2026-06-25T10:09:16.280Z,2026-06-25T10:09:40.811Z
N01785,Sunset Ridge,2025-05-24,Resident Behavior,Medium,Late bin placement caused missed pickups,Review route optimization plan,2026-06-25T10:09:16.280Z,2026-06-25T10:09:40.811Z
N01788,Willow Creek,2025-06-17,Vehicle,Low,Replacement vehicle arrived later than expected,Update access credentials,2026-06-25T10:09:16.280Z,2026-06-25T10:09:40.811Z
N01797,Willow Creek,2025-05-18,Gate Access,Medium,Gate intercom system malfunctioned during service hours,Review route optimization plan,2026-06-25T10:09:16.280Z,2026-06-25T10:09:40.811Z
N01809,Cedar Park,2025-06-23,Staffing,Low,Unexpected employee absence impacted daily operations,Coordinate with property manager,2026-06-25T10:09:16.280Z,2026-06-25T10:09:40.811Z
N01820,Sunset Ridge,2025-04-29,Property Management,Low,Property policy changes affected service delivery,Update access credentials,2026-06-25T10:09:16.280Z,2026-06-25T10:09:40.811Z
N01846,Willow Creek,2025-04-11,Staffing,Critical,Training requirements delayed assignment of replacement collector,Increase staffing coverage,2026-06-25T10:09:16.280Z,2026-06-25T10:09:40.811Z
N01875,Sunset Ridge,2025-01-21,Resident Behavior,Medium,Collection instructions were frequently ignored,Update access credentials,2026-06-25T10:09:16.280Z,2026-06-25T10:09:40.811Z
N01876,Willow Creek,2025-06-03,Staffing,Critical,Multiple employee absences occurred simultaneously,Escalate issue to regional manager,2026-06-25T10:09:16.280Z,2026-06-25T10:09:40.811Z
N01890,Lakeview Terrace,2025-02-28,Route Planning,High,Operational review identified route inefficiencies,Monitor performance for next 7 days,2026-06-25T10:09:16.280Z,2026-06-25T10:09:40.811Z
N01893,Cedar Park,2025-06-02,Property Management,High,Maintenance work restricted access to collection areas,Coordinate with property manager,2026-06-25T10:09:16.280Z,2026-06-25T10:09:40.811Z
N01896,Willow Creek,2025-05-07,Gate Access,Medium,Manual gate operation caused route delays,Coordinate with property manager,2026-06-25T10:09:16.280Z,2026-06-25T10:09:40.811Z
N01905,Cedar Park,2025-01-21,Route Planning,High,Travel distance increased due to route modifications,Schedule preventive maintenance,2026-06-25T10:09:16.280Z,2026-06-25T10:09:40.811Z
N01915,Lakeview Terrace,2025-01-30,Resident Behavior,Medium,Residents failed to follow waste segregation guidelines,Review route optimization plan,2026-06-25T10:09:16.280Z,2026-06-25T10:09:40.811Z
N01945,Lakeview Terrace,2025-02-22,Weather,High,Severe weather reduced operational efficiency,Schedule preventive maintenance,2026-06-25T10:09:16.280Z,2026-06-25T10:09:40.811Z
N01971,Maple Court,2025-05-04,Weather,Low,High winds created safety concerns for collectors,Coordinate with property manager,2026-06-25T10:09:16.280Z,2026-06-25T10:09:40.811Z
N01975,Maple Court,2025-02-25,Weather,High,Ice accumulation restricted vehicle movement,Perform operational audit,2026-06-25T10:09:16.280Z,2026-06-25T10:09:40.811Z
N01033,Green Oaks,2025-02-18,Vehicle,Low,Fleet shortage increased route workloads,Conduct resident awareness campaign,2026-06-25T10:09:16.280Z,2026-06-25T10:09:40.811Z
N01110,Maple Court,2025-05-07,Weather,Critical,Severe weather reduced operational efficiency,Schedule preventive maintenance,2026-06-25T10:09:16.280Z,2026-06-25T10:09:40.811Z
N01111,Lakeview Terrace,2025-01-20,Resident Behavior,Low,Residents requested unscheduled pickups,Increase staffing coverage,2026-06-25T10:09:16.280Z,2026-06-25T10:09:40.811Z
N01120,Green Oaks,2025-01-19,Vehicle,Medium,Transmission issue impacted route completion,Conduct resident awareness campaign,2026-06-25T10:09:16.280Z,2026-06-25T10:09:40.811Z
N01132,Harbor Pointe,2025-04-04,Weather,Medium,Regional weather event affected service levels,Assign backup collection crew,2026-06-25T10:09:16.280Z,2026-06-25T10:09:40.811Z
N01136,Harbor Pointe,2025-02-22,Staffing,Low,Route coverage reduced due to labor constraints,Increase staffing coverage,2026-06-25T10:09:16.280Z,2026-06-25T10:09:40.811Z
N01148,Lakeview Terrace,2025-06-24,Resident Behavior,High,Overflowing bins required additional collection effort,Coordinate with property manager,2026-06-25T10:09:16.280Z,2026-06-25T10:09:40.811Z
N01165,Green Oaks,2025-03-02,Vehicle,Medium,Brake system inspection delayed deployment,Conduct resident awareness campaign,2026-06-25T10:09:16.280Z,2026-06-25T10:09:40.811Z
N01166,Birchwood Commons,2025-06-01,Gate Access,Low,Leasing office did not answer for gate code reset,Coordinate with property manager,2026-06-25T10:09:16.280Z,2026-06-25T10:09:40.811Z
N01187,Birchwood Commons,2025-06-21,Property Management,Low,Property inspection activities disrupted collections,Review route optimization plan,2026-06-25T10:09:16.280Z,2026-06-25T10:09:40.811Z
N01192,Maple Court,2025-02-18,Vehicle,Critical,Truck mechanical issue delayed entire route schedule,Assign backup collection crew,2026-06-25T10:09:16.280Z,2026-06-25T10:09:40.811Z
N01196,Sunset Ridge,2025-03-08,Resident Behavior,Medium,Several residents reported confusion regarding pickup schedule,Assign backup collection crew,2026-06-25T10:09:16.280Z,2026-06-25T10:09:40.811Z
N01214,Green Oaks,2025-03-22,Staffing,Medium,Overtime limitations reduced available coverage,Escalate issue to regional manager,2026-06-25T10:09:16.280Z,2026-06-25T10:09:40.811Z
N01224,Lakeview Terrace,2025-01-10,Weather,Low,Storm conditions resulted in temporary service suspension,Assign backup collection crew,2026-06-25T10:09:16.280Z,2026-06-25T10:09:40.811Z
N01233,Cedar Park,2025-06-01,Staffing,Low,"Collector called in sick, route covered late",Review route optimization plan,2026-06-25T10:09:16.280Z,2026-06-25T10:09:40.811Z
N01238,Birchwood Commons,2025-06-02,Property Management,Medium,Management requested route modifications,Review route optimization plan,2026-06-25T10:09:16.280Z,2026-06-25T10:09:40.811Z
N01243,Birchwood Commons,2025-02-23,Property Management,Critical,Community event impacted collection schedule,Conduct resident awareness campaign,2026-06-25T10:09:16.280Z,2026-06-25T10:09:40.811Z
N01296,Birchwood Commons,2025-05-27,Property Management,Low,Access restrictions increased service complexity,Update access credentials,2026-06-25T10:09:16.280Z,2026-06-25T10:09:40.811Z
N01310,Harbor Pointe,2025-01-15,Staffing,High,Unexpected employee absence impacted daily operations,Conduct resident awareness campaign,2026-06-25T10:09:16.280Z,2026-06-25T10:09:40.811Z
N01317,Harbor Pointe,2025-02-07,Staffing,Medium,Recruitment delays limited route coverage,Conduct resident awareness campaign,2026-06-25T10:09:16.280Z,2026-06-25T10:09:40.811Z
N01322,Green Oaks,2025-01-18,Vehicle,High,Fleet availability issues caused route reassignment,Perform operational audit,2026-06-25T10:09:16.280Z,2026-06-25T10:09:40.811Z
N01328,Harbor Pointe,2025-03-14,Weather,Low,Heavy rain delayed collection schedule across region,Review route optimization plan,2026-06-25T10:09:16.280Z,2026-06-25T10:09:40.811Z
N01355,Cedar Park,2025-06-01,Staffing,Critical,Insufficient weekend staffing caused backlog,Update access credentials,2026-06-25T10:09:16.280Z,2026-06-25T10:09:40.811Z
N01365,Willow Creek,2025-04-06,Vehicle,Critical,Transmission issue impacted route completion,Monitor performance for next 7 days,2026-06-25T10:09:16.280Z,2026-06-25T10:09:40.811Z
N01372,Harbor Pointe,2025-04-22,Weather,Medium,Flooded access roads prevented route completion,Review route optimization plan,2026-06-25T10:09:16.280Z,2026-06-25T10:09:40.811Z
N01381,Willow Creek,2025-02-10,Vehicle,High,Emergency repair interrupted collection schedule,Review route optimization plan,2026-06-25T10:09:16.280Z,2026-06-25T10:09:40.811Z
N01395,Birchwood Commons,2025-01-25,Gate Access,Critical,Driver could not access community - gate code expired,Schedule preventive maintenance,2026-06-25T10:09:16.280Z,2026-06-25T10:09:40.811Z
N01409,Cedar Park,2025-06-20,Route Planning,Critical,Property clustering analysis suggested optimization opportunities,Coordinate with property manager,2026-06-25T10:09:16.280Z,2026-06-25T10:09:40.811Z
N01417,Harbor Pointe,2025-04-08,Weather,Low,Weather advisory required route modification,Increase staffing coverage,2026-06-25T10:09:16.280Z,2026-06-25T10:09:40.811Z
N01420,Maple Court,2025-04-05,Vehicle,Low,Emergency repair interrupted collection schedule,Perform operational audit,2026-06-25T10:09:16.280Z,2026-06-25T10:09:40.811Z
N01437,Sunset Ridge,2025-03-23,Property Management,Medium,Property inspection activities disrupted collections,Perform operational audit,2026-06-25T10:09:16.280Z,2026-06-25T10:09:40.811Z
N01438,Green Oaks,2025-05-05,Route Planning,Low,Inefficient property sequencing impacted schedule adherence,Schedule preventive maintenance,2026-06-25T10:09:16.280Z,2026-06-25T10:09:40.811Z
N01469,Willow Creek,2025-02-20,Gate Access,High,Incorrect gate code provided by property management,Assign backup collection crew,2026-06-25T10:09:16.280Z,2026-06-25T10:09:40.811Z
N01472,Green Oaks,2025-02-11,Vehicle,Low,Maintenance backlog reduced fleet readiness,Escalate issue to regional manager,2026-06-25T10:09:16.280Z,2026-06-25T10:09:40.811Z
N01480,Green Oaks,2025-01-21,Vehicle,Medium,Brake system inspection delayed deployment,Conduct resident awareness campaign,2026-06-25T10:09:16.280Z,2026-06-25T10:09:40.811Z
N01490,Harbor Pointe,2025-06-03,Vehicle,High,Transmission issue impacted route completion,Schedule preventive maintenance,2026-06-25T10:09:16.280Z,2026-06-25T10:09:40.811Z
N01501,Green Oaks,2025-05-29,Route Planning,Critical,Route balancing adjustments improved service coverage,Review route optimization plan,2026-06-25T10:09:16.280Z,2026-06-25T10:09:40.811Z
N01527,Sunset Ridge,2025-03-14,Resident Behavior,Low,Residents placed bins outside designated collection hours,Perform operational audit,2026-06-25T10:09:16.280Z,2026-06-25T10:09:40.811Z
N01542,Sunset Ridge,2025-04-24,Property Management,Medium,Community event impacted collection schedule,Update access credentials,2026-06-25T10:09:16.280Z,2026-06-25T10:09:40.811Z
N01547,Sunset Ridge,2025-03-31,Resident Behavior,Low,Unauthorized items were left for collection,Coordinate with property manager,2026-06-25T10:09:16.280Z,2026-06-25T10:09:40.811Z
N01553,Maple Court,2025-04-29,Weather,Critical,High winds created safety concerns for collectors,Schedule preventive maintenance,2026-06-25T10:09:16.280Z,2026-06-25T10:09:40.811Z
N01589,Birchwood Commons,2025-03-19,Property Management,Low,Property management requested schedule adjustment,Increase staffing coverage,2026-06-25T10:09:16.280Z,2026-06-25T10:09:40.811Z
N01600,Sunset Ridge,2025-04-08,Property Management,Critical,Property staffing changes impacted coordination,Coordinate with property manager,2026-06-25T10:09:16.280Z,2026-06-25T10:09:40.811Z
N01603,Cedar Park,2025-01-01,Staffing,High,Staff reassignment impacted scheduled routes,Update access credentials,2026-06-25T10:09:16.280Z,2026-06-25T10:09:40.811Z
N01613,Birchwood Commons,2025-01-30,Property Management,Medium,Management escalation required operational review,Escalate issue to regional manager,2026-06-25T10:09:16.280Z,2026-06-25T10:09:40.811Z
N01643,Willow Creek,2025-02-07,Vehicle,High,Unexpected maintenance increased route completion time,Update access credentials,2026-06-25T10:09:16.280Z,2026-06-25T10:09:40.811Z
N01658,Cedar Park,2025-02-17,Property Management,High,Management requested additional pickup support,Review route optimization plan,2026-06-25T10:09:16.280Z,2026-06-25T10:09:40.811Z
N01690,Green Oaks,2025-04-28,Staffing,Medium,Staff reassignment impacted scheduled routes,Update access credentials,2026-06-25T10:09:16.280Z,2026-06-25T10:09:40.811Z
N01721,Birchwood Commons,2025-04-19,Resident Behavior,Medium,Unauthorized items were left for collection,Perform operational audit,2026-06-25T10:09:16.280Z,2026-06-25T10:09:40.811Z
N01762,Green Oaks,2025-01-30,Route Planning,Critical,Inefficient property sequencing impacted schedule adherence,Coordinate with property manager,2026-06-25T10:09:16.280Z,2026-06-25T10:09:40.811Z
N01769,Maple Court,2025-03-12,Route Planning,Low,Navigation issue delayed route completion,Perform operational audit,2026-06-25T10:09:16.280Z,2026-06-25T10:09:40.811Z
N01783,Green Oaks,2025-01-30,Vehicle,Critical,Unexpected maintenance increased route completion time,Increase staffing coverage,2026-06-25T10:09:16.280Z,2026-06-25T10:09:40.811Z
N01789,Harbor Pointe,2025-04-13,Vehicle,Low,Vehicle servicing overlapped with scheduled collections,Perform operational audit,2026-06-25T10:09:16.280Z,2026-06-25T10:09:40.811Z
N01813,Cedar Park,2025-06-29,Route Planning,High,Property clustering analysis suggested optimization opportunities,Increase staffing coverage,2026-06-25T10:09:16.280Z,2026-06-25T10:09:40.811Z
N01819,Harbor Pointe,2025-03-14,Staffing,Medium,Shift scheduling conflict resulted in delayed collections,Update access credentials,2026-06-25T10:09:16.280Z,2026-06-25T10:09:40.811Z
N01855,Green Oaks,2025-02-06,Route Planning,Critical,Inefficient property sequencing impacted schedule adherence,Increase staffing coverage,2026-06-25T10:09:16.280Z,2026-06-25T10:09:40.811Z
N01863,Maple Court,2025-03-26,Weather,High,Emergency weather response delayed operations,Assign backup collection crew,2026-06-25T10:09:16.280Z,2026-06-25T10:09:40.811Z
N01868,Sunset Ridge,2025-01-20,Property Management,Low,Service expectations reviewed with property leadership,Escalate issue to regional manager,2026-06-25T10:09:16.280Z,2026-06-25T10:09:40.811Z
N01869,Cedar Park,2025-06-25,Staffing,High,Training requirements delayed assignment of replacement collector,Escalate issue to regional manager,2026-06-25T10:09:16.280Z,2026-06-25T10:09:40.811Z
N01920,Sunset Ridge,2025-06-17,Gate Access,Critical,Property manager unavailable to provide updated gate code,Review route optimization plan,2026-06-25T10:09:16.280Z,2026-06-25T10:09:40.811Z
N01933,Willow Creek,2025-01-06,Gate Access,Medium,Access card failed to unlock service entrance,Schedule preventive maintenance,2026-06-25T10:09:16.280Z,2026-06-25T10:09:40.811Z
N01944,Cedar Park,2025-06-24,Property Management,Medium,Manager reported recurring service concerns,Increase staffing coverage,2026-06-25T10:09:16.280Z,2026-06-25T10:09:40.811Z
N01965,Sunset Ridge,2025-05-14,Property Management,Medium,Maintenance work restricted access to collection areas,Escalate issue to regional manager,2026-06-25T10:09:16.280Z,2026-06-25T10:09:40.811Z
N01997,Lakeview Terrace,2025-06-10,Resident Behavior,Low,Improperly secured waste created operational issues,Escalate issue to regional manager,2026-06-25T10:09:16.280Z,2026-06-25T10:09:40.811Z
N01012,Harbor Pointe,2025-05-06,Vehicle,High,Vehicle inspection identified safety concerns before dispatch,Coordinate with property manager,2026-06-25T10:09:16.280Z,2026-06-25T10:09:40.811Z
N01041,Green Oaks,2025-03-06,Vehicle,Medium,Fuel system malfunction impacted collection operations,Perform operational audit,2026-06-25T10:09:16.280Z,2026-06-25T10:09:40.811Z
N01043,Sunset Ridge,2025-03-18,Resident Behavior,Medium,Resident participation declined during holiday period,Escalate issue to regional manager,2026-06-25T10:09:16.280Z,2026-06-25T10:09:40.811Z
N01062,Cedar Park,2025-05-19,Route Planning,High,Scheduling overlap reduced operational efficiency,Increase staffing coverage,2026-06-25T10:09:16.280Z,2026-06-25T10:09:40.811Z
N01076,Lakeview Terrace,2025-05-03,Resident Behavior,Low,Late bin placement caused missed pickups,Monitor performance for next 7 days,2026-06-25T10:09:16.280Z,2026-06-25T10:09:40.811Z
N01080,Sunset Ridge,2025-06-20,Property Management,Critical,Coordination challenges delayed operational response,Coordinate with property manager,2026-06-25T10:09:16.280Z,2026-06-25T10:09:40.811Z
N01089,Harbor Pointe,2025-05-15,Weather,High,Heavy rain delayed collection schedule across region,Update access credentials,2026-06-25T10:09:16.280Z,2026-06-25T10:09:40.811Z
N01108,Birchwood Commons,2025-06-17,Property Management,Low,Property management requested schedule adjustment,Monitor performance for next 7 days,2026-06-25T10:09:16.280Z,2026-06-25T10:09:40.811Z
N01115,Birchwood Commons,2025-03-18,Gate Access,Low,Incorrect gate code provided by property management,Coordinate with property manager,2026-06-25T10:09:16.280Z,2026-06-25T10:09:40.811Z
N01157,Willow Creek,2025-04-20,Gate Access,Low,Access credentials expired unexpectedly,Monitor performance for next 7 days,2026-06-25T10:09:16.280Z,2026-06-25T10:09:40.811Z
N01163,Maple Court,2025-04-29,Route Planning,Critical,Route optimization issue increased travel time,Schedule preventive maintenance,2026-06-25T10:09:16.280Z,2026-06-25T10:09:40.811Z
N01201,Maple Court,2025-02-05,Vehicle,Medium,Fuel system malfunction impacted collection operations,Assign backup collection crew,2026-06-25T10:09:16.280Z,2026-06-25T10:09:40.811Z
N01206,Willow Creek,2025-06-14,Gate Access,Critical,Gate access restrictions caused delay on route,Assign backup collection crew,2026-06-25T10:09:16.280Z,2026-06-25T10:09:40.811Z
N01209,Willow Creek,2025-01-15,Staffing,High,Staff reassignment impacted scheduled routes,Conduct resident awareness campaign,2026-06-25T10:09:16.280Z,2026-06-25T10:09:40.811Z
N01237,Willow Creek,2025-06-30,Staffing,Low,Staff reassignment impacted scheduled routes,Increase staffing coverage,2026-06-25T10:09:16.280Z,2026-06-25T10:09:40.811Z
N01258,Harbor Pointe,2025-02-11,Vehicle,Medium,Maintenance backlog reduced fleet readiness,Increase staffing coverage,2026-06-25T10:09:16.280Z,2026-06-25T10:09:40.811Z
N01264,Maple Court,2025-02-15,Route Planning,Critical,Service area expansion affected route timing,Update access credentials,2026-06-25T10:09:16.280Z,2026-06-25T10:09:40.811Z
N01267,Cedar Park,2025-05-16,Route Planning,Critical,Inefficient route sequencing reduced productivity,Perform operational audit,2026-06-25T10:09:16.280Z,2026-06-25T10:09:40.811Z
N01269,Lakeview Terrace,2025-03-15,Resident Behavior,Critical,Residents failed to follow waste segregation guidelines,Assign backup collection crew,2026-06-25T10:09:16.280Z,2026-06-25T10:09:40.811Z
N01279,Cedar Park,2025-02-01,Property Management,Medium,Service expectations reviewed with property leadership,Update access credentials,2026-06-25T10:09:16.280Z,2026-06-25T10:09:40.811Z
N01290,Birchwood Commons,2025-06-28,Gate Access,Low,Service entrance blocked by maintenance activity,Coordinate with property manager,2026-06-25T10:09:16.280Z,2026-06-25T10:09:40.811Z
N01302,Harbor Pointe,2025-03-28,Staffing,Low,Overtime limitations reduced available coverage,Assign backup collection crew,2026-06-25T10:09:16.280Z,2026-06-25T10:09:40.811Z
N01325,Maple Court,2025-04-17,Vehicle,High,Vehicle diagnostics required immediate attention,Assign backup collection crew,2026-06-25T10:09:16.280Z,2026-06-25T10:09:40.811Z
N01378,Birchwood Commons,2025-06-19,Gate Access,Medium,Delayed authorization from security personnel,Review route optimization plan,2026-06-25T10:09:16.280Z,2026-06-25T10:09:40.811Z
N01396,Cedar Park,2025-04-02,Property Management,Critical,Management escalation required operational review,Conduct resident awareness campaign,2026-06-25T10:09:16.280Z,2026-06-25T10:09:40.811Z
N01403,Willow Creek,2025-04-22,Staffing,Low,New collector unfamiliar with property layout,Perform operational audit,2026-06-25T10:09:16.280Z,2026-06-25T10:09:40.811Z
N01405,Green Oaks,2025-05-24,Route Planning,Low,Route handoff between teams caused delays,Schedule preventive maintenance,2026-06-25T10:09:16.280Z,2026-06-25T10:09:40.811Z
N01413,Cedar Park,2025-03-20,Staffing,Low,Insufficient staffing levels increased route completion time,Escalate issue to regional manager,2026-06-25T10:09:16.280Z,2026-06-25T10:09:40.811Z
N01416,Birchwood Commons,2025-01-20,Resident Behavior,Critical,Residents failed to follow waste segregation guidelines,Coordinate with property manager,2026-06-25T10:09:16.280Z,2026-06-25T10:09:40.811Z
N01427,Green Oaks,2025-02-14,Staffing,Medium,Temporary workers required additional supervision,Perform operational audit,2026-06-25T10:09:16.280Z,2026-06-25T10:09:40.811Z
N01428,Harbor Pointe,2025-04-14,Staffing,High,Insufficient staffing levels increased route completion time,Escalate issue to regional manager,2026-06-25T10:09:16.280Z,2026-06-25T10:09:40.811Z
N01483,Willow Creek,2025-01-06,Gate Access,Low,Leasing office did not answer for gate code reset,Assign backup collection crew,2026-06-25T10:09:16.280Z,2026-06-25T10:09:40.811Z
N01550,Green Oaks,2025-02-06,Vehicle,Critical,Replacement vehicle arrived later than expected,Assign backup collection crew,2026-06-25T10:09:16.280Z,2026-06-25T10:09:40.811Z
N01566,Willow Creek,2025-04-02,Staffing,Critical,Insufficient weekend staffing caused backlog,Coordinate with property manager,2026-06-25T10:09:16.280Z,2026-06-25T10:09:40.811Z
N01568,Maple Court,2025-05-08,Weather,High,Snow accumulation blocked access to several units,Conduct resident awareness campaign,2026-06-25T10:09:16.280Z,2026-06-25T10:09:40.811Z
N01572,Maple Court,2025-01-01,Weather,Low,Emergency weather response delayed operations,Escalate issue to regional manager,2026-06-25T10:09:16.280Z,2026-06-25T10:09:40.811Z
N01585,Maple Court,2025-05-26,Route Planning,Low,Inefficient property sequencing impacted schedule adherence,Update access credentials,2026-06-25T10:09:16.280Z,2026-06-25T10:09:40.811Z
N01590,Cedar Park,2025-01-23,Property Management,Medium,Management requested additional pickup support,Assign backup collection crew,2026-06-25T10:09:16.280Z,2026-06-25T10:09:40.811Z
N01598,Harbor Pointe,2025-04-16,Weather,Critical,Flooded access roads prevented route completion,Escalate issue to regional manager,2026-06-25T10:09:16.280Z,2026-06-25T10:09:40.811Z
N01602,Sunset Ridge,2025-01-28,Gate Access,Critical,Visitor access restrictions delayed collection process,Schedule preventive maintenance,2026-06-25T10:09:16.280Z,2026-06-25T10:09:40.811Z
N01615,Green Oaks,2025-06-19,Vehicle,Low,Fleet shortage increased route workloads,Schedule preventive maintenance,2026-06-25T10:09:16.280Z,2026-06-25T10:09:40.811Z
N01663,Maple Court,2025-02-06,Route Planning,Medium,Scheduling overlap reduced operational efficiency,Increase staffing coverage,2026-06-25T10:09:16.280Z,2026-06-25T10:09:40.811Z
N01666,Green Oaks,2025-02-23,Staffing,Critical,Training requirements delayed assignment of replacement collector,Review route optimization plan,2026-06-25T10:09:16.280Z,2026-06-25T10:09:40.811Z
N01673,Green Oaks,2025-02-16,Staffing,Low,Unexpected resignations affected operations,Schedule preventive maintenance,2026-06-25T10:09:16.280Z,2026-06-25T10:09:40.811Z
N01694,Willow Creek,2025-06-10,Gate Access,Low,Gate access restrictions caused delay on route,Perform operational audit,2026-06-25T10:09:16.280Z,2026-06-25T10:09:40.811Z
N01699,Birchwood Commons,2025-02-11,Property Management,High,Property leadership requested service enhancement review,Perform operational audit,2026-06-25T10:09:16.280Z,2026-06-25T10:09:40.811Z
N01734,Cedar Park,2025-06-27,Route Planning,Critical,Route redesign recommended to improve performance,Escalate issue to regional manager,2026-06-25T10:09:16.280Z,2026-06-25T10:09:40.811Z
N01759,Green Oaks,2025-03-02,Vehicle,High,Engine overheating forced temporary route suspension,Conduct resident awareness campaign,2026-06-25T10:09:16.280Z,2026-06-25T10:09:40.811Z
N01802,Willow Creek,2025-04-02,Gate Access,Medium,Property manager unavailable to provide updated gate code,Review route optimization plan,2026-06-25T10:09:16.280Z,2026-06-25T10:09:40.811Z
N01805,Birchwood Commons,2025-01-24,Gate Access,Medium,Access credentials expired unexpectedly,Conduct resident awareness campaign,2026-06-25T10:09:16.280Z,2026-06-25T10:09:40.811Z
N01808,Cedar Park,2025-06-25,Route Planning,Critical,Property clustering analysis suggested optimization opportunities,Schedule preventive maintenance,2026-06-25T10:09:16.280Z,2026-06-25T10:09:40.811Z
N01810,Birchwood Commons,2025-05-08,Resident Behavior,Medium,Residents requested unscheduled pickups,Perform operational audit,2026-06-25T10:09:16.280Z,2026-06-25T10:09:40.811Z
N01832,Cedar Park,2025-01-15,Route Planning,Critical,Navigation issue delayed route completion,Review route optimization plan,2026-06-25T10:09:16.280Z,2026-06-25T10:09:40.811Z
N01833,Lakeview Terrace,2025-04-04,Resident Behavior,Critical,Excess waste volume exceeded expected capacity,Perform operational audit,2026-06-25T10:09:16.280Z,2026-06-25T10:09:40.811Z
N01835,Willow Creek,2025-06-19,Gate Access,Low,Community gate remained locked during scheduled pickup window,Assign backup collection crew,2026-06-25T10:09:16.280Z,2026-06-25T10:09:40.811Z
N01842,Maple Court,2025-05-25,Vehicle,Medium,Fleet shortage increased route workloads,Update access credentials,2026-06-25T10:09:16.280Z,2026-06-25T10:09:40.811Z
N01853,Birchwood Commons,2025-04-15,Gate Access,Critical,Restricted access due to special community event,Review route optimization plan,2026-06-25T10:09:16.280Z,2026-06-25T10:09:40.811Z
N01874,Willow Creek,2025-04-21,Staffing,Critical,Staff reassignment impacted scheduled routes,Review route optimization plan,2026-06-25T10:09:16.280Z,2026-06-25T10:09:40.811Z
N01894,Maple Court,2025-02-14,Route Planning,High,Route balancing adjustments improved service coverage,Escalate issue to regional manager,2026-06-25T10:09:16.280Z,2026-06-25T10:09:40.811Z
N01899,Birchwood Commons,2025-02-12,Gate Access,High,Property manager unavailable to provide updated gate code,Increase staffing coverage,2026-06-25T10:09:16.280Z,2026-06-25T10:09:40.811Z
N01904,Sunset Ridge,2025-05-18,Resident Behavior,Medium,Resident left bin blocked by parked vehicle,Update access credentials,2026-06-25T10:09:16.280Z,2026-06-25T10:09:40.811Z
N01913,Sunset Ridge,2025-01-31,Resident Behavior,Low,Unauthorized items were left for collection,Escalate issue to regional manager,2026-06-25T10:09:16.280Z,2026-06-25T10:09:40.811Z
N01968,Harbor Pointe,2025-04-17,Weather,Medium,Ice accumulation restricted vehicle movement,Increase staffing coverage,2026-06-25T10:09:16.280Z,2026-06-25T10:09:40.811Z
N01981,Harbor Pointe,2025-02-24,Vehicle,Critical,Unexpected maintenance increased route completion time,Increase staffing coverage,2026-06-25T10:09:16.280Z,2026-06-25T10:09:40.811Z
N01027,Willow Creek,2025-05-23,Vehicle,Critical,Collection vehicle required mid-route maintenance stop,Schedule preventive maintenance,2026-06-25T10:09:16.280Z,2026-06-25T10:09:40.811Z
N01071,Harbor Pointe,2025-03-30,Staffing,Medium,Route coverage reduced due to labor constraints,Review route optimization plan,2026-06-25T10:09:16.280Z,2026-06-25T10:09:40.811Z
N01097,Birchwood Commons,2025-04-04,Gate Access,Critical,Service entrance blocked by maintenance activity,Perform operational audit,2026-06-25T10:09:16.280Z,2026-06-25T10:09:40.811Z
N01125,Cedar Park,2025-01-25,Route Planning,Medium,Route balancing adjustments improved service coverage,Escalate issue to regional manager,2026-06-25T10:09:16.280Z,2026-06-25T10:09:40.811Z
N01133,Lakeview Terrace,2025-03-03,Weather,Critical,Unexpected storm activity required schedule changes,Schedule preventive maintenance,2026-06-25T10:09:16.280Z,2026-06-25T10:09:40.811Z
N01138,Maple Court,2025-03-21,Weather,Medium,High winds created safety concerns for collectors,Conduct resident awareness campaign,2026-06-25T10:09:16.280Z,2026-06-25T10:09:40.811Z
N01159,Maple Court,2025-04-02,Weather,Low,Lightning risk delayed evening collections,Coordinate with property manager,2026-06-25T10:09:16.280Z,2026-06-25T10:09:40.811Z
N01219,Harbor Pointe,2025-03-21,Weather,Low,Weather-related road closures impacted routes,Increase staffing coverage,2026-06-25T10:09:16.280Z,2026-06-25T10:09:40.811Z
N01228,Maple Court,2025-04-07,Vehicle,Critical,Fuel system malfunction impacted collection operations,Assign backup collection crew,2026-06-25T10:09:16.280Z,2026-06-25T10:09:40.811Z
N01229,Harbor Pointe,2025-02-20,Weather,High,Adverse weather increased average completion times,Conduct resident awareness campaign,2026-06-25T10:09:16.280Z,2026-06-25T10:09:40.811Z
N01252,Lakeview Terrace,2025-05-09,Weather,High,Regional weather event affected service levels,Assign backup collection crew,2026-06-25T10:09:16.280Z,2026-06-25T10:09:40.811Z
N01320,Cedar Park,2025-05-06,Route Planning,Medium,Route handoff between teams caused delays,Schedule preventive maintenance,2026-06-25T10:09:16.280Z,2026-06-25T10:09:40.811Z
N01343,Cedar Park,2025-06-26,Property Management,Low,Management requested additional pickup support,Increase staffing coverage,2026-06-25T10:09:16.280Z,2026-06-25T10:09:40.811Z
N01358,Cedar Park,2025-05-30,Property Management,Critical,Operational changes were not communicated in advance,Escalate issue to regional manager,2026-06-25T10:09:16.280Z,2026-06-25T10:09:40.811Z
N01408,Green Oaks,2025-03-10,Staffing,Critical,Reduced workforce availability impacted service quality,Monitor performance for next 7 days,2026-06-25T10:09:16.280Z,2026-06-25T10:09:40.811Z
N01439,Cedar Park,2025-05-17,Route Planning,Low,Navigation issue delayed route completion,Monitor performance for next 7 days,2026-06-25T10:09:16.280Z,2026-06-25T10:09:40.811Z
N01442,Sunset Ridge,2025-05-17,Property Management,Medium,Maintenance work restricted access to collection areas,Perform operational audit,2026-06-25T10:09:16.280Z,2026-06-25T10:09:40.811Z
N01450,Green Oaks,2025-01-10,Route Planning,Critical,Route handoff between teams caused delays,Coordinate with property manager,2026-06-25T10:09:16.280Z,2026-06-25T10:09:40.811Z
N01457,Harbor Pointe,2025-02-17,Weather,Critical,Heavy rain delayed collection schedule across region,Conduct resident awareness campaign,2026-06-25T10:09:16.280Z,2026-06-25T10:09:40.811Z
N01471,Willow Creek,2025-02-21,Gate Access,Low,Incorrect gate code provided by property management,Escalate issue to regional manager,2026-06-25T10:09:16.280Z,2026-06-25T10:09:40.811Z
N01494,Green Oaks,2025-01-21,Staffing,Low,Insufficient weekend staffing caused backlog,Schedule preventive maintenance,2026-06-25T10:09:16.280Z,2026-06-25T10:09:40.811Z
N01499,Harbor Pointe,2025-06-09,Staffing,Critical,Multiple employee absences occurred simultaneously,Escalate issue to regional manager,2026-06-25T10:09:16.280Z,2026-06-25T10:09:40.811Z
N01508,Sunset Ridge,2025-01-28,Property Management,Low,Community event impacted collection schedule,Escalate issue to regional manager,2026-06-25T10:09:16.280Z,2026-06-25T10:09:40.811Z
N01513,Green Oaks,2025-06-29,Vehicle,Low,Engine overheating forced temporary route suspension,Monitor performance for next 7 days,2026-06-25T10:09:16.280Z,2026-06-25T10:09:40.811Z
N01525,Cedar Park,2025-06-18,Route Planning,Low,Unexpected road closure required route diversion,Increase staffing coverage,2026-06-25T10:09:16.280Z,2026-06-25T10:09:40.811Z
N01536,Harbor Pointe,2025-02-22,Vehicle,Medium,Fuel system malfunction impacted collection operations,Schedule preventive maintenance,2026-06-25T10:09:16.280Z,2026-06-25T10:09:40.811Z
N01544,Willow Creek,2025-06-05,Vehicle,High,Fuel system malfunction impacted collection operations,Monitor performance for next 7 days,2026-06-25T10:09:16.280Z,2026-06-25T10:09:40.811Z
N01545,Lakeview Terrace,2025-05-05,Weather,Medium,Extreme temperatures slowed collection activities,Escalate issue to regional manager,2026-06-25T10:09:16.280Z,2026-06-25T10:09:40.811Z
N01558,Green Oaks,2025-01-23,Route Planning,Critical,Route optimization issue increased travel time,Coordinate with property manager,2026-06-25T10:09:16.280Z,2026-06-25T10:09:40.811Z
N01573,Maple Court,2025-06-18,Vehicle,Critical,Vehicle inspection identified safety concerns before dispatch,Conduct resident awareness campaign,2026-06-25T10:09:16.280Z,2026-06-25T10:09:40.811Z
N01581,Cedar Park,2025-03-05,Route Planning,Critical,Route redesign recommended to improve performance,Increase staffing coverage,2026-06-25T10:09:16.280Z,2026-06-25T10:09:40.811Z
N01586,Harbor Pointe,2025-04-11,Staffing,High,Temporary workers required additional supervision,Coordinate with property manager,2026-06-25T10:09:16.280Z,2026-06-25T10:09:40.811Z
N01594,Cedar Park,2025-05-15,Route Planning,Low,Inefficient property sequencing impacted schedule adherence,Escalate issue to regional manager,2026-06-25T10:09:16.280Z,2026-06-25T10:09:40.811Z
N01605,Maple Court,2025-03-30,Weather,Medium,Severe weather reduced operational efficiency,Conduct resident awareness campaign,2026-06-25T10:09:16.280Z,2026-06-25T10:09:40.811Z
N01607,Harbor Pointe,2025-01-13,Staffing,Medium,Overtime limitations reduced available coverage,Perform operational audit,2026-06-25T10:09:16.280Z,2026-06-25T10:09:40.811Z
N01626,Cedar Park,2025-03-29,Route Planning,Low,Service area expansion affected route timing,Review route optimization plan,2026-06-25T10:09:16.280Z,2026-06-25T10:09:40.811Z
N01627,Lakeview Terrace,2025-01-27,Route Planning,High,Property clustering analysis suggested optimization opportunities,Schedule preventive maintenance,2026-06-25T10:09:16.280Z,2026-06-25T10:09:40.811Z
N01631,Sunset Ridge,2025-05-07,Property Management,Low,Operational feedback meeting identified improvement areas,Update access credentials,2026-06-25T10:09:16.280Z,2026-06-25T10:09:40.811Z
N01641,Sunset Ridge,2025-06-18,Resident Behavior,High,Bins not placed at doorstep for scheduled pickup,Review route optimization plan,2026-06-25T10:09:16.280Z,2026-06-25T10:09:40.811Z
N01644,Willow Creek,2025-01-16,Vehicle,Medium,Replacement vehicle arrived later than expected,Update access credentials,2026-06-25T10:09:16.280Z,2026-06-25T10:09:40.811Z
N01651,Birchwood Commons,2025-06-23,Resident Behavior,High,Missed communication led to resident dissatisfaction,Assign backup collection crew,2026-06-25T10:09:16.280Z,2026-06-25T10:09:40.811Z
N01670,Birchwood Commons,2025-02-04,Gate Access,Low,Access credentials expired unexpectedly,Monitor performance for next 7 days,2026-06-25T10:09:16.280Z,2026-06-25T10:09:40.811Z
N01676,Maple Court,2025-03-12,Route Planning,Medium,Route redesign recommended to improve performance,Monitor performance for next 7 days,2026-06-25T10:09:16.280Z,2026-06-25T10:09:40.811Z
N01729,Green Oaks,2025-03-02,Staffing,Low,Recruitment delays limited route coverage,Increase staffing coverage,2026-06-25T10:09:16.280Z,2026-06-25T10:09:40.811Z
N01742,Willow Creek,2025-02-17,Staffing,Medium,New collector unfamiliar with property layout,Assign backup collection crew,2026-06-25T10:09:16.280Z,2026-06-25T10:09:40.811Z
N01755,Cedar Park,2025-01-18,Property Management,Low,Coordination challenges delayed operational response,Assign backup collection crew,2026-06-25T10:09:16.280Z,2026-06-25T10:09:40.811Z
N01760,Birchwood Commons,2025-05-14,Resident Behavior,Medium,Late bin placement caused missed pickups,Escalate issue to regional manager,2026-06-25T10:09:16.280Z,2026-06-25T10:09:40.811Z
N01782,Cedar Park,2025-02-20,Staffing,High,Recruitment delays limited route coverage,Review route optimization plan,2026-06-25T10:09:16.280Z,2026-06-25T10:09:40.811Z
N01827,Birchwood Commons,2025-04-10,Property Management,Medium,Access restrictions increased service complexity,Increase staffing coverage,2026-06-25T10:09:16.280Z,2026-06-25T10:09:40.811Z
N01847,Harbor Pointe,2025-04-10,Weather,Critical,Severe weather reduced operational efficiency,Increase staffing coverage,2026-06-25T10:09:16.280Z,2026-06-25T10:09:40.811Z
N01886,Harbor Pointe,2025-03-18,Weather,Low,Weather disruptions impacted multiple communities,Update access credentials,2026-06-25T10:09:16.280Z,2026-06-25T10:09:40.811Z
N01891,Willow Creek,2025-02-07,Gate Access,Critical,Service entrance blocked by maintenance activity,Escalate issue to regional manager,2026-06-25T10:09:16.280Z,2026-06-25T10:09:40.811Z
N01923,Lakeview Terrace,2025-06-14,Resident Behavior,High,Several residents reported confusion regarding pickup schedule,Coordinate with property manager,2026-06-25T10:09:16.280Z,2026-06-25T10:09:40.811Z
N01939,Willow Creek,2025-01-08,Gate Access,Low,Temporary gate malfunction prevented collector entry,Perform operational audit,2026-06-25T10:09:16.280Z,2026-06-25T10:09:40.811Z
N01943,Willow Creek,2025-03-25,Vehicle,Medium,Equipment failure reduced collection efficiency,Update access credentials,2026-06-25T10:09:16.280Z,2026-06-25T10:09:40.811Z
N01957,Cedar Park,2025-06-23,Route Planning,Low,Route capacity exceeded planned workload,Monitor performance for next 7 days,2026-06-25T10:09:16.280Z,2026-06-25T10:09:40.811Z
N01961,Willow Creek,2025-03-04,Vehicle,Low,Replacement vehicle arrived later than expected,Escalate issue to regional manager,2026-06-25T10:09:16.280Z,2026-06-25T10:09:40.811Z
N01974,Sunset Ridge,2025-03-24,Property Management,Medium,Management requested additional pickup support,Increase staffing coverage,2026-06-25T10:09:16.280Z,2026-06-25T10:09:40.811Z
N02027,Green Oaks,2025-05-09,Staffing,Medium,Holiday staffing shortages caused delays,Schedule preventive maintenance,2026-06-25T10:09:16.280Z,2026-06-25T10:09:40.811Z
N02028,Maple Court,2025-03-18,Vehicle,Low,Fleet shortage increased route workloads,Conduct resident awareness campaign,2026-06-25T10:09:16.280Z,2026-06-25T10:09:40.811Z
N02031,Cedar Park,2025-03-02,Route Planning,Low,Inefficient property sequencing impacted schedule adherence,Monitor performance for next 7 days,2026-06-25T10:09:16.280Z,2026-06-25T10:09:40.811Z
N02034,Birchwood Commons,2025-04-15,Gate Access,Medium,Restricted access due to special community event,Monitor performance for next 7 days,2026-06-25T10:09:16.280Z,2026-06-25T10:09:40.811Z
N02059,Birchwood Commons,2025-02-20,Gate Access,Critical,Entry denied due to missing vendor registration,Increase staffing coverage,2026-06-25T10:09:16.280Z,2026-06-25T10:09:40.811Z
N02061,Green Oaks,2025-01-29,Staffing,High,Insufficient staffing levels increased route completion time,Conduct resident awareness campaign,2026-06-25T10:09:16.280Z,2026-06-25T10:09:40.811Z
N02063,Sunset Ridge,2025-02-22,Resident Behavior,Critical,Residents placed bins outside designated collection hours,Review route optimization plan,2026-06-25T10:09:16.280Z,2026-06-25T10:09:40.811Z
N02066,Sunset Ridge,2025-06-05,Property Management,High,Coordination challenges delayed operational response,Increase staffing coverage,2026-06-25T10:09:16.280Z,2026-06-25T10:09:40.811Z
N02072,Sunset Ridge,2025-01-02,Resident Behavior,Medium,Resident education on waste procedures was recommended,Conduct resident awareness campaign,2026-06-25T10:09:16.280Z,2026-06-25T10:09:40.811Z
N02074,Sunset Ridge,2025-02-02,Gate Access,High,Property manager unavailable to provide updated gate code,Schedule preventive maintenance,2026-06-25T10:09:16.280Z,2026-06-25T10:09:40.811Z
N02105,Willow Creek,2025-01-03,Vehicle,Critical,Vehicle servicing overlapped with scheduled collections,Update access credentials,2026-06-25T10:09:16.280Z,2026-06-25T10:09:40.811Z
N02124,Lakeview Terrace,2025-01-30,Resident Behavior,Low,Collection bins were inaccessible during service window,Coordinate with property manager,2026-06-25T10:09:16.280Z,2026-06-25T10:09:40.811Z
N02158,Green Oaks,2025-03-22,Route Planning,Low,Inefficient property sequencing impacted schedule adherence,Escalate issue to regional manager,2026-06-25T10:09:16.280Z,2026-06-25T10:09:40.811Z
N02169,Green Oaks,2025-02-14,Vehicle,Critical,Vehicle breakdown impacted collections on route,Review route optimization plan,2026-06-25T10:09:16.280Z,2026-06-25T10:09:40.811Z
N02172,Harbor Pointe,2025-06-01,Staffing,Medium,Peak demand exceeded available workforce capacity,Review route optimization plan,2026-06-25T10:09:16.280Z,2026-06-25T10:09:40.811Z
N02190,Sunset Ridge,2025-04-26,Gate Access,Medium,Community gate remained locked during scheduled pickup window,Conduct resident awareness campaign,2026-06-25T10:09:16.280Z,2026-06-25T10:09:40.811Z
N02202,Sunset Ridge,2025-02-12,Gate Access,High,Manual gate operation caused route delays,Assign backup collection crew,2026-06-25T10:09:16.280Z,2026-06-25T10:09:40.811Z
N02214,Green Oaks,2025-01-20,Vehicle,Critical,Emergency repair interrupted collection schedule,Conduct resident awareness campaign,2026-06-25T10:09:16.280Z,2026-06-25T10:09:40.811Z
N02218,Cedar Park,2025-05-15,Staffing,High,Temporary workers required additional supervision,Schedule preventive maintenance,2026-06-25T10:09:16.280Z,2026-06-25T10:09:40.811Z
N02252,Willow Creek,2025-04-18,Gate Access,Low,Property manager unavailable to provide updated gate code,Escalate issue to regional manager,2026-06-25T10:09:16.280Z,2026-06-25T10:09:40.811Z
N02260,Willow Creek,2025-04-05,Staffing,Critical,Training requirements delayed assignment of replacement collector,Assign backup collection crew,2026-06-25T10:09:16.280Z,2026-06-25T10:09:40.811Z
N02264,Maple Court,2025-01-10,Weather,High,Unexpected storm activity required schedule changes,Escalate issue to regional manager,2026-06-25T10:09:16.280Z,2026-06-25T10:09:40.811Z
N02268,Sunset Ridge,2025-03-31,Gate Access,Medium,Temporary gate malfunction prevented collector entry,Monitor performance for next 7 days,2026-06-25T10:09:16.280Z,2026-06-25T10:09:40.811Z
N02275,Birchwood Commons,2025-04-30,Resident Behavior,Critical,Bins not placed at doorstep for scheduled pickup,Escalate issue to regional manager,2026-06-25T10:09:16.280Z,2026-06-25T10:09:40.811Z
N02306,Sunset Ridge,2025-03-04,Resident Behavior,High,Residents failed to follow waste segregation guidelines,Monitor performance for next 7 days,2026-06-25T10:09:16.280Z,2026-06-25T10:09:40.811Z
N02352,Maple Court,2025-05-17,Route Planning,Critical,Inefficient property sequencing impacted schedule adherence,Schedule preventive maintenance,2026-06-25T10:09:16.280Z,2026-06-25T10:09:40.811Z
N02399,Green Oaks,2025-03-03,Staffing,Low,"Collector called in sick, route covered late",Schedule preventive maintenance,2026-06-25T10:09:16.280Z,2026-06-25T10:09:40.811Z
N02440,Maple Court,2025-02-01,Vehicle,Critical,Unexpected maintenance increased route completion time,Schedule preventive maintenance,2026-06-25T10:09:16.280Z,2026-06-25T10:09:40.811Z
N02444,Birchwood Commons,2025-02-28,Resident Behavior,Low,Overflowing bins required additional collection effort,Conduct resident awareness campaign,2026-06-25T10:09:16.280Z,2026-06-25T10:09:40.811Z
N02461,Lakeview Terrace,2025-03-04,Weather,High,Unexpected storm activity required schedule changes,Increase staffing coverage,2026-06-25T10:09:16.280Z,2026-06-25T10:09:40.811Z
N02466,Cedar Park,2025-06-19,Property Management,Medium,Property management requested schedule adjustment,Conduct resident awareness campaign,2026-06-25T10:09:16.280Z,2026-06-25T10:09:40.811Z
N02487,Willow Creek,2025-05-26,Staffing,High,Holiday staffing shortages caused delays,Coordinate with property manager,2026-06-25T10:09:16.280Z,2026-06-25T10:09:40.811Z
N02497,Maple Court,2025-02-04,Weather,High,Weather-related road closures impacted routes,Increase staffing coverage,2026-06-25T10:09:16.280Z,2026-06-25T10:09:40.811Z
N02537,Willow Creek,2025-02-25,Gate Access,High,Incorrect gate code provided by property management,Review route optimization plan,2026-06-25T10:09:16.280Z,2026-06-25T10:09:40.811Z
N02544,Harbor Pointe,2025-06-12,Staffing,Low,Peak demand exceeded available workforce capacity,Assign backup collection crew,2026-06-25T10:09:16.280Z,2026-06-25T10:09:40.811Z
N02552,Willow Creek,2025-06-23,Vehicle,Low,Transmission issue impacted route completion,Escalate issue to regional manager,2026-06-25T10:09:16.280Z,2026-06-25T10:09:40.811Z
N02554,Sunset Ridge,2025-01-14,Gate Access,Low,Driver could not access community - gate code expired,Assign backup collection crew,2026-06-25T10:09:16.280Z,2026-06-25T10:09:40.811Z
N02620,Harbor Pointe,2025-06-18,Staffing,Low,Unexpected resignations affected operations,Coordinate with property manager,2026-06-25T10:09:16.280Z,2026-06-25T10:09:40.811Z
N02626,Harbor Pointe,2025-04-30,Staffing,High,Route coverage reduced due to labor constraints,Coordinate with property manager,2026-06-25T10:09:16.280Z,2026-06-25T10:09:40.811Z
N02671,Sunset Ridge,2025-01-21,Gate Access,Critical,Leasing office did not answer for gate code reset,Schedule preventive maintenance,2026-06-25T10:09:16.280Z,2026-06-25T10:09:40.811Z
N02679,Sunset Ridge,2025-01-05,Property Management,High,Access restrictions increased service complexity,Assign backup collection crew,2026-06-25T10:09:16.280Z,2026-06-25T10:09:40.811Z
N02689,Harbor Pointe,2025-02-25,Staffing,Low,Insufficient weekend staffing caused backlog,Monitor performance for next 7 days,2026-06-25T10:09:16.280Z,2026-06-25T10:09:40.811Z
N02704,Cedar Park,2025-03-01,Property Management,High,Property renovation disrupted normal collection process,Schedule preventive maintenance,2026-06-25T10:09:16.280Z,2026-06-25T10:09:40.811Z
N02748,Green Oaks,2025-01-31,Vehicle,Medium,Transmission issue impacted route completion,Review route optimization plan,2026-06-25T10:09:16.280Z,2026-06-25T10:09:40.811Z
N02781,Birchwood Commons,2025-04-24,Gate Access,Low,Community gate remained locked during scheduled pickup window,Schedule preventive maintenance,2026-06-25T10:09:16.280Z,2026-06-25T10:09:40.811Z
N02784,Harbor Pointe,2025-05-18,Staffing,High,"Collector called in sick, route covered late",Escalate issue to regional manager,2026-06-25T10:09:16.280Z,2026-06-25T10:09:40.811Z
N02803,Willow Creek,2025-05-23,Vehicle,Low,Brake system inspection delayed deployment,Assign backup collection crew,2026-06-25T10:09:16.280Z,2026-06-25T10:09:40.811Z
N02804,Harbor Pointe,2025-06-19,Vehicle,Critical,Fuel system malfunction impacted collection operations,Conduct resident awareness campaign,2026-06-25T10:09:16.280Z,2026-06-25T10:09:40.811Z
N02811,Sunset Ridge,2025-01-25,Property Management,Medium,Management requested additional pickup support,Conduct resident awareness campaign,2026-06-25T10:09:16.280Z,2026-06-25T10:09:40.811Z
N02814,Sunset Ridge,2025-06-27,Resident Behavior,High,Bins not placed at doorstep for scheduled pickup,Conduct resident awareness campaign,2026-06-25T10:09:16.280Z,2026-06-25T10:09:40.811Z
N02817,Lakeview Terrace,2025-02-05,Resident Behavior,Critical,Overflowing bins required additional collection effort,Schedule preventive maintenance,2026-06-25T10:09:16.280Z,2026-06-25T10:09:40.811Z
N02832,Sunset Ridge,2025-01-03,Gate Access,Medium,Service entrance blocked by maintenance activity,Perform operational audit,2026-06-25T10:09:16.280Z,2026-06-25T10:09:40.811Z
N02864,Lakeview Terrace,2025-06-09,Route Planning,Low,Peak-hour traffic increased collection duration,Review route optimization plan,2026-06-25T10:09:16.280Z,2026-06-25T10:09:40.811Z
N02887,Birchwood Commons,2025-06-24,Resident Behavior,High,Resident complaints were concentrated in specific buildings,Perform operational audit,2026-06-25T10:09:16.280Z,2026-06-25T10:09:40.811Z
N02896,Birchwood Commons,2025-02-13,Gate Access,High,Restricted access due to special community event,Escalate issue to regional manager,2026-06-25T10:09:16.280Z,2026-06-25T10:09:40.811Z
N02904,Green Oaks,2025-02-28,Route Planning,High,Route redesign recommended to improve performance,Review route optimization plan,2026-06-25T10:09:16.280Z,2026-06-25T10:09:40.811Z
N02917,Willow Creek,2025-01-11,Staffing,Critical,Staff shortage on route caused missed pickups,Escalate issue to regional manager,2026-06-25T10:09:16.280Z,2026-06-25T10:09:40.811Z
N02925,Lakeview Terrace,2025-05-15,Route Planning,High,High-density properties created route bottlenecks,Schedule preventive maintenance,2026-06-25T10:09:16.280Z,2026-06-25T10:09:40.811Z
N02936,Lakeview Terrace,2025-03-17,Resident Behavior,Low,Residents requested unscheduled pickups,Conduct resident awareness campaign,2026-06-25T10:09:16.280Z,2026-06-25T10:09:40.811Z
N02948,Maple Court,2025-04-08,Vehicle,High,Fleet availability issues caused route reassignment,Monitor performance for next 7 days,2026-06-25T10:09:16.280Z,2026-06-25T10:09:40.811Z
N02959,Birchwood Commons,2025-01-10,Gate Access,Low,Incorrect gate code provided by property management,Escalate issue to regional manager,2026-06-25T10:09:16.280Z,2026-06-25T10:09:40.811Z
N02968,Birchwood Commons,2025-01-01,Resident Behavior,Critical,Resident participation declined during holiday period,Update access credentials,2026-06-25T10:09:16.280Z,2026-06-25T10:09:40.811Z
N02974,Green Oaks,2025-06-23,Vehicle,Medium,Transmission issue impacted route completion,Increase staffing coverage,2026-06-25T10:09:16.280Z,2026-06-25T10:09:40.811Z
N02984,Harbor Pointe,2025-01-21,Vehicle,Low,Replacement vehicle arrived later than expected,Perform operational audit,2026-06-25T10:09:16.280Z,2026-06-25T10:09:40.811Z
N02991,Sunset Ridge,2025-03-19,Property Management,High,Manager reported recurring service concerns,Coordinate with property manager,2026-06-25T10:09:16.280Z,2026-06-25T10:09:40.811Z
N02014,Birchwood Commons,2025-04-06,Gate Access,Critical,Community gate remained locked during scheduled pickup window,Monitor performance for next 7 days,2026-06-25T10:09:16.280Z,2026-06-25T10:09:40.811Z
N02036,Harbor Pointe,2025-05-09,Weather,Critical,Severe weather reduced operational efficiency,Monitor performance for next 7 days,2026-06-25T10:09:16.280Z,2026-06-25T10:09:40.811Z
N02043,Willow Creek,2025-04-24,Staffing,Low,Staff reassignment impacted scheduled routes,Assign backup collection crew,2026-06-25T10:09:16.280Z,2026-06-25T10:09:40.811Z
N02044,Cedar Park,2025-06-08,Route Planning,High,Peak-hour traffic increased collection duration,Conduct resident awareness campaign,2026-06-25T10:09:16.280Z,2026-06-25T10:09:40.811Z
N02056,Willow Creek,2025-01-14,Vehicle,Medium,Flat tire caused service delays across multiple properties,Increase staffing coverage,2026-06-25T10:09:16.280Z,2026-06-25T10:09:40.811Z
N02062,Sunset Ridge,2025-04-21,Gate Access,Critical,Multiple access attempts required before entry was granted,Perform operational audit,2026-06-25T10:09:16.280Z,2026-06-25T10:09:40.811Z
N02064,Cedar Park,2025-05-11,Property Management,Medium,Maintenance work restricted access to collection areas,Update access credentials,2026-06-25T10:09:16.280Z,2026-06-25T10:09:40.811Z
N02085,Green Oaks,2025-04-17,Vehicle,Medium,Fleet availability issues caused route reassignment,Update access credentials,2026-06-25T10:09:16.280Z,2026-06-25T10:09:40.811Z
N02086,Birchwood Commons,2025-03-12,Property Management,High,Building access procedures updated without notice,Review route optimization plan,2026-06-25T10:09:16.280Z,2026-06-25T10:09:40.811Z
N02094,Lakeview Terrace,2025-02-22,Resident Behavior,High,Collection instructions were frequently ignored,Conduct resident awareness campaign,2026-06-25T10:09:16.280Z,2026-06-25T10:09:40.811Z
N02101,Cedar Park,2025-03-19,Property Management,Low,Management requested additional pickup support,Review route optimization plan,2026-06-25T10:09:16.280Z,2026-06-25T10:09:40.811Z
N02132,Maple Court,2025-05-28,Vehicle,Critical,Battery failure delayed route departure,Coordinate with property manager,2026-06-25T10:09:16.280Z,2026-06-25T10:09:40.811Z
N02156,Harbor Pointe,2025-05-08,Weather,High,Extreme temperatures slowed collection activities,Escalate issue to regional manager,2026-06-25T10:09:16.280Z,2026-06-25T10:09:40.811Z
N02161,Sunset Ridge,2025-01-17,Resident Behavior,Critical,Improperly secured waste created operational issues,Schedule preventive maintenance,2026-06-25T10:09:16.280Z,2026-06-25T10:09:40.811Z
N02162,Birchwood Commons,2025-01-14,Resident Behavior,Critical,Improper waste disposal created collection challenges,Conduct resident awareness campaign,2026-06-25T10:09:16.280Z,2026-06-25T10:09:40.811Z
N02195,Cedar Park,2025-03-07,Staffing,Low,High employee turnover affected route consistency,Monitor performance for next 7 days,2026-06-25T10:09:16.280Z,2026-06-25T10:09:40.811Z
N02200,Cedar Park,2025-03-03,Staffing,Low,"Collector called in sick, route covered late",Schedule preventive maintenance,2026-06-25T10:09:16.280Z,2026-06-25T10:09:40.811Z
N02229,Cedar Park,2025-06-02,Route Planning,Low,GPS routing error caused missed service locations,Escalate issue to regional manager,2026-06-25T10:09:16.280Z,2026-06-25T10:09:40.811Z
N02254,Maple Court,2025-01-10,Vehicle,Low,Fleet shortage increased route workloads,Update access credentials,2026-06-25T10:09:16.280Z,2026-06-25T10:09:40.811Z
N02256,Sunset Ridge,2025-04-23,Property Management,High,Property inspection activities disrupted collections,Schedule preventive maintenance,2026-06-25T10:09:16.280Z,2026-06-25T10:09:40.811Z
N02259,Sunset Ridge,2025-05-06,Resident Behavior,High,Resident complaints were concentrated in specific buildings,Monitor performance for next 7 days,2026-06-25T10:09:16.280Z,2026-06-25T10:09:40.811Z
N02265,Cedar Park,2025-05-05,Route Planning,Low,Route balancing adjustments improved service coverage,Schedule preventive maintenance,2026-06-25T10:09:16.280Z,2026-06-25T10:09:40.811Z
N02279,Maple Court,2025-01-16,Route Planning,High,Route balancing adjustments improved service coverage,Increase staffing coverage,2026-06-25T10:09:16.280Z,2026-06-25T10:09:40.811Z
N02282,Cedar Park,2025-03-09,Route Planning,High,Route handoff between teams caused delays,Assign backup collection crew,2026-06-25T10:09:16.280Z,2026-06-25T10:09:40.811Z
N02284,Lakeview Terrace,2025-06-22,Resident Behavior,Critical,Bins not placed at doorstep for scheduled pickup,Increase staffing coverage,2026-06-25T10:09:16.280Z,2026-06-25T10:09:40.811Z
N02311,Birchwood Commons,2025-02-16,Property Management,Medium,Management communication delay affected operations,Escalate issue to regional manager,2026-06-25T10:09:16.280Z,2026-06-25T10:09:40.811Z
N02351,Maple Court,2025-04-19,Vehicle,Low,Collection vehicle required mid-route maintenance stop,Conduct resident awareness campaign,2026-06-25T10:09:16.280Z,2026-06-25T10:09:40.811Z
N02353,Green Oaks,2025-03-29,Staffing,High,Unexpected resignations affected operations,Increase staffing coverage,2026-06-25T10:09:16.280Z,2026-06-25T10:09:40.811Z
N02362,Lakeview Terrace,2025-01-31,Resident Behavior,Medium,Repeated policy violations impacted service quality,Escalate issue to regional manager,2026-06-25T10:09:16.280Z,2026-06-25T10:09:40.811Z
N02365,Lakeview Terrace,2025-05-09,Route Planning,Critical,Route handoff between teams caused delays,Increase staffing coverage,2026-06-25T10:09:16.280Z,2026-06-25T10:09:40.811Z
N02370,Lakeview Terrace,2025-03-12,Resident Behavior,Critical,Residents failed to follow waste segregation guidelines,Review route optimization plan,2026-06-25T10:09:16.280Z,2026-06-25T10:09:40.811Z
N02388,Maple Court,2025-06-24,Vehicle,Critical,Brake system inspection delayed deployment,Perform operational audit,2026-06-25T10:09:16.280Z,2026-06-25T10:09:40.811Z
N02392,Sunset Ridge,2025-01-26,Gate Access,High,Restricted access due to special community event,Update access credentials,2026-06-25T10:09:16.280Z,2026-06-25T10:09:40.811Z
N02398,Birchwood Commons,2025-03-11,Gate Access,Critical,Gate access restrictions caused delay on route,Update access credentials,2026-06-25T10:09:16.280Z,2026-06-25T10:09:40.811Z
N02434,Lakeview Terrace,2025-04-20,Resident Behavior,Medium,Unauthorized items were left for collection,Conduct resident awareness campaign,2026-06-25T10:09:16.280Z,2026-06-25T10:09:40.811Z
N02451,Willow Creek,2025-06-26,Gate Access,Medium,Visitor access restrictions delayed collection process,Increase staffing coverage,2026-06-25T10:09:16.280Z,2026-06-25T10:09:40.811Z
N02458,Cedar Park,2025-04-05,Property Management,High,Property policy changes affected service delivery,Assign backup collection crew,2026-06-25T10:09:16.280Z,2026-06-25T10:09:40.811Z
N02476,Maple Court,2025-04-23,Weather,High,Wet conditions reduced collection speed,Perform operational audit,2026-06-25T10:09:16.280Z,2026-06-25T10:09:40.811Z
N02479,Maple Court,2025-03-30,Route Planning,High,Navigation issue delayed route completion,Perform operational audit,2026-06-25T10:09:16.280Z,2026-06-25T10:09:40.811Z
N02482,Green Oaks,2025-06-02,Route Planning,Low,Inefficient route sequencing reduced productivity,Schedule preventive maintenance,2026-06-25T10:09:16.280Z,2026-06-25T10:09:40.811Z
N02484,Harbor Pointe,2025-01-05,Staffing,Medium,"Collector called in sick, route covered late",Escalate issue to regional manager,2026-06-25T10:09:16.280Z,2026-06-25T10:09:40.811Z
N02507,Birchwood Commons,2025-01-08,Resident Behavior,High,Resident left bin blocked by parked vehicle,Conduct resident awareness campaign,2026-06-25T10:09:16.280Z,2026-06-25T10:09:40.811Z
N02538,Willow Creek,2025-05-14,Vehicle,Low,Collection vehicle required mid-route maintenance stop,Update access credentials,2026-06-25T10:09:16.280Z,2026-06-25T10:09:40.811Z
N02590,Maple Court,2025-04-12,Vehicle,High,Engine overheating forced temporary route suspension,Review route optimization plan,2026-06-25T10:09:16.280Z,2026-06-25T10:09:40.811Z
N02605,Sunset Ridge,2025-06-11,Resident Behavior,Critical,Collection instructions were frequently ignored,Schedule preventive maintenance,2026-06-25T10:09:16.280Z,2026-06-25T10:09:40.811Z
N02623,Lakeview Terrace,2025-03-28,Resident Behavior,High,Resident complaints were concentrated in specific buildings,Assign backup collection crew,2026-06-25T10:09:16.280Z,2026-06-25T10:09:40.811Z
N02659,Sunset Ridge,2025-03-13,Gate Access,Medium,Community access policy changes were not communicated,Assign backup collection crew,2026-06-25T10:09:16.280Z,2026-06-25T10:09:40.811Z
N02682,Green Oaks,2025-06-05,Staffing,Critical,Temporary workers required additional supervision,Update access credentials,2026-06-25T10:09:16.280Z,2026-06-25T10:09:40.811Z
N02696,Birchwood Commons,2025-01-11,Resident Behavior,Critical,Bins not placed at doorstep for scheduled pickup,Schedule preventive maintenance,2026-06-25T10:09:16.280Z,2026-06-25T10:09:40.811Z
N02702,Sunset Ridge,2025-04-30,Gate Access,Medium,New security protocol delayed collector access,Escalate issue to regional manager,2026-06-25T10:09:16.280Z,2026-06-25T10:09:40.811Z
N02714,Sunset Ridge,2025-06-20,Gate Access,Low,Security denied entry due to outdated access credentials,Review route optimization plan,2026-06-25T10:09:16.280Z,2026-06-25T10:09:40.811Z
N02725,Sunset Ridge,2025-01-21,Gate Access,High,Incorrect gate code provided by property management,Update access credentials,2026-06-25T10:09:16.280Z,2026-06-25T10:09:40.811Z
N02739,Harbor Pointe,2025-02-22,Vehicle,Low,Battery failure delayed route departure,Conduct resident awareness campaign,2026-06-25T10:09:16.280Z,2026-06-25T10:09:40.811Z
N02747,Lakeview Terrace,2025-03-08,Resident Behavior,High,Residents requested unscheduled pickups,Coordinate with property manager,2026-06-25T10:09:16.280Z,2026-06-25T10:09:40.811Z
N02749,Harbor Pointe,2025-04-02,Staffing,High,Staff shortage on route caused missed pickups,Coordinate with property manager,2026-06-25T10:09:16.280Z,2026-06-25T10:09:40.811Z
N02758,Sunset Ridge,2025-06-20,Resident Behavior,Medium,Residents placed bins outside designated collection hours,Escalate issue to regional manager,2026-06-25T10:09:16.280Z,2026-06-25T10:09:40.811Z
N02770,Maple Court,2025-03-27,Weather,Medium,Lightning risk delayed evening collections,Conduct resident awareness campaign,2026-06-25T10:09:16.280Z,2026-06-25T10:09:40.811Z
N02793,Sunset Ridge,2025-04-22,Resident Behavior,Critical,Late bin placement caused missed pickups,Update access credentials,2026-06-25T10:09:16.280Z,2026-06-25T10:09:40.811Z
N02841,Cedar Park,2025-04-05,Route Planning,Low,Service area expansion affected route timing,Monitor performance for next 7 days,2026-06-25T10:09:16.280Z,2026-06-25T10:09:40.811Z
N02850,Willow Creek,2025-01-16,Vehicle,Critical,Maintenance backlog reduced fleet readiness,Update access credentials,2026-06-25T10:09:16.280Z,2026-06-25T10:09:40.811Z
N02860,Birchwood Commons,2025-04-03,Resident Behavior,Critical,Collection instructions were frequently ignored,Update access credentials,2026-06-25T10:09:16.280Z,2026-06-25T10:09:40.811Z
N02866,Cedar Park,2025-04-14,Route Planning,Low,GPS routing error caused missed service locations,Escalate issue to regional manager,2026-06-25T10:09:16.280Z,2026-06-25T10:09:40.811Z
N02893,Harbor Pointe,2025-05-14,Staffing,Medium,Insufficient weekend staffing caused backlog,Assign backup collection crew,2026-06-25T10:09:16.280Z,2026-06-25T10:09:40.811Z
N02898,Green Oaks,2025-04-24,Route Planning,Medium,Property clustering analysis suggested optimization opportunities,Assign backup collection crew,2026-06-25T10:09:16.280Z,2026-06-25T10:09:40.811Z
N02900,Harbor Pointe,2025-04-10,Staffing,Critical,Insufficient weekend staffing caused backlog,Conduct resident awareness campaign,2026-06-25T10:09:16.280Z,2026-06-25T10:09:40.811Z
N02905,Birchwood Commons,2025-01-25,Property Management,Medium,Operational changes were not communicated in advance,Conduct resident awareness campaign,2026-06-25T10:09:16.280Z,2026-06-25T10:09:40.811Z
N02911,Sunset Ridge,2025-03-13,Gate Access,Medium,Restricted access due to special community event,Update access credentials,2026-06-25T10:09:16.280Z,2026-06-25T10:09:40.811Z
N02915,Willow Creek,2025-06-02,Vehicle,Critical,Battery failure delayed route departure,Assign backup collection crew,2026-06-25T10:09:16.280Z,2026-06-25T10:09:40.811Z
N02926,Birchwood Commons,2025-04-16,Gate Access,Medium,Community gate remained locked during scheduled pickup window,Conduct resident awareness campaign,2026-06-25T10:09:16.280Z,2026-06-25T10:09:40.811Z
N02929,Lakeview Terrace,2025-03-29,Resident Behavior,Medium,Collection instructions were frequently ignored,Increase staffing coverage,2026-06-25T10:09:16.280Z,2026-06-25T10:09:40.811Z
N02951,Birchwood Commons,2025-06-20,Property Management,High,Maintenance work restricted access to collection areas,Review route optimization plan,2026-06-25T10:09:16.280Z,2026-06-25T10:09:40.811Z
N02954,Maple Court,2025-01-28,Vehicle,High,Truck mechanical issue delayed entire route schedule,Increase staffing coverage,2026-06-25T10:09:16.280Z,2026-06-25T10:09:40.811Z
N02958,Birchwood Commons,2025-01-25,Property Management,Low,Management requested route modifications,Conduct resident awareness campaign,2026-06-25T10:09:16.280Z,2026-06-25T10:09:40.811Z
N02988,Lakeview Terrace,2025-05-19,Resident Behavior,Critical,Improper waste disposal created collection challenges,Coordinate with property manager,2026-06-25T10:09:16.280Z,2026-06-25T10:09:40.811Z
N02002,Lakeview Terrace,2025-03-10,Weather,Medium,Ice accumulation restricted vehicle movement,Escalate issue to regional manager,2026-06-25T10:09:16.280Z,2026-06-25T10:09:40.811Z
N02067,Willow Creek,2025-01-04,Staffing,Medium,Recruitment delays limited route coverage,Assign backup collection crew,2026-06-25T10:09:16.280Z,2026-06-25T10:09:40.811Z
N02087,Harbor Pointe,2025-06-08,Staffing,Medium,"Collector called in sick, route covered late",Monitor performance for next 7 days,2026-06-25T10:09:16.280Z,2026-06-25T10:09:40.811Z
N02091,Willow Creek,2025-03-20,Gate Access,High,Entry denied due to missing vendor registration,Perform operational audit,2026-06-25T10:09:16.280Z,2026-06-25T10:09:40.811Z
N02098,Cedar Park,2025-05-24,Route Planning,Low,Property clustering analysis suggested optimization opportunities,Perform operational audit,2026-06-25T10:09:16.280Z,2026-06-25T10:09:40.811Z
N02099,Green Oaks,2025-06-23,Staffing,Low,Peak demand exceeded available workforce capacity,Escalate issue to regional manager,2026-06-25T10:09:16.280Z,2026-06-25T10:09:40.811Z
N02150,Cedar Park,2025-01-06,Route Planning,Low,Peak-hour traffic increased collection duration,Increase staffing coverage,2026-06-25T10:09:16.280Z,2026-06-25T10:09:40.811Z
N02174,Willow Creek,2025-04-24,Vehicle,High,Unexpected maintenance increased route completion time,Increase staffing coverage,2026-06-25T10:09:16.280Z,2026-06-25T10:09:40.811Z
N02180,Sunset Ridge,2025-03-23,Property Management,Critical,Property upgrades impacted collection logistics,Perform operational audit,2026-06-25T10:09:16.280Z,2026-06-25T10:09:40.811Z
N02196,Cedar Park,2025-04-15,Property Management,Medium,Operational changes were not communicated in advance,Coordinate with property manager,2026-06-25T10:09:16.280Z,2026-06-25T10:09:40.811Z
N02206,Harbor Pointe,2025-03-19,Weather,Medium,High winds created safety concerns for collectors,Escalate issue to regional manager,2026-06-25T10:09:16.280Z,2026-06-25T10:09:40.811Z
N02228,Sunset Ridge,2025-03-14,Gate Access,Medium,Access card failed to unlock service entrance,Conduct resident awareness campaign,2026-06-25T10:09:16.280Z,2026-06-25T10:09:40.811Z
N02250,Green Oaks,2025-03-24,Route Planning,Medium,Route optimization issue increased travel time,Escalate issue to regional manager,2026-06-25T10:09:16.280Z,2026-06-25T10:09:40.811Z
N02313,Sunset Ridge,2025-06-30,Gate Access,High,Manual gate operation caused route delays,Monitor performance for next 7 days,2026-06-25T10:09:16.280Z,2026-06-25T10:09:40.811Z
N02347,Birchwood Commons,2025-03-21,Property Management,Low,Management requested additional pickup support,Assign backup collection crew,2026-06-25T10:09:16.280Z,2026-06-25T10:09:40.811Z
N02366,Maple Court,2025-05-01,Route Planning,Low,Route capacity exceeded planned workload,Schedule preventive maintenance,2026-06-25T10:09:16.280Z,2026-06-25T10:09:40.811Z
N02375,Birchwood Commons,2025-03-20,Property Management,High,Property policy changes affected service delivery,Increase staffing coverage,2026-06-25T10:09:16.280Z,2026-06-25T10:09:40.811Z
N02376,Willow Creek,2025-01-11,Staffing,Critical,High employee turnover affected route consistency,Assign backup collection crew,2026-06-25T10:09:16.280Z,2026-06-25T10:09:40.811Z
N02383,Willow Creek,2025-01-17,Gate Access,Low,Property manager unavailable to provide updated gate code,Schedule preventive maintenance,2026-06-25T10:09:16.280Z,2026-06-25T10:09:40.811Z
N02413,Birchwood Commons,2025-06-03,Gate Access,Low,Service entrance blocked by maintenance activity,Perform operational audit,2026-06-25T10:09:16.280Z,2026-06-25T10:09:40.811Z
N02417,Maple Court,2025-02-26,Vehicle,Critical,Collection vehicle required mid-route maintenance stop,Perform operational audit,2026-06-25T10:09:16.280Z,2026-06-25T10:09:40.811Z
N02420,Willow Creek,2025-01-10,Vehicle,Medium,Vehicle servicing overlapped with scheduled collections,Escalate issue to regional manager,2026-06-25T10:09:16.280Z,2026-06-25T10:09:40.811Z
N02425,Maple Court,2025-06-01,Weather,Critical,Weather disruptions impacted multiple communities,Coordinate with property manager,2026-06-25T10:09:16.280Z,2026-06-25T10:09:40.811Z
N02469,Lakeview Terrace,2025-04-07,Weather,High,Unexpected storm activity required schedule changes,Review route optimization plan,2026-06-25T10:09:16.280Z,2026-06-25T10:09:40.811Z
N02521,Cedar Park,2025-05-05,Route Planning,Medium,Navigation issue delayed route completion,Perform operational audit,2026-06-25T10:09:16.280Z,2026-06-25T10:09:40.811Z
N02529,Maple Court,2025-06-07,Route Planning,Critical,GPS routing error caused missed service locations,Escalate issue to regional manager,2026-06-25T10:09:16.280Z,2026-06-25T10:09:40.811Z
N02533,Birchwood Commons,2025-04-26,Gate Access,Low,Service entrance blocked by maintenance activity,Assign backup collection crew,2026-06-25T10:09:16.280Z,2026-06-25T10:09:40.811Z
N02541,Cedar Park,2025-05-29,Staffing,Medium,High employee turnover affected route consistency,Escalate issue to regional manager,2026-06-25T10:09:16.280Z,2026-06-25T10:09:40.811Z
N02550,Lakeview Terrace,2025-02-14,Resident Behavior,Low,Bins not placed at doorstep for scheduled pickup,Conduct resident awareness campaign,2026-06-25T10:09:16.280Z,2026-06-25T10:09:40.811Z
N02557,Lakeview Terrace,2025-03-19,Weather,Low,High winds created safety concerns for collectors,Perform operational audit,2026-06-25T10:09:16.280Z,2026-06-25T10:09:40.811Z
N02569,Cedar Park,2025-01-08,Property Management,Critical,Management communication delay affected operations,Assign backup collection crew,2026-06-25T10:09:16.280Z,2026-06-25T10:09:40.811Z
N02587,Willow Creek,2025-03-05,Staffing,High,Unexpected resignations affected operations,Assign backup collection crew,2026-06-25T10:09:16.280Z,2026-06-25T10:09:40.811Z
N02615,Birchwood Commons,2025-03-04,Property Management,Low,Property upgrades impacted collection logistics,Update access credentials,2026-06-25T10:09:16.280Z,2026-06-25T10:09:40.811Z
N02628,Willow Creek,2025-02-17,Staffing,High,Peak demand exceeded available workforce capacity,Assign backup collection crew,2026-06-25T10:09:16.280Z,2026-06-25T10:09:40.811Z
N02631,Willow Creek,2025-06-09,Gate Access,High,Entry denied due to missing vendor registration,Escalate issue to regional manager,2026-06-25T10:09:16.280Z,2026-06-25T10:09:40.811Z
N02633,Maple Court,2025-04-03,Route Planning,Critical,Construction activity blocked primary collection route,Schedule preventive maintenance,2026-06-25T10:09:16.280Z,2026-06-25T10:09:40.811Z
N02639,Willow Creek,2025-03-10,Gate Access,High,Access card failed to unlock service entrance,Escalate issue to regional manager,2026-06-25T10:09:16.280Z,2026-06-25T10:09:40.811Z
N02645,Maple Court,2025-06-09,Vehicle,Critical,Battery failure delayed route departure,Schedule preventive maintenance,2026-06-25T10:09:16.280Z,2026-06-25T10:09:40.811Z
N02650,Cedar Park,2025-03-11,Property Management,Low,Property upgrades impacted collection logistics,Assign backup collection crew,2026-06-25T10:09:16.280Z,2026-06-25T10:09:40.811Z
N02715,Green Oaks,2025-04-24,Vehicle,High,Emergency repair interrupted collection schedule,Review route optimization plan,2026-06-25T10:09:16.280Z,2026-06-25T10:09:40.811Z
N02718,Green Oaks,2025-01-20,Vehicle,Low,Transmission issue impacted route completion,Update access credentials,2026-06-25T10:09:16.280Z,2026-06-25T10:09:40.811Z
N02722,Harbor Pointe,2025-01-16,Staffing,Medium,High employee turnover affected route consistency,Coordinate with property manager,2026-06-25T10:09:16.280Z,2026-06-25T10:09:40.811Z
N02727,Willow Creek,2025-05-27,Vehicle,High,Vehicle inspection identified safety concerns before dispatch,Coordinate with property manager,2026-06-25T10:09:16.280Z,2026-06-25T10:09:40.811Z
N02730,Birchwood Commons,2025-01-30,Resident Behavior,High,Excess waste volume exceeded expected capacity,Update access credentials,2026-06-25T10:09:16.280Z,2026-06-25T10:09:40.811Z
N02761,Harbor Pointe,2025-01-25,Vehicle,Low,Truck mechanical issue delayed entire route schedule,Schedule preventive maintenance,2026-06-25T10:09:16.280Z,2026-06-25T10:09:40.811Z
N02796,Lakeview Terrace,2025-05-28,Resident Behavior,High,Bins not placed at doorstep for scheduled pickup,Monitor performance for next 7 days,2026-06-25T10:09:16.280Z,2026-06-25T10:09:40.811Z
N02840,Willow Creek,2025-05-29,Gate Access,Medium,Security denied entry due to outdated access credentials,Coordinate with property manager,2026-06-25T10:09:16.280Z,2026-06-25T10:09:40.811Z
N02857,Willow Creek,2025-04-25,Vehicle,Low,Collection vehicle required mid-route maintenance stop,Increase staffing coverage,2026-06-25T10:09:16.280Z,2026-06-25T10:09:40.811Z
N02873,Green Oaks,2025-01-02,Route Planning,Medium,High-density properties created route bottlenecks,Escalate issue to regional manager,2026-06-25T10:09:16.280Z,2026-06-25T10:09:40.811Z
N02879,Harbor Pointe,2025-03-15,Staffing,Critical,Staff shortage on route caused missed pickups,Assign backup collection crew,2026-06-25T10:09:16.280Z,2026-06-25T10:09:40.811Z
N02883,Sunset Ridge,2025-05-19,Gate Access,High,Driver could not access community - gate code expired,Assign backup collection crew,2026-06-25T10:09:16.280Z,2026-06-25T10:09:40.811Z
N02885,Maple Court,2025-01-25,Weather,Critical,Snow removal activities blocked service access,Conduct resident awareness campaign,2026-06-25T10:09:16.280Z,2026-06-25T10:09:40.811Z
N02902,Maple Court,2025-02-05,Vehicle,High,Fleet availability issues caused route reassignment,Conduct resident awareness campaign,2026-06-25T10:09:16.280Z,2026-06-25T10:09:40.811Z
N02935,Lakeview Terrace,2025-05-04,Weather,Low,Weather disruptions impacted multiple communities,Perform operational audit,2026-06-25T10:09:16.280Z,2026-06-25T10:09:40.811Z
N02950,Green Oaks,2025-06-23,Route Planning,Critical,High-density properties created route bottlenecks,Monitor performance for next 7 days,2026-06-25T10:09:16.280Z,2026-06-25T10:09:40.811Z
N02957,Maple Court,2025-05-27,Vehicle,High,Maintenance backlog reduced fleet readiness,Conduct resident awareness campaign,2026-06-25T10:09:16.280Z,2026-06-25T10:09:40.811Z
N02961,Maple Court,2025-03-26,Weather,Low,Extreme temperatures slowed collection activities,Perform operational audit,2026-06-25T10:09:16.280Z,2026-06-25T10:09:40.811Z
N02978,Sunset Ridge,2025-02-17,Gate Access,Low,Community access policy changes were not communicated,Update access credentials,2026-06-25T10:09:16.280Z,2026-06-25T10:09:40.811Z
N02981,Maple Court,2025-02-17,Weather,High,Severe weather reduced operational efficiency,Monitor performance for next 7 days,2026-06-25T10:09:16.280Z,2026-06-25T10:09:40.811Z
N02986,Willow Creek,2025-06-16,Gate Access,High,Temporary gate malfunction prevented collector entry,Assign backup collection crew,2026-06-25T10:09:16.280Z,2026-06-25T10:09:40.811Z
N02993,Harbor Pointe,2025-05-09,Weather,Medium,Unexpected storm activity required schedule changes,Assign backup collection crew,2026-06-25T10:09:16.280Z,2026-06-25T10:09:40.811Z
N02006,Maple Court,2025-03-09,Weather,Critical,Emergency weather response delayed operations,Escalate issue to regional manager,2026-06-25T10:09:16.280Z,2026-06-25T10:09:40.811Z
N02038,Sunset Ridge,2025-06-14,Gate Access,Critical,Multiple access attempts required before entry was granted,Conduct resident awareness campaign,2026-06-25T10:09:16.280Z,2026-06-25T10:09:40.811Z
N02097,Lakeview Terrace,2025-03-29,Weather,Critical,Weather advisory required route modification,Review route optimization plan,2026-06-25T10:09:16.280Z,2026-06-25T10:09:40.811Z
N02118,Maple Court,2025-05-09,Route Planning,Critical,Traffic congestion delayed collections across multiple properties,Update access credentials,2026-06-25T10:09:16.280Z,2026-06-25T10:09:40.811Z
N02147,Willow Creek,2025-01-11,Gate Access,Critical,Gate access restrictions caused delay on route,Coordinate with property manager,2026-06-25T10:09:16.280Z,2026-06-25T10:09:40.811Z
N02160,Cedar Park,2025-06-28,Property Management,Low,Coordination challenges delayed operational response,Coordinate with property manager,2026-06-25T10:09:16.280Z,2026-06-25T10:09:40.811Z
N02181,Birchwood Commons,2025-03-14,Resident Behavior,Critical,Late bin placement caused missed pickups,Conduct resident awareness campaign,2026-06-25T10:09:16.280Z,2026-06-25T10:09:40.811Z
N02212,Maple Court,2025-05-30,Weather,Low,Weather advisory required route modification,Coordinate with property manager,2026-06-25T10:09:16.280Z,2026-06-25T10:09:40.811Z
N02224,Willow Creek,2025-06-25,Vehicle,Critical,Hydraulic lift malfunction slowed operations,Perform operational audit,2026-06-25T10:09:16.280Z,2026-06-25T10:09:40.811Z
N02239,Sunset Ridge,2025-02-15,Resident Behavior,High,Collection bins were inaccessible during service window,Increase staffing coverage,2026-06-25T10:09:16.280Z,2026-06-25T10:09:40.811Z
N02292,Birchwood Commons,2025-06-14,Property Management,Low,Building access procedures updated without notice,Escalate issue to regional manager,2026-06-25T10:09:16.280Z,2026-06-25T10:09:40.811Z
N02305,Birchwood Commons,2025-06-04,Property Management,High,Management escalation required operational review,Assign backup collection crew,2026-06-25T10:09:16.280Z,2026-06-25T10:09:40.811Z
N02316,Maple Court,2025-05-02,Route Planning,High,Peak-hour traffic increased collection duration,Update access credentials,2026-06-25T10:09:16.280Z,2026-06-25T10:09:40.811Z
N02320,Willow Creek,2025-03-12,Staffing,Low,Peak demand exceeded available workforce capacity,Increase staffing coverage,2026-06-25T10:09:16.280Z,2026-06-25T10:09:40.811Z
N02326,Lakeview Terrace,2025-05-30,Resident Behavior,Critical,Residents failed to follow waste segregation guidelines,Monitor performance for next 7 days,2026-06-25T10:09:16.280Z,2026-06-25T10:09:40.811Z
N02332,Cedar Park,2025-01-15,Route Planning,High,Peak-hour traffic increased collection duration,Increase staffing coverage,2026-06-25T10:09:16.280Z,2026-06-25T10:09:40.811Z
N02339,Lakeview Terrace,2025-01-17,Route Planning,High,Operational review identified route inefficiencies,Schedule preventive maintenance,2026-06-25T10:09:16.280Z,2026-06-25T10:09:40.811Z
N02345,Willow Creek,2025-03-18,Vehicle,Low,Vehicle breakdown impacted collections on route,Monitor performance for next 7 days,2026-06-25T10:09:16.280Z,2026-06-25T10:09:40.811Z
N02349,Harbor Pointe,2025-06-04,Weather,High,Emergency weather response delayed operations,Increase staffing coverage,2026-06-25T10:09:16.280Z,2026-06-25T10:09:40.811Z
N02356,Sunset Ridge,2025-05-18,Property Management,Low,Coordination challenges delayed operational response,Conduct resident awareness campaign,2026-06-25T10:09:16.280Z,2026-06-25T10:09:40.811Z
N02368,Maple Court,2025-06-07,Vehicle,High,Transmission issue impacted route completion,Assign backup collection crew,2026-06-25T10:09:16.280Z,2026-06-25T10:09:40.811Z
N02397,Cedar Park,2025-04-03,Property Management,High,Property management requested schedule adjustment,Review route optimization plan,2026-06-25T10:09:16.280Z,2026-06-25T10:09:40.811Z
N02410,Cedar Park,2025-03-05,Property Management,Low,Service expectations reviewed with property leadership,Increase staffing coverage,2026-06-25T10:09:16.280Z,2026-06-25T10:09:40.811Z
N02421,Cedar Park,2025-03-06,Staffing,Critical,Recruitment delays limited route coverage,Review route optimization plan,2026-06-25T10:09:16.280Z,2026-06-25T10:09:40.811Z
N02424,Harbor Pointe,2025-03-04,Weather,Medium,Weather-related road closures impacted routes,Conduct resident awareness campaign,2026-06-25T10:09:16.280Z,2026-06-25T10:09:40.811Z
N02443,Lakeview Terrace,2025-02-04,Resident Behavior,Low,Improper waste disposal created collection challenges,Monitor performance for next 7 days,2026-06-25T10:09:16.280Z,2026-06-25T10:09:40.811Z
N02450,Cedar Park,2025-01-26,Property Management,Medium,Property management requested schedule adjustment,Conduct resident awareness campaign,2026-06-25T10:09:16.280Z,2026-06-25T10:09:40.811Z
N02483,Birchwood Commons,2025-01-20,Gate Access,Critical,Delayed authorization from security personnel,Escalate issue to regional manager,2026-06-25T10:09:16.280Z,2026-06-25T10:09:40.811Z
N02543,Maple Court,2025-04-22,Weather,High,Snow removal activities blocked service access,Review route optimization plan,2026-06-25T10:09:16.280Z,2026-06-25T10:09:40.811Z
N02558,Lakeview Terrace,2025-01-07,Weather,Critical,Adverse weather increased average completion times,Monitor performance for next 7 days,2026-06-25T10:09:16.280Z,2026-06-25T10:09:40.811Z
N02560,Green Oaks,2025-03-09,Vehicle,Critical,Vehicle inspection identified safety concerns before dispatch,Assign backup collection crew,2026-06-25T10:09:16.280Z,2026-06-25T10:09:40.811Z
N02574,Green Oaks,2025-01-27,Route Planning,High,Operational review identified route inefficiencies,Assign backup collection crew,2026-06-25T10:09:16.280Z,2026-06-25T10:09:40.811Z
N02577,Lakeview Terrace,2025-01-19,Resident Behavior,Low,Excess waste volume exceeded expected capacity,Update access credentials,2026-06-25T10:09:16.280Z,2026-06-25T10:09:40.811Z
N02579,Birchwood Commons,2025-06-26,Property Management,High,Property staffing changes impacted coordination,Update access credentials,2026-06-25T10:09:16.280Z,2026-06-25T10:09:40.811Z
N02598,Harbor Pointe,2025-02-04,Staffing,Critical,Peak demand exceeded available workforce capacity,Increase staffing coverage,2026-06-25T10:09:16.280Z,2026-06-25T10:09:40.811Z
N02607,Harbor Pointe,2025-03-25,Vehicle,Medium,Emergency repair interrupted collection schedule,Perform operational audit,2026-06-25T10:09:16.280Z,2026-06-25T10:09:40.811Z
N02614,Maple Court,2025-03-29,Route Planning,High,Operational review identified route inefficiencies,Monitor performance for next 7 days,2026-06-25T10:09:16.280Z,2026-06-25T10:09:40.811Z
N02640,Cedar Park,2025-04-28,Route Planning,Medium,GPS routing error caused missed service locations,Assign backup collection crew,2026-06-25T10:09:16.280Z,2026-06-25T10:09:40.811Z
N02652,Birchwood Commons,2025-06-01,Resident Behavior,High,Excess waste volume exceeded expected capacity,Schedule preventive maintenance,2026-06-25T10:09:16.280Z,2026-06-25T10:09:40.811Z
N02710,Birchwood Commons,2025-03-27,Property Management,Low,Property staffing changes impacted coordination,Perform operational audit,2026-06-25T10:09:16.280Z,2026-06-25T10:09:40.811Z
N02711,Maple Court,2025-05-30,Route Planning,Medium,GPS routing error caused missed service locations,Coordinate with property manager,2026-06-25T10:09:16.280Z,2026-06-25T10:09:40.811Z
N02762,Green Oaks,2025-05-13,Staffing,Low,Insufficient staffing levels increased route completion time,Schedule preventive maintenance,2026-06-25T10:09:16.280Z,2026-06-25T10:09:40.811Z
N02778,Maple Court,2025-02-22,Vehicle,Critical,Engine overheating forced temporary route suspension,Coordinate with property manager,2026-06-25T10:09:16.280Z,2026-06-25T10:09:40.811Z
N02787,Harbor Pointe,2025-04-16,Vehicle,Medium,Emergency repair interrupted collection schedule,Perform operational audit,2026-06-25T10:09:16.280Z,2026-06-25T10:09:40.811Z
N02812,Sunset Ridge,2025-01-03,Gate Access,Medium,Multiple access attempts required before entry was granted,Assign backup collection crew,2026-06-25T10:09:16.280Z,2026-06-25T10:09:40.811Z
N02820,Sunset Ridge,2025-05-28,Resident Behavior,High,Missed communication led to resident dissatisfaction,Coordinate with property manager,2026-06-25T10:09:16.280Z,2026-06-25T10:09:40.811Z
N02853,Maple Court,2025-03-11,Weather,Low,Flooded access roads prevented route completion,Perform operational audit,2026-06-25T10:09:16.280Z,2026-06-25T10:09:40.811Z
N02859,Willow Creek,2025-01-22,Staffing,High,Insufficient weekend staffing caused backlog,Coordinate with property manager,2026-06-25T10:09:16.280Z,2026-06-25T10:09:40.811Z
N02877,Green Oaks,2025-05-10,Staffing,High,New collector unfamiliar with property layout,Conduct resident awareness campaign,2026-06-25T10:09:16.280Z,2026-06-25T10:09:40.811Z
N02878,Maple Court,2025-03-22,Weather,Critical,Ice accumulation restricted vehicle movement,Increase staffing coverage,2026-06-25T10:09:16.280Z,2026-06-25T10:09:40.811Z
N02907,Harbor Pointe,2025-04-08,Weather,Medium,Poor visibility affected route safety,Conduct resident awareness campaign,2026-06-25T10:09:16.280Z,2026-06-25T10:09:40.811Z
N02910,Maple Court,2025-06-27,Route Planning,Critical,Travel distance increased due to route modifications,Schedule preventive maintenance,2026-06-25T10:09:16.280Z,2026-06-25T10:09:40.811Z
N02916,Birchwood Commons,2025-05-06,Resident Behavior,High,Unauthorized items were left for collection,Assign backup collection crew,2026-06-25T10:09:16.280Z,2026-06-25T10:09:40.811Z
N02928,Green Oaks,2025-05-29,Route Planning,High,Route redesign recommended to improve performance,Update access credentials,2026-06-25T10:09:16.280Z,2026-06-25T10:09:40.811Z
N02942,Willow Creek,2025-03-05,Vehicle,Critical,Fuel system malfunction impacted collection operations,Coordinate with property manager,2026-06-25T10:09:16.280Z,2026-06-25T10:09:40.811Z
N02947,Willow Creek,2025-05-23,Gate Access,High,Manual gate operation caused route delays,Assign backup collection crew,2026-06-25T10:09:16.280Z,2026-06-25T10:09:40.811Z
N02952,Sunset Ridge,2025-05-30,Gate Access,Low,Gate intercom system malfunctioned during service hours,Review route optimization plan,2026-06-25T10:09:16.280Z,2026-06-25T10:09:40.811Z
N02955,Willow Creek,2025-02-06,Gate Access,Critical,Entry denied due to missing vendor registration,Assign backup collection crew,2026-06-25T10:09:16.280Z,2026-06-25T10:09:40.811Z
N02983,Harbor Pointe,2025-03-09,Vehicle,Critical,Transmission issue impacted route completion,Conduct resident awareness campaign,2026-06-25T10:09:16.280Z,2026-06-25T10:09:40.811Z
N02995,Lakeview Terrace,2025-01-17,Resident Behavior,Critical,Late bin placement caused missed pickups,Update access credentials,2026-06-25T10:09:16.280Z,2026-06-25T10:09:40.811Z
N02017,Green Oaks,2025-04-03,Vehicle,Medium,Vehicle servicing overlapped with scheduled collections,Review route optimization plan,2026-06-25T10:09:16.280Z,2026-06-25T10:09:40.811Z
N02024,Green Oaks,2025-04-16,Route Planning,High,Dynamic route adjustments improved service outcomes,Assign backup collection crew,2026-06-25T10:09:16.280Z,2026-06-25T10:09:40.811Z
N02040,Harbor Pointe,2025-02-04,Vehicle,Critical,Transmission issue impacted route completion,Perform operational audit,2026-06-25T10:09:16.280Z,2026-06-25T10:09:40.811Z
N02047,Sunset Ridge,2025-01-05,Gate Access,Medium,Incorrect gate code provided by property management,Schedule preventive maintenance,2026-06-25T10:09:16.280Z,2026-06-25T10:09:40.811Z
N02049,Maple Court,2025-04-10,Route Planning,Low,Scheduling overlap reduced operational efficiency,Increase staffing coverage,2026-06-25T10:09:16.280Z,2026-06-25T10:09:40.811Z
N02057,Birchwood Commons,2025-06-10,Resident Behavior,Critical,Resident complaints increased after route schedule change,Coordinate with property manager,2026-06-25T10:09:16.280Z,2026-06-25T10:09:40.811Z
N02095,Willow Creek,2025-04-09,Vehicle,Low,Maintenance backlog reduced fleet readiness,Monitor performance for next 7 days,2026-06-25T10:09:16.280Z,2026-06-25T10:09:40.811Z
N02111,Maple Court,2025-02-15,Route Planning,Medium,Route capacity exceeded planned workload,Perform operational audit,2026-06-25T10:09:16.280Z,2026-06-25T10:09:40.811Z
N02114,Maple Court,2025-02-15,Route Planning,Critical,Route handoff between teams caused delays,Monitor performance for next 7 days,2026-06-25T10:09:16.280Z,2026-06-25T10:09:40.811Z
N02121,Lakeview Terrace,2025-06-10,Resident Behavior,Critical,Resident complaints increased after route schedule change,Monitor performance for next 7 days,2026-06-25T10:09:16.280Z,2026-06-25T10:09:40.811Z
N02130,Lakeview Terrace,2025-03-05,Route Planning,Medium,High-density properties created route bottlenecks,Update access credentials,2026-06-25T10:09:16.280Z,2026-06-25T10:09:40.811Z
N02152,Sunset Ridge,2025-03-26,Resident Behavior,Critical,Resident complaints increased after route schedule change,Schedule preventive maintenance,2026-06-25T10:09:16.280Z,2026-06-25T10:09:40.811Z
N02168,Birchwood Commons,2025-05-20,Resident Behavior,Low,Resident participation declined during holiday period,Schedule preventive maintenance,2026-06-25T10:09:16.280Z,2026-06-25T10:09:40.811Z
N02241,Sunset Ridge,2025-06-28,Property Management,Critical,Property management requested schedule adjustment,Escalate issue to regional manager,2026-06-25T10:09:16.280Z,2026-06-25T10:09:40.811Z
N02257,Lakeview Terrace,2025-04-02,Resident Behavior,High,Missed communication led to resident dissatisfaction,Schedule preventive maintenance,2026-06-25T10:09:16.280Z,2026-06-25T10:09:40.811Z
N02261,Lakeview Terrace,2025-05-09,Weather,High,Lightning risk delayed evening collections,Perform operational audit,2026-06-25T10:09:16.280Z,2026-06-25T10:09:40.811Z
N02269,Lakeview Terrace,2025-05-30,Route Planning,High,Route optimization issue increased travel time,Coordinate with property manager,2026-06-25T10:09:16.280Z,2026-06-25T10:09:40.811Z
N02274,Willow Creek,2025-05-04,Gate Access,Medium,Entry denied due to missing vendor registration,Increase staffing coverage,2026-06-25T10:09:16.280Z,2026-06-25T10:09:40.811Z
N02307,Willow Creek,2025-02-12,Gate Access,Medium,Temporary gate malfunction prevented collector entry,Review route optimization plan,2026-06-25T10:09:16.280Z,2026-06-25T10:09:40.811Z
N02308,Lakeview Terrace,2025-05-13,Resident Behavior,High,Improperly secured waste created operational issues,Coordinate with property manager,2026-06-25T10:09:16.280Z,2026-06-25T10:09:40.811Z
N02317,Harbor Pointe,2025-04-16,Weather,Medium,Unexpected storm activity required schedule changes,Update access credentials,2026-06-25T10:09:16.280Z,2026-06-25T10:09:40.811Z
N02329,Lakeview Terrace,2025-05-14,Weather,Critical,Severe heat affected workforce productivity,Update access credentials,2026-06-25T10:09:16.280Z,2026-06-25T10:09:40.811Z
N02342,Willow Creek,2025-06-11,Vehicle,High,Engine overheating forced temporary route suspension,Coordinate with property manager,2026-06-25T10:09:16.280Z,2026-06-25T10:09:40.811Z
N02367,Green Oaks,2025-03-02,Vehicle,High,Replacement vehicle arrived later than expected,Conduct resident awareness campaign,2026-06-25T10:09:16.280Z,2026-06-25T10:09:40.811Z
N02384,Green Oaks,2025-02-16,Route Planning,Critical,Operational review identified route inefficiencies,Assign backup collection crew,2026-06-25T10:09:16.280Z,2026-06-25T10:09:40.811Z
N02393,Green Oaks,2025-05-27,Vehicle,Medium,Battery failure delayed route departure,Assign backup collection crew,2026-06-25T10:09:16.280Z,2026-06-25T10:09:40.811Z
N02406,Willow Creek,2025-06-29,Vehicle,Low,Emergency repair interrupted collection schedule,Schedule preventive maintenance,2026-06-25T10:09:16.280Z,2026-06-25T10:09:40.811Z
N02407,Harbor Pointe,2025-02-13,Staffing,Critical,Unexpected resignations affected operations,Review route optimization plan,2026-06-25T10:09:16.280Z,2026-06-25T10:09:40.811Z
N02414,Birchwood Commons,2025-02-14,Gate Access,Medium,Security denied entry due to outdated access credentials,Monitor performance for next 7 days,2026-06-25T10:09:16.280Z,2026-06-25T10:09:40.811Z
N02429,Cedar Park,2025-03-23,Route Planning,Low,Inefficient route sequencing reduced productivity,Update access credentials,2026-06-25T10:09:16.280Z,2026-06-25T10:09:40.811Z
N02436,Cedar Park,2025-05-22,Property Management,Critical,Manager reported recurring service concerns,Monitor performance for next 7 days,2026-06-25T10:09:16.280Z,2026-06-25T10:09:40.811Z
N02437,Green Oaks,2025-01-17,Vehicle,Low,Vehicle servicing overlapped with scheduled collections,Update access credentials,2026-06-25T10:09:16.280Z,2026-06-25T10:09:40.811Z
N02445,Green Oaks,2025-04-01,Staffing,Critical,Unexpected employee absence impacted daily operations,Escalate issue to regional manager,2026-06-25T10:09:16.280Z,2026-06-25T10:09:40.811Z
N02490,Green Oaks,2025-06-25,Vehicle,High,Fleet shortage increased route workloads,Increase staffing coverage,2026-06-25T10:09:16.280Z,2026-06-25T10:09:40.811Z
N02534,Maple Court,2025-01-07,Vehicle,High,Vehicle inspection identified safety concerns before dispatch,Conduct resident awareness campaign,2026-06-25T10:09:16.280Z,2026-06-25T10:09:40.811Z
N02561,Sunset Ridge,2025-04-13,Gate Access,Critical,Driver could not access community - gate code expired,Coordinate with property manager,2026-06-25T10:09:16.280Z,2026-06-25T10:09:40.811Z
N02563,Green Oaks,2025-04-22,Staffing,Medium,Insufficient staffing levels increased route completion time,Schedule preventive maintenance,2026-06-25T10:09:16.280Z,2026-06-25T10:09:40.811Z
N02575,Sunset Ridge,2025-04-19,Gate Access,Critical,Access credentials expired unexpectedly,Conduct resident awareness campaign,2026-06-25T10:09:16.280Z,2026-06-25T10:09:40.811Z
N02584,Cedar Park,2025-04-28,Property Management,Critical,Property upgrades impacted collection logistics,Increase staffing coverage,2026-06-25T10:09:16.280Z,2026-06-25T10:09:40.811Z
N02589,Maple Court,2025-04-19,Vehicle,Critical,Unexpected maintenance increased route completion time,Monitor performance for next 7 days,2026-06-25T10:09:16.280Z,2026-06-25T10:09:40.811Z
N02601,Harbor Pointe,2025-06-10,Weather,Low,Regional weather event affected service levels,Monitor performance for next 7 days,2026-06-25T10:09:16.280Z,2026-06-25T10:09:40.811Z
N02610,Harbor Pointe,2025-06-27,Staffing,Medium,Insufficient weekend staffing caused backlog,Escalate issue to regional manager,2026-06-25T10:09:16.280Z,2026-06-25T10:09:40.811Z
N02649,Maple Court,2025-04-13,Vehicle,High,Brake system inspection delayed deployment,Increase staffing coverage,2026-06-25T10:09:16.280Z,2026-06-25T10:09:40.811Z
N02655,Lakeview Terrace,2025-05-21,Route Planning,Low,Inefficient route sequencing reduced productivity,Increase staffing coverage,2026-06-25T10:09:16.280Z,2026-06-25T10:09:40.811Z
N02665,Sunset Ridge,2025-02-09,Property Management,Critical,Property policy changes affected service delivery,Schedule preventive maintenance,2026-06-25T10:09:16.280Z,2026-06-25T10:09:40.811Z
N02677,Harbor Pointe,2025-02-23,Vehicle,Critical,Maintenance backlog reduced fleet readiness,Coordinate with property manager,2026-06-25T10:09:16.280Z,2026-06-25T10:09:40.811Z
N02684,Maple Court,2025-02-08,Route Planning,High,Inefficient route sequencing reduced productivity,Escalate issue to regional manager,2026-06-25T10:09:16.280Z,2026-06-25T10:09:40.811Z
N02688,Lakeview Terrace,2025-03-28,Weather,Low,Snow removal activities blocked service access,Coordinate with property manager,2026-06-25T10:09:16.280Z,2026-06-25T10:09:40.811Z
N02692,Lakeview Terrace,2025-01-07,Route Planning,High,Route balancing adjustments improved service coverage,Conduct resident awareness campaign,2026-06-25T10:09:16.280Z,2026-06-25T10:09:40.811Z
N02731,Lakeview Terrace,2025-06-15,Route Planning,Low,Unexpected road closure required route diversion,Perform operational audit,2026-06-25T10:09:16.280Z,2026-06-25T10:09:40.811Z
N02744,Birchwood Commons,2025-02-12,Resident Behavior,Medium,Overflowing bins required additional collection effort,Monitor performance for next 7 days,2026-06-25T10:09:16.280Z,2026-06-25T10:09:40.811Z
N02766,Harbor Pointe,2025-05-22,Staffing,Low,"Collector called in sick, route covered late",Conduct resident awareness campaign,2026-06-25T10:09:16.280Z,2026-06-25T10:09:40.811Z
N02779,Maple Court,2025-01-26,Route Planning,Critical,Route handoff between teams caused delays,Review route optimization plan,2026-06-25T10:09:16.280Z,2026-06-25T10:09:40.811Z
N02789,Lakeview Terrace,2025-02-15,Resident Behavior,Medium,Resident left bin blocked by parked vehicle,Schedule preventive maintenance,2026-06-25T10:09:16.280Z,2026-06-25T10:09:40.811Z
N02872,Willow Creek,2025-04-28,Staffing,Low,Reduced workforce availability impacted service quality,Monitor performance for next 7 days,2026-06-25T10:09:16.280Z,2026-06-25T10:09:40.811Z
N02874,Birchwood Commons,2025-03-01,Gate Access,Critical,Entry denied due to missing vendor registration,Escalate issue to regional manager,2026-06-25T10:09:16.280Z,2026-06-25T10:09:40.811Z
N02890,Lakeview Terrace,2025-02-15,Route Planning,Medium,Property clustering analysis suggested optimization opportunities,Update access credentials,2026-06-25T10:09:16.280Z,2026-06-25T10:09:40.811Z
N02899,Birchwood Commons,2025-05-30,Gate Access,High,Service entrance blocked by maintenance activity,Escalate issue to regional manager,2026-06-25T10:09:16.280Z,2026-06-25T10:09:40.811Z
N02920,Maple Court,2025-03-04,Vehicle,Medium,Fleet shortage increased route workloads,Coordinate with property manager,2026-06-25T10:09:16.280Z,2026-06-25T10:09:40.811Z
N02927,Birchwood Commons,2025-06-01,Property Management,Medium,Management communication delay affected operations,Conduct resident awareness campaign,2026-06-25T10:09:16.280Z,2026-06-25T10:09:40.811Z
N02938,Cedar Park,2025-01-15,Staffing,Medium,Multiple employee absences occurred simultaneously,Assign backup collection crew,2026-06-25T10:09:16.280Z,2026-06-25T10:09:40.811Z
N02956,Green Oaks,2025-03-25,Route Planning,Critical,Property clustering analysis suggested optimization opportunities,Update access credentials,2026-06-25T10:09:16.280Z,2026-06-25T10:09:40.811Z
N02994,Green Oaks,2025-01-04,Vehicle,Low,Unexpected maintenance increased route completion time,Increase staffing coverage,2026-06-25T10:09:16.280Z,2026-06-25T10:09:40.811Z
N02999,Harbor Pointe,2025-04-18,Staffing,Low,Training requirements delayed assignment of replacement collector,Increase staffing coverage,2026-06-25T10:09:16.280Z,2026-06-25T10:09:40.811Z
N02021,Maple Court,2025-05-04,Vehicle,Low,Fleet shortage increased route workloads,Schedule preventive maintenance,2026-06-25T10:09:16.280Z,2026-06-25T10:09:40.811Z
N02022,Cedar Park,2025-06-09,Property Management,Low,Service expectations reviewed with property leadership,Monitor performance for next 7 days,2026-06-25T10:09:16.280Z,2026-06-25T10:09:40.811Z
N02025,Birchwood Commons,2025-04-14,Property Management,High,Operational feedback meeting identified improvement areas,Update access credentials,2026-06-25T10:09:16.280Z,2026-06-25T10:09:40.811Z
N02065,Sunset Ridge,2025-01-06,Resident Behavior,Low,Missed communication led to resident dissatisfaction,Schedule preventive maintenance,2026-06-25T10:09:16.280Z,2026-06-25T10:09:40.811Z
N02070,Green Oaks,2025-03-17,Route Planning,High,Scheduling overlap reduced operational efficiency,Increase staffing coverage,2026-06-25T10:09:16.280Z,2026-06-25T10:09:40.811Z
N02076,Lakeview Terrace,2025-04-04,Weather,Medium,High winds created safety concerns for collectors,Schedule preventive maintenance,2026-06-25T10:09:16.280Z,2026-06-25T10:09:40.811Z
N02081,Sunset Ridge,2025-03-08,Property Management,Medium,Property policy changes affected service delivery,Escalate issue to regional manager,2026-06-25T10:09:16.280Z,2026-06-25T10:09:40.811Z
N02082,Willow Creek,2025-02-10,Gate Access,Medium,Gate access restrictions caused delay on route,Conduct resident awareness campaign,2026-06-25T10:09:16.280Z,2026-06-25T10:09:40.811Z
N02112,Green Oaks,2025-04-08,Staffing,Critical,Recruitment delays limited route coverage,Escalate issue to regional manager,2026-06-25T10:09:16.280Z,2026-06-25T10:09:40.811Z
N02134,Lakeview Terrace,2025-01-18,Route Planning,Low,Operational review identified route inefficiencies,Assign backup collection crew,2026-06-25T10:09:16.280Z,2026-06-25T10:09:40.811Z
N02135,Lakeview Terrace,2025-04-16,Weather,Medium,Unexpected storm activity required schedule changes,Coordinate with property manager,2026-06-25T10:09:16.280Z,2026-06-25T10:09:40.811Z
N02136,Sunset Ridge,2025-01-24,Property Management,High,Management requested route modifications,Perform operational audit,2026-06-25T10:09:16.280Z,2026-06-25T10:09:40.811Z
N02140,Sunset Ridge,2025-04-30,Property Management,Low,Property inspection activities disrupted collections,Increase staffing coverage,2026-06-25T10:09:16.280Z,2026-06-25T10:09:40.811Z
N02213,Birchwood Commons,2025-06-13,Gate Access,Medium,Property manager unavailable to provide updated gate code,Increase staffing coverage,2026-06-25T10:09:16.280Z,2026-06-25T10:09:40.811Z
N02220,Green Oaks,2025-04-27,Vehicle,Medium,Vehicle inspection identified safety concerns before dispatch,Increase staffing coverage,2026-06-25T10:09:16.280Z,2026-06-25T10:09:40.811Z
N02227,Cedar Park,2025-03-15,Route Planning,High,Dynamic route adjustments improved service outcomes,Schedule preventive maintenance,2026-06-25T10:09:16.280Z,2026-06-25T10:09:40.811Z
N02236,Harbor Pointe,2025-05-03,Staffing,Medium,Unexpected employee absence impacted daily operations,Schedule preventive maintenance,2026-06-25T10:09:16.280Z,2026-06-25T10:09:40.811Z
N02297,Sunset Ridge,2025-06-28,Gate Access,Low,Access card failed to unlock service entrance,Conduct resident awareness campaign,2026-06-25T10:09:16.280Z,2026-06-25T10:09:40.811Z
N02300,Sunset Ridge,2025-05-27,Resident Behavior,High,Resident complaints were concentrated in specific buildings,Conduct resident awareness campaign,2026-06-25T10:09:16.280Z,2026-06-25T10:09:40.811Z
N02302,Birchwood Commons,2025-04-05,Resident Behavior,Critical,Excess waste volume exceeded expected capacity,Schedule preventive maintenance,2026-06-25T10:09:16.280Z,2026-06-25T10:09:40.811Z
N02371,Maple Court,2025-06-20,Route Planning,Low,Scheduling overlap reduced operational efficiency,Conduct resident awareness campaign,2026-06-25T10:09:16.280Z,2026-06-25T10:09:40.811Z
N02396,Birchwood Commons,2025-03-19,Property Management,Critical,Operational changes were not communicated in advance,Escalate issue to regional manager,2026-06-25T10:09:16.280Z,2026-06-25T10:09:40.811Z
N02402,Maple Court,2025-01-27,Route Planning,Medium,Dynamic route adjustments improved service outcomes,Schedule preventive maintenance,2026-06-25T10:09:16.280Z,2026-06-25T10:09:40.811Z
N02422,Lakeview Terrace,2025-05-19,Weather,High,Snow removal activities blocked service access,Coordinate with property manager,2026-06-25T10:09:16.280Z,2026-06-25T10:09:40.811Z
N02431,Maple Court,2025-04-03,Route Planning,Medium,Inefficient property sequencing impacted schedule adherence,Conduct resident awareness campaign,2026-06-25T10:09:16.280Z,2026-06-25T10:09:40.811Z
N02453,Harbor Pointe,2025-02-07,Staffing,Low,Temporary workers required additional supervision,Update access credentials,2026-06-25T10:09:16.280Z,2026-06-25T10:09:40.811Z
N02457,Willow Creek,2025-02-04,Staffing,Low,Unexpected employee absence impacted daily operations,Update access credentials,2026-06-25T10:09:16.280Z,2026-06-25T10:09:40.811Z
N02511,Willow Creek,2025-01-11,Gate Access,Critical,Multiple access attempts required before entry was granted,Increase staffing coverage,2026-06-25T10:09:16.280Z,2026-06-25T10:09:40.811Z
N02531,Green Oaks,2025-03-24,Route Planning,Low,Travel distance increased due to route modifications,Escalate issue to regional manager,2026-06-25T10:09:16.280Z,2026-06-25T10:09:40.811Z
N02553,Harbor Pointe,2025-04-11,Staffing,Low,Resource allocation issue affected collection schedule,Escalate issue to regional manager,2026-06-25T10:09:16.280Z,2026-06-25T10:09:40.811Z
N02564,Sunset Ridge,2025-04-13,Gate Access,Medium,Access credentials expired unexpectedly,Conduct resident awareness campaign,2026-06-25T10:09:16.280Z,2026-06-25T10:09:40.811Z
N02565,Lakeview Terrace,2025-03-16,Resident Behavior,Low,Residents failed to follow waste segregation guidelines,Update access credentials,2026-06-25T10:09:16.280Z,2026-06-25T10:09:40.811Z
N02580,Lakeview Terrace,2025-03-14,Weather,Medium,Poor visibility affected route safety,Increase staffing coverage,2026-06-25T10:09:16.280Z,2026-06-25T10:09:40.811Z
N02602,Sunset Ridge,2025-04-27,Property Management,Critical,Property renovation disrupted normal collection process,Perform operational audit,2026-06-25T10:09:16.280Z,2026-06-25T10:09:40.811Z
N02616,Willow Creek,2025-02-28,Gate Access,Critical,Temporary gate malfunction prevented collector entry,Monitor performance for next 7 days,2026-06-25T10:09:16.280Z,2026-06-25T10:09:40.811Z
N02621,Birchwood Commons,2025-01-24,Gate Access,High,Service entrance blocked by maintenance activity,Escalate issue to regional manager,2026-06-25T10:09:16.280Z,2026-06-25T10:09:40.811Z
N02674,Harbor Pointe,2025-03-10,Staffing,Critical,Insufficient weekend staffing caused backlog,Update access credentials,2026-06-25T10:09:16.280Z,2026-06-25T10:09:40.811Z
N02680,Maple Court,2025-04-07,Route Planning,Medium,Construction activity blocked primary collection route,Conduct resident awareness campaign,2026-06-25T10:09:16.280Z,2026-06-25T10:09:40.811Z
N02681,Green Oaks,2025-03-27,Staffing,Low,Reduced workforce availability impacted service quality,Update access credentials,2026-06-25T10:09:16.280Z,2026-06-25T10:09:40.811Z
N02691,Cedar Park,2025-04-30,Staffing,Medium,"Collector called in sick, route covered late",Escalate issue to regional manager,2026-06-25T10:09:16.280Z,2026-06-25T10:09:40.811Z
N02697,Willow Creek,2025-06-18,Vehicle,Low,Brake system inspection delayed deployment,Monitor performance for next 7 days,2026-06-25T10:09:16.280Z,2026-06-25T10:09:40.811Z
N02713,Sunset Ridge,2025-05-21,Property Management,Critical,Property leadership requested service enhancement review,Escalate issue to regional manager,2026-06-25T10:09:16.280Z,2026-06-25T10:09:40.811Z
N02717,Cedar Park,2025-01-04,Staffing,High,Multiple employee absences occurred simultaneously,Assign backup collection crew,2026-06-25T10:09:16.280Z,2026-06-25T10:09:40.811Z
N02721,Maple Court,2025-05-07,Route Planning,High,Navigation issue delayed route completion,Coordinate with property manager,2026-06-25T10:09:16.280Z,2026-06-25T10:09:40.811Z
N02756,Birchwood Commons,2025-03-29,Resident Behavior,Low,Unauthorized items were left for collection,Review route optimization plan,2026-06-25T10:09:16.280Z,2026-06-25T10:09:40.811Z
N02760,Lakeview Terrace,2025-02-07,Route Planning,Medium,Route balancing adjustments improved service coverage,Monitor performance for next 7 days,2026-06-25T10:09:16.280Z,2026-06-25T10:09:40.811Z
N02776,Lakeview Terrace,2025-03-23,Route Planning,Critical,Dynamic route adjustments improved service outcomes,Update access credentials,2026-06-25T10:09:16.280Z,2026-06-25T10:09:40.811Z
N02786,Harbor Pointe,2025-06-10,Staffing,Critical,Shift scheduling conflict resulted in delayed collections,Review route optimization plan,2026-06-25T10:09:16.280Z,2026-06-25T10:09:40.811Z
N02795,Harbor Pointe,2025-03-01,Staffing,Low,Route coverage reduced due to labor constraints,Coordinate with property manager,2026-06-25T10:09:16.280Z,2026-06-25T10:09:40.811Z
N02816,Birchwood Commons,2025-01-15,Property Management,Medium,Maintenance work restricted access to collection areas,Conduct resident awareness campaign,2026-06-25T10:09:16.280Z,2026-06-25T10:09:40.811Z
N02826,Sunset Ridge,2025-04-24,Property Management,Low,Management communication delay affected operations,Increase staffing coverage,2026-06-25T10:09:16.280Z,2026-06-25T10:09:40.811Z
N02828,Sunset Ridge,2025-03-04,Resident Behavior,Medium,Residents requested unscheduled pickups,Conduct resident awareness campaign,2026-06-25T10:09:16.280Z,2026-06-25T10:09:40.811Z
N02845,Birchwood Commons,2025-01-30,Gate Access,Low,Leasing office did not answer for gate code reset,Increase staffing coverage,2026-06-25T10:09:16.280Z,2026-06-25T10:09:40.811Z
N02884,Harbor Pointe,2025-01-15,Vehicle,Critical,Emergency repair interrupted collection schedule,Escalate issue to regional manager,2026-06-25T10:09:16.280Z,2026-06-25T10:09:40.811Z
N02888,Maple Court,2025-03-17,Route Planning,Critical,High-density properties created route bottlenecks,Update access credentials,2026-06-25T10:09:16.280Z,2026-06-25T10:09:40.811Z
N02940,Maple Court,2025-06-02,Route Planning,Low,Route optimization issue increased travel time,Perform operational audit,2026-06-25T10:09:16.280Z,2026-06-25T10:09:40.811Z
N02945,Cedar Park,2025-03-26,Staffing,Medium,Reduced workforce availability impacted service quality,Escalate issue to regional manager,2026-06-25T10:09:16.280Z,2026-06-25T10:09:40.811Z
N02966,Green Oaks,2025-04-25,Staffing,High,High employee turnover affected route consistency,Conduct resident awareness campaign,2026-06-25T10:09:16.280Z,2026-06-25T10:09:40.811Z
N02977,Maple Court,2025-04-04,Route Planning,Critical,Service area expansion affected route timing,Coordinate with property manager,2026-06-25T10:09:16.280Z,2026-06-25T10:09:40.811Z
N02016,Lakeview Terrace,2025-02-04,Weather,Medium,Adverse weather increased average completion times,Conduct resident awareness campaign,2026-06-25T10:09:16.280Z,2026-06-25T10:09:40.811Z
N02048,Cedar Park,2025-02-19,Property Management,Low,Property leadership requested service enhancement review,Update access credentials,2026-06-25T10:09:16.280Z,2026-06-25T10:09:40.811Z
N02090,Harbor Pointe,2025-03-07,Staffing,High,Resource allocation issue affected collection schedule,Review route optimization plan,2026-06-25T10:09:16.280Z,2026-06-25T10:09:40.811Z
N02186,Birchwood Commons,2025-01-19,Gate Access,High,Manual gate operation caused route delays,Increase staffing coverage,2026-06-25T10:09:16.280Z,2026-06-25T10:09:40.811Z
N02189,Maple Court,2025-02-14,Route Planning,High,Route optimization issue increased travel time,Increase staffing coverage,2026-06-25T10:09:16.280Z,2026-06-25T10:09:40.811Z
N02205,Maple Court,2025-02-05,Weather,Critical,Ice accumulation restricted vehicle movement,Conduct resident awareness campaign,2026-06-25T10:09:16.280Z,2026-06-25T10:09:40.811Z
N02221,Birchwood Commons,2025-04-26,Gate Access,High,Multiple access attempts required before entry was granted,Coordinate with property manager,2026-06-25T10:09:16.280Z,2026-06-25T10:09:40.811Z
N02226,Green Oaks,2025-06-18,Route Planning,Critical,Construction activity blocked primary collection route,Coordinate with property manager,2026-06-25T10:09:16.280Z,2026-06-25T10:09:40.811Z
N02231,Cedar Park,2025-03-16,Staffing,Low,Multiple employee absences occurred simultaneously,Coordinate with property manager,2026-06-25T10:09:16.280Z,2026-06-25T10:09:40.811Z
N02249,Green Oaks,2025-06-27,Vehicle,Critical,Replacement vehicle arrived later than expected,Coordinate with property manager,2026-06-25T10:09:16.280Z,2026-06-25T10:09:40.811Z
N02255,Willow Creek,2025-02-23,Vehicle,Critical,Maintenance backlog reduced fleet readiness,Perform operational audit,2026-06-25T10:09:16.280Z,2026-06-25T10:09:40.811Z
N02267,Lakeview Terrace,2025-01-31,Weather,Critical,Storm conditions resulted in temporary service suspension,Review route optimization plan,2026-06-25T10:09:16.280Z,2026-06-25T10:09:40.811Z
N02281,Sunset Ridge,2025-05-02,Property Management,Low,Maintenance work restricted access to collection areas,Conduct resident awareness campaign,2026-06-25T10:09:16.280Z,2026-06-25T10:09:40.811Z
N02310,Cedar Park,2025-03-08,Staffing,High,Insufficient staffing levels increased route completion time,Schedule preventive maintenance,2026-06-25T10:09:16.280Z,2026-06-25T10:09:40.811Z
N02315,Birchwood Commons,2025-06-09,Gate Access,Critical,Community gate remained locked during scheduled pickup window,Update access credentials,2026-06-25T10:09:16.280Z,2026-06-25T10:09:40.811Z
N02333,Lakeview Terrace,2025-05-03,Resident Behavior,Low,Repeated policy violations impacted service quality,Escalate issue to regional manager,2026-06-25T10:09:16.280Z,2026-06-25T10:09:40.811Z
N02386,Lakeview Terrace,2025-02-16,Weather,Medium,Weather advisory required route modification,Review route optimization plan,2026-06-25T10:09:16.280Z,2026-06-25T10:09:40.811Z
N02395,Green Oaks,2025-05-13,Route Planning,Low,Route capacity exceeded planned workload,Coordinate with property manager,2026-06-25T10:09:16.280Z,2026-06-25T10:09:40.811Z
N02423,Green Oaks,2025-06-08,Route Planning,Medium,High-density properties created route bottlenecks,Perform operational audit,2026-06-25T10:09:16.280Z,2026-06-25T10:09:40.811Z
N02460,Lakeview Terrace,2025-05-26,Weather,High,Poor visibility affected route safety,Review route optimization plan,2026-06-25T10:09:16.280Z,2026-06-25T10:09:40.811Z
N02471,Birchwood Commons,2025-04-15,Resident Behavior,Critical,Resident education on waste procedures was recommended,Escalate issue to regional manager,2026-06-25T10:09:16.280Z,2026-06-25T10:09:40.811Z
N02502,Lakeview Terrace,2025-02-18,Resident Behavior,Critical,Excess waste volume exceeded expected capacity,Coordinate with property manager,2026-06-25T10:09:16.280Z,2026-06-25T10:09:40.811Z
N02527,Cedar Park,2025-03-15,Property Management,Medium,Access restrictions increased service complexity,Monitor performance for next 7 days,2026-06-25T10:09:16.280Z,2026-06-25T10:09:40.811Z
N02530,Lakeview Terrace,2025-03-15,Route Planning,Medium,Route redesign recommended to improve performance,Review route optimization plan,2026-06-25T10:09:16.280Z,2026-06-25T10:09:40.811Z
N02540,Lakeview Terrace,2025-06-09,Route Planning,Critical,Peak-hour traffic increased collection duration,Monitor performance for next 7 days,2026-06-25T10:09:16.280Z,2026-06-25T10:09:40.811Z
N02547,Sunset Ridge,2025-03-04,Property Management,High,Property inspection activities disrupted collections,Monitor performance for next 7 days,2026-06-25T10:09:16.280Z,2026-06-25T10:09:40.811Z
N02549,Harbor Pointe,2025-02-08,Staffing,Low,Staff reassignment impacted scheduled routes,Update access credentials,2026-06-25T10:09:16.280Z,2026-06-25T10:09:40.811Z
N02555,Birchwood Commons,2025-06-09,Gate Access,High,Multiple access attempts required before entry was granted,Monitor performance for next 7 days,2026-06-25T10:09:16.280Z,2026-06-25T10:09:40.811Z
N02629,Cedar Park,2025-03-11,Staffing,Medium,Training requirements delayed assignment of replacement collector,Assign backup collection crew,2026-06-25T10:09:16.280Z,2026-06-25T10:09:40.811Z
N02660,Willow Creek,2025-02-15,Gate Access,Low,Incorrect gate code provided by property management,Schedule preventive maintenance,2026-06-25T10:09:16.280Z,2026-06-25T10:09:40.811Z
N02699,Green Oaks,2025-03-04,Staffing,High,Resource allocation issue affected collection schedule,Review route optimization plan,2026-06-25T10:09:16.280Z,2026-06-25T10:09:40.811Z
N02726,Birchwood Commons,2025-03-06,Resident Behavior,High,Missed communication led to resident dissatisfaction,Increase staffing coverage,2026-06-25T10:09:16.280Z,2026-06-25T10:09:40.811Z
N02765,Cedar Park,2025-01-11,Route Planning,Low,Traffic congestion delayed collections across multiple properties,Assign backup collection crew,2026-06-25T10:09:16.280Z,2026-06-25T10:09:40.811Z
N02785,Maple Court,2025-02-23,Vehicle,Critical,Maintenance backlog reduced fleet readiness,Increase staffing coverage,2026-06-25T10:09:16.280Z,2026-06-25T10:09:40.811Z
N02870,Lakeview Terrace,2025-03-14,Route Planning,Low,Unexpected road closure required route diversion,Perform operational audit,2026-06-25T10:09:16.280Z,2026-06-25T10:09:40.811Z
N02882,Maple Court,2025-06-08,Route Planning,High,Peak-hour traffic increased collection duration,Conduct resident awareness campaign,2026-06-25T10:09:16.280Z,2026-06-25T10:09:40.811Z
N02895,Willow Creek,2025-02-19,Gate Access,Low,Driver could not access community - gate code expired,Update access credentials,2026-06-25T10:09:16.280Z,2026-06-25T10:09:40.811Z
N02914,Cedar Park,2025-01-01,Property Management,Critical,Community event impacted collection schedule,Increase staffing coverage,2026-06-25T10:09:16.280Z,2026-06-25T10:09:40.811Z
N02918,Lakeview Terrace,2025-04-27,Resident Behavior,High,Resident education on waste procedures was recommended,Escalate issue to regional manager,2026-06-25T10:09:16.280Z,2026-06-25T10:09:40.811Z
N02931,Willow Creek,2025-01-20,Vehicle,Low,Replacement vehicle arrived later than expected,Monitor performance for next 7 days,2026-06-25T10:09:16.280Z,2026-06-25T10:09:40.811Z
N02941,Lakeview Terrace,2025-06-18,Resident Behavior,Medium,Improperly secured waste created operational issues,Schedule preventive maintenance,2026-06-25T10:09:16.280Z,2026-06-25T10:09:40.811Z
N02979,Sunset Ridge,2025-03-27,Gate Access,Critical,Property manager unavailable to provide updated gate code,Assign backup collection crew,2026-06-25T10:09:16.280Z,2026-06-25T10:09:40.811Z
N02010,Maple Court,2025-01-31,Weather,Critical,Wet conditions reduced collection speed,Monitor performance for next 7 days,2026-06-25T10:09:16.280Z,2026-06-25T10:09:40.811Z
N02019,Green Oaks,2025-02-16,Vehicle,Critical,Battery failure delayed route departure,Review route optimization plan,2026-06-25T10:09:16.280Z,2026-06-25T10:09:40.811Z
N02069,Maple Court,2025-04-03,Vehicle,High,Vehicle breakdown impacted collections on route,Coordinate with property manager,2026-06-25T10:09:16.280Z,2026-06-25T10:09:40.811Z
N02080,Sunset Ridge,2025-01-04,Property Management,High,Property policy changes affected service delivery,Monitor performance for next 7 days,2026-06-25T10:09:16.280Z,2026-06-25T10:09:40.811Z
N02083,Harbor Pointe,2025-02-24,Vehicle,High,Replacement vehicle arrived later than expected,Escalate issue to regional manager,2026-06-25T10:09:16.280Z,2026-06-25T10:09:40.811Z
N02116,Green Oaks,2025-02-02,Vehicle,Critical,Equipment failure reduced collection efficiency,Coordinate with property manager,2026-06-25T10:09:16.280Z,2026-06-25T10:09:40.811Z
N02117,Green Oaks,2025-06-20,Route Planning,Medium,Route optimization issue increased travel time,Increase staffing coverage,2026-06-25T10:09:16.280Z,2026-06-25T10:09:40.811Z
N02122,Maple Court,2025-05-13,Weather,High,Ice accumulation restricted vehicle movement,Conduct resident awareness campaign,2026-06-25T10:09:16.280Z,2026-06-25T10:09:40.811Z
N02143,Willow Creek,2025-05-31,Vehicle,Low,Unexpected maintenance increased route completion time,Escalate issue to regional manager,2026-06-25T10:09:16.280Z,2026-06-25T10:09:40.811Z
N02145,Maple Court,2025-02-08,Weather,Low,Severe heat affected workforce productivity,Conduct resident awareness campaign,2026-06-25T10:09:16.280Z,2026-06-25T10:09:40.811Z
N02173,Cedar Park,2025-06-27,Property Management,Critical,Property staffing changes impacted coordination,Monitor performance for next 7 days,2026-06-25T10:09:16.280Z,2026-06-25T10:09:40.811Z
N02179,Harbor Pointe,2025-05-17,Staffing,Critical,High employee turnover affected route consistency,Assign backup collection crew,2026-06-25T10:09:16.280Z,2026-06-25T10:09:40.811Z
N02185,Cedar Park,2025-05-05,Route Planning,Low,Service area expansion affected route timing,Monitor performance for next 7 days,2026-06-25T10:09:16.280Z,2026-06-25T10:09:40.811Z
N02208,Cedar Park,2025-06-13,Property Management,Low,Operational feedback meeting identified improvement areas,Review route optimization plan,2026-06-25T10:09:16.280Z,2026-06-25T10:09:40.811Z
N02215,Lakeview Terrace,2025-03-10,Weather,Critical,Wet conditions reduced collection speed,Coordinate with property manager,2026-06-25T10:09:16.280Z,2026-06-25T10:09:40.811Z
N02240,Maple Court,2025-02-16,Weather,High,Wet conditions reduced collection speed,Schedule preventive maintenance,2026-06-25T10:09:16.280Z,2026-06-25T10:09:40.811Z
N02245,Willow Creek,2025-04-27,Vehicle,Critical,Vehicle breakdown impacted collections on route,Conduct resident awareness campaign,2026-06-25T10:09:16.280Z,2026-06-25T10:09:40.811Z
N02248,Green Oaks,2025-02-10,Route Planning,Low,Route redesign recommended to improve performance,Monitor performance for next 7 days,2026-06-25T10:09:16.280Z,2026-06-25T10:09:40.811Z
N02253,Harbor Pointe,2025-06-06,Weather,Low,Regional weather event affected service levels,Escalate issue to regional manager,2026-06-25T10:09:16.280Z,2026-06-25T10:09:40.811Z
N02272,Birchwood Commons,2025-02-06,Gate Access,Low,Driver could not access community - gate code expired,Perform operational audit,2026-06-25T10:09:16.280Z,2026-06-25T10:09:40.811Z
N02286,Harbor Pointe,2025-03-29,Weather,Low,Storm conditions resulted in temporary service suspension,Escalate issue to regional manager,2026-06-25T10:09:16.280Z,2026-06-25T10:09:40.811Z
N02289,Harbor Pointe,2025-02-13,Vehicle,High,Fleet availability issues caused route reassignment,Perform operational audit,2026-06-25T10:09:16.280Z,2026-06-25T10:09:40.811Z
N02290,Birchwood Commons,2025-01-24,Resident Behavior,Low,Several residents reported confusion regarding pickup schedule,Conduct resident awareness campaign,2026-06-25T10:09:16.280Z,2026-06-25T10:09:40.811Z
N02294,Green Oaks,2025-05-11,Vehicle,Low,Equipment failure reduced collection efficiency,Perform operational audit,2026-06-25T10:09:16.280Z,2026-06-25T10:09:40.811Z
N02350,Lakeview Terrace,2025-02-23,Weather,High,Emergency weather response delayed operations,Conduct resident awareness campaign,2026-06-25T10:09:16.280Z,2026-06-25T10:09:40.811Z
N02415,Green Oaks,2025-02-23,Vehicle,Critical,Truck mechanical issue delayed entire route schedule,Review route optimization plan,2026-06-25T10:09:16.280Z,2026-06-25T10:09:40.811Z
N02433,Birchwood Commons,2025-02-23,Resident Behavior,High,Resident complaints increased after route schedule change,Escalate issue to regional manager,2026-06-25T10:09:16.280Z,2026-06-25T10:09:40.811Z
N02442,Harbor Pointe,2025-03-27,Vehicle,High,Fleet availability issues caused route reassignment,Schedule preventive maintenance,2026-06-25T10:09:16.280Z,2026-06-25T10:09:40.811Z
N02452,Maple Court,2025-01-22,Vehicle,Critical,Flat tire caused service delays across multiple properties,Assign backup collection crew,2026-06-25T10:09:16.280Z,2026-06-25T10:09:40.811Z
N02455,Harbor Pointe,2025-06-10,Vehicle,Low,Truck mechanical issue delayed entire route schedule,Assign backup collection crew,2026-06-25T10:09:16.280Z,2026-06-25T10:09:40.811Z
N02462,Harbor Pointe,2025-01-02,Weather,Medium,Poor visibility affected route safety,Coordinate with property manager,2026-06-25T10:09:16.280Z,2026-06-25T10:09:40.811Z
N02475,Maple Court,2025-02-25,Route Planning,Medium,Inefficient route sequencing reduced productivity,Update access credentials,2026-06-25T10:09:16.280Z,2026-06-25T10:09:40.811Z
N02489,Sunset Ridge,2025-02-01,Property Management,Low,Management requested additional pickup support,Perform operational audit,2026-06-25T10:09:16.280Z,2026-06-25T10:09:40.811Z
N02514,Green Oaks,2025-04-14,Staffing,Low,Multiple employee absences occurred simultaneously,Update access credentials,2026-06-25T10:09:16.280Z,2026-06-25T10:09:40.811Z
N02532,Harbor Pointe,2025-02-08,Vehicle,High,Flat tire caused service delays across multiple properties,Perform operational audit,2026-06-25T10:09:16.280Z,2026-06-25T10:09:40.811Z
N02535,Birchwood Commons,2025-06-29,Gate Access,Medium,Manual gate operation caused route delays,Assign backup collection crew,2026-06-25T10:09:16.280Z,2026-06-25T10:09:40.811Z
N02551,Maple Court,2025-04-24,Route Planning,Medium,Inefficient route sequencing reduced productivity,Coordinate with property manager,2026-06-25T10:09:16.280Z,2026-06-25T10:09:40.811Z
N02570,Harbor Pointe,2025-04-05,Vehicle,Critical,Replacement vehicle arrived later than expected,Assign backup collection crew,2026-06-25T10:09:16.280Z,2026-06-25T10:09:40.811Z
N02595,Willow Creek,2025-06-20,Gate Access,Low,Community gate remained locked during scheduled pickup window,Perform operational audit,2026-06-25T10:09:16.280Z,2026-06-25T10:09:40.811Z
N02657,Harbor Pointe,2025-01-30,Staffing,Low,Recruitment delays limited route coverage,Increase staffing coverage,2026-06-25T10:09:16.280Z,2026-06-25T10:09:40.811Z
N02664,Harbor Pointe,2025-02-05,Weather,High,Weather disruptions impacted multiple communities,Assign backup collection crew,2026-06-25T10:09:16.280Z,2026-06-25T10:09:40.811Z
N02672,Maple Court,2025-02-13,Route Planning,Medium,Service area expansion affected route timing,Coordinate with property manager,2026-06-25T10:09:16.280Z,2026-06-25T10:09:40.811Z
N02683,Cedar Park,2025-03-27,Property Management,Low,Manager reported recurring service concerns,Review route optimization plan,2026-06-25T10:09:16.280Z,2026-06-25T10:09:40.811Z
N02690,Birchwood Commons,2025-06-09,Resident Behavior,Low,Resident education on waste procedures was recommended,Update access credentials,2026-06-25T10:09:16.280Z,2026-06-25T10:09:40.811Z
N02728,Green Oaks,2025-06-10,Vehicle,High,Transmission issue impacted route completion,Schedule preventive maintenance,2026-06-25T10:09:16.280Z,2026-06-25T10:09:40.811Z
N02755,Birchwood Commons,2025-04-30,Property Management,High,Operational changes were not communicated in advance,Assign backup collection crew,2026-06-25T10:09:16.280Z,2026-06-25T10:09:40.811Z
N02775,Harbor Pointe,2025-01-09,Vehicle,Critical,Battery failure delayed route departure,Schedule preventive maintenance,2026-06-25T10:09:16.280Z,2026-06-25T10:09:40.811Z
N02801,Willow Creek,2025-04-05,Staffing,High,Overtime limitations reduced available coverage,Escalate issue to regional manager,2026-06-25T10:09:16.280Z,2026-06-25T10:09:40.811Z
N02808,Harbor Pointe,2025-03-10,Staffing,Critical,Peak demand exceeded available workforce capacity,Coordinate with property manager,2026-06-25T10:09:16.280Z,2026-06-25T10:09:40.811Z
N02833,Sunset Ridge,2025-03-07,Resident Behavior,Medium,Resident education on waste procedures was recommended,Coordinate with property manager,2026-06-25T10:09:16.280Z,2026-06-25T10:09:40.811Z
N02838,Birchwood Commons,2025-03-26,Property Management,Critical,Operational changes were not communicated in advance,Conduct resident awareness campaign,2026-06-25T10:09:16.280Z,2026-06-25T10:09:40.811Z
N02848,Cedar Park,2025-04-22,Staffing,High,Staff reassignment impacted scheduled routes,Escalate issue to regional manager,2026-06-25T10:09:16.280Z,2026-06-25T10:09:40.811Z
N02855,Sunset Ridge,2025-03-05,Resident Behavior,Critical,Resident education on waste procedures was recommended,Escalate issue to regional manager,2026-06-25T10:09:16.280Z,2026-06-25T10:09:40.811Z
N02862,Willow Creek,2025-06-25,Staffing,Medium,Unexpected resignations affected operations,Review route optimization plan,2026-06-25T10:09:16.280Z,2026-06-25T10:09:40.811Z
N02875,Lakeview Terrace,2025-01-11,Resident Behavior,Critical,Resident complaints were concentrated in specific buildings,Assign backup collection crew,2026-06-25T10:09:16.280Z,2026-06-25T10:09:40.811Z
N02880,Green Oaks,2025-06-18,Staffing,High,Recruitment delays limited route coverage,Assign backup collection crew,2026-06-25T10:09:16.280Z,2026-06-25T10:09:40.811Z
N02886,Cedar Park,2025-02-20,Route Planning,Low,Inefficient property sequencing impacted schedule adherence,Monitor performance for next 7 days,2026-06-25T10:09:16.280Z,2026-06-25T10:09:40.811Z
N02889,Green Oaks,2025-05-15,Route Planning,High,Inefficient property sequencing impacted schedule adherence,Assign backup collection crew,2026-06-25T10:09:16.280Z,2026-06-25T10:09:40.811Z
N02923,Cedar Park,2025-04-17,Property Management,Medium,Management requested route modifications,Schedule preventive maintenance,2026-06-25T10:09:16.280Z,2026-06-25T10:09:40.811Z
N02962,Lakeview Terrace,2025-02-25,Route Planning,Low,High-density properties created route bottlenecks,Monitor performance for next 7 days,2026-06-25T10:09:16.280Z,2026-06-25T10:09:40.811Z
N02963,Birchwood Commons,2025-03-24,Resident Behavior,Low,Residents requested unscheduled pickups,Conduct resident awareness campaign,2026-06-25T10:09:16.280Z,2026-06-25T10:09:40.811Z
N02967,Maple Court,2025-02-10,Weather,Medium,Lightning risk delayed evening collections,Escalate issue to regional manager,2026-06-25T10:09:16.280Z,2026-06-25T10:09:40.811Z
N02969,Sunset Ridge,2025-04-08,Resident Behavior,High,Resident participation declined during holiday period,Conduct resident awareness campaign,2026-06-25T10:09:16.280Z,2026-06-25T10:09:40.811Z
N02970,Cedar Park,2025-06-12,Route Planning,Low,Route handoff between teams caused delays,Review route optimization plan,2026-06-25T10:09:16.280Z,2026-06-25T10:09:40.811Z
N02971,Green Oaks,2025-03-06,Route Planning,Low,Construction activity blocked primary collection route,Monitor performance for next 7 days,2026-06-25T10:09:16.280Z,2026-06-25T10:09:40.811Z
N02989,Lakeview Terrace,2025-05-24,Route Planning,High,Property clustering analysis suggested optimization opportunities,Increase staffing coverage,2026-06-25T10:09:16.280Z,2026-06-25T10:09:40.811Z
N02990,Willow Creek,2025-04-04,Vehicle,Medium,Truck mechanical issue delayed entire route schedule,Schedule preventive maintenance,2026-06-25T10:09:16.280Z,2026-06-25T10:09:40.811Z
N02996,Lakeview Terrace,2025-06-20,Weather,Critical,Weather disruptions impacted multiple communities,Conduct resident awareness campaign,2026-06-25T10:09:16.280Z,2026-06-25T10:09:40.811Z
N02011,Willow Creek,2025-02-06,Gate Access,Critical,Manual gate operation caused route delays,Monitor performance for next 7 days,2026-06-25T10:09:16.280Z,2026-06-25T10:09:40.811Z
N02042,Harbor Pointe,2025-06-29,Staffing,High,Shift scheduling conflict resulted in delayed collections,Perform operational audit,2026-06-25T10:09:16.280Z,2026-06-25T10:09:40.811Z
N02110,Green Oaks,2025-02-14,Route Planning,High,Navigation issue delayed route completion,Coordinate with property manager,2026-06-25T10:09:16.280Z,2026-06-25T10:09:40.811Z
N02113,Cedar Park,2025-05-08,Route Planning,Low,Dynamic route adjustments improved service outcomes,Increase staffing coverage,2026-06-25T10:09:16.280Z,2026-06-25T10:09:40.811Z
N02139,Lakeview Terrace,2025-05-19,Weather,Low,Poor visibility affected route safety,Perform operational audit,2026-06-25T10:09:16.280Z,2026-06-25T10:09:40.811Z
N02144,Maple Court,2025-02-27,Weather,Low,Regional weather event affected service levels,Conduct resident awareness campaign,2026-06-25T10:09:16.280Z,2026-06-25T10:09:40.811Z
N02165,Lakeview Terrace,2025-04-28,Weather,Medium,Severe weather reduced operational efficiency,Schedule preventive maintenance,2026-06-25T10:09:16.280Z,2026-06-25T10:09:40.811Z
N02175,Sunset Ridge,2025-03-13,Property Management,Critical,Property inspection activities disrupted collections,Perform operational audit,2026-06-25T10:09:16.280Z,2026-06-25T10:09:40.811Z
N02258,Willow Creek,2025-03-11,Staffing,Low,New collector unfamiliar with property layout,Perform operational audit,2026-06-25T10:09:16.280Z,2026-06-25T10:09:40.811Z
N02276,Green Oaks,2025-06-01,Staffing,Medium,Route coverage reduced due to labor constraints,Update access credentials,2026-06-25T10:09:16.280Z,2026-06-25T10:09:40.811Z
N02314,Willow Creek,2025-03-20,Vehicle,Medium,Replacement vehicle arrived later than expected,Perform operational audit,2026-06-25T10:09:16.280Z,2026-06-25T10:09:40.811Z
N02324,Willow Creek,2025-03-31,Vehicle,Medium,Fuel system malfunction impacted collection operations,Monitor performance for next 7 days,2026-06-25T10:09:16.280Z,2026-06-25T10:09:40.811Z
N02327,Green Oaks,2025-04-18,Vehicle,Medium,Emergency repair interrupted collection schedule,Perform operational audit,2026-06-25T10:09:16.280Z,2026-06-25T10:09:40.811Z
N02331,Cedar Park,2025-02-12,Property Management,Medium,Property upgrades impacted collection logistics,Increase staffing coverage,2026-06-25T10:09:16.280Z,2026-06-25T10:09:40.811Z
N02338,Cedar Park,2025-05-06,Property Management,Low,Maintenance work restricted access to collection areas,Assign backup collection crew,2026-06-25T10:09:16.280Z,2026-06-25T10:09:40.811Z
N02344,Green Oaks,2025-03-12,Route Planning,High,Operational review identified route inefficiencies,Review route optimization plan,2026-06-25T10:09:16.280Z,2026-06-25T10:09:40.811Z
N02348,Willow Creek,2025-02-24,Vehicle,Low,Battery failure delayed route departure,Monitor performance for next 7 days,2026-06-25T10:09:16.280Z,2026-06-25T10:09:40.811Z
N02377,Maple Court,2025-03-06,Vehicle,Critical,Replacement vehicle arrived later than expected,Review route optimization plan,2026-06-25T10:09:16.280Z,2026-06-25T10:09:40.811Z
N02400,Sunset Ridge,2025-03-31,Resident Behavior,High,Bins not placed at doorstep for scheduled pickup,Conduct resident awareness campaign,2026-06-25T10:09:16.280Z,2026-06-25T10:09:40.811Z
N02408,Lakeview Terrace,2025-03-02,Weather,Low,Wet conditions reduced collection speed,Escalate issue to regional manager,2026-06-25T10:09:16.280Z,2026-06-25T10:09:40.811Z
N02412,Maple Court,2025-06-03,Weather,Critical,Snow removal activities blocked service access,Perform operational audit,2026-06-25T10:09:16.280Z,2026-06-25T10:09:40.811Z
N02430,Sunset Ridge,2025-03-27,Property Management,Medium,Property renovation disrupted normal collection process,Assign backup collection crew,2026-06-25T10:09:16.280Z,2026-06-25T10:09:40.811Z
N02432,Lakeview Terrace,2025-03-27,Route Planning,Low,Route balancing adjustments improved service coverage,Escalate issue to regional manager,2026-06-25T10:09:16.280Z,2026-06-25T10:09:40.811Z
N02448,Sunset Ridge,2025-02-15,Property Management,High,Operational changes were not communicated in advance,Schedule preventive maintenance,2026-06-25T10:09:16.280Z,2026-06-25T10:09:40.811Z
N02464,Lakeview Terrace,2025-04-13,Weather,High,Storm conditions resulted in temporary service suspension,Conduct resident awareness campaign,2026-06-25T10:09:16.280Z,2026-06-25T10:09:40.811Z
N02468,Sunset Ridge,2025-04-03,Gate Access,Low,Community access policy changes were not communicated,Monitor performance for next 7 days,2026-06-25T10:09:16.280Z,2026-06-25T10:09:40.811Z
N02481,Cedar Park,2025-01-04,Staffing,Critical,Reduced workforce availability impacted service quality,Assign backup collection crew,2026-06-25T10:09:16.280Z,2026-06-25T10:09:40.811Z
N02485,Green Oaks,2025-04-25,Route Planning,Critical,Operational review identified route inefficiencies,Coordinate with property manager,2026-06-25T10:09:16.280Z,2026-06-25T10:09:40.811Z
N02496,Birchwood Commons,2025-03-14,Gate Access,Low,Property manager unavailable to provide updated gate code,Assign backup collection crew,2026-06-25T10:09:16.280Z,2026-06-25T10:09:40.811Z
N02500,Lakeview Terrace,2025-03-03,Weather,Critical,High winds created safety concerns for collectors,Update access credentials,2026-06-25T10:09:16.280Z,2026-06-25T10:09:40.811Z
N02503,Sunset Ridge,2025-02-04,Gate Access,High,Gate intercom system malfunctioned during service hours,Schedule preventive maintenance,2026-06-25T10:09:16.280Z,2026-06-25T10:09:40.811Z
N02523,Birchwood Commons,2025-01-28,Gate Access,Low,Temporary gate malfunction prevented collector entry,Schedule preventive maintenance,2026-06-25T10:09:16.280Z,2026-06-25T10:09:40.811Z
N02524,Green Oaks,2025-06-06,Staffing,High,Overtime limitations reduced available coverage,Review route optimization plan,2026-06-25T10:09:16.280Z,2026-06-25T10:09:40.811Z
N02566,Cedar Park,2025-05-19,Staffing,Low,Temporary workers required additional supervision,Escalate issue to regional manager,2026-06-25T10:09:16.280Z,2026-06-25T10:09:40.811Z
N02567,Lakeview Terrace,2025-01-21,Route Planning,High,High-density properties created route bottlenecks,Coordinate with property manager,2026-06-25T10:09:16.280Z,2026-06-25T10:09:40.811Z
N02571,Lakeview Terrace,2025-02-27,Route Planning,Low,Service area expansion affected route timing,Perform operational audit,2026-06-25T10:09:16.280Z,2026-06-25T10:09:40.811Z
N02576,Green Oaks,2025-06-18,Staffing,High,Peak demand exceeded available workforce capacity,Conduct resident awareness campaign,2026-06-25T10:09:16.280Z,2026-06-25T10:09:40.811Z
N02644,Willow Creek,2025-01-14,Vehicle,Low,Fleet availability issues caused route reassignment,Escalate issue to regional manager,2026-06-25T10:09:16.280Z,2026-06-25T10:09:40.811Z
N02656,Sunset Ridge,2025-05-29,Property Management,Critical,Property leadership requested service enhancement review,Schedule preventive maintenance,2026-06-25T10:09:16.280Z,2026-06-25T10:09:40.811Z
N02666,Sunset Ridge,2025-04-04,Property Management,Medium,Coordination challenges delayed operational response,Escalate issue to regional manager,2026-06-25T10:09:16.280Z,2026-06-25T10:09:40.811Z
N02673,Birchwood Commons,2025-02-20,Property Management,Low,Community event impacted collection schedule,Conduct resident awareness campaign,2026-06-25T10:09:16.280Z,2026-06-25T10:09:40.811Z
N02678,Willow Creek,2025-04-19,Vehicle,Low,Battery failure delayed route departure,Increase staffing coverage,2026-06-25T10:09:16.280Z,2026-06-25T10:09:40.811Z
N02687,Birchwood Commons,2025-04-02,Resident Behavior,Medium,Resident left bin blocked by parked vehicle,Perform operational audit,2026-06-25T10:09:16.280Z,2026-06-25T10:09:40.811Z
N02694,Green Oaks,2025-02-02,Route Planning,High,Route optimization issue increased travel time,Perform operational audit,2026-06-25T10:09:16.280Z,2026-06-25T10:09:40.811Z
N02700,Birchwood Commons,2025-01-02,Property Management,Critical,Manager reported recurring service concerns,Update access credentials,2026-06-25T10:09:16.280Z,2026-06-25T10:09:40.811Z
N02708,Maple Court,2025-04-24,Weather,High,High winds created safety concerns for collectors,Review route optimization plan,2026-06-25T10:09:16.280Z,2026-06-25T10:09:40.811Z
N02738,Maple Court,2025-03-10,Vehicle,High,Flat tire caused service delays across multiple properties,Review route optimization plan,2026-06-25T10:09:16.280Z,2026-06-25T10:09:40.811Z
N02751,Cedar Park,2025-05-14,Route Planning,Low,Construction activity blocked primary collection route,Conduct resident awareness campaign,2026-06-25T10:09:16.280Z,2026-06-25T10:09:40.811Z
N02764,Lakeview Terrace,2025-06-19,Resident Behavior,Low,Improper waste disposal created collection challenges,Conduct resident awareness campaign,2026-06-25T10:09:16.280Z,2026-06-25T10:09:40.811Z
N02773,Green Oaks,2025-02-16,Vehicle,Low,Emergency repair interrupted collection schedule,Schedule preventive maintenance,2026-06-25T10:09:16.280Z,2026-06-25T10:09:40.811Z
N02783,Cedar Park,2025-03-01,Staffing,Medium,Reduced workforce availability impacted service quality,Update access credentials,2026-06-25T10:09:16.280Z,2026-06-25T10:09:40.811Z
N02824,Harbor Pointe,2025-06-20,Weather,High,Emergency weather response delayed operations,Conduct resident awareness campaign,2026-06-25T10:09:16.280Z,2026-06-25T10:09:40.811Z
N02827,Sunset Ridge,2025-01-01,Resident Behavior,Low,Residents requested unscheduled pickups,Increase staffing coverage,2026-06-25T10:09:16.280Z,2026-06-25T10:09:40.811Z
N02830,Willow Creek,2025-06-22,Gate Access,Low,Service entrance blocked by maintenance activity,Coordinate with property manager,2026-06-25T10:09:16.280Z,2026-06-25T10:09:40.811Z
N02852,Green Oaks,2025-02-10,Staffing,Medium,Reduced workforce availability impacted service quality,Escalate issue to regional manager,2026-06-25T10:09:16.280Z,2026-06-25T10:09:40.811Z
N02856,Harbor Pointe,2025-06-10,Vehicle,Critical,Brake system inspection delayed deployment,Perform operational audit,2026-06-25T10:09:16.280Z,2026-06-25T10:09:40.811Z
N02858,Birchwood Commons,2025-04-22,Resident Behavior,Medium,Collection bins were inaccessible during service window,Coordinate with property manager,2026-06-25T10:09:16.280Z,2026-06-25T10:09:40.811Z
N02861,Cedar Park,2025-04-08,Property Management,Critical,Building access procedures updated without notice,Schedule preventive maintenance,2026-06-25T10:09:16.280Z,2026-06-25T10:09:40.811Z
N02891,Lakeview Terrace,2025-04-06,Resident Behavior,Critical,Bins not placed at doorstep for scheduled pickup,Review route optimization plan,2026-06-25T10:09:16.280Z,2026-06-25T10:09:40.811Z
N02901,Cedar Park,2025-05-04,Property Management,High,Property renovation disrupted normal collection process,Escalate issue to regional manager,2026-06-25T10:09:16.280Z,2026-06-25T10:09:40.811Z
N02903,Cedar Park,2025-05-11,Route Planning,High,Route optimization issue increased travel time,Update access credentials,2026-06-25T10:09:16.280Z,2026-06-25T10:09:40.811Z
N02943,Harbor Pointe,2025-06-24,Vehicle,Critical,Hydraulic lift malfunction slowed operations,Perform operational audit,2026-06-25T10:09:16.280Z,2026-06-25T10:09:40.811Z
N02960,Birchwood Commons,2025-02-18,Gate Access,Medium,New security protocol delayed collector access,Monitor performance for next 7 days,2026-06-25T10:09:16.280Z,2026-06-25T10:09:40.811Z
N02998,Harbor Pointe,2025-06-29,Weather,Critical,Severe heat affected workforce productivity,Schedule preventive maintenance,2026-06-25T10:09:16.280Z,2026-06-25T10:09:40.811Z
N02004,Harbor Pointe,2025-06-15,Staffing,Low,Recruitment delays limited route coverage,Update access credentials,2026-06-25T10:09:16.280Z,2026-06-25T10:09:40.811Z
N02007,Harbor Pointe,2025-03-30,Staffing,Medium,Peak demand exceeded available workforce capacity,Schedule preventive maintenance,2026-06-25T10:09:16.280Z,2026-06-25T10:09:40.811Z
N02013,Lakeview Terrace,2025-04-01,Resident Behavior,High,Overflowing bins required additional collection effort,Schedule preventive maintenance,2026-06-25T10:09:16.280Z,2026-06-25T10:09:40.811Z
N02015,Sunset Ridge,2025-02-13,Property Management,Low,Property upgrades impacted collection logistics,Conduct resident awareness campaign,2026-06-25T10:09:16.280Z,2026-06-25T10:09:40.811Z
N02023,Green Oaks,2025-02-16,Vehicle,Medium,Fuel system malfunction impacted collection operations,Increase staffing coverage,2026-06-25T10:09:16.280Z,2026-06-25T10:09:40.811Z
N02041,Cedar Park,2025-02-18,Staffing,Critical,Holiday staffing shortages caused delays,Review route optimization plan,2026-06-25T10:09:16.280Z,2026-06-25T10:09:40.811Z
N02051,Harbor Pointe,2025-03-26,Vehicle,Medium,Hydraulic lift malfunction slowed operations,Review route optimization plan,2026-06-25T10:09:16.280Z,2026-06-25T10:09:40.811Z
N02054,Cedar Park,2025-06-02,Staffing,Critical,Staff shortage on route caused missed pickups,Review route optimization plan,2026-06-25T10:09:16.280Z,2026-06-25T10:09:40.811Z
N02089,Maple Court,2025-06-02,Weather,Critical,Lightning risk delayed evening collections,Review route optimization plan,2026-06-25T10:09:16.280Z,2026-06-25T10:09:40.811Z
N02107,Harbor Pointe,2025-01-01,Staffing,Critical,Route coverage reduced due to labor constraints,Perform operational audit,2026-06-25T10:09:16.280Z,2026-06-25T10:09:40.811Z
N02119,Lakeview Terrace,2025-01-13,Weather,Low,High winds created safety concerns for collectors,Schedule preventive maintenance,2026-06-25T10:09:16.280Z,2026-06-25T10:09:40.811Z
N02137,Birchwood Commons,2025-03-04,Resident Behavior,High,Overflowing bins required additional collection effort,Update access credentials,2026-06-25T10:09:16.280Z,2026-06-25T10:09:40.811Z
N02138,Harbor Pointe,2025-04-02,Vehicle,Critical,Vehicle breakdown impacted collections on route,Review route optimization plan,2026-06-25T10:09:16.280Z,2026-06-25T10:09:40.811Z
N02176,Lakeview Terrace,2025-02-22,Resident Behavior,Critical,Unauthorized items were left for collection,Schedule preventive maintenance,2026-06-25T10:09:16.280Z,2026-06-25T10:09:40.811Z
N02184,Lakeview Terrace,2025-01-06,Resident Behavior,Low,Resident complaints increased after route schedule change,Escalate issue to regional manager,2026-06-25T10:09:16.280Z,2026-06-25T10:09:40.811Z
N02188,Maple Court,2025-03-06,Vehicle,Medium,Vehicle breakdown impacted collections on route,Review route optimization plan,2026-06-25T10:09:16.280Z,2026-06-25T10:09:40.811Z
N02203,Birchwood Commons,2025-02-04,Gate Access,Critical,Gate intercom system malfunctioned during service hours,Conduct resident awareness campaign,2026-06-25T10:09:16.280Z,2026-06-25T10:09:40.811Z
N02204,Green Oaks,2025-04-11,Route Planning,Critical,Travel distance increased due to route modifications,Monitor performance for next 7 days,2026-06-25T10:09:16.280Z,2026-06-25T10:09:40.811Z
N02235,Lakeview Terrace,2025-06-05,Resident Behavior,Medium,Late bin placement caused missed pickups,Update access credentials,2026-06-25T10:09:16.280Z,2026-06-25T10:09:40.811Z
N02251,Cedar Park,2025-06-26,Staffing,Critical,Recruitment delays limited route coverage,Escalate issue to regional manager,2026-06-25T10:09:16.280Z,2026-06-25T10:09:40.811Z
N02263,Willow Creek,2025-06-02,Staffing,Critical,Shift scheduling conflict resulted in delayed collections,Escalate issue to regional manager,2026-06-25T10:09:16.280Z,2026-06-25T10:09:40.811Z
N02299,Birchwood Commons,2025-03-25,Gate Access,Medium,Multiple access attempts required before entry was granted,Coordinate with property manager,2026-06-25T10:09:16.280Z,2026-06-25T10:09:40.811Z
N02341,Birchwood Commons,2025-03-14,Property Management,Medium,Management escalation required operational review,Escalate issue to regional manager,2026-06-25T10:09:16.280Z,2026-06-25T10:09:40.811Z
N02343,Green Oaks,2025-05-02,Route Planning,High,Navigation issue delayed route completion,Increase staffing coverage,2026-06-25T10:09:16.280Z,2026-06-25T10:09:40.811Z
N02346,Sunset Ridge,2025-03-31,Resident Behavior,Medium,Collection instructions were frequently ignored,Schedule preventive maintenance,2026-06-25T10:09:16.280Z,2026-06-25T10:09:40.811Z
N02355,Birchwood Commons,2025-02-01,Resident Behavior,Medium,Collection bins were inaccessible during service window,Conduct resident awareness campaign,2026-06-25T10:09:16.280Z,2026-06-25T10:09:40.811Z
N02361,Willow Creek,2025-04-21,Staffing,Critical,Holiday staffing shortages caused delays,Escalate issue to regional manager,2026-06-25T10:09:16.280Z,2026-06-25T10:09:40.811Z
N02374,Birchwood Commons,2025-05-14,Property Management,Critical,Community event impacted collection schedule,Conduct resident awareness campaign,2026-06-25T10:09:16.280Z,2026-06-25T10:09:40.811Z
N02419,Maple Court,2025-03-16,Route Planning,High,Traffic congestion delayed collections across multiple properties,Assign backup collection crew,2026-06-25T10:09:16.280Z,2026-06-25T10:09:40.811Z
N02446,Green Oaks,2025-06-04,Staffing,Medium,Staff reassignment impacted scheduled routes,Assign backup collection crew,2026-06-25T10:09:16.280Z,2026-06-25T10:09:40.811Z
N02474,Sunset Ridge,2025-03-04,Gate Access,Critical,Visitor access restrictions delayed collection process,Escalate issue to regional manager,2026-06-25T10:09:16.280Z,2026-06-25T10:09:40.811Z
N02493,Lakeview Terrace,2025-05-30,Resident Behavior,Critical,Unauthorized items were left for collection,Perform operational audit,2026-06-25T10:09:16.280Z,2026-06-25T10:09:40.811Z
N02498,Cedar Park,2025-06-03,Property Management,Medium,Manager reported recurring service concerns,Update access credentials,2026-06-25T10:09:16.280Z,2026-06-25T10:09:40.811Z
N02520,Willow Creek,2025-03-19,Vehicle,Critical,Truck mechanical issue delayed entire route schedule,Monitor performance for next 7 days,2026-06-25T10:09:16.280Z,2026-06-25T10:09:40.811Z
N02556,Cedar Park,2025-01-14,Staffing,High,Unexpected resignations affected operations,Monitor performance for next 7 days,2026-06-25T10:09:16.280Z,2026-06-25T10:09:40.811Z
N02583,Maple Court,2025-05-24,Weather,Critical,Snow removal activities blocked service access,Escalate issue to regional manager,2026-06-25T10:09:16.280Z,2026-06-25T10:09:40.811Z
N02588,Harbor Pointe,2025-06-25,Vehicle,Medium,Brake system inspection delayed deployment,Update access credentials,2026-06-25T10:09:16.280Z,2026-06-25T10:09:40.811Z
N02592,Willow Creek,2025-01-31,Gate Access,High,Driver could not access community - gate code expired,Coordinate with property manager,2026-06-25T10:09:16.280Z,2026-06-25T10:09:40.811Z
N02594,Green Oaks,2025-03-01,Staffing,Low,Multiple employee absences occurred simultaneously,Review route optimization plan,2026-06-25T10:09:16.280Z,2026-06-25T10:09:40.811Z
N02627,Maple Court,2025-06-28,Vehicle,Low,Hydraulic lift malfunction slowed operations,Assign backup collection crew,2026-06-25T10:09:16.280Z,2026-06-25T10:09:40.811Z
N02686,Sunset Ridge,2025-04-16,Gate Access,Medium,Community access policy changes were not communicated,Assign backup collection crew,2026-06-25T10:09:16.280Z,2026-06-25T10:09:40.811Z
N02703,Maple Court,2025-05-05,Weather,Medium,Poor visibility affected route safety,Schedule preventive maintenance,2026-06-25T10:09:16.280Z,2026-06-25T10:09:40.811Z
N02706,Willow Creek,2025-04-29,Vehicle,Medium,Fleet shortage increased route workloads,Update access credentials,2026-06-25T10:09:16.280Z,2026-06-25T10:09:40.811Z
N02716,Maple Court,2025-04-07,Weather,High,Severe weather reduced operational efficiency,Coordinate with property manager,2026-06-25T10:09:16.280Z,2026-06-25T10:09:40.811Z
N02729,Harbor Pointe,2025-03-04,Weather,High,Severe heat affected workforce productivity,Assign backup collection crew,2026-06-25T10:09:16.280Z,2026-06-25T10:09:40.811Z
N02737,Willow Creek,2025-04-04,Vehicle,Critical,Replacement vehicle arrived later than expected,Assign backup collection crew,2026-06-25T10:09:16.280Z,2026-06-25T10:09:40.811Z
N02740,Birchwood Commons,2025-03-11,Gate Access,Critical,Gate intercom system malfunctioned during service hours,Schedule preventive maintenance,2026-06-25T10:09:16.280Z,2026-06-25T10:09:40.811Z
N02768,Harbor Pointe,2025-03-28,Staffing,High,Overtime limitations reduced available coverage,Update access credentials,2026-06-25T10:09:16.280Z,2026-06-25T10:09:40.811Z
N02799,Green Oaks,2025-05-08,Staffing,Low,New collector unfamiliar with property layout,Schedule preventive maintenance,2026-06-25T10:09:16.280Z,2026-06-25T10:09:40.811Z
N02802,Birchwood Commons,2025-02-23,Resident Behavior,Medium,Resident complaints increased after route schedule change,Coordinate with property manager,2026-06-25T10:09:16.280Z,2026-06-25T10:09:40.811Z
N02821,Willow Creek,2025-06-25,Gate Access,Critical,Gate intercom system malfunctioned during service hours,Perform operational audit,2026-06-25T10:09:16.280Z,2026-06-25T10:09:40.811Z
N02822,Sunset Ridge,2025-02-23,Resident Behavior,High,Resident complaints increased after route schedule change,Perform operational audit,2026-06-25T10:09:16.280Z,2026-06-25T10:09:40.811Z
N02823,Sunset Ridge,2025-06-14,Resident Behavior,Low,Unauthorized items were left for collection,Coordinate with property manager,2026-06-25T10:09:16.280Z,2026-06-25T10:09:40.811Z
N02865,Lakeview Terrace,2025-06-21,Weather,Critical,Severe weather reduced operational efficiency,Schedule preventive maintenance,2026-06-25T10:09:16.280Z,2026-06-25T10:09:40.811Z
N02868,Willow Creek,2025-05-18,Gate Access,High,Community access policy changes were not communicated,Review route optimization plan,2026-06-25T10:09:16.280Z,2026-06-25T10:09:40.811Z
N02894,Birchwood Commons,2025-04-25,Property Management,Medium,Property renovation disrupted normal collection process,Conduct resident awareness campaign,2026-06-25T10:09:16.280Z,2026-06-25T10:09:40.811Z
N02913,Green Oaks,2025-05-28,Vehicle,High,Collection vehicle required mid-route maintenance stop,Perform operational audit,2026-06-25T10:09:16.280Z,2026-06-25T10:09:40.811Z
N02919,Lakeview Terrace,2025-05-19,Weather,Medium,Severe heat affected workforce productivity,Perform operational audit,2026-06-25T10:09:16.280Z,2026-06-25T10:09:40.811Z
N02975,Cedar Park,2025-06-28,Route Planning,Critical,High-density properties created route bottlenecks,Perform operational audit,2026-06-25T10:09:16.280Z,2026-06-25T10:09:40.811Z
N02987,Willow Creek,2025-01-13,Gate Access,High,Gate intercom system malfunctioned during service hours,Perform operational audit,2026-06-25T10:09:16.280Z,2026-06-25T10:09:40.811Z
N02008,Willow Creek,2025-06-03,Vehicle,Low,Collection vehicle required mid-route maintenance stop,Review route optimization plan,2026-06-25T10:09:16.280Z,2026-06-25T10:09:40.811Z
N02077,Cedar Park,2025-01-02,Property Management,High,Property management requested schedule adjustment,Coordinate with property manager,2026-06-25T10:09:16.280Z,2026-06-25T10:09:40.811Z
N02079,Birchwood Commons,2025-03-01,Property Management,Medium,Community event impacted collection schedule,Escalate issue to regional manager,2026-06-25T10:09:16.280Z,2026-06-25T10:09:40.811Z
N02154,Sunset Ridge,2025-02-07,Resident Behavior,Critical,Collection bins were inaccessible during service window,Escalate issue to regional manager,2026-06-25T10:09:16.280Z,2026-06-25T10:09:40.811Z
N02166,Harbor Pointe,2025-06-09,Staffing,High,Insufficient weekend staffing caused backlog,Schedule preventive maintenance,2026-06-25T10:09:16.280Z,2026-06-25T10:09:40.811Z
N02171,Cedar Park,2025-03-29,Staffing,Low,Staff reassignment impacted scheduled routes,Escalate issue to regional manager,2026-06-25T10:09:16.280Z,2026-06-25T10:09:40.811Z
N02178,Maple Court,2025-04-23,Weather,Low,Extreme temperatures slowed collection activities,Review route optimization plan,2026-06-25T10:09:16.280Z,2026-06-25T10:09:40.811Z
N02187,Sunset Ridge,2025-06-18,Gate Access,Low,Service entrance blocked by maintenance activity,Update access credentials,2026-06-25T10:09:16.280Z,2026-06-25T10:09:40.811Z
N02191,Cedar Park,2025-06-25,Route Planning,Critical,Operational review identified route inefficiencies,Perform operational audit,2026-06-25T10:09:16.280Z,2026-06-25T10:09:40.811Z
N02232,Birchwood Commons,2025-06-16,Gate Access,Medium,New security protocol delayed collector access,Update access credentials,2026-06-25T10:09:16.280Z,2026-06-25T10:09:40.811Z
N02242,Harbor Pointe,2025-02-08,Staffing,Low,New collector unfamiliar with property layout,Schedule preventive maintenance,2026-06-25T10:09:16.280Z,2026-06-25T10:09:40.811Z
N02330,Sunset Ridge,2025-01-17,Property Management,High,Management requested additional pickup support,Update access credentials,2026-06-25T10:09:16.280Z,2026-06-25T10:09:40.811Z
N02334,Green Oaks,2025-06-28,Vehicle,Critical,Transmission issue impacted route completion,Conduct resident awareness campaign,2026-06-25T10:09:16.280Z,2026-06-25T10:09:40.811Z
N02337,Maple Court,2025-05-04,Weather,Critical,Adverse weather increased average completion times,Increase staffing coverage,2026-06-25T10:09:16.280Z,2026-06-25T10:09:40.811Z
N02358,Lakeview Terrace,2025-01-06,Route Planning,High,Property clustering analysis suggested optimization opportunities,Schedule preventive maintenance,2026-06-25T10:09:16.280Z,2026-06-25T10:09:40.811Z
N02360,Green Oaks,2025-04-10,Staffing,Low,Holiday staffing shortages caused delays,Review route optimization plan,2026-06-25T10:09:16.280Z,2026-06-25T10:09:40.811Z
N02364,Sunset Ridge,2025-04-03,Resident Behavior,Critical,Unauthorized items were left for collection,Increase staffing coverage,2026-06-25T10:09:16.280Z,2026-06-25T10:09:40.811Z
N02378,Willow Creek,2025-02-24,Gate Access,Critical,Property manager unavailable to provide updated gate code,Schedule preventive maintenance,2026-06-25T10:09:16.280Z,2026-06-25T10:09:40.811Z
N02382,Birchwood Commons,2025-04-05,Resident Behavior,Low,Resident complaints increased after route schedule change,Review route optimization plan,2026-06-25T10:09:16.280Z,2026-06-25T10:09:40.811Z
N02394,Harbor Pointe,2025-01-21,Vehicle,Low,Unexpected maintenance increased route completion time,Monitor performance for next 7 days,2026-06-25T10:09:16.280Z,2026-06-25T10:09:40.811Z
N02409,Cedar Park,2025-02-23,Staffing,Critical,Insufficient staffing levels increased route completion time,Update access credentials,2026-06-25T10:09:16.280Z,2026-06-25T10:09:40.811Z
N02427,Lakeview Terrace,2025-06-22,Weather,Low,Regional weather event affected service levels,Increase staffing coverage,2026-06-25T10:09:16.280Z,2026-06-25T10:09:40.811Z
N02480,Willow Creek,2025-04-16,Gate Access,Low,New security protocol delayed collector access,Conduct resident awareness campaign,2026-06-25T10:09:16.280Z,2026-06-25T10:09:40.811Z
N02492,Harbor Pointe,2025-01-03,Staffing,High,Holiday staffing shortages caused delays,Update access credentials,2026-06-25T10:09:16.280Z,2026-06-25T10:09:40.811Z
N02509,Maple Court,2025-03-09,Route Planning,Critical,Route redesign recommended to improve performance,Update access credentials,2026-06-25T10:09:16.280Z,2026-06-25T10:09:40.811Z
N02513,Maple Court,2025-01-20,Route Planning,Low,Traffic congestion delayed collections across multiple properties,Review route optimization plan,2026-06-25T10:09:16.280Z,2026-06-25T10:09:40.811Z
N02518,Harbor Pointe,2025-06-24,Staffing,Medium,"Collector called in sick, route covered late",Conduct resident awareness campaign,2026-06-25T10:09:16.280Z,2026-06-25T10:09:40.811Z
N02522,Green Oaks,2025-05-06,Vehicle,Medium,Truck mechanical issue delayed entire route schedule,Perform operational audit,2026-06-25T10:09:16.280Z,2026-06-25T10:09:40.811Z
N02562,Willow Creek,2025-04-08,Gate Access,Medium,Visitor access restrictions delayed collection process,Schedule preventive maintenance,2026-06-25T10:09:16.280Z,2026-06-25T10:09:40.811Z
N02568,Willow Creek,2025-04-25,Staffing,High,Holiday staffing shortages caused delays,Monitor performance for next 7 days,2026-06-25T10:09:16.280Z,2026-06-25T10:09:40.811Z
N02582,Sunset Ridge,2025-01-22,Property Management,High,Coordination challenges delayed operational response,Assign backup collection crew,2026-06-25T10:09:16.280Z,2026-06-25T10:09:40.811Z
N02613,Birchwood Commons,2025-04-14,Resident Behavior,Medium,Resident left bin blocked by parked vehicle,Schedule preventive maintenance,2026-06-25T10:09:16.280Z,2026-06-25T10:09:40.811Z
N02617,Maple Court,2025-01-18,Weather,High,Regional weather event affected service levels,Coordinate with property manager,2026-06-25T10:09:16.280Z,2026-06-25T10:09:40.811Z
N02625,Maple Court,2025-01-30,Route Planning,Medium,Route capacity exceeded planned workload,Conduct resident awareness campaign,2026-06-25T10:09:16.280Z,2026-06-25T10:09:40.811Z
N02630,Cedar Park,2025-02-05,Staffing,High,New collector unfamiliar with property layout,Escalate issue to regional manager,2026-06-25T10:09:16.280Z,2026-06-25T10:09:40.811Z
N02651,Sunset Ridge,2025-01-07,Property Management,High,Operational changes were not communicated in advance,Update access credentials,2026-06-25T10:09:16.280Z,2026-06-25T10:09:40.811Z
N02658,Maple Court,2025-06-26,Vehicle,Critical,Transmission issue impacted route completion,Coordinate with property manager,2026-06-25T10:09:16.280Z,2026-06-25T10:09:40.811Z
N02661,Lakeview Terrace,2025-05-13,Weather,High,Regional weather event affected service levels,Coordinate with property manager,2026-06-25T10:09:16.280Z,2026-06-25T10:09:40.811Z
N02675,Lakeview Terrace,2025-02-19,Resident Behavior,Low,Missed communication led to resident dissatisfaction,Escalate issue to regional manager,2026-06-25T10:09:16.280Z,2026-06-25T10:09:40.811Z
N02707,Harbor Pointe,2025-02-07,Vehicle,Critical,Vehicle inspection identified safety concerns before dispatch,Monitor performance for next 7 days,2026-06-25T10:09:16.280Z,2026-06-25T10:09:40.811Z
N02745,Cedar Park,2025-02-09,Staffing,High,Training requirements delayed assignment of replacement collector,Schedule preventive maintenance,2026-06-25T10:09:16.280Z,2026-06-25T10:09:40.811Z
N02754,Harbor Pointe,2025-06-18,Vehicle,Low,Emergency repair interrupted collection schedule,Monitor performance for next 7 days,2026-06-25T10:09:16.280Z,2026-06-25T10:09:40.811Z
N02774,Harbor Pointe,2025-01-10,Staffing,Low,Route coverage reduced due to labor constraints,Review route optimization plan,2026-06-25T10:09:16.280Z,2026-06-25T10:09:40.811Z
N02790,Green Oaks,2025-02-17,Vehicle,Medium,Equipment failure reduced collection efficiency,Review route optimization plan,2026-06-25T10:09:16.280Z,2026-06-25T10:09:40.811Z
N02797,Willow Creek,2025-02-03,Staffing,Low,Insufficient weekend staffing caused backlog,Assign backup collection crew,2026-06-25T10:09:16.280Z,2026-06-25T10:09:40.811Z
N02829,Green Oaks,2025-02-19,Route Planning,Medium,Dynamic route adjustments improved service outcomes,Perform operational audit,2026-06-25T10:09:16.280Z,2026-06-25T10:09:40.811Z
N02834,Willow Creek,2025-06-26,Staffing,Low,Multiple employee absences occurred simultaneously,Conduct resident awareness campaign,2026-06-25T10:09:16.280Z,2026-06-25T10:09:40.811Z
N02842,Green Oaks,2025-06-26,Route Planning,High,Route redesign recommended to improve performance,Review route optimization plan,2026-06-25T10:09:16.280Z,2026-06-25T10:09:40.811Z
N02897,Birchwood Commons,2025-04-11,Gate Access,Critical,Incorrect gate code provided by property management,Conduct resident awareness campaign,2026-06-25T10:09:16.280Z,2026-06-25T10:09:40.811Z
N02906,Lakeview Terrace,2025-06-08,Route Planning,High,Route redesign recommended to improve performance,Conduct resident awareness campaign,2026-06-25T10:09:16.280Z,2026-06-25T10:09:40.811Z
N02912,Cedar Park,2025-04-05,Staffing,Low,Shift scheduling conflict resulted in delayed collections,Review route optimization plan,2026-06-25T10:09:16.280Z,2026-06-25T10:09:40.811Z
N02939,Maple Court,2025-04-13,Vehicle,Medium,Maintenance backlog reduced fleet readiness,Update access credentials,2026-06-25T10:09:16.280Z,2026-06-25T10:09:40.811Z
N02944,Harbor Pointe,2025-01-09,Vehicle,High,Hydraulic lift malfunction slowed operations,Schedule preventive maintenance,2026-06-25T10:09:16.280Z,2026-06-25T10:09:40.811Z
N02946,Birchwood Commons,2025-06-24,Resident Behavior,Critical,Residents placed bins outside designated collection hours,Update access credentials,2026-06-25T10:09:16.280Z,2026-06-25T10:09:40.811Z
N02976,Harbor Pointe,2025-01-28,Vehicle,Critical,Fuel system malfunction impacted collection operations,Conduct resident awareness campaign,2026-06-25T10:09:16.280Z,2026-06-25T10:09:40.811Z
N02982,Lakeview Terrace,2025-06-03,Weather,Medium,Weather advisory required route modification,Review route optimization plan,2026-06-25T10:09:16.280Z,2026-06-25T10:09:40.811Z
N02005,Harbor Pointe,2025-05-22,Staffing,Critical,Temporary workers required additional supervision,Assign backup collection crew,2026-06-25T10:09:16.280Z,2026-06-25T10:09:40.811Z
N02053,Green Oaks,2025-03-03,Vehicle,Critical,Vehicle servicing overlapped with scheduled collections,Coordinate with property manager,2026-06-25T10:09:16.280Z,2026-06-25T10:09:40.811Z
N02068,Lakeview Terrace,2025-02-14,Route Planning,Low,Inefficient route sequencing reduced productivity,Perform operational audit,2026-06-25T10:09:16.280Z,2026-06-25T10:09:40.811Z
N02071,Birchwood Commons,2025-03-27,Property Management,Critical,Building access procedures updated without notice,Conduct resident awareness campaign,2026-06-25T10:09:16.280Z,2026-06-25T10:09:40.811Z
N02102,Birchwood Commons,2025-01-16,Gate Access,High,Security denied entry due to outdated access credentials,Perform operational audit,2026-06-25T10:09:16.280Z,2026-06-25T10:09:40.811Z
N02108,Sunset Ridge,2025-01-28,Resident Behavior,High,Collection instructions were frequently ignored,Escalate issue to regional manager,2026-06-25T10:09:16.280Z,2026-06-25T10:09:40.811Z
N02123,Cedar Park,2025-05-01,Staffing,Critical,New collector unfamiliar with property layout,Escalate issue to regional manager,2026-06-25T10:09:16.280Z,2026-06-25T10:09:40.811Z
N02133,Maple Court,2025-02-21,Vehicle,High,Truck mechanical issue delayed entire route schedule,Perform operational audit,2026-06-25T10:09:16.280Z,2026-06-25T10:09:40.811Z
N02164,Sunset Ridge,2025-05-21,Gate Access,Medium,Driver could not access community - gate code expired,Update access credentials,2026-06-25T10:09:16.280Z,2026-06-25T10:09:40.811Z
N02198,Willow Creek,2025-04-19,Vehicle,Low,Emergency repair interrupted collection schedule,Update access credentials,2026-06-25T10:09:16.280Z,2026-06-25T10:09:40.811Z
N02199,Cedar Park,2025-04-27,Property Management,Critical,Operational changes were not communicated in advance,Escalate issue to regional manager,2026-06-25T10:09:16.280Z,2026-06-25T10:09:40.811Z
N02210,Maple Court,2025-01-30,Vehicle,Medium,Equipment failure reduced collection efficiency,Monitor performance for next 7 days,2026-06-25T10:09:16.280Z,2026-06-25T10:09:40.811Z
N02216,Harbor Pointe,2025-05-10,Weather,Low,Lightning risk delayed evening collections,Review route optimization plan,2026-06-25T10:09:16.280Z,2026-06-25T10:09:40.811Z
N02217,Birchwood Commons,2025-05-27,Resident Behavior,Critical,Repeated policy violations impacted service quality,Escalate issue to regional manager,2026-06-25T10:09:16.280Z,2026-06-25T10:09:40.811Z
N02219,Cedar Park,2025-02-18,Route Planning,Medium,Route optimization issue increased travel time,Escalate issue to regional manager,2026-06-25T10:09:16.280Z,2026-06-25T10:09:40.811Z
N02225,Lakeview Terrace,2025-04-10,Weather,Medium,High winds created safety concerns for collectors,Escalate issue to regional manager,2026-06-25T10:09:16.280Z,2026-06-25T10:09:40.811Z
N02233,Green Oaks,2025-05-12,Staffing,Low,Staff reassignment impacted scheduled routes,Escalate issue to regional manager,2026-06-25T10:09:16.280Z,2026-06-25T10:09:40.811Z
N02262,Cedar Park,2025-03-06,Staffing,Medium,Route coverage reduced due to labor constraints,Update access credentials,2026-06-25T10:09:16.280Z,2026-06-25T10:09:40.811Z
N02283,Birchwood Commons,2025-03-16,Property Management,Medium,Property policy changes affected service delivery,Perform operational audit,2026-06-25T10:09:16.280Z,2026-06-25T10:09:40.811Z
N02288,Birchwood Commons,2025-01-20,Gate Access,High,Manual gate operation caused route delays,Update access credentials,2026-06-25T10:09:16.280Z,2026-06-25T10:09:40.811Z
N02312,Green Oaks,2025-04-03,Route Planning,Medium,Inefficient property sequencing impacted schedule adherence,Update access credentials,2026-06-25T10:09:16.280Z,2026-06-25T10:09:40.811Z
N02323,Lakeview Terrace,2025-02-03,Weather,High,Lightning risk delayed evening collections,Perform operational audit,2026-06-25T10:09:16.280Z,2026-06-25T10:09:40.811Z
N02336,Harbor Pointe,2025-06-17,Staffing,Low,Staff reassignment impacted scheduled routes,Review route optimization plan,2026-06-25T10:09:16.280Z,2026-06-25T10:09:40.811Z
N02359,Lakeview Terrace,2025-04-28,Resident Behavior,High,Improperly secured waste created operational issues,Assign backup collection crew,2026-06-25T10:09:16.280Z,2026-06-25T10:09:40.811Z
N02363,Willow Creek,2025-03-06,Gate Access,Critical,Leasing office did not answer for gate code reset,Assign backup collection crew,2026-06-25T10:09:16.280Z,2026-06-25T10:09:40.811Z
N02373,Maple Court,2025-02-05,Weather,Critical,Weather disruptions impacted multiple communities,Conduct resident awareness campaign,2026-06-25T10:09:16.280Z,2026-06-25T10:09:40.811Z
N02385,Lakeview Terrace,2025-02-22,Route Planning,Medium,Dynamic route adjustments improved service outcomes,Assign backup collection crew,2026-06-25T10:09:16.280Z,2026-06-25T10:09:40.811Z
N02401,Birchwood Commons,2025-05-06,Gate Access,Medium,Entry denied due to missing vendor registration,Assign backup collection crew,2026-06-25T10:09:16.280Z,2026-06-25T10:09:40.811Z
N02404,Cedar Park,2025-06-12,Staffing,High,New collector unfamiliar with property layout,Conduct resident awareness campaign,2026-06-25T10:09:16.280Z,2026-06-25T10:09:40.811Z
N02428,Sunset Ridge,2025-01-07,Gate Access,Medium,Manual gate operation caused route delays,Monitor performance for next 7 days,2026-06-25T10:09:16.280Z,2026-06-25T10:09:40.811Z
N02438,Willow Creek,2025-05-27,Gate Access,Critical,Community access policy changes were not communicated,Coordinate with property manager,2026-06-25T10:09:16.280Z,2026-06-25T10:09:40.811Z
N02472,Birchwood Commons,2025-05-04,Property Management,Medium,Property leadership requested service enhancement review,Increase staffing coverage,2026-06-25T10:09:16.280Z,2026-06-25T10:09:40.811Z
N02488,Maple Court,2025-03-17,Weather,Low,Snow accumulation blocked access to several units,Schedule preventive maintenance,2026-06-25T10:09:16.280Z,2026-06-25T10:09:40.811Z
N02508,Sunset Ridge,2025-03-03,Property Management,Medium,Management escalation required operational review,Monitor performance for next 7 days,2026-06-25T10:09:16.280Z,2026-06-25T10:09:40.811Z
N02515,Lakeview Terrace,2025-06-20,Route Planning,Medium,Route capacity exceeded planned workload,Increase staffing coverage,2026-06-25T10:09:16.280Z,2026-06-25T10:09:40.811Z
N02519,Harbor Pointe,2025-01-12,Weather,Low,Weather-related road closures impacted routes,Escalate issue to regional manager,2026-06-25T10:09:16.280Z,2026-06-25T10:09:40.811Z
N02572,Harbor Pointe,2025-05-25,Staffing,Medium,Resource allocation issue affected collection schedule,Increase staffing coverage,2026-06-25T10:09:16.280Z,2026-06-25T10:09:40.811Z
N02597,Green Oaks,2025-06-26,Route Planning,High,Unexpected road closure required route diversion,Review route optimization plan,2026-06-25T10:09:16.280Z,2026-06-25T10:09:40.811Z
N02600,Sunset Ridge,2025-03-19,Gate Access,Low,Entry denied due to missing vendor registration,Assign backup collection crew,2026-06-25T10:09:16.280Z,2026-06-25T10:09:40.811Z
N02604,Cedar Park,2025-02-13,Property Management,Low,Management communication delay affected operations,Conduct resident awareness campaign,2026-06-25T10:09:16.280Z,2026-06-25T10:09:40.811Z
N02608,Sunset Ridge,2025-06-10,Property Management,Low,Operational changes were not communicated in advance,Schedule preventive maintenance,2026-06-25T10:09:16.280Z,2026-06-25T10:09:40.811Z
N02638,Sunset Ridge,2025-02-09,Property Management,High,Property staffing changes impacted coordination,Perform operational audit,2026-06-25T10:09:16.280Z,2026-06-25T10:09:40.811Z
N02646,Cedar Park,2025-05-30,Route Planning,Medium,Peak-hour traffic increased collection duration,Review route optimization plan,2026-06-25T10:09:16.280Z,2026-06-25T10:09:40.811Z
N02648,Cedar Park,2025-05-17,Route Planning,Medium,Traffic congestion delayed collections across multiple properties,Perform operational audit,2026-06-25T10:09:16.280Z,2026-06-25T10:09:40.811Z
N02668,Harbor Pointe,2025-01-17,Vehicle,High,Fleet shortage increased route workloads,Conduct resident awareness campaign,2026-06-25T10:09:16.280Z,2026-06-25T10:09:40.811Z
N02670,Maple Court,2025-04-25,Route Planning,High,Scheduling overlap reduced operational efficiency,Coordinate with property manager,2026-06-25T10:09:16.280Z,2026-06-25T10:09:40.811Z
N02685,Cedar Park,2025-06-08,Property Management,Low,Property inspection activities disrupted collections,Review route optimization plan,2026-06-25T10:09:16.280Z,2026-06-25T10:09:40.811Z
N02712,Green Oaks,2025-06-06,Vehicle,Low,Maintenance backlog reduced fleet readiness,Coordinate with property manager,2026-06-25T10:09:16.280Z,2026-06-25T10:09:40.811Z
N02720,Sunset Ridge,2025-05-14,Resident Behavior,Critical,Collection instructions were frequently ignored,Monitor performance for next 7 days,2026-06-25T10:09:16.280Z,2026-06-25T10:09:40.811Z
N02732,Maple Court,2025-05-13,Vehicle,High,Collection vehicle required mid-route maintenance stop,Review route optimization plan,2026-06-25T10:09:16.280Z,2026-06-25T10:09:40.811Z
N02733,Cedar Park,2025-01-08,Staffing,Low,Insufficient weekend staffing caused backlog,Monitor performance for next 7 days,2026-06-25T10:09:16.280Z,2026-06-25T10:09:40.811Z
N02741,Green Oaks,2025-02-27,Vehicle,Critical,Truck mechanical issue delayed entire route schedule,Coordinate with property manager,2026-06-25T10:09:16.280Z,2026-06-25T10:09:40.811Z
N02757,Maple Court,2025-05-01,Route Planning,Low,Dynamic route adjustments improved service outcomes,Escalate issue to regional manager,2026-06-25T10:09:16.280Z,2026-06-25T10:09:40.811Z
N02782,Harbor Pointe,2025-03-02,Vehicle,High,Hydraulic lift malfunction slowed operations,Conduct resident awareness campaign,2026-06-25T10:09:16.280Z,2026-06-25T10:09:40.811Z
N02792,Maple Court,2025-04-06,Route Planning,Critical,Dynamic route adjustments improved service outcomes,Conduct resident awareness campaign,2026-06-25T10:09:16.280Z,2026-06-25T10:09:40.811Z
N02805,Birchwood Commons,2025-05-09,Resident Behavior,Medium,Improperly secured waste created operational issues,Schedule preventive maintenance,2026-06-25T10:09:16.280Z,2026-06-25T10:09:40.811Z
N02809,Maple Court,2025-03-08,Weather,High,Weather-related road closures impacted routes,Assign backup collection crew,2026-06-25T10:09:16.280Z,2026-06-25T10:09:40.811Z
N02810,Lakeview Terrace,2025-01-29,Resident Behavior,Low,Resident left bin blocked by parked vehicle,Perform operational audit,2026-06-25T10:09:16.280Z,2026-06-25T10:09:40.811Z
N02851,Birchwood Commons,2025-03-26,Resident Behavior,High,Several residents reported confusion regarding pickup schedule,Review route optimization plan,2026-06-25T10:09:16.280Z,2026-06-25T10:09:40.811Z
N02854,Harbor Pointe,2025-05-11,Weather,Medium,Adverse weather increased average completion times,Conduct resident awareness campaign,2026-06-25T10:09:16.280Z,2026-06-25T10:09:40.811Z
N02869,Cedar Park,2025-05-05,Property Management,High,Property renovation disrupted normal collection process,Conduct resident awareness campaign,2026-06-25T10:09:16.280Z,2026-06-25T10:09:40.811Z
N02876,Birchwood Commons,2025-01-07,Property Management,Critical,Property policy changes affected service delivery,Escalate issue to regional manager,2026-06-25T10:09:16.280Z,2026-06-25T10:09:40.811Z
N02881,Willow Creek,2025-03-28,Vehicle,Critical,Vehicle inspection identified safety concerns before dispatch,Conduct resident awareness campaign,2026-06-25T10:09:16.280Z,2026-06-25T10:09:40.811Z
N02933,Harbor Pointe,2025-02-10,Vehicle,High,Maintenance backlog reduced fleet readiness,Review route optimization plan,2026-06-25T10:09:16.280Z,2026-06-25T10:09:40.811Z
N02934,Harbor Pointe,2025-05-21,Staffing,Medium,Multiple employee absences occurred simultaneously,Monitor performance for next 7 days,2026-06-25T10:09:16.280Z,2026-06-25T10:09:40.811Z
N02953,Harbor Pointe,2025-05-26,Weather,Medium,Unexpected storm activity required schedule changes,Monitor performance for next 7 days,2026-06-25T10:09:16.280Z,2026-06-25T10:09:40.811Z
N02964,Maple Court,2025-03-28,Weather,Medium,Regional weather event affected service levels,Schedule preventive maintenance,2026-06-25T10:09:16.280Z,2026-06-25T10:09:40.811Z
N02973,Harbor Pointe,2025-04-06,Staffing,High,Insufficient weekend staffing caused backlog,Increase staffing coverage,2026-06-25T10:09:16.280Z,2026-06-25T10:09:40.811Z
N02992,Harbor Pointe,2025-03-12,Weather,Medium,Snow accumulation blocked access to several units,Schedule preventive maintenance,2026-06-25T10:09:16.280Z,2026-06-25T10:09:40.811Z
N02020,Lakeview Terrace,2025-04-12,Resident Behavior,Medium,Residents failed to follow waste segregation guidelines,Increase staffing coverage,2026-06-25T10:09:16.280Z,2026-06-25T10:09:40.811Z
N02032,Birchwood Commons,2025-03-25,Gate Access,Critical,Manual gate operation caused route delays,Coordinate with property manager,2026-06-25T10:09:16.280Z,2026-06-25T10:09:40.811Z
N02033,Lakeview Terrace,2025-06-01,Weather,Critical,Regional weather event affected service levels,Review route optimization plan,2026-06-25T10:09:16.280Z,2026-06-25T10:09:40.811Z
N02039,Cedar Park,2025-06-25,Property Management,Critical,Manager reported recurring service concerns,Schedule preventive maintenance,2026-06-25T10:09:16.280Z,2026-06-25T10:09:40.811Z
N02045,Harbor Pointe,2025-05-09,Staffing,High,Holiday staffing shortages caused delays,Coordinate with property manager,2026-06-25T10:09:16.280Z,2026-06-25T10:09:40.811Z
N02055,Willow Creek,2025-05-06,Gate Access,Medium,Service entrance blocked by maintenance activity,Monitor performance for next 7 days,2026-06-25T10:09:16.280Z,2026-06-25T10:09:40.811Z
N02084,Willow Creek,2025-03-09,Vehicle,Low,Emergency repair interrupted collection schedule,Schedule preventive maintenance,2026-06-25T10:09:16.280Z,2026-06-25T10:09:40.811Z
N02088,Birchwood Commons,2025-03-23,Property Management,Low,Operational changes were not communicated in advance,Increase staffing coverage,2026-06-25T10:09:16.280Z,2026-06-25T10:09:40.811Z
N02093,Maple Court,2025-04-15,Route Planning,Low,Route handoff between teams caused delays,Schedule preventive maintenance,2026-06-25T10:09:16.280Z,2026-06-25T10:09:40.811Z
N02096,Willow Creek,2025-04-01,Gate Access,Medium,Gate intercom system malfunctioned during service hours,Schedule preventive maintenance,2026-06-25T10:09:16.280Z,2026-06-25T10:09:40.811Z
N02106,Harbor Pointe,2025-04-14,Staffing,Medium,New collector unfamiliar with property layout,Update access credentials,2026-06-25T10:09:16.280Z,2026-06-25T10:09:40.811Z
N02125,Green Oaks,2025-01-06,Route Planning,Medium,Service area expansion affected route timing,Review route optimization plan,2026-06-25T10:09:16.280Z,2026-06-25T10:09:40.811Z
N02129,Harbor Pointe,2025-05-07,Vehicle,High,Truck mechanical issue delayed entire route schedule,Schedule preventive maintenance,2026-06-25T10:09:16.280Z,2026-06-25T10:09:40.811Z
N02131,Maple Court,2025-02-23,Route Planning,Critical,Property clustering analysis suggested optimization opportunities,Coordinate with property manager,2026-06-25T10:09:16.280Z,2026-06-25T10:09:40.811Z
N02142,Green Oaks,2025-04-23,Route Planning,Critical,Property clustering analysis suggested optimization opportunities,Assign backup collection crew,2026-06-25T10:09:16.280Z,2026-06-25T10:09:40.811Z
N02149,Birchwood Commons,2025-01-23,Gate Access,Low,Property manager unavailable to provide updated gate code,Review route optimization plan,2026-06-25T10:09:16.280Z,2026-06-25T10:09:40.811Z
N02177,Cedar Park,2025-02-08,Property Management,Critical,Manager reported recurring service concerns,Increase staffing coverage,2026-06-25T10:09:16.280Z,2026-06-25T10:09:40.811Z
N02211,Cedar Park,2025-01-06,Property Management,Medium,Property policy changes affected service delivery,Escalate issue to regional manager,2026-06-25T10:09:16.280Z,2026-06-25T10:09:40.811Z
N02237,Willow Creek,2025-03-22,Vehicle,Critical,Brake system inspection delayed deployment,Increase staffing coverage,2026-06-25T10:09:16.280Z,2026-06-25T10:09:40.811Z
N02243,Green Oaks,2025-05-31,Staffing,Critical,New collector unfamiliar with property layout,Escalate issue to regional manager,2026-06-25T10:09:16.280Z,2026-06-25T10:09:40.811Z
N02246,Harbor Pointe,2025-03-27,Staffing,Medium,New collector unfamiliar with property layout,Perform operational audit,2026-06-25T10:09:16.280Z,2026-06-25T10:09:40.811Z
N02291,Maple Court,2025-05-02,Route Planning,Medium,Scheduling overlap reduced operational efficiency,Schedule preventive maintenance,2026-06-25T10:09:16.280Z,2026-06-25T10:09:40.811Z
N02298,Green Oaks,2025-04-28,Staffing,Medium,Resource allocation issue affected collection schedule,Perform operational audit,2026-06-25T10:09:16.280Z,2026-06-25T10:09:40.811Z
N02304,Birchwood Commons,2025-02-25,Gate Access,Critical,Community access policy changes were not communicated,Coordinate with property manager,2026-06-25T10:09:16.280Z,2026-06-25T10:09:40.811Z
N02319,Harbor Pointe,2025-05-20,Vehicle,Medium,Truck mechanical issue delayed entire route schedule,Coordinate with property manager,2026-06-25T10:09:16.280Z,2026-06-25T10:09:40.811Z
N02328,Green Oaks,2025-06-19,Staffing,Low,Resource allocation issue affected collection schedule,Coordinate with property manager,2026-06-25T10:09:16.280Z,2026-06-25T10:09:40.811Z
N02369,Lakeview Terrace,2025-05-02,Route Planning,Critical,Unexpected road closure required route diversion,Monitor performance for next 7 days,2026-06-25T10:09:16.280Z,2026-06-25T10:09:40.811Z
N02380,Harbor Pointe,2025-05-31,Vehicle,Critical,Transmission issue impacted route completion,Update access credentials,2026-06-25T10:09:16.280Z,2026-06-25T10:09:40.811Z
N02387,Willow Creek,2025-05-08,Vehicle,High,Hydraulic lift malfunction slowed operations,Escalate issue to regional manager,2026-06-25T10:09:16.280Z,2026-06-25T10:09:40.811Z
N02389,Harbor Pointe,2025-06-26,Weather,Critical,Weather disruptions impacted multiple communities,Conduct resident awareness campaign,2026-06-25T10:09:16.280Z,2026-06-25T10:09:40.811Z
N02390,Maple Court,2025-02-07,Route Planning,Medium,Navigation issue delayed route completion,Update access credentials,2026-06-25T10:09:16.280Z,2026-06-25T10:09:40.811Z
N02403,Maple Court,2025-03-10,Route Planning,Low,Route capacity exceeded planned workload,Conduct resident awareness campaign,2026-06-25T10:09:16.280Z,2026-06-25T10:09:40.811Z
N02456,Sunset Ridge,2025-01-31,Gate Access,Medium,Community gate remained locked during scheduled pickup window,Coordinate with property manager,2026-06-25T10:09:16.280Z,2026-06-25T10:09:40.811Z
N02467,Sunset Ridge,2025-06-07,Resident Behavior,High,Improper waste disposal created collection challenges,Update access credentials,2026-06-25T10:09:16.280Z,2026-06-25T10:09:40.811Z
N02478,Sunset Ridge,2025-06-20,Property Management,Critical,Operational feedback meeting identified improvement areas,Increase staffing coverage,2026-06-25T10:09:16.280Z,2026-06-25T10:09:40.811Z
N02491,Cedar Park,2025-03-05,Route Planning,Medium,Route optimization issue increased travel time,Conduct resident awareness campaign,2026-06-25T10:09:16.280Z,2026-06-25T10:09:40.811Z
N02494,Cedar Park,2025-04-14,Route Planning,High,Inefficient property sequencing impacted schedule adherence,Conduct resident awareness campaign,2026-06-25T10:09:16.280Z,2026-06-25T10:09:40.811Z
N02495,Sunset Ridge,2025-06-15,Property Management,Low,Management requested route modifications,Update access credentials,2026-06-25T10:09:16.280Z,2026-06-25T10:09:40.811Z
N02517,Maple Court,2025-04-11,Route Planning,Low,Operational review identified route inefficiencies,Perform operational audit,2026-06-25T10:09:16.280Z,2026-06-25T10:09:40.811Z
N02542,Green Oaks,2025-06-30,Route Planning,High,Property clustering analysis suggested optimization opportunities,Escalate issue to regional manager,2026-06-25T10:09:16.280Z,2026-06-25T10:09:40.811Z
N02596,Willow Creek,2025-06-05,Gate Access,Medium,Security denied entry due to outdated access credentials,Schedule preventive maintenance,2026-06-25T10:09:16.280Z,2026-06-25T10:09:40.811Z
N02599,Harbor Pointe,2025-06-30,Staffing,Low,New collector unfamiliar with property layout,Perform operational audit,2026-06-25T10:09:16.280Z,2026-06-25T10:09:40.811Z
N02609,Willow Creek,2025-05-09,Staffing,Low,Peak demand exceeded available workforce capacity,Escalate issue to regional manager,2026-06-25T10:09:16.280Z,2026-06-25T10:09:40.811Z
N02641,Maple Court,2025-01-28,Route Planning,Medium,Property clustering analysis suggested optimization opportunities,Escalate issue to regional manager,2026-06-25T10:09:16.280Z,2026-06-25T10:09:40.811Z
N02653,Green Oaks,2025-03-29,Route Planning,Critical,Route capacity exceeded planned workload,Assign backup collection crew,2026-06-25T10:09:16.280Z,2026-06-25T10:09:40.811Z
N02654,Willow Creek,2025-04-22,Staffing,High,Holiday staffing shortages caused delays,Update access credentials,2026-06-25T10:09:16.280Z,2026-06-25T10:09:40.811Z
N02709,Willow Creek,2025-02-20,Gate Access,High,Gate access restrictions caused delay on route,Conduct resident awareness campaign,2026-06-25T10:09:16.280Z,2026-06-25T10:09:40.811Z
N02735,Cedar Park,2025-05-23,Property Management,Critical,Manager reported recurring service concerns,Assign backup collection crew,2026-06-25T10:09:16.280Z,2026-06-25T10:09:40.811Z
N02746,Sunset Ridge,2025-04-01,Gate Access,Medium,Restricted access due to special community event,Schedule preventive maintenance,2026-06-25T10:09:16.280Z,2026-06-25T10:09:40.811Z
N02767,Willow Creek,2025-06-21,Vehicle,Critical,Brake system inspection delayed deployment,Update access credentials,2026-06-25T10:09:16.280Z,2026-06-25T10:09:40.811Z
N02791,Harbor Pointe,2025-06-02,Vehicle,Low,Vehicle inspection identified safety concerns before dispatch,Perform operational audit,2026-06-25T10:09:16.280Z,2026-06-25T10:09:40.811Z
N02806,Cedar Park,2025-03-31,Property Management,High,Property staffing changes impacted coordination,Monitor performance for next 7 days,2026-06-25T10:09:16.280Z,2026-06-25T10:09:40.811Z
N02836,Birchwood Commons,2025-06-20,Resident Behavior,Critical,Residents placed bins outside designated collection hours,Escalate issue to regional manager,2026-06-25T10:09:16.280Z,2026-06-25T10:09:40.811Z
N02849,Harbor Pointe,2025-01-11,Vehicle,Medium,Fleet shortage increased route workloads,Schedule preventive maintenance,2026-06-25T10:09:16.280Z,2026-06-25T10:09:40.811Z
N02863,Green Oaks,2025-04-21,Route Planning,Critical,Route redesign recommended to improve performance,Escalate issue to regional manager,2026-06-25T10:09:16.280Z,2026-06-25T10:09:40.811Z
N02892,Cedar Park,2025-02-20,Route Planning,High,Construction activity blocked primary collection route,Escalate issue to regional manager,2026-06-25T10:09:16.280Z,2026-06-25T10:09:40.811Z
N02909,Birchwood Commons,2025-03-18,Resident Behavior,Critical,Residents requested unscheduled pickups,Coordinate with property manager,2026-06-25T10:09:16.280Z,2026-06-25T10:09:40.811Z
N02932,Willow Creek,2025-06-12,Gate Access,Low,New security protocol delayed collector access,Schedule preventive maintenance,2026-06-25T10:09:16.280Z,2026-06-25T10:09:40.811Z
N02001,Sunset Ridge,2025-02-23,Property Management,Critical,Service expectations reviewed with property leadership,Assign backup collection crew,2026-06-25T10:09:16.280Z,2026-06-25T10:09:40.811Z
N02009,Sunset Ridge,2025-05-11,Property Management,Low,Management requested route modifications,Schedule preventive maintenance,2026-06-25T10:09:16.280Z,2026-06-25T10:09:40.811Z
N02029,Green Oaks,2025-05-11,Vehicle,Low,Unexpected maintenance increased route completion time,Monitor performance for next 7 days,2026-06-25T10:09:16.280Z,2026-06-25T10:09:40.811Z
N02035,Birchwood Commons,2025-01-10,Gate Access,Medium,Multiple access attempts required before entry was granted,Increase staffing coverage,2026-06-25T10:09:16.280Z,2026-06-25T10:09:40.811Z
N02046,Maple Court,2025-03-22,Route Planning,Low,High-density properties created route bottlenecks,Escalate issue to regional manager,2026-06-25T10:09:16.280Z,2026-06-25T10:09:40.811Z
N02052,Willow Creek,2025-04-05,Gate Access,Low,Restricted access due to special community event,Update access credentials,2026-06-25T10:09:16.280Z,2026-06-25T10:09:40.811Z
N02058,Lakeview Terrace,2025-02-04,Resident Behavior,High,Overflowing bins required additional collection effort,Conduct resident awareness campaign,2026-06-25T10:09:16.280Z,2026-06-25T10:09:40.811Z
N02075,Harbor Pointe,2025-02-25,Vehicle,Medium,Battery failure delayed route departure,Increase staffing coverage,2026-06-25T10:09:16.280Z,2026-06-25T10:09:40.811Z
N02078,Green Oaks,2025-01-19,Route Planning,High,Dynamic route adjustments improved service outcomes,Conduct resident awareness campaign,2026-06-25T10:09:16.280Z,2026-06-25T10:09:40.811Z
N02104,Lakeview Terrace,2025-01-09,Weather,High,Unexpected storm activity required schedule changes,Perform operational audit,2026-06-25T10:09:16.280Z,2026-06-25T10:09:40.811Z
N02120,Maple Court,2025-03-30,Vehicle,Critical,Collection vehicle required mid-route maintenance stop,Coordinate with property manager,2026-06-25T10:09:16.280Z,2026-06-25T10:09:40.811Z
N02141,Sunset Ridge,2025-06-06,Gate Access,Critical,Security denied entry due to outdated access credentials,Monitor performance for next 7 days,2026-06-25T10:09:16.280Z,2026-06-25T10:09:40.811Z
N02148,Green Oaks,2025-05-15,Vehicle,High,Collection vehicle required mid-route maintenance stop,Increase staffing coverage,2026-06-25T10:09:16.280Z,2026-06-25T10:09:40.811Z
N02153,Lakeview Terrace,2025-06-08,Route Planning,Medium,GPS routing error caused missed service locations,Monitor performance for next 7 days,2026-06-25T10:09:16.280Z,2026-06-25T10:09:40.811Z
N02170,Birchwood Commons,2025-06-14,Resident Behavior,High,Resident education on waste procedures was recommended,Perform operational audit,2026-06-25T10:09:16.280Z,2026-06-25T10:09:40.811Z
N02183,Maple Court,2025-03-02,Route Planning,Critical,Service area expansion affected route timing,Escalate issue to regional manager,2026-06-25T10:09:16.280Z,2026-06-25T10:09:40.811Z
N02194,Maple Court,2025-01-23,Route Planning,Critical,Construction activity blocked primary collection route,Coordinate with property manager,2026-06-25T10:09:16.280Z,2026-06-25T10:09:40.811Z
N02197,Harbor Pointe,2025-03-14,Weather,Low,Storm conditions resulted in temporary service suspension,Conduct resident awareness campaign,2026-06-25T10:09:16.280Z,2026-06-25T10:09:40.811Z
N02201,Lakeview Terrace,2025-06-29,Weather,Critical,Weather disruptions impacted multiple communities,Update access credentials,2026-06-25T10:09:16.280Z,2026-06-25T10:09:40.811Z
N02207,Sunset Ridge,2025-04-30,Resident Behavior,High,Collection instructions were frequently ignored,Update access credentials,2026-06-25T10:09:16.280Z,2026-06-25T10:09:40.811Z
N02230,Harbor Pointe,2025-06-07,Staffing,Critical,Shift scheduling conflict resulted in delayed collections,Perform operational audit,2026-06-25T10:09:16.280Z,2026-06-25T10:09:40.811Z
N02234,Birchwood Commons,2025-01-22,Resident Behavior,High,Unauthorized items were left for collection,Update access credentials,2026-06-25T10:09:16.280Z,2026-06-25T10:09:40.811Z
N02238,Sunset Ridge,2025-04-05,Property Management,Critical,Management requested route modifications,Review route optimization plan,2026-06-25T10:09:16.280Z,2026-06-25T10:09:40.811Z
N02270,Sunset Ridge,2025-02-28,Gate Access,Medium,Service entrance blocked by maintenance activity,Assign backup collection crew,2026-06-25T10:09:16.280Z,2026-06-25T10:09:40.811Z
N02273,Green Oaks,2025-02-20,Vehicle,Low,Fuel system malfunction impacted collection operations,Schedule preventive maintenance,2026-06-25T10:09:16.280Z,2026-06-25T10:09:40.811Z
N02285,Willow Creek,2025-01-17,Gate Access,Low,Gate intercom system malfunctioned during service hours,Review route optimization plan,2026-06-25T10:09:16.280Z,2026-06-25T10:09:40.811Z
N02335,Lakeview Terrace,2025-06-02,Resident Behavior,Critical,Repeated policy violations impacted service quality,Schedule preventive maintenance,2026-06-25T10:09:16.280Z,2026-06-25T10:09:40.811Z
N02357,Birchwood Commons,2025-03-12,Resident Behavior,High,Collection bins were inaccessible during service window,Review route optimization plan,2026-06-25T10:09:16.280Z,2026-06-25T10:09:40.811Z
N02405,Green Oaks,2025-06-27,Staffing,High,Staff shortage on route caused missed pickups,Review route optimization plan,2026-06-25T10:09:16.280Z,2026-06-25T10:09:40.811Z
N02418,Willow Creek,2025-04-07,Gate Access,Low,Community gate remained locked during scheduled pickup window,Perform operational audit,2026-06-25T10:09:16.280Z,2026-06-25T10:09:40.811Z
N02426,Willow Creek,2025-06-30,Gate Access,Critical,Manual gate operation caused route delays,Review route optimization plan,2026-06-25T10:09:16.280Z,2026-06-25T10:09:40.811Z
N02447,Sunset Ridge,2025-05-12,Property Management,High,Management requested additional pickup support,Monitor performance for next 7 days,2026-06-25T10:09:16.280Z,2026-06-25T10:09:40.811Z
N02459,Sunset Ridge,2025-06-23,Resident Behavior,High,Unauthorized items were left for collection,Coordinate with property manager,2026-06-25T10:09:16.280Z,2026-06-25T10:09:40.811Z
N02470,Sunset Ridge,2025-06-04,Property Management,Medium,Property leadership requested service enhancement review,Review route optimization plan,2026-06-25T10:09:16.280Z,2026-06-25T10:09:40.811Z
N02473,Harbor Pointe,2025-02-18,Vehicle,Critical,Battery failure delayed route departure,Assign backup collection crew,2026-06-25T10:09:16.280Z,2026-06-25T10:09:40.811Z
N02504,Lakeview Terrace,2025-04-30,Resident Behavior,High,Excess waste volume exceeded expected capacity,Increase staffing coverage,2026-06-25T10:09:16.280Z,2026-06-25T10:09:40.811Z
N02506,Cedar Park,2025-04-01,Property Management,High,Property management requested schedule adjustment,Schedule preventive maintenance,2026-06-25T10:09:16.280Z,2026-06-25T10:09:40.811Z
N02516,Lakeview Terrace,2025-03-09,Route Planning,Low,Property clustering analysis suggested optimization opportunities,Schedule preventive maintenance,2026-06-25T10:09:16.280Z,2026-06-25T10:09:40.811Z
N02545,Lakeview Terrace,2025-03-15,Weather,Medium,Emergency weather response delayed operations,Assign backup collection crew,2026-06-25T10:09:16.280Z,2026-06-25T10:09:40.811Z
N02546,Maple Court,2025-02-21,Weather,Critical,Regional weather event affected service levels,Update access credentials,2026-06-25T10:09:16.280Z,2026-06-25T10:09:40.811Z
N02581,Green Oaks,2025-01-08,Route Planning,Critical,Property clustering analysis suggested optimization opportunities,Update access credentials,2026-06-25T10:09:16.280Z,2026-06-25T10:09:40.811Z
N02591,Birchwood Commons,2025-04-15,Property Management,High,Access restrictions increased service complexity,Review route optimization plan,2026-06-25T10:09:16.280Z,2026-06-25T10:09:40.811Z
N02603,Harbor Pointe,2025-02-02,Staffing,Critical,Resource allocation issue affected collection schedule,Increase staffing coverage,2026-06-25T10:09:16.280Z,2026-06-25T10:09:40.811Z
N02624,Lakeview Terrace,2025-05-11,Resident Behavior,Critical,Resident complaints increased after route schedule change,Increase staffing coverage,2026-06-25T10:09:16.280Z,2026-06-25T10:09:40.811Z
N02632,Maple Court,2025-06-24,Vehicle,Low,Fleet availability issues caused route reassignment,Escalate issue to regional manager,2026-06-25T10:09:16.280Z,2026-06-25T10:09:40.811Z
N02634,Sunset Ridge,2025-05-26,Gate Access,Medium,Visitor access restrictions delayed collection process,Conduct resident awareness campaign,2026-06-25T10:09:16.280Z,2026-06-25T10:09:40.811Z
N02637,Sunset Ridge,2025-06-29,Gate Access,Critical,Temporary gate malfunction prevented collector entry,Review route optimization plan,2026-06-25T10:09:16.280Z,2026-06-25T10:09:40.811Z
N02647,Birchwood Commons,2025-05-12,Resident Behavior,High,Unauthorized items were left for collection,Schedule preventive maintenance,2026-06-25T10:09:16.280Z,2026-06-25T10:09:40.811Z
N02662,Lakeview Terrace,2025-04-18,Route Planning,Medium,Route capacity exceeded planned workload,Conduct resident awareness campaign,2026-06-25T10:09:16.280Z,2026-06-25T10:09:40.811Z
N02667,Cedar Park,2025-05-03,Route Planning,Low,Traffic congestion delayed collections across multiple properties,Monitor performance for next 7 days,2026-06-25T10:09:16.280Z,2026-06-25T10:09:40.811Z
N02734,Harbor Pointe,2025-04-18,Staffing,Medium,Multiple employee absences occurred simultaneously,Update access credentials,2026-06-25T10:09:16.280Z,2026-06-25T10:09:40.811Z
N02763,Green Oaks,2025-04-17,Staffing,Critical,Holiday staffing shortages caused delays,Perform operational audit,2026-06-25T10:09:16.280Z,2026-06-25T10:09:40.811Z
N02771,Cedar Park,2025-03-15,Property Management,Medium,Management communication delay affected operations,Assign backup collection crew,2026-06-25T10:09:16.280Z,2026-06-25T10:09:40.811Z
N02772,Cedar Park,2025-03-19,Property Management,High,Management escalation required operational review,Assign backup collection crew,2026-06-25T10:09:16.280Z,2026-06-25T10:09:40.811Z
N02777,Green Oaks,2025-02-06,Route Planning,High,Route optimization issue increased travel time,Increase staffing coverage,2026-06-25T10:09:16.280Z,2026-06-25T10:09:40.811Z
N02800,Cedar Park,2025-05-16,Staffing,Low,Holiday staffing shortages caused delays,Coordinate with property manager,2026-06-25T10:09:16.280Z,2026-06-25T10:09:40.811Z
N02815,Willow Creek,2025-04-26,Staffing,High,Training requirements delayed assignment of replacement collector,Review route optimization plan,2026-06-25T10:09:16.280Z,2026-06-25T10:09:40.811Z
N02819,Sunset Ridge,2025-05-19,Property Management,Critical,Management requested additional pickup support,Schedule preventive maintenance,2026-06-25T10:09:16.280Z,2026-06-25T10:09:40.811Z
N02825,Lakeview Terrace,2025-03-13,Resident Behavior,Low,Improper waste disposal created collection challenges,Review route optimization plan,2026-06-25T10:09:16.280Z,2026-06-25T10:09:40.811Z
N02839,Birchwood Commons,2025-06-15,Resident Behavior,Low,Unauthorized items were left for collection,Escalate issue to regional manager,2026-06-25T10:09:16.280Z,2026-06-25T10:09:40.811Z
N02930,Sunset Ridge,2025-04-12,Property Management,Critical,Community event impacted collection schedule,Monitor performance for next 7 days,2026-06-25T10:09:16.280Z,2026-06-25T10:09:40.811Z
N02937,Cedar Park,2025-04-20,Route Planning,Low,Construction activity blocked primary collection route,Assign backup collection crew,2026-06-25T10:09:16.280Z,2026-06-25T10:09:40.811Z
N02949,Lakeview Terrace,2025-03-24,Weather,Medium,Storm conditions resulted in temporary service suspension,Escalate issue to regional manager,2026-06-25T10:09:16.280Z,2026-06-25T10:09:40.811Z
N02972,Harbor Pointe,2025-03-08,Staffing,Critical,Unexpected employee absence impacted daily operations,Schedule preventive maintenance,2026-06-25T10:09:16.280Z,2026-06-25T10:09:40.811Z
N02980,Harbor Pointe,2025-03-08,Weather,Medium,Severe heat affected workforce productivity,Monitor performance for next 7 days,2026-06-25T10:09:16.280Z,2026-06-25T10:09:40.811Z
N02012,Lakeview Terrace,2025-05-06,Route Planning,Low,Service area expansion affected route timing,Coordinate with property manager,2026-06-25T10:09:16.280Z,2026-06-25T10:09:40.811Z
N02026,Lakeview Terrace,2025-04-27,Weather,Low,Emergency weather response delayed operations,Update access credentials,2026-06-25T10:09:16.280Z,2026-06-25T10:09:40.811Z
N02037,Willow Creek,2025-05-04,Vehicle,Low,Vehicle inspection identified safety concerns before dispatch,Perform operational audit,2026-06-25T10:09:16.280Z,2026-06-25T10:09:40.811Z
N02100,Birchwood Commons,2025-01-02,Gate Access,Medium,Gate access restrictions caused delay on route,Review route optimization plan,2026-06-25T10:09:16.280Z,2026-06-25T10:09:40.811Z
N02126,Willow Creek,2025-02-23,Gate Access,High,Entry denied due to missing vendor registration,Increase staffing coverage,2026-06-25T10:09:16.280Z,2026-06-25T10:09:40.811Z
N02127,Harbor Pointe,2025-03-27,Vehicle,Medium,Fleet shortage increased route workloads,Schedule preventive maintenance,2026-06-25T10:09:16.280Z,2026-06-25T10:09:40.811Z
N02128,Maple Court,2025-02-13,Vehicle,High,Emergency repair interrupted collection schedule,Increase staffing coverage,2026-06-25T10:09:16.280Z,2026-06-25T10:09:40.811Z
N02155,Maple Court,2025-03-10,Vehicle,High,Equipment failure reduced collection efficiency,Assign backup collection crew,2026-06-25T10:09:16.280Z,2026-06-25T10:09:40.811Z
N02157,Willow Creek,2025-02-23,Gate Access,Critical,Leasing office did not answer for gate code reset,Perform operational audit,2026-06-25T10:09:16.280Z,2026-06-25T10:09:40.811Z
N02159,Harbor Pointe,2025-06-29,Weather,Critical,Unexpected storm activity required schedule changes,Review route optimization plan,2026-06-25T10:09:16.280Z,2026-06-25T10:09:40.811Z
N02167,Sunset Ridge,2025-01-13,Gate Access,Low,Leasing office did not answer for gate code reset,Escalate issue to regional manager,2026-06-25T10:09:16.280Z,2026-06-25T10:09:40.811Z
N02182,Cedar Park,2025-01-28,Staffing,High,Peak demand exceeded available workforce capacity,Perform operational audit,2026-06-25T10:09:16.280Z,2026-06-25T10:09:40.811Z
N02209,Green Oaks,2025-01-12,Staffing,Low,Shift scheduling conflict resulted in delayed collections,Escalate issue to regional manager,2026-06-25T10:09:16.280Z,2026-06-25T10:09:40.811Z
N02223,Harbor Pointe,2025-06-24,Weather,High,Severe weather reduced operational efficiency,Assign backup collection crew,2026-06-25T10:09:16.280Z,2026-06-25T10:09:40.811Z
N02244,Willow Creek,2025-06-22,Staffing,High,Holiday staffing shortages caused delays,Monitor performance for next 7 days,2026-06-25T10:09:16.280Z,2026-06-25T10:09:40.811Z
N02247,Harbor Pointe,2025-01-01,Vehicle,Low,Collection vehicle required mid-route maintenance stop,Increase staffing coverage,2026-06-25T10:09:16.280Z,2026-06-25T10:09:40.811Z
N02266,Harbor Pointe,2025-04-24,Staffing,High,New collector unfamiliar with property layout,Monitor performance for next 7 days,2026-06-25T10:09:16.280Z,2026-06-25T10:09:40.811Z
N02271,Birchwood Commons,2025-06-02,Property Management,Medium,Management requested additional pickup support,Review route optimization plan,2026-06-25T10:09:16.280Z,2026-06-25T10:09:40.811Z
N02277,Sunset Ridge,2025-06-14,Property Management,High,Access restrictions increased service complexity,Increase staffing coverage,2026-06-25T10:09:16.280Z,2026-06-25T10:09:40.811Z
N02278,Harbor Pointe,2025-06-09,Vehicle,High,Hydraulic lift malfunction slowed operations,Coordinate with property manager,2026-06-25T10:09:16.280Z,2026-06-25T10:09:40.811Z
N02280,Maple Court,2025-01-08,Route Planning,Critical,Route capacity exceeded planned workload,Perform operational audit,2026-06-25T10:09:16.280Z,2026-06-25T10:09:40.811Z
N02287,Maple Court,2025-06-23,Weather,Critical,Adverse weather increased average completion times,Coordinate with property manager,2026-06-25T10:09:16.280Z,2026-06-25T10:09:40.811Z
N02296,Maple Court,2025-06-25,Weather,Low,Adverse weather increased average completion times,Review route optimization plan,2026-06-25T10:09:16.280Z,2026-06-25T10:09:40.811Z
N02309,Harbor Pointe,2025-04-15,Staffing,Low,High employee turnover affected route consistency,Conduct resident awareness campaign,2026-06-25T10:09:16.280Z,2026-06-25T10:09:40.811Z
N02321,Maple Court,2025-03-26,Weather,Low,Wet conditions reduced collection speed,Monitor performance for next 7 days,2026-06-25T10:09:16.280Z,2026-06-25T10:09:40.811Z
N02340,Cedar Park,2025-05-23,Property Management,Medium,Management escalation required operational review,Assign backup collection crew,2026-06-25T10:09:16.280Z,2026-06-25T10:09:40.811Z
N02379,Harbor Pointe,2025-04-13,Vehicle,Low,Replacement vehicle arrived later than expected,Increase staffing coverage,2026-06-25T10:09:16.280Z,2026-06-25T10:09:40.811Z
N02416,Maple Court,2025-01-14,Weather,Low,Ice accumulation restricted vehicle movement,Assign backup collection crew,2026-06-25T10:09:16.280Z,2026-06-25T10:09:40.811Z
N02441,Harbor Pointe,2025-04-11,Vehicle,Low,Emergency repair interrupted collection schedule,Increase staffing coverage,2026-06-25T10:09:16.280Z,2026-06-25T10:09:40.811Z
N02449,Willow Creek,2025-06-24,Vehicle,Medium,Equipment failure reduced collection efficiency,Assign backup collection crew,2026-06-25T10:09:16.280Z,2026-06-25T10:09:40.811Z
N02465,Maple Court,2025-05-23,Route Planning,Low,Inefficient route sequencing reduced productivity,Review route optimization plan,2026-06-25T10:09:16.280Z,2026-06-25T10:09:40.811Z
N02477,Birchwood Commons,2025-03-13,Gate Access,Medium,Security denied entry due to outdated access credentials,Perform operational audit,2026-06-25T10:09:16.280Z,2026-06-25T10:09:40.811Z
N02499,Harbor Pointe,2025-03-09,Weather,Low,Regional weather event affected service levels,Coordinate with property manager,2026-06-25T10:09:16.280Z,2026-06-25T10:09:40.811Z
N02501,Cedar Park,2025-06-22,Property Management,High,Property staffing changes impacted coordination,Monitor performance for next 7 days,2026-06-25T10:09:16.280Z,2026-06-25T10:09:40.811Z
N02525,Green Oaks,2025-04-29,Route Planning,Low,Unexpected road closure required route diversion,Schedule preventive maintenance,2026-06-25T10:09:16.280Z,2026-06-25T10:09:40.811Z
N02526,Lakeview Terrace,2025-02-14,Weather,High,Unexpected storm activity required schedule changes,Conduct resident awareness campaign,2026-06-25T10:09:16.280Z,2026-06-25T10:09:40.811Z
N02528,Green Oaks,2025-06-25,Route Planning,Critical,Navigation issue delayed route completion,Perform operational audit,2026-06-25T10:09:16.280Z,2026-06-25T10:09:40.811Z
N02539,Maple Court,2025-02-08,Weather,Critical,Weather advisory required route modification,Coordinate with property manager,2026-06-25T10:09:16.280Z,2026-06-25T10:09:40.811Z
N02548,Lakeview Terrace,2025-01-04,Weather,Critical,Poor visibility affected route safety,Schedule preventive maintenance,2026-06-25T10:09:16.280Z,2026-06-25T10:09:40.811Z
N02593,Willow Creek,2025-03-23,Vehicle,Medium,Vehicle breakdown impacted collections on route,Escalate issue to regional manager,2026-06-25T10:09:16.280Z,2026-06-25T10:09:40.811Z
N02606,Willow Creek,2025-06-23,Gate Access,Medium,Access card failed to unlock service entrance,Schedule preventive maintenance,2026-06-25T10:09:16.280Z,2026-06-25T10:09:40.811Z
N02618,Willow Creek,2025-03-02,Gate Access,Medium,Service entrance blocked by maintenance activity,Coordinate with property manager,2026-06-25T10:09:16.280Z,2026-06-25T10:09:40.811Z
N02635,Birchwood Commons,2025-06-04,Gate Access,High,Restricted access due to special community event,Perform operational audit,2026-06-25T10:09:16.280Z,2026-06-25T10:09:40.811Z
N02636,Harbor Pointe,2025-05-14,Vehicle,Critical,Battery failure delayed route departure,Conduct resident awareness campaign,2026-06-25T10:09:16.280Z,2026-06-25T10:09:40.811Z
N02663,Willow Creek,2025-04-02,Vehicle,Medium,Engine overheating forced temporary route suspension,Coordinate with property manager,2026-06-25T10:09:16.280Z,2026-06-25T10:09:40.811Z
N02669,Willow Creek,2025-01-22,Vehicle,Low,Hydraulic lift malfunction slowed operations,Increase staffing coverage,2026-06-25T10:09:16.280Z,2026-06-25T10:09:40.811Z
N02676,Maple Court,2025-06-04,Route Planning,Medium,Peak-hour traffic increased collection duration,Assign backup collection crew,2026-06-25T10:09:16.280Z,2026-06-25T10:09:40.811Z
N02693,Sunset Ridge,2025-05-31,Gate Access,Low,Manual gate operation caused route delays,Escalate issue to regional manager,2026-06-25T10:09:16.280Z,2026-06-25T10:09:40.811Z
N02698,Lakeview Terrace,2025-01-31,Resident Behavior,Critical,Resident education on waste procedures was recommended,Update access credentials,2026-06-25T10:09:16.280Z,2026-06-25T10:09:40.811Z
N02701,Willow Creek,2025-02-26,Staffing,Critical,Training requirements delayed assignment of replacement collector,Update access credentials,2026-06-25T10:09:16.280Z,2026-06-25T10:09:40.811Z
N02705,Lakeview Terrace,2025-05-02,Resident Behavior,Critical,Several residents reported confusion regarding pickup schedule,Increase staffing coverage,2026-06-25T10:09:16.280Z,2026-06-25T10:09:40.811Z
N02724,Harbor Pointe,2025-01-07,Vehicle,Medium,Transmission issue impacted route completion,Monitor performance for next 7 days,2026-06-25T10:09:16.280Z,2026-06-25T10:09:40.811Z
N02736,Willow Creek,2025-03-27,Gate Access,Critical,Access card failed to unlock service entrance,Conduct resident awareness campaign,2026-06-25T10:09:16.280Z,2026-06-25T10:09:40.811Z
N02742,Harbor Pointe,2025-01-06,Vehicle,Medium,Equipment failure reduced collection efficiency,Review route optimization plan,2026-06-25T10:09:16.280Z,2026-06-25T10:09:40.811Z
N02798,Green Oaks,2025-03-26,Vehicle,Medium,Replacement vehicle arrived later than expected,Review route optimization plan,2026-06-25T10:09:16.280Z,2026-06-25T10:09:40.811Z
N02807,Maple Court,2025-04-08,Weather,High,Snow accumulation blocked access to several units,Conduct resident awareness campaign,2026-06-25T10:09:16.280Z,2026-06-25T10:09:40.811Z
N02813,Maple Court,2025-01-17,Route Planning,High,High-density properties created route bottlenecks,Coordinate with property manager,2026-06-25T10:09:16.280Z,2026-06-25T10:09:40.811Z
N02835,Lakeview Terrace,2025-01-11,Weather,Low,High winds created safety concerns for collectors,Assign backup collection crew,2026-06-25T10:09:16.280Z,2026-06-25T10:09:40.811Z
N02843,Sunset Ridge,2025-04-17,Gate Access,Medium,Community gate remained locked during scheduled pickup window,Assign backup collection crew,2026-06-25T10:09:16.280Z,2026-06-25T10:09:40.811Z
N02844,Green Oaks,2025-02-15,Route Planning,Critical,Route handoff between teams caused delays,Schedule preventive maintenance,2026-06-25T10:09:16.280Z,2026-06-25T10:09:40.811Z
N02847,Green Oaks,2025-04-24,Route Planning,Medium,Route balancing adjustments improved service coverage,Review route optimization plan,2026-06-25T10:09:16.280Z,2026-06-25T10:09:40.811Z
N02871,Harbor Pointe,2025-06-03,Staffing,Low,Multiple employee absences occurred simultaneously,Increase staffing coverage,2026-06-25T10:09:16.280Z,2026-06-25T10:09:40.811Z
N02921,Cedar Park,2025-02-02,Route Planning,Low,Dynamic route adjustments improved service outcomes,Schedule preventive maintenance,2026-06-25T10:09:16.280Z,2026-06-25T10:09:40.811Z
N02922,Maple Court,2025-04-17,Vehicle,Low,Fuel system malfunction impacted collection operations,Monitor performance for next 7 days,2026-06-25T10:09:16.280Z,2026-06-25T10:09:40.811Z
N03000,Harbor Pointe,2025-05-29,Vehicle,Medium,Vehicle breakdown impacted collections on route,Assign backup collection crew,2026-06-25T10:09:16.280Z,2026-06-25T10:09:40.811Z
N02003,Harbor Pointe,2025-06-09,Weather,Low,Heavy rain delayed collection schedule across region,Schedule preventive maintenance,2026-06-25T10:09:16.280Z,2026-06-25T10:09:40.811Z
N02018,Maple Court,2025-02-11,Weather,Low,Poor visibility affected route safety,Increase staffing coverage,2026-06-25T10:09:16.280Z,2026-06-25T10:09:40.811Z
N02030,Cedar Park,2025-05-06,Staffing,Medium,Holiday staffing shortages caused delays,Coordinate with property manager,2026-06-25T10:09:16.280Z,2026-06-25T10:09:40.811Z
N02050,Green Oaks,2025-04-03,Vehicle,Critical,Replacement vehicle arrived later than expected,Coordinate with property manager,2026-06-25T10:09:16.280Z,2026-06-25T10:09:40.811Z
N02060,Willow Creek,2025-02-05,Staffing,Critical,Peak demand exceeded available workforce capacity,Schedule preventive maintenance,2026-06-25T10:09:16.280Z,2026-06-25T10:09:40.811Z
N02073,Green Oaks,2025-01-05,Route Planning,Critical,Dynamic route adjustments improved service outcomes,Perform operational audit,2026-06-25T10:09:16.280Z,2026-06-25T10:09:40.811Z
N02092,Green Oaks,2025-03-28,Staffing,Low,Shift scheduling conflict resulted in delayed collections,Escalate issue to regional manager,2026-06-25T10:09:16.280Z,2026-06-25T10:09:40.811Z
N02103,Birchwood Commons,2025-05-26,Property Management,Low,Management requested route modifications,Escalate issue to regional manager,2026-06-25T10:09:16.280Z,2026-06-25T10:09:40.811Z
N02109,Green Oaks,2025-05-16,Vehicle,Critical,Brake system inspection delayed deployment,Monitor performance for next 7 days,2026-06-25T10:09:16.280Z,2026-06-25T10:09:40.811Z
N02115,Maple Court,2025-06-30,Route Planning,High,Dynamic route adjustments improved service outcomes,Coordinate with property manager,2026-06-25T10:09:16.280Z,2026-06-25T10:09:40.811Z
N02146,Harbor Pointe,2025-06-25,Vehicle,Low,Vehicle inspection identified safety concerns before dispatch,Monitor performance for next 7 days,2026-06-25T10:09:16.280Z,2026-06-25T10:09:40.811Z
N02151,Cedar Park,2025-05-22,Route Planning,High,Operational review identified route inefficiencies,Update access credentials,2026-06-25T10:09:16.280Z,2026-06-25T10:09:40.811Z
N02163,Lakeview Terrace,2025-02-18,Resident Behavior,Critical,Resident participation declined during holiday period,Assign backup collection crew,2026-06-25T10:09:16.280Z,2026-06-25T10:09:40.811Z
N02192,Sunset Ridge,2025-06-29,Gate Access,Medium,Visitor access restrictions delayed collection process,Assign backup collection crew,2026-06-25T10:09:16.280Z,2026-06-25T10:09:40.811Z
N02193,Harbor Pointe,2025-01-16,Vehicle,Low,Fuel system malfunction impacted collection operations,Schedule preventive maintenance,2026-06-25T10:09:16.280Z,2026-06-25T10:09:40.811Z
N02222,Willow Creek,2025-01-27,Gate Access,Medium,Access card failed to unlock service entrance,Increase staffing coverage,2026-06-25T10:09:16.280Z,2026-06-25T10:09:40.811Z
N02293,Green Oaks,2025-03-21,Vehicle,High,Vehicle breakdown impacted collections on route,Assign backup collection crew,2026-06-25T10:09:16.280Z,2026-06-25T10:09:40.811Z
N02295,Maple Court,2025-02-09,Vehicle,High,Flat tire caused service delays across multiple properties,Update access credentials,2026-06-25T10:09:16.280Z,2026-06-25T10:09:40.811Z
N02301,Birchwood Commons,2025-04-16,Resident Behavior,Medium,Resident left bin blocked by parked vehicle,Conduct resident awareness campaign,2026-06-25T10:09:16.280Z,2026-06-25T10:09:40.811Z
N02303,Cedar Park,2025-03-29,Staffing,Critical,Peak demand exceeded available workforce capacity,Schedule preventive maintenance,2026-06-25T10:09:16.280Z,2026-06-25T10:09:40.811Z
N02318,Birchwood Commons,2025-01-11,Resident Behavior,Low,Resident complaints were concentrated in specific buildings,Review route optimization plan,2026-06-25T10:09:16.280Z,2026-06-25T10:09:40.811Z
N02322,Maple Court,2025-02-13,Weather,Critical,High winds created safety concerns for collectors,Perform operational audit,2026-06-25T10:09:16.280Z,2026-06-25T10:09:40.811Z
N02325,Birchwood Commons,2025-02-16,Property Management,Medium,Property management requested schedule adjustment,Increase staffing coverage,2026-06-25T10:09:16.280Z,2026-06-25T10:09:40.811Z
N02354,Maple Court,2025-02-12,Route Planning,Low,Route optimization issue increased travel time,Update access credentials,2026-06-25T10:09:16.280Z,2026-06-25T10:09:40.811Z
N02372,Cedar Park,2025-06-04,Property Management,High,Operational feedback meeting identified improvement areas,Increase staffing coverage,2026-06-25T10:09:16.280Z,2026-06-25T10:09:40.811Z
N02381,Green Oaks,2025-06-13,Route Planning,Medium,Inefficient property sequencing impacted schedule adherence,Assign backup collection crew,2026-06-25T10:09:16.280Z,2026-06-25T10:09:40.811Z
N02391,Harbor Pointe,2025-06-23,Vehicle,Low,Equipment failure reduced collection efficiency,Monitor performance for next 7 days,2026-06-25T10:09:16.280Z,2026-06-25T10:09:40.811Z
N02411,Birchwood Commons,2025-06-15,Gate Access,Low,Leasing office did not answer for gate code reset,Schedule preventive maintenance,2026-06-25T10:09:16.280Z,2026-06-25T10:09:40.811Z
N02435,Harbor Pointe,2025-04-05,Vehicle,Low,Brake system inspection delayed deployment,Schedule preventive maintenance,2026-06-25T10:09:16.280Z,2026-06-25T10:09:40.811Z
N02439,Sunset Ridge,2025-03-30,Property Management,High,Access restrictions increased service complexity,Perform operational audit,2026-06-25T10:09:16.280Z,2026-06-25T10:09:40.811Z
N02454,Birchwood Commons,2025-02-15,Gate Access,Low,Manual gate operation caused route delays,Update access credentials,2026-06-25T10:09:16.280Z,2026-06-25T10:09:40.811Z
N02463,Harbor Pointe,2025-05-08,Weather,Critical,Regional weather event affected service levels,Schedule preventive maintenance,2026-06-25T10:09:16.280Z,2026-06-25T10:09:40.811Z
N02486,Cedar Park,2025-03-30,Route Planning,High,High-density properties created route bottlenecks,Increase staffing coverage,2026-06-25T10:09:16.280Z,2026-06-25T10:09:40.811Z
N02505,Cedar Park,2025-02-03,Route Planning,Critical,Peak-hour traffic increased collection duration,Monitor performance for next 7 days,2026-06-25T10:09:16.280Z,2026-06-25T10:09:40.811Z
N02510,Cedar Park,2025-01-19,Route Planning,Medium,Route optimization issue increased travel time,Schedule preventive maintenance,2026-06-25T10:09:16.280Z,2026-06-25T10:09:40.811Z
N02512,Sunset Ridge,2025-02-20,Gate Access,Low,Delayed authorization from security personnel,Monitor performance for next 7 days,2026-06-25T10:09:16.280Z,2026-06-25T10:09:40.811Z
N02536,Green Oaks,2025-05-11,Route Planning,Low,GPS routing error caused missed service locations,Schedule preventive maintenance,2026-06-25T10:09:16.280Z,2026-06-25T10:09:40.811Z
N02559,Sunset Ridge,2025-03-01,Property Management,Low,Management requested route modifications,Update access credentials,2026-06-25T10:09:16.280Z,2026-06-25T10:09:40.811Z
N02573,Lakeview Terrace,2025-04-25,Route Planning,Medium,High-density properties created route bottlenecks,Schedule preventive maintenance,2026-06-25T10:09:16.280Z,2026-06-25T10:09:40.811Z
N02578,Lakeview Terrace,2025-02-23,Weather,Low,Severe weather reduced operational efficiency,Conduct resident awareness campaign,2026-06-25T10:09:16.280Z,2026-06-25T10:09:40.811Z
N02585,Sunset Ridge,2025-04-03,Resident Behavior,Critical,Residents requested unscheduled pickups,Conduct resident awareness campaign,2026-06-25T10:09:16.280Z,2026-06-25T10:09:40.811Z
N02586,Lakeview Terrace,2025-02-17,Route Planning,Critical,Route capacity exceeded planned workload,Escalate issue to regional manager,2026-06-25T10:09:16.280Z,2026-06-25T10:09:40.811Z
N02611,Maple Court,2025-04-10,Weather,High,Weather-related road closures impacted routes,Update access credentials,2026-06-25T10:09:16.280Z,2026-06-25T10:09:40.811Z
N02612,Maple Court,2025-06-15,Weather,High,Regional weather event affected service levels,Assign backup collection crew,2026-06-25T10:09:16.280Z,2026-06-25T10:09:40.811Z
N02619,Harbor Pointe,2025-06-25,Vehicle,Critical,Fuel system malfunction impacted collection operations,Escalate issue to regional manager,2026-06-25T10:09:16.280Z,2026-06-25T10:09:40.811Z
N02622,Willow Creek,2025-02-27,Staffing,Medium,Multiple employee absences occurred simultaneously,Schedule preventive maintenance,2026-06-25T10:09:16.280Z,2026-06-25T10:09:40.811Z
N02642,Lakeview Terrace,2025-04-18,Weather,Critical,Flooded access roads prevented route completion,Conduct resident awareness campaign,2026-06-25T10:09:16.280Z,2026-06-25T10:09:40.811Z
N02643,Sunset Ridge,2025-03-28,Gate Access,Critical,Security denied entry due to outdated access credentials,Coordinate with property manager,2026-06-25T10:09:16.280Z,2026-06-25T10:09:40.811Z
N02695,Willow Creek,2025-04-07,Staffing,Critical,"Collector called in sick, route covered late",Conduct resident awareness campaign,2026-06-25T10:09:16.280Z,2026-06-25T10:09:40.811Z
N02719,Lakeview Terrace,2025-02-12,Resident Behavior,Critical,Overflowing bins required additional collection effort,Assign backup collection crew,2026-06-25T10:09:16.280Z,2026-06-25T10:09:40.811Z
N02723,Sunset Ridge,2025-05-23,Property Management,Low,Community event impacted collection schedule,Coordinate with property manager,2026-06-25T10:09:16.280Z,2026-06-25T10:09:40.811Z
N02743,Willow Creek,2025-03-03,Gate Access,High,Restricted access due to special community event,Monitor performance for next 7 days,2026-06-25T10:09:16.280Z,2026-06-25T10:09:40.811Z
N02750,Green Oaks,2025-04-05,Route Planning,Critical,Traffic congestion delayed collections across multiple properties,Conduct resident awareness campaign,2026-06-25T10:09:16.280Z,2026-06-25T10:09:40.811Z
N02752,Maple Court,2025-04-21,Weather,High,Weather disruptions impacted multiple communities,Conduct resident awareness campaign,2026-06-25T10:09:16.280Z,2026-06-25T10:09:40.811Z
N02753,Willow Creek,2025-03-19,Vehicle,Low,Fleet shortage increased route workloads,Schedule preventive maintenance,2026-06-25T10:09:16.280Z,2026-06-25T10:09:40.811Z
N02759,Birchwood Commons,2025-06-11,Gate Access,Medium,Access credentials expired unexpectedly,Assign backup collection crew,2026-06-25T10:09:16.280Z,2026-06-25T10:09:40.811Z
N02769,Lakeview Terrace,2025-02-02,Resident Behavior,Critical,Missed communication led to resident dissatisfaction,Escalate issue to regional manager,2026-06-25T10:09:16.280Z,2026-06-25T10:09:40.811Z
N02780,Maple Court,2025-03-29,Route Planning,Medium,Dynamic route adjustments improved service outcomes,Escalate issue to regional manager,2026-06-25T10:09:16.280Z,2026-06-25T10:09:40.811Z
N02788,Birchwood Commons,2025-03-08,Property Management,High,Management requested additional pickup support,Escalate issue to regional manager,2026-06-25T10:09:16.280Z,2026-06-25T10:09:40.811Z
N02794,Harbor Pointe,2025-01-11,Staffing,Low,Insufficient weekend staffing caused backlog,Update access credentials,2026-06-25T10:09:16.280Z,2026-06-25T10:09:40.811Z
N02818,Birchwood Commons,2025-01-27,Gate Access,Low,Security denied entry due to outdated access credentials,Review route optimization plan,2026-06-25T10:09:16.280Z,2026-06-25T10:09:40.811Z
N02831,Green Oaks,2025-02-04,Route Planning,Critical,Inefficient property sequencing impacted schedule adherence,Update access credentials,2026-06-25T10:09:16.280Z,2026-06-25T10:09:40.811Z
N02837,Harbor Pointe,2025-05-02,Staffing,Low,Unexpected resignations affected operations,Monitor performance for next 7 days,2026-06-25T10:09:16.280Z,2026-06-25T10:09:40.811Z
N02846,Lakeview Terrace,2025-04-03,Route Planning,Medium,Construction activity blocked primary collection route,Conduct resident awareness campaign,2026-06-25T10:09:16.280Z,2026-06-25T10:09:40.811Z
N02867,Willow Creek,2025-04-04,Staffing,Medium,Multiple employee absences occurred simultaneously,Coordinate with property manager,2026-06-25T10:09:16.280Z,2026-06-25T10:09:40.811Z
N02908,Sunset Ridge,2025-04-14,Resident Behavior,Medium,Resident participation declined during holiday period,Assign backup collection crew,2026-06-25T10:09:16.280Z,2026-06-25T10:09:40.811Z
N02924,Willow Creek,2025-05-11,Staffing,Low,Unexpected resignations affected operations,Escalate issue to regional manager,2026-06-25T10:09:16.280Z,2026-06-25T10:09:40.811Z
N02965,Willow Creek,2025-06-02,Staffing,High,Unexpected employee absence impacted daily operations,Coordinate with property manager,2026-06-25T10:09:16.280Z,2026-06-25T10:09:40.811Z
N02985,Lakeview Terrace,2025-06-10,Weather,Medium,Weather disruptions impacted multiple communities,Increase staffing coverage,2026-06-25T10:09:16.280Z,2026-06-25T10:09:40.811Z
N02997,Willow Creek,2025-03-20,Vehicle,Low,Replacement vehicle arrived later than expected,Increase staffing coverage,2026-06-25T10:09:16.280Z,2026-06-25T10:09:40.811Z
N03061,Birchwood Commons,2025-04-21,Gate Access,High,Community access policy changes were not communicated,Monitor performance for next 7 days,2026-06-25T10:09:16.280Z,2026-06-25T10:09:40.811Z
N03076,Willow Creek,2025-05-27,Staffing,Medium,Insufficient weekend staffing caused backlog,Coordinate with property manager,2026-06-25T10:09:16.280Z,2026-06-25T10:09:40.811Z
N03082,Maple Court,2025-05-27,Vehicle,High,Fuel system malfunction impacted collection operations,Monitor performance for next 7 days,2026-06-25T10:09:16.280Z,2026-06-25T10:09:40.811Z
N03083,Birchwood Commons,2025-02-22,Property Management,Medium,Community event impacted collection schedule,Monitor performance for next 7 days,2026-06-25T10:09:16.280Z,2026-06-25T10:09:40.811Z
N03090,Lakeview Terrace,2025-03-02,Weather,Low,Severe weather reduced operational efficiency,Coordinate with property manager,2026-06-25T10:09:16.280Z,2026-06-25T10:09:40.811Z
N03110,Green Oaks,2025-02-22,Staffing,High,Staff reassignment impacted scheduled routes,Review route optimization plan,2026-06-25T10:09:16.280Z,2026-06-25T10:09:40.811Z
N03133,Cedar Park,2025-02-20,Property Management,Critical,Management escalation required operational review,Conduct resident awareness campaign,2026-06-25T10:09:16.280Z,2026-06-25T10:09:40.811Z
N03142,Birchwood Commons,2025-01-06,Property Management,Critical,Access restrictions increased service complexity,Update access credentials,2026-06-25T10:09:16.280Z,2026-06-25T10:09:40.811Z
N03146,Willow Creek,2025-06-15,Gate Access,Medium,Entry denied due to missing vendor registration,Monitor performance for next 7 days,2026-06-25T10:09:16.280Z,2026-06-25T10:09:40.811Z
N03175,Harbor Pointe,2025-01-11,Staffing,Medium,Reduced workforce availability impacted service quality,Update access credentials,2026-06-25T10:09:16.280Z,2026-06-25T10:09:40.811Z
N03179,Lakeview Terrace,2025-02-09,Weather,Critical,High winds created safety concerns for collectors,Coordinate with property manager,2026-06-25T10:09:16.280Z,2026-06-25T10:09:40.811Z
N03198,Sunset Ridge,2025-05-23,Gate Access,Critical,Access card failed to unlock service entrance,Coordinate with property manager,2026-06-25T10:09:16.280Z,2026-06-25T10:09:40.811Z
N03201,Lakeview Terrace,2025-06-24,Weather,High,Wet conditions reduced collection speed,Assign backup collection crew,2026-06-25T10:09:16.280Z,2026-06-25T10:09:40.811Z
N03251,Cedar Park,2025-03-11,Staffing,Critical,Temporary workers required additional supervision,Schedule preventive maintenance,2026-06-25T10:09:16.280Z,2026-06-25T10:09:40.811Z
N03268,Birchwood Commons,2025-02-02,Property Management,High,Property renovation disrupted normal collection process,Increase staffing coverage,2026-06-25T10:09:16.280Z,2026-06-25T10:09:40.811Z
N03271,Harbor Pointe,2025-06-04,Vehicle,Medium,Vehicle breakdown impacted collections on route,Coordinate with property manager,2026-06-25T10:09:16.280Z,2026-06-25T10:09:40.811Z
N03313,Green Oaks,2025-04-27,Vehicle,Medium,Fleet availability issues caused route reassignment,Coordinate with property manager,2026-06-25T10:09:16.280Z,2026-06-25T10:09:40.811Z
N03318,Birchwood Commons,2025-05-04,Property Management,Low,Property management requested schedule adjustment,Update access credentials,2026-06-25T10:09:16.280Z,2026-06-25T10:09:40.811Z
N03319,Birchwood Commons,2025-05-14,Gate Access,High,Access card failed to unlock service entrance,Update access credentials,2026-06-25T10:09:16.280Z,2026-06-25T10:09:40.811Z
N03339,Sunset Ridge,2025-03-02,Resident Behavior,High,Resident complaints were concentrated in specific buildings,Schedule preventive maintenance,2026-06-25T10:09:16.280Z,2026-06-25T10:09:40.811Z
N03354,Green Oaks,2025-02-11,Staffing,Critical,Recruitment delays limited route coverage,Review route optimization plan,2026-06-25T10:09:16.280Z,2026-06-25T10:09:40.811Z
N03392,Willow Creek,2025-02-28,Vehicle,Medium,Fuel system malfunction impacted collection operations,Perform operational audit,2026-06-25T10:09:16.280Z,2026-06-25T10:09:40.811Z
N03399,Lakeview Terrace,2025-05-08,Resident Behavior,Low,Improper waste disposal created collection challenges,Coordinate with property manager,2026-06-25T10:09:16.280Z,2026-06-25T10:09:40.811Z
N03404,Green Oaks,2025-06-05,Route Planning,Critical,Service area expansion affected route timing,Increase staffing coverage,2026-06-25T10:09:16.280Z,2026-06-25T10:09:40.811Z
N03448,Willow Creek,2025-02-03,Staffing,Low,High employee turnover affected route consistency,Update access credentials,2026-06-25T10:09:16.280Z,2026-06-25T10:09:40.811Z
N03455,Lakeview Terrace,2025-01-11,Route Planning,Critical,Route optimization issue increased travel time,Escalate issue to regional manager,2026-06-25T10:09:16.280Z,2026-06-25T10:09:40.811Z
N03484,Green Oaks,2025-02-28,Vehicle,Medium,Fuel system malfunction impacted collection operations,Coordinate with property manager,2026-06-25T10:09:16.280Z,2026-06-25T10:09:40.811Z
N03492,Green Oaks,2025-05-23,Vehicle,Low,Vehicle breakdown impacted collections on route,Assign backup collection crew,2026-06-25T10:09:16.280Z,2026-06-25T10:09:40.811Z
N03511,Green Oaks,2025-06-22,Staffing,Low,Holiday staffing shortages caused delays,Conduct resident awareness campaign,2026-06-25T10:09:16.280Z,2026-06-25T10:09:40.811Z
N03512,Green Oaks,2025-03-19,Route Planning,Low,Traffic congestion delayed collections across multiple properties,Monitor performance for next 7 days,2026-06-25T10:09:16.280Z,2026-06-25T10:09:40.811Z
N03520,Sunset Ridge,2025-06-13,Resident Behavior,Medium,Collection instructions were frequently ignored,Escalate issue to regional manager,2026-06-25T10:09:16.280Z,2026-06-25T10:09:40.811Z
N03521,Green Oaks,2025-05-21,Route Planning,Low,Traffic congestion delayed collections across multiple properties,Increase staffing coverage,2026-06-25T10:09:16.280Z,2026-06-25T10:09:40.811Z
N03536,Willow Creek,2025-02-27,Staffing,Low,Staff reassignment impacted scheduled routes,Escalate issue to regional manager,2026-06-25T10:09:16.280Z,2026-06-25T10:09:40.811Z
N03584,Green Oaks,2025-06-09,Vehicle,High,Flat tire caused service delays across multiple properties,Increase staffing coverage,2026-06-25T10:09:16.280Z,2026-06-25T10:09:40.811Z
N03608,Green Oaks,2025-01-28,Staffing,High,Resource allocation issue affected collection schedule,Schedule preventive maintenance,2026-06-25T10:09:16.280Z,2026-06-25T10:09:40.811Z
N03614,Birchwood Commons,2025-01-23,Property Management,High,Property leadership requested service enhancement review,Review route optimization plan,2026-06-25T10:09:16.280Z,2026-06-25T10:09:40.811Z
N03631,Maple Court,2025-06-18,Vehicle,Critical,Hydraulic lift malfunction slowed operations,Perform operational audit,2026-06-25T10:09:16.280Z,2026-06-25T10:09:40.811Z
N03637,Sunset Ridge,2025-06-28,Resident Behavior,High,Unauthorized items were left for collection,Conduct resident awareness campaign,2026-06-25T10:09:16.280Z,2026-06-25T10:09:40.811Z
N03645,Cedar Park,2025-04-09,Staffing,Critical,New collector unfamiliar with property layout,Assign backup collection crew,2026-06-25T10:09:16.280Z,2026-06-25T10:09:40.811Z
N03650,Sunset Ridge,2025-05-06,Gate Access,High,Community access policy changes were not communicated,Monitor performance for next 7 days,2026-06-25T10:09:16.280Z,2026-06-25T10:09:40.811Z
N03658,Cedar Park,2025-02-16,Property Management,Medium,Operational feedback meeting identified improvement areas,Perform operational audit,2026-06-25T10:09:16.280Z,2026-06-25T10:09:40.811Z
N03666,Green Oaks,2025-01-15,Vehicle,High,Fleet shortage increased route workloads,Review route optimization plan,2026-06-25T10:09:16.280Z,2026-06-25T10:09:40.811Z
N03688,Green Oaks,2025-05-23,Staffing,Critical,Insufficient weekend staffing caused backlog,Increase staffing coverage,2026-06-25T10:09:16.280Z,2026-06-25T10:09:40.811Z
N03750,Birchwood Commons,2025-04-16,Property Management,Low,Management escalation required operational review,Schedule preventive maintenance,2026-06-25T10:09:16.280Z,2026-06-25T10:09:40.811Z
N03753,Maple Court,2025-03-31,Weather,High,Adverse weather increased average completion times,Review route optimization plan,2026-06-25T10:09:16.280Z,2026-06-25T10:09:40.811Z
N03795,Cedar Park,2025-06-17,Property Management,High,Property management requested schedule adjustment,Perform operational audit,2026-06-25T10:09:16.280Z,2026-06-25T10:09:40.811Z
N03821,Harbor Pointe,2025-04-26,Vehicle,High,Fleet shortage increased route workloads,Escalate issue to regional manager,2026-06-25T10:09:16.280Z,2026-06-25T10:09:40.811Z
N03830,Maple Court,2025-01-27,Route Planning,Critical,Route balancing adjustments improved service coverage,Conduct resident awareness campaign,2026-06-25T10:09:16.280Z,2026-06-25T10:09:40.811Z
N03838,Birchwood Commons,2025-03-02,Property Management,Medium,Property leadership requested service enhancement review,Schedule preventive maintenance,2026-06-25T10:09:16.280Z,2026-06-25T10:09:40.811Z
N03846,Sunset Ridge,2025-02-22,Property Management,Critical,Manager reported recurring service concerns,Conduct resident awareness campaign,2026-06-25T10:09:16.280Z,2026-06-25T10:09:40.811Z
N03857,Green Oaks,2025-06-25,Vehicle,Medium,Equipment failure reduced collection efficiency,Monitor performance for next 7 days,2026-06-25T10:09:16.280Z,2026-06-25T10:09:40.811Z
N03862,Sunset Ridge,2025-05-17,Property Management,High,Community event impacted collection schedule,Escalate issue to regional manager,2026-06-25T10:09:16.280Z,2026-06-25T10:09:40.811Z
N03864,Maple Court,2025-03-04,Weather,High,Weather-related road closures impacted routes,Update access credentials,2026-06-25T10:09:16.280Z,2026-06-25T10:09:40.811Z
N03872,Sunset Ridge,2025-06-19,Property Management,Low,Property policy changes affected service delivery,Conduct resident awareness campaign,2026-06-25T10:09:16.280Z,2026-06-25T10:09:40.811Z
N03909,Birchwood Commons,2025-04-23,Gate Access,High,Community gate remained locked during scheduled pickup window,Increase staffing coverage,2026-06-25T10:09:16.280Z,2026-06-25T10:09:40.811Z
N03920,Willow Creek,2025-03-10,Vehicle,Critical,Fuel system malfunction impacted collection operations,Perform operational audit,2026-06-25T10:09:16.280Z,2026-06-25T10:09:40.811Z
N03926,Lakeview Terrace,2025-01-16,Route Planning,Medium,Inefficient route sequencing reduced productivity,Coordinate with property manager,2026-06-25T10:09:16.280Z,2026-06-25T10:09:40.811Z
N03928,Maple Court,2025-02-04,Vehicle,Medium,Equipment failure reduced collection efficiency,Conduct resident awareness campaign,2026-06-25T10:09:16.280Z,2026-06-25T10:09:40.811Z
N03936,Harbor Pointe,2025-04-06,Staffing,Medium,Insufficient staffing levels increased route completion time,Monitor performance for next 7 days,2026-06-25T10:09:16.280Z,2026-06-25T10:09:40.811Z
N03982,Maple Court,2025-06-18,Route Planning,Critical,Route capacity exceeded planned workload,Monitor performance for next 7 days,2026-06-25T10:09:16.280Z,2026-06-25T10:09:40.811Z
N03002,Willow Creek,2025-02-18,Gate Access,Low,Property manager unavailable to provide updated gate code,Increase staffing coverage,2026-06-25T10:09:16.280Z,2026-06-25T10:09:40.811Z
N03009,Cedar Park,2025-03-29,Route Planning,Low,Construction activity blocked primary collection route,Update access credentials,2026-06-25T10:09:16.280Z,2026-06-25T10:09:40.811Z
N03018,Birchwood Commons,2025-03-15,Resident Behavior,Medium,Resident participation declined during holiday period,Conduct resident awareness campaign,2026-06-25T10:09:16.280Z,2026-06-25T10:09:40.811Z
N03030,Harbor Pointe,2025-04-08,Weather,Medium,Snow removal activities blocked service access,Review route optimization plan,2026-06-25T10:09:16.280Z,2026-06-25T10:09:40.811Z
N03045,Maple Court,2025-03-12,Vehicle,High,Maintenance backlog reduced fleet readiness,Coordinate with property manager,2026-06-25T10:09:16.280Z,2026-06-25T10:09:40.811Z
N03068,Lakeview Terrace,2025-01-14,Resident Behavior,Critical,Overflowing bins required additional collection effort,Monitor performance for next 7 days,2026-06-25T10:09:16.280Z,2026-06-25T10:09:40.811Z
N03118,Maple Court,2025-03-25,Weather,Medium,Weather disruptions impacted multiple communities,Increase staffing coverage,2026-06-25T10:09:16.280Z,2026-06-25T10:09:40.811Z
N03121,Birchwood Commons,2025-04-29,Property Management,Low,Management requested route modifications,Conduct resident awareness campaign,2026-06-25T10:09:16.280Z,2026-06-25T10:09:40.811Z
N03143,Harbor Pointe,2025-02-28,Staffing,Critical,High employee turnover affected route consistency,Increase staffing coverage,2026-06-25T10:09:16.280Z,2026-06-25T10:09:40.811Z
N03156,Maple Court,2025-05-01,Route Planning,Low,Scheduling overlap reduced operational efficiency,Review route optimization plan,2026-06-25T10:09:16.280Z,2026-06-25T10:09:40.811Z
N03177,Cedar Park,2025-01-16,Property Management,Critical,Management communication delay affected operations,Conduct resident awareness campaign,2026-06-25T10:09:16.280Z,2026-06-25T10:09:40.811Z
N03186,Maple Court,2025-05-28,Vehicle,Low,Vehicle servicing overlapped with scheduled collections,Escalate issue to regional manager,2026-06-25T10:09:16.280Z,2026-06-25T10:09:40.811Z
N03187,Cedar Park,2025-06-11,Staffing,Low,Overtime limitations reduced available coverage,Update access credentials,2026-06-25T10:09:16.280Z,2026-06-25T10:09:40.811Z
N03204,Lakeview Terrace,2025-04-03,Weather,High,Snow accumulation blocked access to several units,Coordinate with property manager,2026-06-25T10:09:16.280Z,2026-06-25T10:09:40.811Z
N03250,Green Oaks,2025-01-30,Route Planning,Medium,Route capacity exceeded planned workload,Assign backup collection crew,2026-06-25T10:09:16.280Z,2026-06-25T10:09:40.811Z
N03260,Sunset Ridge,2025-06-23,Resident Behavior,Medium,Improperly secured waste created operational issues,Conduct resident awareness campaign,2026-06-25T10:09:16.280Z,2026-06-25T10:09:40.811Z
N03265,Harbor Pointe,2025-01-14,Staffing,High,"Collector called in sick, route covered late",Perform operational audit,2026-06-25T10:09:16.280Z,2026-06-25T10:09:40.811Z
N03294,Maple Court,2025-06-07,Vehicle,Critical,Brake system inspection delayed deployment,Update access credentials,2026-06-25T10:09:16.280Z,2026-06-25T10:09:40.811Z
N03301,Cedar Park,2025-03-24,Property Management,Low,Operational feedback meeting identified improvement areas,Escalate issue to regional manager,2026-06-25T10:09:16.280Z,2026-06-25T10:09:40.811Z
N03325,Birchwood Commons,2025-05-13,Gate Access,High,Delayed authorization from security personnel,Increase staffing coverage,2026-06-25T10:09:16.280Z,2026-06-25T10:09:40.811Z
N03342,Maple Court,2025-03-20,Weather,Medium,Flooded access roads prevented route completion,Schedule preventive maintenance,2026-06-25T10:09:16.280Z,2026-06-25T10:09:40.811Z
N03351,Sunset Ridge,2025-04-21,Resident Behavior,Medium,Repeated policy violations impacted service quality,Monitor performance for next 7 days,2026-06-25T10:09:16.280Z,2026-06-25T10:09:40.811Z
N03395,Willow Creek,2025-05-31,Vehicle,Low,Unexpected maintenance increased route completion time,Escalate issue to regional manager,2026-06-25T10:09:16.280Z,2026-06-25T10:09:40.811Z
N03419,Willow Creek,2025-06-28,Vehicle,Low,Maintenance backlog reduced fleet readiness,Assign backup collection crew,2026-06-25T10:09:16.280Z,2026-06-25T10:09:40.811Z
N03420,Willow Creek,2025-02-20,Gate Access,Low,Restricted access due to special community event,Review route optimization plan,2026-06-25T10:09:16.280Z,2026-06-25T10:09:40.811Z
N03427,Birchwood Commons,2025-06-12,Property Management,Low,Manager reported recurring service concerns,Escalate issue to regional manager,2026-06-25T10:09:16.280Z,2026-06-25T10:09:40.811Z
N03430,Sunset Ridge,2025-04-29,Property Management,Low,Property inspection activities disrupted collections,Increase staffing coverage,2026-06-25T10:09:16.280Z,2026-06-25T10:09:40.811Z
N03437,Sunset Ridge,2025-02-01,Property Management,Critical,Property upgrades impacted collection logistics,Increase staffing coverage,2026-06-25T10:09:16.280Z,2026-06-25T10:09:40.811Z
N03466,Lakeview Terrace,2025-02-14,Route Planning,Medium,Route redesign recommended to improve performance,Update access credentials,2026-06-25T10:09:16.280Z,2026-06-25T10:09:40.811Z
N03489,Willow Creek,2025-03-02,Staffing,High,New collector unfamiliar with property layout,Update access credentials,2026-06-25T10:09:16.280Z,2026-06-25T10:09:40.811Z
N03502,Willow Creek,2025-01-27,Vehicle,Critical,Fleet shortage increased route workloads,Assign backup collection crew,2026-06-25T10:09:16.280Z,2026-06-25T10:09:40.811Z
N03508,Birchwood Commons,2025-05-11,Resident Behavior,Low,Bins not placed at doorstep for scheduled pickup,Update access credentials,2026-06-25T10:09:16.280Z,2026-06-25T10:09:40.811Z
N03510,Birchwood Commons,2025-04-05,Resident Behavior,High,Resident left bin blocked by parked vehicle,Perform operational audit,2026-06-25T10:09:16.280Z,2026-06-25T10:09:40.811Z
N03533,Harbor Pointe,2025-05-15,Staffing,Critical,Staff shortage on route caused missed pickups,Monitor performance for next 7 days,2026-06-25T10:09:16.280Z,2026-06-25T10:09:40.811Z
N03544,Cedar Park,2025-01-28,Property Management,Low,Operational changes were not communicated in advance,Increase staffing coverage,2026-06-25T10:09:16.280Z,2026-06-25T10:09:40.811Z
N03559,Cedar Park,2025-03-12,Route Planning,Critical,Navigation issue delayed route completion,Monitor performance for next 7 days,2026-06-25T10:09:16.280Z,2026-06-25T10:09:40.811Z
N03573,Sunset Ridge,2025-01-28,Property Management,Low,Management requested additional pickup support,Schedule preventive maintenance,2026-06-25T10:09:16.280Z,2026-06-25T10:09:40.811Z
N03576,Lakeview Terrace,2025-01-02,Route Planning,Medium,Peak-hour traffic increased collection duration,Update access credentials,2026-06-25T10:09:16.280Z,2026-06-25T10:09:40.811Z
N03588,Lakeview Terrace,2025-04-21,Route Planning,High,Route handoff between teams caused delays,Escalate issue to regional manager,2026-06-25T10:09:16.280Z,2026-06-25T10:09:40.811Z
N03592,Willow Creek,2025-06-30,Gate Access,Low,Service entrance blocked by maintenance activity,Coordinate with property manager,2026-06-25T10:09:16.280Z,2026-06-25T10:09:40.811Z
N03609,Maple Court,2025-02-16,Route Planning,Critical,Scheduling overlap reduced operational efficiency,Conduct resident awareness campaign,2026-06-25T10:09:16.280Z,2026-06-25T10:09:40.811Z
N03627,Birchwood Commons,2025-05-08,Property Management,High,Property leadership requested service enhancement review,Coordinate with property manager,2026-06-25T10:09:16.280Z,2026-06-25T10:09:40.811Z
N03678,Harbor Pointe,2025-02-24,Weather,Low,Weather-related road closures impacted routes,Schedule preventive maintenance,2026-06-25T10:09:16.280Z,2026-06-25T10:09:40.811Z
N03716,Green Oaks,2025-06-26,Vehicle,High,Equipment failure reduced collection efficiency,Conduct resident awareness campaign,2026-06-25T10:09:16.280Z,2026-06-25T10:09:40.811Z
N03719,Lakeview Terrace,2025-03-28,Route Planning,Critical,High-density properties created route bottlenecks,Review route optimization plan,2026-06-25T10:09:16.280Z,2026-06-25T10:09:40.811Z
N03720,Cedar Park,2025-01-19,Route Planning,Critical,Navigation issue delayed route completion,Assign backup collection crew,2026-06-25T10:09:16.280Z,2026-06-25T10:09:40.811Z
N03736,Sunset Ridge,2025-01-17,Resident Behavior,Medium,Excess waste volume exceeded expected capacity,Update access credentials,2026-06-25T10:09:16.280Z,2026-06-25T10:09:40.811Z
N03743,Lakeview Terrace,2025-01-24,Route Planning,Medium,GPS routing error caused missed service locations,Schedule preventive maintenance,2026-06-25T10:09:16.280Z,2026-06-25T10:09:40.811Z
N03770,Maple Court,2025-06-30,Route Planning,Critical,Navigation issue delayed route completion,Schedule preventive maintenance,2026-06-25T10:09:16.280Z,2026-06-25T10:09:40.811Z
N03784,Lakeview Terrace,2025-04-02,Resident Behavior,Low,Resident complaints increased after route schedule change,Review route optimization plan,2026-06-25T10:09:16.280Z,2026-06-25T10:09:40.811Z
N03800,Cedar Park,2025-03-28,Route Planning,Low,Travel distance increased due to route modifications,Perform operational audit,2026-06-25T10:09:16.280Z,2026-06-25T10:09:40.811Z
N03802,Cedar Park,2025-06-24,Property Management,Medium,Management escalation required operational review,Monitor performance for next 7 days,2026-06-25T10:09:16.280Z,2026-06-25T10:09:40.811Z
N03831,Birchwood Commons,2025-06-18,Gate Access,Low,Manual gate operation caused route delays,Coordinate with property manager,2026-06-25T10:09:16.280Z,2026-06-25T10:09:40.811Z
N03836,Cedar Park,2025-06-05,Route Planning,Medium,Inefficient property sequencing impacted schedule adherence,Escalate issue to regional manager,2026-06-25T10:09:16.280Z,2026-06-25T10:09:40.811Z
N03844,Harbor Pointe,2025-06-23,Staffing,High,Unexpected employee absence impacted daily operations,Conduct resident awareness campaign,2026-06-25T10:09:16.280Z,2026-06-25T10:09:40.811Z
N03866,Lakeview Terrace,2025-03-29,Weather,Critical,Flooded access roads prevented route completion,Escalate issue to regional manager,2026-06-25T10:09:16.280Z,2026-06-25T10:09:40.811Z
N03885,Lakeview Terrace,2025-01-28,Weather,Low,Storm conditions resulted in temporary service suspension,Escalate issue to regional manager,2026-06-25T10:09:16.280Z,2026-06-25T10:09:40.811Z
N03911,Sunset Ridge,2025-06-01,Resident Behavior,High,Resident complaints were concentrated in specific buildings,Escalate issue to regional manager,2026-06-25T10:09:16.280Z,2026-06-25T10:09:40.811Z
N03923,Lakeview Terrace,2025-04-10,Resident Behavior,Medium,Several residents reported confusion regarding pickup schedule,Monitor performance for next 7 days,2026-06-25T10:09:16.280Z,2026-06-25T10:09:40.811Z
N03925,Maple Court,2025-06-20,Route Planning,Medium,Traffic congestion delayed collections across multiple properties,Assign backup collection crew,2026-06-25T10:09:16.280Z,2026-06-25T10:09:40.811Z
N03947,Maple Court,2025-06-05,Vehicle,Critical,Vehicle servicing overlapped with scheduled collections,Update access credentials,2026-06-25T10:09:16.280Z,2026-06-25T10:09:40.811Z
N03951,Cedar Park,2025-04-30,Staffing,Critical,Insufficient weekend staffing caused backlog,Monitor performance for next 7 days,2026-06-25T10:09:16.280Z,2026-06-25T10:09:40.811Z
N03965,Cedar Park,2025-02-21,Property Management,Medium,Management requested route modifications,Conduct resident awareness campaign,2026-06-25T10:09:16.280Z,2026-06-25T10:09:40.811Z
N03977,Cedar Park,2025-05-02,Property Management,Low,Property policy changes affected service delivery,Coordinate with property manager,2026-06-25T10:09:16.280Z,2026-06-25T10:09:40.811Z
N03979,Green Oaks,2025-03-07,Route Planning,Critical,Route capacity exceeded planned workload,Update access credentials,2026-06-25T10:09:16.280Z,2026-06-25T10:09:40.811Z
N03986,Harbor Pointe,2025-05-25,Staffing,Critical,Overtime limitations reduced available coverage,Coordinate with property manager,2026-06-25T10:09:16.280Z,2026-06-25T10:09:40.811Z
N03026,Lakeview Terrace,2025-05-09,Weather,Critical,Snow removal activities blocked service access,Perform operational audit,2026-06-25T10:09:16.280Z,2026-06-25T10:09:40.811Z
N03050,Green Oaks,2025-06-04,Route Planning,Low,Route capacity exceeded planned workload,Monitor performance for next 7 days,2026-06-25T10:09:16.280Z,2026-06-25T10:09:40.811Z
N03059,Willow Creek,2025-06-24,Staffing,Medium,Unexpected employee absence impacted daily operations,Coordinate with property manager,2026-06-25T10:09:16.280Z,2026-06-25T10:09:40.811Z
N03096,Maple Court,2025-05-07,Vehicle,Critical,Fleet shortage increased route workloads,Coordinate with property manager,2026-06-25T10:09:16.280Z,2026-06-25T10:09:40.811Z
N03140,Harbor Pointe,2025-03-20,Weather,Critical,Heavy rain delayed collection schedule across region,Increase staffing coverage,2026-06-25T10:09:16.280Z,2026-06-25T10:09:40.811Z
N03157,Harbor Pointe,2025-05-30,Weather,High,High winds created safety concerns for collectors,Coordinate with property manager,2026-06-25T10:09:16.280Z,2026-06-25T10:09:40.811Z
N03160,Harbor Pointe,2025-03-11,Vehicle,High,Collection vehicle required mid-route maintenance stop,Conduct resident awareness campaign,2026-06-25T10:09:16.280Z,2026-06-25T10:09:40.811Z
N03170,Willow Creek,2025-06-03,Vehicle,High,Fuel system malfunction impacted collection operations,Conduct resident awareness campaign,2026-06-25T10:09:16.280Z,2026-06-25T10:09:40.811Z
N03178,Cedar Park,2025-01-25,Staffing,Critical,Resource allocation issue affected collection schedule,Assign backup collection crew,2026-06-25T10:09:16.280Z,2026-06-25T10:09:40.811Z
N03189,Lakeview Terrace,2025-06-17,Weather,High,Regional weather event affected service levels,Monitor performance for next 7 days,2026-06-25T10:09:16.280Z,2026-06-25T10:09:40.811Z
N03208,Maple Court,2025-06-14,Weather,Medium,Regional weather event affected service levels,Assign backup collection crew,2026-06-25T10:09:16.280Z,2026-06-25T10:09:40.811Z
N03222,Harbor Pointe,2025-01-09,Weather,High,High winds created safety concerns for collectors,Assign backup collection crew,2026-06-25T10:09:16.280Z,2026-06-25T10:09:40.811Z
N03224,Willow Creek,2025-01-09,Vehicle,Critical,Fuel system malfunction impacted collection operations,Increase staffing coverage,2026-06-25T10:09:16.280Z,2026-06-25T10:09:40.811Z
N03241,Harbor Pointe,2025-02-19,Vehicle,Medium,Flat tire caused service delays across multiple properties,Schedule preventive maintenance,2026-06-25T10:09:16.280Z,2026-06-25T10:09:40.811Z
N03277,Willow Creek,2025-04-27,Vehicle,Low,Equipment failure reduced collection efficiency,Escalate issue to regional manager,2026-06-25T10:09:16.280Z,2026-06-25T10:09:40.811Z
N03352,Willow Creek,2025-02-23,Gate Access,Medium,Access credentials expired unexpectedly,Escalate issue to regional manager,2026-06-25T10:09:16.280Z,2026-06-25T10:09:40.811Z
N03371,Green Oaks,2025-04-13,Staffing,High,Overtime limitations reduced available coverage,Increase staffing coverage,2026-06-25T10:09:16.280Z,2026-06-25T10:09:40.811Z
N03415,Sunset Ridge,2025-02-02,Gate Access,High,Incorrect gate code provided by property management,Conduct resident awareness campaign,2026-06-25T10:09:16.280Z,2026-06-25T10:09:40.811Z
N03444,Lakeview Terrace,2025-06-08,Weather,Critical,Weather-related road closures impacted routes,Assign backup collection crew,2026-06-25T10:09:16.280Z,2026-06-25T10:09:40.811Z
N03479,Harbor Pointe,2025-03-14,Vehicle,High,Equipment failure reduced collection efficiency,Monitor performance for next 7 days,2026-06-25T10:09:16.280Z,2026-06-25T10:09:40.811Z
N03482,Maple Court,2025-04-05,Vehicle,Critical,Vehicle servicing overlapped with scheduled collections,Assign backup collection crew,2026-06-25T10:09:16.280Z,2026-06-25T10:09:40.811Z
N03491,Willow Creek,2025-01-01,Staffing,Low,Multiple employee absences occurred simultaneously,Escalate issue to regional manager,2026-06-25T10:09:16.280Z,2026-06-25T10:09:40.811Z
N03497,Lakeview Terrace,2025-01-19,Weather,Low,Emergency weather response delayed operations,Coordinate with property manager,2026-06-25T10:09:16.280Z,2026-06-25T10:09:40.811Z
N03501,Maple Court,2025-05-23,Weather,High,Emergency weather response delayed operations,Update access credentials,2026-06-25T10:09:16.280Z,2026-06-25T10:09:40.811Z
N03540,Lakeview Terrace,2025-04-04,Resident Behavior,Low,Improperly secured waste created operational issues,Review route optimization plan,2026-06-25T10:09:16.280Z,2026-06-25T10:09:40.811Z
N03574,Cedar Park,2025-03-18,Staffing,Medium,Holiday staffing shortages caused delays,Review route optimization plan,2026-06-25T10:09:16.280Z,2026-06-25T10:09:40.811Z
N03596,Birchwood Commons,2025-06-02,Property Management,High,Property management requested schedule adjustment,Update access credentials,2026-06-25T10:09:16.280Z,2026-06-25T10:09:40.811Z
N03599,Willow Creek,2025-04-18,Vehicle,High,Fleet availability issues caused route reassignment,Update access credentials,2026-06-25T10:09:16.280Z,2026-06-25T10:09:40.811Z
N03601,Willow Creek,2025-05-06,Staffing,Medium,Insufficient staffing levels increased route completion time,Update access credentials,2026-06-25T10:09:16.280Z,2026-06-25T10:09:40.811Z
N03610,Maple Court,2025-03-08,Route Planning,Critical,Property clustering analysis suggested optimization opportunities,Increase staffing coverage,2026-06-25T10:09:16.280Z,2026-06-25T10:09:40.811Z
N03612,Birchwood Commons,2025-04-22,Resident Behavior,High,Overflowing bins required additional collection effort,Increase staffing coverage,2026-06-25T10:09:16.280Z,2026-06-25T10:09:40.811Z
N03617,Willow Creek,2025-05-14,Gate Access,High,Incorrect gate code provided by property management,Update access credentials,2026-06-25T10:09:16.280Z,2026-06-25T10:09:40.811Z
N03618,Green Oaks,2025-05-26,Route Planning,Critical,Dynamic route adjustments improved service outcomes,Schedule preventive maintenance,2026-06-25T10:09:16.280Z,2026-06-25T10:09:40.811Z
N03629,Birchwood Commons,2025-03-18,Gate Access,Low,Restricted access due to special community event,Conduct resident awareness campaign,2026-06-25T10:09:16.280Z,2026-06-25T10:09:40.811Z
N03639,Green Oaks,2025-01-09,Staffing,Critical,Training requirements delayed assignment of replacement collector,Assign backup collection crew,2026-06-25T10:09:16.280Z,2026-06-25T10:09:40.811Z
N03644,Green Oaks,2025-06-01,Staffing,Medium,Resource allocation issue affected collection schedule,Update access credentials,2026-06-25T10:09:16.280Z,2026-06-25T10:09:40.811Z
N03646,Cedar Park,2025-03-06,Route Planning,Critical,Scheduling overlap reduced operational efficiency,Schedule preventive maintenance,2026-06-25T10:09:16.280Z,2026-06-25T10:09:40.811Z
N03667,Birchwood Commons,2025-03-21,Resident Behavior,High,Resident education on waste procedures was recommended,Conduct resident awareness campaign,2026-06-25T10:09:16.280Z,2026-06-25T10:09:40.811Z
N03675,Green Oaks,2025-02-17,Route Planning,Low,Inefficient property sequencing impacted schedule adherence,Escalate issue to regional manager,2026-06-25T10:09:16.280Z,2026-06-25T10:09:40.811Z
N03680,Lakeview Terrace,2025-03-06,Weather,Critical,Emergency weather response delayed operations,Assign backup collection crew,2026-06-25T10:09:16.280Z,2026-06-25T10:09:40.811Z
N03714,Willow Creek,2025-01-01,Gate Access,Low,Driver could not access community - gate code expired,Update access credentials,2026-06-25T10:09:16.280Z,2026-06-25T10:09:40.811Z
N03726,Sunset Ridge,2025-01-09,Gate Access,Low,Delayed authorization from security personnel,Assign backup collection crew,2026-06-25T10:09:16.280Z,2026-06-25T10:09:40.811Z
N03733,Green Oaks,2025-04-10,Staffing,High,Unexpected resignations affected operations,Monitor performance for next 7 days,2026-06-25T10:09:16.280Z,2026-06-25T10:09:40.811Z
N03747,Cedar Park,2025-01-21,Property Management,Medium,Property staffing changes impacted coordination,Update access credentials,2026-06-25T10:09:16.280Z,2026-06-25T10:09:40.811Z
N03767,Maple Court,2025-02-20,Route Planning,Critical,Route handoff between teams caused delays,Schedule preventive maintenance,2026-06-25T10:09:16.280Z,2026-06-25T10:09:40.811Z
N03773,Sunset Ridge,2025-06-20,Property Management,Critical,Management requested additional pickup support,Coordinate with property manager,2026-06-25T10:09:16.280Z,2026-06-25T10:09:40.811Z
N03782,Green Oaks,2025-03-19,Route Planning,Low,Unexpected road closure required route diversion,Increase staffing coverage,2026-06-25T10:09:16.280Z,2026-06-25T10:09:40.811Z
N03785,Lakeview Terrace,2025-01-12,Weather,Medium,Weather advisory required route modification,Escalate issue to regional manager,2026-06-25T10:09:16.280Z,2026-06-25T10:09:40.811Z
N03786,Lakeview Terrace,2025-03-08,Resident Behavior,High,Resident complaints were concentrated in specific buildings,Assign backup collection crew,2026-06-25T10:09:16.280Z,2026-06-25T10:09:40.811Z
N03799,Birchwood Commons,2025-01-10,Resident Behavior,Critical,Resident participation declined during holiday period,Schedule preventive maintenance,2026-06-25T10:09:16.280Z,2026-06-25T10:09:40.811Z
N03808,Harbor Pointe,2025-02-10,Weather,High,Weather disruptions impacted multiple communities,Conduct resident awareness campaign,2026-06-25T10:09:16.280Z,2026-06-25T10:09:40.811Z
N03829,Sunset Ridge,2025-06-25,Resident Behavior,Critical,Improperly secured waste created operational issues,Update access credentials,2026-06-25T10:09:16.280Z,2026-06-25T10:09:40.811Z
N03841,Harbor Pointe,2025-02-08,Weather,Critical,Snow accumulation blocked access to several units,Conduct resident awareness campaign,2026-06-25T10:09:16.280Z,2026-06-25T10:09:40.811Z
N03906,Harbor Pointe,2025-06-21,Vehicle,High,Engine overheating forced temporary route suspension,Conduct resident awareness campaign,2026-06-25T10:09:16.280Z,2026-06-25T10:09:40.811Z
N03937,Maple Court,2025-04-09,Vehicle,Low,Battery failure delayed route departure,Assign backup collection crew,2026-06-25T10:09:16.280Z,2026-06-25T10:09:40.811Z
N03961,Green Oaks,2025-06-11,Vehicle,Low,Vehicle diagnostics required immediate attention,Increase staffing coverage,2026-06-25T10:09:16.280Z,2026-06-25T10:09:40.811Z
N03992,Harbor Pointe,2025-04-05,Vehicle,Critical,Maintenance backlog reduced fleet readiness,Review route optimization plan,2026-06-25T10:09:16.280Z,2026-06-25T10:09:40.811Z
N03022,Harbor Pointe,2025-03-03,Weather,Medium,Heavy rain delayed collection schedule across region,Escalate issue to regional manager,2026-06-25T10:09:16.280Z,2026-06-25T10:09:40.811Z
N03053,Lakeview Terrace,2025-06-14,Weather,High,Ice accumulation restricted vehicle movement,Update access credentials,2026-06-25T10:09:16.280Z,2026-06-25T10:09:40.811Z
N03088,Willow Creek,2025-01-01,Vehicle,High,Battery failure delayed route departure,Increase staffing coverage,2026-06-25T10:09:16.280Z,2026-06-25T10:09:40.811Z
N03102,Green Oaks,2025-06-17,Staffing,Medium,High employee turnover affected route consistency,Perform operational audit,2026-06-25T10:09:16.280Z,2026-06-25T10:09:40.811Z
N03108,Sunset Ridge,2025-01-19,Resident Behavior,High,Resident left bin blocked by parked vehicle,Escalate issue to regional manager,2026-06-25T10:09:16.280Z,2026-06-25T10:09:40.811Z
N03119,Sunset Ridge,2025-02-09,Resident Behavior,Medium,Residents placed bins outside designated collection hours,Increase staffing coverage,2026-06-25T10:09:16.280Z,2026-06-25T10:09:40.811Z
N03130,Willow Creek,2025-01-31,Vehicle,Medium,Vehicle breakdown impacted collections on route,Escalate issue to regional manager,2026-06-25T10:09:16.280Z,2026-06-25T10:09:40.811Z
N03150,Cedar Park,2025-02-06,Property Management,Medium,Property management requested schedule adjustment,Coordinate with property manager,2026-06-25T10:09:16.280Z,2026-06-25T10:09:40.811Z
N03162,Lakeview Terrace,2025-03-28,Route Planning,Medium,Route handoff between teams caused delays,Assign backup collection crew,2026-06-25T10:09:16.280Z,2026-06-25T10:09:40.811Z
N03195,Sunset Ridge,2025-03-23,Property Management,Low,Service expectations reviewed with property leadership,Escalate issue to regional manager,2026-06-25T10:09:16.280Z,2026-06-25T10:09:40.811Z
N03218,Harbor Pointe,2025-05-07,Staffing,Critical,"Collector called in sick, route covered late",Assign backup collection crew,2026-06-25T10:09:16.280Z,2026-06-25T10:09:40.811Z
N03229,Harbor Pointe,2025-02-24,Weather,High,Snow removal activities blocked service access,Schedule preventive maintenance,2026-06-25T10:09:16.280Z,2026-06-25T10:09:40.811Z
N03254,Willow Creek,2025-05-22,Staffing,Low,Staff shortage on route caused missed pickups,Escalate issue to regional manager,2026-06-25T10:09:16.280Z,2026-06-25T10:09:40.811Z
N03257,Harbor Pointe,2025-03-11,Vehicle,High,Emergency repair interrupted collection schedule,Coordinate with property manager,2026-06-25T10:09:16.280Z,2026-06-25T10:09:40.811Z
N03269,Birchwood Commons,2025-04-07,Property Management,High,Management requested route modifications,Conduct resident awareness campaign,2026-06-25T10:09:16.280Z,2026-06-25T10:09:40.811Z
N03281,Willow Creek,2025-02-08,Gate Access,High,Delayed authorization from security personnel,Schedule preventive maintenance,2026-06-25T10:09:16.280Z,2026-06-25T10:09:40.811Z
N03308,Maple Court,2025-02-23,Weather,High,Weather disruptions impacted multiple communities,Schedule preventive maintenance,2026-06-25T10:09:16.280Z,2026-06-25T10:09:40.811Z
N03315,Birchwood Commons,2025-03-07,Resident Behavior,Critical,Missed communication led to resident dissatisfaction,Increase staffing coverage,2026-06-25T10:09:16.280Z,2026-06-25T10:09:40.811Z
N03343,Birchwood Commons,2025-02-17,Property Management,Medium,Property upgrades impacted collection logistics,Monitor performance for next 7 days,2026-06-25T10:09:16.280Z,2026-06-25T10:09:40.811Z
N03370,Harbor Pointe,2025-05-10,Weather,Medium,Emergency weather response delayed operations,Coordinate with property manager,2026-06-25T10:09:16.280Z,2026-06-25T10:09:40.811Z
N03374,Sunset Ridge,2025-04-01,Gate Access,Critical,Multiple access attempts required before entry was granted,Monitor performance for next 7 days,2026-06-25T10:09:16.280Z,2026-06-25T10:09:40.811Z
N03385,Green Oaks,2025-02-16,Staffing,Medium,Route coverage reduced due to labor constraints,Escalate issue to regional manager,2026-06-25T10:09:16.280Z,2026-06-25T10:09:40.811Z
N03426,Lakeview Terrace,2025-04-21,Route Planning,Medium,Peak-hour traffic increased collection duration,Escalate issue to regional manager,2026-06-25T10:09:16.280Z,2026-06-25T10:09:40.811Z
N03447,Cedar Park,2025-02-25,Property Management,High,Management communication delay affected operations,Review route optimization plan,2026-06-25T10:09:16.280Z,2026-06-25T10:09:40.811Z
N03452,Lakeview Terrace,2025-01-31,Resident Behavior,High,Resident complaints increased after route schedule change,Coordinate with property manager,2026-06-25T10:09:16.280Z,2026-06-25T10:09:40.811Z
N03453,Maple Court,2025-04-20,Vehicle,Low,Transmission issue impacted route completion,Increase staffing coverage,2026-06-25T10:09:16.280Z,2026-06-25T10:09:40.811Z
N03454,Maple Court,2025-04-23,Route Planning,Medium,Scheduling overlap reduced operational efficiency,Schedule preventive maintenance,2026-06-25T10:09:16.280Z,2026-06-25T10:09:40.811Z
N03460,Lakeview Terrace,2025-06-15,Weather,Medium,Weather disruptions impacted multiple communities,Monitor performance for next 7 days,2026-06-25T10:09:16.280Z,2026-06-25T10:09:40.811Z
N03472,Cedar Park,2025-01-27,Route Planning,Low,Service area expansion affected route timing,Increase staffing coverage,2026-06-25T10:09:16.280Z,2026-06-25T10:09:40.811Z
N03488,Green Oaks,2025-06-05,Staffing,Low,Insufficient weekend staffing caused backlog,Review route optimization plan,2026-06-25T10:09:16.280Z,2026-06-25T10:09:40.811Z
N03519,Cedar Park,2025-04-15,Property Management,Medium,Service expectations reviewed with property leadership,Increase staffing coverage,2026-06-25T10:09:16.280Z,2026-06-25T10:09:40.811Z
N03548,Birchwood Commons,2025-06-04,Gate Access,Medium,Driver could not access community - gate code expired,Coordinate with property manager,2026-06-25T10:09:16.280Z,2026-06-25T10:09:40.811Z
N03557,Cedar Park,2025-05-21,Staffing,Critical,Temporary workers required additional supervision,Increase staffing coverage,2026-06-25T10:09:16.280Z,2026-06-25T10:09:40.811Z
N03563,Harbor Pointe,2025-02-24,Weather,High,Severe weather reduced operational efficiency,Coordinate with property manager,2026-06-25T10:09:16.280Z,2026-06-25T10:09:40.811Z
N03581,Sunset Ridge,2025-03-26,Gate Access,Low,Driver could not access community - gate code expired,Review route optimization plan,2026-06-25T10:09:16.280Z,2026-06-25T10:09:40.811Z
N03600,Harbor Pointe,2025-02-08,Staffing,Low,Unexpected employee absence impacted daily operations,Perform operational audit,2026-06-25T10:09:16.280Z,2026-06-25T10:09:40.811Z
N03638,Willow Creek,2025-06-02,Gate Access,Medium,Security denied entry due to outdated access credentials,Review route optimization plan,2026-06-25T10:09:16.280Z,2026-06-25T10:09:40.811Z
N03643,Harbor Pointe,2025-04-08,Staffing,High,High employee turnover affected route consistency,Coordinate with property manager,2026-06-25T10:09:16.280Z,2026-06-25T10:09:40.811Z
N03676,Maple Court,2025-01-08,Weather,Low,Extreme temperatures slowed collection activities,Schedule preventive maintenance,2026-06-25T10:09:16.280Z,2026-06-25T10:09:40.811Z
N03699,Cedar Park,2025-01-04,Route Planning,Low,Property clustering analysis suggested optimization opportunities,Coordinate with property manager,2026-06-25T10:09:16.280Z,2026-06-25T10:09:40.811Z
N03715,Harbor Pointe,2025-06-08,Weather,Critical,Weather-related road closures impacted routes,Schedule preventive maintenance,2026-06-25T10:09:16.280Z,2026-06-25T10:09:40.811Z
N03731,Harbor Pointe,2025-04-15,Staffing,Critical,Insufficient staffing levels increased route completion time,Monitor performance for next 7 days,2026-06-25T10:09:16.280Z,2026-06-25T10:09:40.811Z
N03738,Cedar Park,2025-01-10,Route Planning,Medium,Route optimization issue increased travel time,Escalate issue to regional manager,2026-06-25T10:09:16.280Z,2026-06-25T10:09:40.811Z
N03740,Lakeview Terrace,2025-03-29,Route Planning,High,Dynamic route adjustments improved service outcomes,Review route optimization plan,2026-06-25T10:09:16.280Z,2026-06-25T10:09:40.811Z
N03758,Sunset Ridge,2025-06-05,Property Management,Low,Building access procedures updated without notice,Review route optimization plan,2026-06-25T10:09:16.280Z,2026-06-25T10:09:40.811Z
N03761,Maple Court,2025-05-28,Route Planning,Low,High-density properties created route bottlenecks,Conduct resident awareness campaign,2026-06-25T10:09:16.280Z,2026-06-25T10:09:40.811Z
N03768,Green Oaks,2025-04-30,Route Planning,High,Navigation issue delayed route completion,Schedule preventive maintenance,2026-06-25T10:09:16.280Z,2026-06-25T10:09:40.811Z
N03771,Birchwood Commons,2025-03-05,Resident Behavior,Critical,Resident complaints increased after route schedule change,Assign backup collection crew,2026-06-25T10:09:16.280Z,2026-06-25T10:09:40.811Z
N03777,Willow Creek,2025-04-08,Staffing,Critical,Temporary workers required additional supervision,Monitor performance for next 7 days,2026-06-25T10:09:16.280Z,2026-06-25T10:09:40.811Z
N03790,Maple Court,2025-04-27,Weather,Low,Weather disruptions impacted multiple communities,Coordinate with property manager,2026-06-25T10:09:16.280Z,2026-06-25T10:09:40.811Z
N03796,Willow Creek,2025-05-27,Gate Access,Medium,Multiple access attempts required before entry was granted,Increase staffing coverage,2026-06-25T10:09:16.280Z,2026-06-25T10:09:40.811Z
N03798,Maple Court,2025-01-17,Route Planning,Low,Route optimization issue increased travel time,Update access credentials,2026-06-25T10:09:16.280Z,2026-06-25T10:09:40.811Z
N03801,Sunset Ridge,2025-04-15,Gate Access,High,Delayed authorization from security personnel,Coordinate with property manager,2026-06-25T10:09:16.280Z,2026-06-25T10:09:40.811Z
N03804,Harbor Pointe,2025-03-17,Vehicle,Low,Transmission issue impacted route completion,Monitor performance for next 7 days,2026-06-25T10:09:16.280Z,2026-06-25T10:09:40.811Z
N03817,Cedar Park,2025-02-16,Route Planning,Medium,Scheduling overlap reduced operational efficiency,Review route optimization plan,2026-06-25T10:09:16.280Z,2026-06-25T10:09:40.811Z
N03827,Birchwood Commons,2025-04-02,Resident Behavior,Critical,Resident education on waste procedures was recommended,Schedule preventive maintenance,2026-06-25T10:09:16.280Z,2026-06-25T10:09:40.811Z
N03828,Green Oaks,2025-04-04,Vehicle,Medium,Vehicle inspection identified safety concerns before dispatch,Conduct resident awareness campaign,2026-06-25T10:09:16.280Z,2026-06-25T10:09:40.811Z
N03837,Harbor Pointe,2025-02-23,Weather,High,Unexpected storm activity required schedule changes,Schedule preventive maintenance,2026-06-25T10:09:16.280Z,2026-06-25T10:09:40.811Z
N03860,Sunset Ridge,2025-05-07,Gate Access,High,New security protocol delayed collector access,Schedule preventive maintenance,2026-06-25T10:09:16.280Z,2026-06-25T10:09:40.811Z
N03870,Sunset Ridge,2025-02-23,Resident Behavior,High,Resident education on waste procedures was recommended,Review route optimization plan,2026-06-25T10:09:16.280Z,2026-06-25T10:09:40.811Z
N03914,Cedar Park,2025-05-29,Property Management,Medium,Property management requested schedule adjustment,Perform operational audit,2026-06-25T10:09:16.280Z,2026-06-25T10:09:40.811Z
N03941,Green Oaks,2025-01-22,Vehicle,Low,Transmission issue impacted route completion,Schedule preventive maintenance,2026-06-25T10:09:16.280Z,2026-06-25T10:09:40.811Z
N03948,Cedar Park,2025-04-21,Route Planning,Critical,Route handoff between teams caused delays,Coordinate with property manager,2026-06-25T10:09:16.280Z,2026-06-25T10:09:40.811Z
N03960,Cedar Park,2025-01-14,Property Management,High,Building access procedures updated without notice,Monitor performance for next 7 days,2026-06-25T10:09:16.280Z,2026-06-25T10:09:40.811Z
N03968,Birchwood Commons,2025-05-20,Property Management,Medium,Management communication delay affected operations,Perform operational audit,2026-06-25T10:09:16.280Z,2026-06-25T10:09:40.811Z
N03974,Maple Court,2025-04-19,Vehicle,Medium,Engine overheating forced temporary route suspension,Perform operational audit,2026-06-25T10:09:16.280Z,2026-06-25T10:09:40.811Z
N03980,Sunset Ridge,2025-06-17,Resident Behavior,Medium,Resident left bin blocked by parked vehicle,Coordinate with property manager,2026-06-25T10:09:16.280Z,2026-06-25T10:09:40.811Z
N03019,Lakeview Terrace,2025-02-05,Resident Behavior,Critical,Resident left bin blocked by parked vehicle,Monitor performance for next 7 days,2026-06-25T10:09:16.280Z,2026-06-25T10:09:40.811Z
N03048,Willow Creek,2025-03-22,Staffing,Medium,Insufficient staffing levels increased route completion time,Escalate issue to regional manager,2026-06-25T10:09:16.280Z,2026-06-25T10:09:40.811Z
N03056,Cedar Park,2025-01-26,Staffing,Critical,Peak demand exceeded available workforce capacity,Assign backup collection crew,2026-06-25T10:09:16.280Z,2026-06-25T10:09:40.811Z
N03062,Willow Creek,2025-04-06,Gate Access,High,Community gate remained locked during scheduled pickup window,Monitor performance for next 7 days,2026-06-25T10:09:16.280Z,2026-06-25T10:09:40.811Z
N03063,Sunset Ridge,2025-02-24,Resident Behavior,Medium,Late bin placement caused missed pickups,Perform operational audit,2026-06-25T10:09:16.280Z,2026-06-25T10:09:40.811Z
N03074,Cedar Park,2025-02-17,Staffing,Medium,Temporary workers required additional supervision,Coordinate with property manager,2026-06-25T10:09:16.280Z,2026-06-25T10:09:40.811Z
N03079,Maple Court,2025-01-30,Weather,Medium,Snow accumulation blocked access to several units,Update access credentials,2026-06-25T10:09:16.280Z,2026-06-25T10:09:40.811Z
N03080,Willow Creek,2025-01-17,Staffing,Low,Multiple employee absences occurred simultaneously,Monitor performance for next 7 days,2026-06-25T10:09:16.280Z,2026-06-25T10:09:40.811Z
N03094,Cedar Park,2025-02-25,Property Management,High,Building access procedures updated without notice,Perform operational audit,2026-06-25T10:09:16.280Z,2026-06-25T10:09:40.811Z
N03109,Green Oaks,2025-02-18,Staffing,Critical,Peak demand exceeded available workforce capacity,Monitor performance for next 7 days,2026-06-25T10:09:16.280Z,2026-06-25T10:09:40.811Z
N03120,Green Oaks,2025-04-21,Vehicle,Medium,Equipment failure reduced collection efficiency,Monitor performance for next 7 days,2026-06-25T10:09:16.280Z,2026-06-25T10:09:40.811Z
N03169,Maple Court,2025-05-10,Vehicle,Medium,Flat tire caused service delays across multiple properties,Schedule preventive maintenance,2026-06-25T10:09:16.280Z,2026-06-25T10:09:40.811Z
N03171,Lakeview Terrace,2025-04-01,Resident Behavior,High,Residents failed to follow waste segregation guidelines,Monitor performance for next 7 days,2026-06-25T10:09:16.280Z,2026-06-25T10:09:40.811Z
N03215,Birchwood Commons,2025-01-04,Property Management,Critical,Maintenance work restricted access to collection areas,Increase staffing coverage,2026-06-25T10:09:16.280Z,2026-06-25T10:09:40.811Z
N03217,Sunset Ridge,2025-01-18,Property Management,High,Maintenance work restricted access to collection areas,Conduct resident awareness campaign,2026-06-25T10:09:16.280Z,2026-06-25T10:09:40.811Z
N03227,Birchwood Commons,2025-02-06,Resident Behavior,Critical,Excess waste volume exceeded expected capacity,Schedule preventive maintenance,2026-06-25T10:09:16.280Z,2026-06-25T10:09:40.811Z
N03247,Maple Court,2025-06-20,Vehicle,Low,Truck mechanical issue delayed entire route schedule,Perform operational audit,2026-06-25T10:09:16.280Z,2026-06-25T10:09:40.811Z
N03270,Harbor Pointe,2025-06-15,Vehicle,Medium,Collection vehicle required mid-route maintenance stop,Perform operational audit,2026-06-25T10:09:16.280Z,2026-06-25T10:09:40.811Z
N03283,Green Oaks,2025-05-18,Route Planning,Medium,Route redesign recommended to improve performance,Perform operational audit,2026-06-25T10:09:16.280Z,2026-06-25T10:09:40.811Z
N03286,Sunset Ridge,2025-03-11,Property Management,Medium,Manager reported recurring service concerns,Schedule preventive maintenance,2026-06-25T10:09:16.280Z,2026-06-25T10:09:40.811Z
N03296,Green Oaks,2025-02-15,Route Planning,Low,Construction activity blocked primary collection route,Monitor performance for next 7 days,2026-06-25T10:09:16.280Z,2026-06-25T10:09:40.811Z
N03303,Cedar Park,2025-05-22,Staffing,Medium,Recruitment delays limited route coverage,Coordinate with property manager,2026-06-25T10:09:16.280Z,2026-06-25T10:09:40.811Z
N03331,Lakeview Terrace,2025-04-05,Resident Behavior,Critical,Residents placed bins outside designated collection hours,Assign backup collection crew,2026-06-25T10:09:16.280Z,2026-06-25T10:09:40.811Z
N03335,Maple Court,2025-05-25,Weather,High,Ice accumulation restricted vehicle movement,Monitor performance for next 7 days,2026-06-25T10:09:16.280Z,2026-06-25T10:09:40.811Z
N03379,Green Oaks,2025-02-10,Route Planning,Medium,Inefficient route sequencing reduced productivity,Coordinate with property manager,2026-06-25T10:09:16.280Z,2026-06-25T10:09:40.811Z
N03389,Cedar Park,2025-02-19,Property Management,Medium,Property management requested schedule adjustment,Review route optimization plan,2026-06-25T10:09:16.280Z,2026-06-25T10:09:40.811Z
N03405,Maple Court,2025-05-28,Weather,Medium,Poor visibility affected route safety,Schedule preventive maintenance,2026-06-25T10:09:16.280Z,2026-06-25T10:09:40.811Z
N03413,Harbor Pointe,2025-03-28,Staffing,Low,Staff shortage on route caused missed pickups,Monitor performance for next 7 days,2026-06-25T10:09:16.280Z,2026-06-25T10:09:40.811Z
N03424,Green Oaks,2025-01-18,Route Planning,Low,Route balancing adjustments improved service coverage,Coordinate with property manager,2026-06-25T10:09:16.280Z,2026-06-25T10:09:40.811Z
N03429,Maple Court,2025-03-06,Route Planning,High,High-density properties created route bottlenecks,Conduct resident awareness campaign,2026-06-25T10:09:16.280Z,2026-06-25T10:09:40.811Z
N03434,Green Oaks,2025-04-08,Staffing,Low,Holiday staffing shortages caused delays,Perform operational audit,2026-06-25T10:09:16.280Z,2026-06-25T10:09:40.811Z
N03443,Maple Court,2025-06-05,Vehicle,Medium,Vehicle diagnostics required immediate attention,Update access credentials,2026-06-25T10:09:16.280Z,2026-06-25T10:09:40.811Z
N03446,Harbor Pointe,2025-01-18,Vehicle,Low,Battery failure delayed route departure,Coordinate with property manager,2026-06-25T10:09:16.280Z,2026-06-25T10:09:40.811Z
N03456,Sunset Ridge,2025-05-09,Resident Behavior,Critical,Overflowing bins required additional collection effort,Assign backup collection crew,2026-06-25T10:09:16.280Z,2026-06-25T10:09:40.811Z
N03458,Lakeview Terrace,2025-05-03,Weather,Low,Snow accumulation blocked access to several units,Assign backup collection crew,2026-06-25T10:09:16.280Z,2026-06-25T10:09:40.811Z
N03471,Sunset Ridge,2025-05-15,Resident Behavior,Critical,Missed communication led to resident dissatisfaction,Increase staffing coverage,2026-06-25T10:09:16.280Z,2026-06-25T10:09:40.811Z
N03473,Green Oaks,2025-02-13,Staffing,High,New collector unfamiliar with property layout,Schedule preventive maintenance,2026-06-25T10:09:16.280Z,2026-06-25T10:09:40.811Z
N03480,Harbor Pointe,2025-04-28,Staffing,Critical,New collector unfamiliar with property layout,Review route optimization plan,2026-06-25T10:09:16.280Z,2026-06-25T10:09:40.811Z
N03494,Green Oaks,2025-04-19,Vehicle,Medium,Unexpected maintenance increased route completion time,Review route optimization plan,2026-06-25T10:09:16.280Z,2026-06-25T10:09:40.811Z
N03503,Harbor Pointe,2025-05-30,Staffing,Low,Multiple employee absences occurred simultaneously,Increase staffing coverage,2026-06-25T10:09:16.280Z,2026-06-25T10:09:40.811Z
N03526,Cedar Park,2025-04-26,Route Planning,Medium,Route redesign recommended to improve performance,Coordinate with property manager,2026-06-25T10:09:16.280Z,2026-06-25T10:09:40.811Z
N03527,Maple Court,2025-03-24,Weather,Critical,Severe weather reduced operational efficiency,Conduct resident awareness campaign,2026-06-25T10:09:16.280Z,2026-06-25T10:09:40.811Z
N03549,Maple Court,2025-06-05,Weather,Low,Weather disruptions impacted multiple communities,Escalate issue to regional manager,2026-06-25T10:09:16.280Z,2026-06-25T10:09:40.811Z
N03561,Maple Court,2025-04-21,Route Planning,Medium,High-density properties created route bottlenecks,Escalate issue to regional manager,2026-06-25T10:09:16.280Z,2026-06-25T10:09:40.811Z
N03564,Willow Creek,2025-06-27,Vehicle,Medium,Transmission issue impacted route completion,Coordinate with property manager,2026-06-25T10:09:16.280Z,2026-06-25T10:09:40.811Z
N03566,Maple Court,2025-05-04,Vehicle,Medium,Vehicle servicing overlapped with scheduled collections,Assign backup collection crew,2026-06-25T10:09:16.280Z,2026-06-25T10:09:40.811Z
N03587,Birchwood Commons,2025-04-16,Property Management,Critical,Property management requested schedule adjustment,Increase staffing coverage,2026-06-25T10:09:16.280Z,2026-06-25T10:09:40.811Z
N03613,Harbor Pointe,2025-04-25,Staffing,Medium,High employee turnover affected route consistency,Increase staffing coverage,2026-06-25T10:09:16.280Z,2026-06-25T10:09:40.811Z
N03619,Willow Creek,2025-06-22,Staffing,Medium,Staff reassignment impacted scheduled routes,Escalate issue to regional manager,2026-06-25T10:09:16.280Z,2026-06-25T10:09:40.811Z
N03625,Birchwood Commons,2025-02-09,Property Management,Critical,Property policy changes affected service delivery,Conduct resident awareness campaign,2026-06-25T10:09:16.280Z,2026-06-25T10:09:40.811Z
N03669,Harbor Pointe,2025-01-21,Weather,Medium,Heavy rain delayed collection schedule across region,Assign backup collection crew,2026-06-25T10:09:16.280Z,2026-06-25T10:09:40.811Z
N03683,Birchwood Commons,2025-01-04,Property Management,Critical,Management requested route modifications,Coordinate with property manager,2026-06-25T10:09:16.280Z,2026-06-25T10:09:40.811Z
N03687,Sunset Ridge,2025-02-19,Gate Access,Critical,New security protocol delayed collector access,Conduct resident awareness campaign,2026-06-25T10:09:16.280Z,2026-06-25T10:09:40.811Z
N03697,Birchwood Commons,2025-01-03,Gate Access,Medium,Incorrect gate code provided by property management,Coordinate with property manager,2026-06-25T10:09:16.280Z,2026-06-25T10:09:40.811Z
N03744,Harbor Pointe,2025-04-23,Staffing,High,Route coverage reduced due to labor constraints,Escalate issue to regional manager,2026-06-25T10:09:16.280Z,2026-06-25T10:09:40.811Z
N03781,Cedar Park,2025-05-12,Property Management,Critical,Maintenance work restricted access to collection areas,Escalate issue to regional manager,2026-06-25T10:09:16.280Z,2026-06-25T10:09:40.811Z
N03855,Maple Court,2025-01-16,Weather,Critical,Weather-related road closures impacted routes,Perform operational audit,2026-06-25T10:09:16.280Z,2026-06-25T10:09:40.811Z
N03892,Harbor Pointe,2025-02-26,Weather,Critical,Snow removal activities blocked service access,Escalate issue to regional manager,2026-06-25T10:09:16.280Z,2026-06-25T10:09:40.811Z
N03893,Sunset Ridge,2025-02-07,Property Management,Medium,Property policy changes affected service delivery,Increase staffing coverage,2026-06-25T10:09:16.280Z,2026-06-25T10:09:40.811Z
N03910,Green Oaks,2025-01-23,Route Planning,Critical,Route optimization issue increased travel time,Increase staffing coverage,2026-06-25T10:09:16.280Z,2026-06-25T10:09:40.811Z
N03984,Willow Creek,2025-02-14,Staffing,High,Insufficient weekend staffing caused backlog,Conduct resident awareness campaign,2026-06-25T10:09:16.280Z,2026-06-25T10:09:40.811Z
N03985,Cedar Park,2025-05-28,Property Management,Low,Manager reported recurring service concerns,Update access credentials,2026-06-25T10:09:16.280Z,2026-06-25T10:09:40.811Z
N03990,Maple Court,2025-06-22,Route Planning,Low,Service area expansion affected route timing,Escalate issue to regional manager,2026-06-25T10:09:16.280Z,2026-06-25T10:09:40.811Z
N03003,Harbor Pointe,2025-01-25,Vehicle,Critical,Replacement vehicle arrived later than expected,Conduct resident awareness campaign,2026-06-25T10:09:16.280Z,2026-06-25T10:09:40.811Z
N03014,Harbor Pointe,2025-01-18,Vehicle,High,Brake system inspection delayed deployment,Increase staffing coverage,2026-06-25T10:09:16.280Z,2026-06-25T10:09:40.811Z
N03020,Maple Court,2025-06-16,Route Planning,Critical,Dynamic route adjustments improved service outcomes,Monitor performance for next 7 days,2026-06-25T10:09:16.280Z,2026-06-25T10:09:40.811Z
N03033,Maple Court,2025-03-16,Vehicle,Critical,Fuel system malfunction impacted collection operations,Perform operational audit,2026-06-25T10:09:16.280Z,2026-06-25T10:09:40.811Z
N03041,Harbor Pointe,2025-05-23,Staffing,Low,Staff shortage on route caused missed pickups,Review route optimization plan,2026-06-25T10:09:16.280Z,2026-06-25T10:09:40.811Z
N03042,Willow Creek,2025-05-26,Gate Access,Critical,Manual gate operation caused route delays,Increase staffing coverage,2026-06-25T10:09:16.280Z,2026-06-25T10:09:40.811Z
N03060,Green Oaks,2025-02-06,Route Planning,Medium,Navigation issue delayed route completion,Update access credentials,2026-06-25T10:09:16.280Z,2026-06-25T10:09:40.811Z
N03078,Maple Court,2025-01-28,Vehicle,Critical,Emergency repair interrupted collection schedule,Escalate issue to regional manager,2026-06-25T10:09:16.280Z,2026-06-25T10:09:40.811Z
N03085,Maple Court,2025-04-25,Weather,Medium,Flooded access roads prevented route completion,Coordinate with property manager,2026-06-25T10:09:16.280Z,2026-06-25T10:09:40.811Z
N03091,Willow Creek,2025-05-28,Gate Access,High,Leasing office did not answer for gate code reset,Coordinate with property manager,2026-06-25T10:09:16.280Z,2026-06-25T10:09:40.811Z
N03106,Lakeview Terrace,2025-02-20,Route Planning,Critical,Construction activity blocked primary collection route,Perform operational audit,2026-06-25T10:09:16.280Z,2026-06-25T10:09:40.811Z
N03107,Harbor Pointe,2025-06-26,Staffing,High,Unexpected resignations affected operations,Schedule preventive maintenance,2026-06-25T10:09:16.280Z,2026-06-25T10:09:40.811Z
N03147,Cedar Park,2025-01-04,Route Planning,Critical,Route balancing adjustments improved service coverage,Assign backup collection crew,2026-06-25T10:09:16.280Z,2026-06-25T10:09:40.811Z
N03163,Cedar Park,2025-03-30,Property Management,Low,Service expectations reviewed with property leadership,Conduct resident awareness campaign,2026-06-25T10:09:16.280Z,2026-06-25T10:09:40.811Z
N03165,Green Oaks,2025-05-09,Staffing,Medium,High employee turnover affected route consistency,Coordinate with property manager,2026-06-25T10:09:16.280Z,2026-06-25T10:09:40.811Z
N03168,Sunset Ridge,2025-06-22,Resident Behavior,Low,Several residents reported confusion regarding pickup schedule,Review route optimization plan,2026-06-25T10:09:16.280Z,2026-06-25T10:09:40.811Z
N03190,Lakeview Terrace,2025-06-21,Route Planning,High,Traffic congestion delayed collections across multiple properties,Update access credentials,2026-06-25T10:09:16.280Z,2026-06-25T10:09:40.811Z
N03203,Birchwood Commons,2025-03-14,Resident Behavior,High,Missed communication led to resident dissatisfaction,Review route optimization plan,2026-06-25T10:09:16.280Z,2026-06-25T10:09:40.811Z
N03207,Maple Court,2025-01-15,Weather,Low,Weather disruptions impacted multiple communities,Perform operational audit,2026-06-25T10:09:16.280Z,2026-06-25T10:09:40.811Z
N03238,Harbor Pointe,2025-03-25,Staffing,High,Route coverage reduced due to labor constraints,Conduct resident awareness campaign,2026-06-25T10:09:16.280Z,2026-06-25T10:09:40.811Z
N03243,Green Oaks,2025-06-22,Vehicle,High,Vehicle inspection identified safety concerns before dispatch,Review route optimization plan,2026-06-25T10:09:16.280Z,2026-06-25T10:09:40.811Z
N03258,Maple Court,2025-05-08,Route Planning,Critical,Route handoff between teams caused delays,Monitor performance for next 7 days,2026-06-25T10:09:16.280Z,2026-06-25T10:09:40.811Z
N03273,Green Oaks,2025-05-15,Staffing,Low,Holiday staffing shortages caused delays,Coordinate with property manager,2026-06-25T10:09:16.280Z,2026-06-25T10:09:40.811Z
N03278,Willow Creek,2025-02-25,Vehicle,Critical,Truck mechanical issue delayed entire route schedule,Update access credentials,2026-06-25T10:09:16.280Z,2026-06-25T10:09:40.811Z
N03302,Cedar Park,2025-01-10,Staffing,Low,Training requirements delayed assignment of replacement collector,Schedule preventive maintenance,2026-06-25T10:09:16.280Z,2026-06-25T10:09:40.811Z
N03307,Maple Court,2025-03-04,Weather,Medium,Snow accumulation blocked access to several units,Review route optimization plan,2026-06-25T10:09:16.280Z,2026-06-25T10:09:40.811Z
N03321,Sunset Ridge,2025-03-28,Resident Behavior,Medium,Residents failed to follow waste segregation guidelines,Schedule preventive maintenance,2026-06-25T10:09:16.280Z,2026-06-25T10:09:40.811Z
N03338,Cedar Park,2025-02-08,Property Management,Critical,Management escalation required operational review,Increase staffing coverage,2026-06-25T10:09:16.280Z,2026-06-25T10:09:40.811Z
N03349,Maple Court,2025-05-02,Route Planning,Low,Route optimization issue increased travel time,Monitor performance for next 7 days,2026-06-25T10:09:16.280Z,2026-06-25T10:09:40.811Z
N03350,Birchwood Commons,2025-04-30,Property Management,Low,Service expectations reviewed with property leadership,Assign backup collection crew,2026-06-25T10:09:16.280Z,2026-06-25T10:09:40.811Z
N03361,Harbor Pointe,2025-06-10,Vehicle,High,Vehicle diagnostics required immediate attention,Review route optimization plan,2026-06-25T10:09:16.280Z,2026-06-25T10:09:40.811Z
N03372,Sunset Ridge,2025-04-30,Property Management,Medium,Manager reported recurring service concerns,Review route optimization plan,2026-06-25T10:09:16.280Z,2026-06-25T10:09:40.811Z
N03378,Sunset Ridge,2025-02-28,Property Management,High,Maintenance work restricted access to collection areas,Schedule preventive maintenance,2026-06-25T10:09:16.280Z,2026-06-25T10:09:40.811Z
N03382,Green Oaks,2025-05-26,Route Planning,Critical,Scheduling overlap reduced operational efficiency,Coordinate with property manager,2026-06-25T10:09:16.280Z,2026-06-25T10:09:40.811Z
N03398,Maple Court,2025-05-12,Route Planning,Low,High-density properties created route bottlenecks,Review route optimization plan,2026-06-25T10:09:16.280Z,2026-06-25T10:09:40.811Z
N03402,Cedar Park,2025-01-16,Route Planning,Low,Unexpected road closure required route diversion,Schedule preventive maintenance,2026-06-25T10:09:16.280Z,2026-06-25T10:09:40.811Z
N03477,Willow Creek,2025-03-25,Vehicle,Medium,Flat tire caused service delays across multiple properties,Increase staffing coverage,2026-06-25T10:09:16.280Z,2026-06-25T10:09:40.811Z
N03504,Harbor Pointe,2025-02-28,Weather,High,Wet conditions reduced collection speed,Perform operational audit,2026-06-25T10:09:16.280Z,2026-06-25T10:09:40.811Z
N03506,Green Oaks,2025-04-21,Staffing,Medium,Insufficient weekend staffing caused backlog,Schedule preventive maintenance,2026-06-25T10:09:16.280Z,2026-06-25T10:09:40.811Z
N03535,Sunset Ridge,2025-06-05,Gate Access,Low,Delayed authorization from security personnel,Coordinate with property manager,2026-06-25T10:09:16.280Z,2026-06-25T10:09:40.811Z
N03538,Cedar Park,2025-06-18,Property Management,Low,Property leadership requested service enhancement review,Increase staffing coverage,2026-06-25T10:09:16.280Z,2026-06-25T10:09:40.811Z
N03567,Lakeview Terrace,2025-01-13,Resident Behavior,High,Residents placed bins outside designated collection hours,Escalate issue to regional manager,2026-06-25T10:09:16.280Z,2026-06-25T10:09:40.811Z
N03572,Harbor Pointe,2025-03-06,Staffing,Critical,Overtime limitations reduced available coverage,Monitor performance for next 7 days,2026-06-25T10:09:16.280Z,2026-06-25T10:09:40.811Z
N03580,Harbor Pointe,2025-06-13,Staffing,Medium,Staff reassignment impacted scheduled routes,Update access credentials,2026-06-25T10:09:16.280Z,2026-06-25T10:09:40.811Z
N03589,Cedar Park,2025-01-14,Staffing,Low,Recruitment delays limited route coverage,Perform operational audit,2026-06-25T10:09:16.280Z,2026-06-25T10:09:40.811Z
N03593,Maple Court,2025-06-25,Route Planning,Low,Scheduling overlap reduced operational efficiency,Schedule preventive maintenance,2026-06-25T10:09:16.280Z,2026-06-25T10:09:40.811Z
N03642,Green Oaks,2025-01-26,Staffing,Medium,Route coverage reduced due to labor constraints,Update access credentials,2026-06-25T10:09:16.280Z,2026-06-25T10:09:40.811Z
N03657,Harbor Pointe,2025-01-13,Vehicle,High,Engine overheating forced temporary route suspension,Perform operational audit,2026-06-25T10:09:16.280Z,2026-06-25T10:09:40.811Z
N03660,Willow Creek,2025-05-31,Gate Access,Critical,Property manager unavailable to provide updated gate code,Increase staffing coverage,2026-06-25T10:09:16.280Z,2026-06-25T10:09:40.811Z
N03672,Sunset Ridge,2025-04-22,Resident Behavior,Low,Repeated policy violations impacted service quality,Schedule preventive maintenance,2026-06-25T10:09:16.280Z,2026-06-25T10:09:40.811Z
N03673,Cedar Park,2025-03-26,Property Management,Critical,Coordination challenges delayed operational response,Escalate issue to regional manager,2026-06-25T10:09:16.280Z,2026-06-25T10:09:40.811Z
N03677,Green Oaks,2025-01-25,Route Planning,Low,Dynamic route adjustments improved service outcomes,Update access credentials,2026-06-25T10:09:16.280Z,2026-06-25T10:09:40.811Z
N03691,Sunset Ridge,2025-03-31,Property Management,Critical,Management requested additional pickup support,Review route optimization plan,2026-06-25T10:09:16.280Z,2026-06-25T10:09:40.811Z
N03710,Cedar Park,2025-01-20,Staffing,Medium,High employee turnover affected route consistency,Escalate issue to regional manager,2026-06-25T10:09:16.280Z,2026-06-25T10:09:40.811Z
N03725,Green Oaks,2025-03-08,Route Planning,High,Route handoff between teams caused delays,Review route optimization plan,2026-06-25T10:09:16.280Z,2026-06-25T10:09:40.811Z
N03729,Lakeview Terrace,2025-04-09,Weather,High,Poor visibility affected route safety,Schedule preventive maintenance,2026-06-25T10:09:16.280Z,2026-06-25T10:09:40.811Z
N03760,Harbor Pointe,2025-05-19,Vehicle,High,Fleet shortage increased route workloads,Perform operational audit,2026-06-25T10:09:16.280Z,2026-06-25T10:09:40.811Z
N03787,Cedar Park,2025-03-03,Route Planning,Low,Route redesign recommended to improve performance,Conduct resident awareness campaign,2026-06-25T10:09:16.280Z,2026-06-25T10:09:40.811Z
N03811,Green Oaks,2025-06-30,Staffing,Medium,Recruitment delays limited route coverage,Conduct resident awareness campaign,2026-06-25T10:09:16.280Z,2026-06-25T10:09:40.811Z
N03812,Sunset Ridge,2025-06-30,Gate Access,Low,Driver could not access community - gate code expired,Escalate issue to regional manager,2026-06-25T10:09:16.280Z,2026-06-25T10:09:40.811Z
N03815,Green Oaks,2025-02-17,Route Planning,Medium,Traffic congestion delayed collections across multiple properties,Assign backup collection crew,2026-06-25T10:09:16.280Z,2026-06-25T10:09:40.811Z
N03816,Cedar Park,2025-01-28,Property Management,Medium,Coordination challenges delayed operational response,Perform operational audit,2026-06-25T10:09:16.280Z,2026-06-25T10:09:40.811Z
N03835,Harbor Pointe,2025-03-02,Weather,Medium,Unexpected storm activity required schedule changes,Assign backup collection crew,2026-06-25T10:09:16.280Z,2026-06-25T10:09:40.811Z
N03842,Birchwood Commons,2025-05-01,Gate Access,Low,New security protocol delayed collector access,Perform operational audit,2026-06-25T10:09:16.280Z,2026-06-25T10:09:40.811Z
N03843,Sunset Ridge,2025-03-07,Gate Access,Critical,Entry denied due to missing vendor registration,Schedule preventive maintenance,2026-06-25T10:09:16.280Z,2026-06-25T10:09:40.811Z
N03859,Maple Court,2025-02-07,Vehicle,Critical,Maintenance backlog reduced fleet readiness,Conduct resident awareness campaign,2026-06-25T10:09:16.280Z,2026-06-25T10:09:40.811Z
N03880,Harbor Pointe,2025-06-19,Weather,High,Heavy rain delayed collection schedule across region,Monitor performance for next 7 days,2026-06-25T10:09:16.280Z,2026-06-25T10:09:40.811Z
N03917,Sunset Ridge,2025-04-03,Resident Behavior,Medium,Resident left bin blocked by parked vehicle,Assign backup collection crew,2026-06-25T10:09:16.280Z,2026-06-25T10:09:40.811Z
N03922,Maple Court,2025-06-19,Vehicle,Critical,Maintenance backlog reduced fleet readiness,Increase staffing coverage,2026-06-25T10:09:16.280Z,2026-06-25T10:09:40.811Z
N03933,Green Oaks,2025-01-10,Route Planning,Low,Route capacity exceeded planned workload,Review route optimization plan,2026-06-25T10:09:16.280Z,2026-06-25T10:09:40.811Z
N03953,Harbor Pointe,2025-06-01,Staffing,Medium,Reduced workforce availability impacted service quality,Conduct resident awareness campaign,2026-06-25T10:09:16.280Z,2026-06-25T10:09:40.811Z
N03954,Green Oaks,2025-04-28,Vehicle,Critical,Fleet availability issues caused route reassignment,Coordinate with property manager,2026-06-25T10:09:16.280Z,2026-06-25T10:09:40.811Z
N03964,Maple Court,2025-03-16,Route Planning,Medium,Travel distance increased due to route modifications,Monitor performance for next 7 days,2026-06-25T10:09:16.280Z,2026-06-25T10:09:40.811Z
N03973,Green Oaks,2025-01-15,Vehicle,Medium,Flat tire caused service delays across multiple properties,Perform operational audit,2026-06-25T10:09:16.280Z,2026-06-25T10:09:40.811Z
N03988,Cedar Park,2025-03-11,Staffing,Critical,Training requirements delayed assignment of replacement collector,Escalate issue to regional manager,2026-06-25T10:09:16.280Z,2026-06-25T10:09:40.811Z
N03011,Lakeview Terrace,2025-02-28,Route Planning,Critical,Navigation issue delayed route completion,Conduct resident awareness campaign,2026-06-25T10:09:16.280Z,2026-06-25T10:09:40.811Z
N03017,Cedar Park,2025-01-30,Staffing,Critical,Reduced workforce availability impacted service quality,Monitor performance for next 7 days,2026-06-25T10:09:16.280Z,2026-06-25T10:09:40.811Z
N03037,Lakeview Terrace,2025-05-01,Resident Behavior,Low,Bins not placed at doorstep for scheduled pickup,Escalate issue to regional manager,2026-06-25T10:09:16.280Z,2026-06-25T10:09:40.811Z
N03039,Birchwood Commons,2025-01-01,Resident Behavior,Critical,Resident education on waste procedures was recommended,Escalate issue to regional manager,2026-06-25T10:09:16.280Z,2026-06-25T10:09:40.811Z
N03043,Harbor Pointe,2025-01-29,Vehicle,Critical,Battery failure delayed route departure,Conduct resident awareness campaign,2026-06-25T10:09:16.280Z,2026-06-25T10:09:40.811Z
N03044,Green Oaks,2025-06-06,Staffing,Critical,Recruitment delays limited route coverage,Monitor performance for next 7 days,2026-06-25T10:09:16.280Z,2026-06-25T10:09:40.811Z
N03066,Cedar Park,2025-06-21,Route Planning,High,Service area expansion affected route timing,Perform operational audit,2026-06-25T10:09:16.280Z,2026-06-25T10:09:40.811Z
N03071,Sunset Ridge,2025-02-19,Resident Behavior,Critical,Bins not placed at doorstep for scheduled pickup,Escalate issue to regional manager,2026-06-25T10:09:16.280Z,2026-06-25T10:09:40.811Z
N03101,Willow Creek,2025-05-24,Staffing,Low,Resource allocation issue affected collection schedule,Schedule preventive maintenance,2026-06-25T10:09:16.280Z,2026-06-25T10:09:40.811Z
N03103,Green Oaks,2025-02-21,Route Planning,Medium,Route redesign recommended to improve performance,Assign backup collection crew,2026-06-25T10:09:16.280Z,2026-06-25T10:09:40.811Z
N03112,Maple Court,2025-01-30,Weather,Medium,Regional weather event affected service levels,Conduct resident awareness campaign,2026-06-25T10:09:16.280Z,2026-06-25T10:09:40.811Z
N03134,Cedar Park,2025-03-04,Route Planning,Medium,Unexpected road closure required route diversion,Monitor performance for next 7 days,2026-06-25T10:09:16.280Z,2026-06-25T10:09:40.811Z
N03138,Green Oaks,2025-05-24,Vehicle,Low,Battery failure delayed route departure,Monitor performance for next 7 days,2026-06-25T10:09:16.280Z,2026-06-25T10:09:40.811Z
N03173,Lakeview Terrace,2025-05-31,Resident Behavior,Critical,Resident left bin blocked by parked vehicle,Monitor performance for next 7 days,2026-06-25T10:09:16.280Z,2026-06-25T10:09:40.811Z
N03180,Harbor Pointe,2025-01-14,Vehicle,Low,Unexpected maintenance increased route completion time,Review route optimization plan,2026-06-25T10:09:16.280Z,2026-06-25T10:09:40.811Z
N03219,Willow Creek,2025-06-05,Staffing,Low,"Collector called in sick, route covered late",Monitor performance for next 7 days,2026-06-25T10:09:16.280Z,2026-06-25T10:09:40.811Z
N03228,Maple Court,2025-05-20,Vehicle,High,Maintenance backlog reduced fleet readiness,Conduct resident awareness campaign,2026-06-25T10:09:16.280Z,2026-06-25T10:09:40.811Z
N03230,Birchwood Commons,2025-03-28,Property Management,Critical,Manager reported recurring service concerns,Assign backup collection crew,2026-06-25T10:09:16.280Z,2026-06-25T10:09:40.811Z
N03239,Maple Court,2025-05-28,Weather,Critical,Severe heat affected workforce productivity,Schedule preventive maintenance,2026-06-25T10:09:16.280Z,2026-06-25T10:09:40.811Z
N03253,Birchwood Commons,2025-02-18,Gate Access,High,Leasing office did not answer for gate code reset,Escalate issue to regional manager,2026-06-25T10:09:16.280Z,2026-06-25T10:09:40.811Z
N03255,Lakeview Terrace,2025-05-06,Weather,High,Unexpected storm activity required schedule changes,Coordinate with property manager,2026-06-25T10:09:16.280Z,2026-06-25T10:09:40.811Z
N03262,Sunset Ridge,2025-02-03,Gate Access,Medium,Incorrect gate code provided by property management,Escalate issue to regional manager,2026-06-25T10:09:16.280Z,2026-06-25T10:09:40.811Z
N03274,Harbor Pointe,2025-04-26,Vehicle,High,Engine overheating forced temporary route suspension,Assign backup collection crew,2026-06-25T10:09:16.280Z,2026-06-25T10:09:40.811Z
N03291,Maple Court,2025-06-12,Weather,Critical,Flooded access roads prevented route completion,Monitor performance for next 7 days,2026-06-25T10:09:16.280Z,2026-06-25T10:09:40.811Z
N03298,Lakeview Terrace,2025-01-28,Resident Behavior,Low,Overflowing bins required additional collection effort,Review route optimization plan,2026-06-25T10:09:16.280Z,2026-06-25T10:09:40.811Z
N03304,Lakeview Terrace,2025-03-13,Route Planning,Medium,Route optimization issue increased travel time,Update access credentials,2026-06-25T10:09:16.280Z,2026-06-25T10:09:40.811Z
N03322,Cedar Park,2025-04-06,Staffing,Low,High employee turnover affected route consistency,Review route optimization plan,2026-06-25T10:09:16.280Z,2026-06-25T10:09:40.811Z
N03367,Cedar Park,2025-01-18,Staffing,Critical,New collector unfamiliar with property layout,Assign backup collection crew,2026-06-25T10:09:16.280Z,2026-06-25T10:09:40.811Z
N03425,Maple Court,2025-03-15,Route Planning,Medium,Dynamic route adjustments improved service outcomes,Review route optimization plan,2026-06-25T10:09:16.280Z,2026-06-25T10:09:40.811Z
N03474,Birchwood Commons,2025-01-22,Gate Access,Critical,Delayed authorization from security personnel,Coordinate with property manager,2026-06-25T10:09:16.280Z,2026-06-25T10:09:40.811Z
N03515,Willow Creek,2025-02-14,Staffing,Critical,Multiple employee absences occurred simultaneously,Conduct resident awareness campaign,2026-06-25T10:09:16.280Z,2026-06-25T10:09:40.811Z
N03517,Birchwood Commons,2025-01-11,Resident Behavior,High,Resident participation declined during holiday period,Update access credentials,2026-06-25T10:09:16.280Z,2026-06-25T10:09:40.811Z
N03529,Willow Creek,2025-04-30,Staffing,Medium,Shift scheduling conflict resulted in delayed collections,Coordinate with property manager,2026-06-25T10:09:16.280Z,2026-06-25T10:09:40.811Z
N03545,Harbor Pointe,2025-06-23,Vehicle,Critical,Fuel system malfunction impacted collection operations,Update access credentials,2026-06-25T10:09:16.280Z,2026-06-25T10:09:40.811Z
N03550,Sunset Ridge,2025-02-13,Resident Behavior,Low,Bins not placed at doorstep for scheduled pickup,Review route optimization plan,2026-06-25T10:09:16.280Z,2026-06-25T10:09:40.811Z
N03555,Sunset Ridge,2025-06-19,Property Management,Medium,Coordination challenges delayed operational response,Perform operational audit,2026-06-25T10:09:16.280Z,2026-06-25T10:09:40.811Z
N03565,Willow Creek,2025-06-17,Staffing,Medium,Overtime limitations reduced available coverage,Escalate issue to regional manager,2026-06-25T10:09:16.280Z,2026-06-25T10:09:40.811Z
N03578,Harbor Pointe,2025-04-23,Staffing,Critical,"Collector called in sick, route covered late",Increase staffing coverage,2026-06-25T10:09:16.280Z,2026-06-25T10:09:40.811Z
N03586,Green Oaks,2025-01-19,Vehicle,Low,Equipment failure reduced collection efficiency,Review route optimization plan,2026-06-25T10:09:16.280Z,2026-06-25T10:09:40.811Z
N03597,Maple Court,2025-04-05,Vehicle,High,Replacement vehicle arrived later than expected,Increase staffing coverage,2026-06-25T10:09:16.280Z,2026-06-25T10:09:40.811Z
N03615,Willow Creek,2025-03-07,Gate Access,Low,Driver could not access community - gate code expired,Review route optimization plan,2026-06-25T10:09:16.280Z,2026-06-25T10:09:40.811Z
N03620,Sunset Ridge,2025-03-09,Resident Behavior,Medium,Repeated policy violations impacted service quality,Escalate issue to regional manager,2026-06-25T10:09:16.280Z,2026-06-25T10:09:40.811Z
N03628,Harbor Pointe,2025-06-03,Staffing,Critical,Unexpected employee absence impacted daily operations,Assign backup collection crew,2026-06-25T10:09:16.280Z,2026-06-25T10:09:40.811Z
N03633,Cedar Park,2025-06-25,Property Management,Medium,Operational feedback meeting identified improvement areas,Coordinate with property manager,2026-06-25T10:09:16.280Z,2026-06-25T10:09:40.811Z
N03641,Green Oaks,2025-05-08,Vehicle,Low,Equipment failure reduced collection efficiency,Coordinate with property manager,2026-06-25T10:09:16.280Z,2026-06-25T10:09:40.811Z
N03649,Sunset Ridge,2025-06-06,Gate Access,Critical,Service entrance blocked by maintenance activity,Conduct resident awareness campaign,2026-06-25T10:09:16.280Z,2026-06-25T10:09:40.811Z
N03696,Birchwood Commons,2025-02-21,Gate Access,Low,Security denied entry due to outdated access credentials,Conduct resident awareness campaign,2026-06-25T10:09:16.280Z,2026-06-25T10:09:40.811Z
N03706,Willow Creek,2025-01-06,Vehicle,Critical,Vehicle inspection identified safety concerns before dispatch,Increase staffing coverage,2026-06-25T10:09:16.280Z,2026-06-25T10:09:40.811Z
N03717,Willow Creek,2025-04-07,Vehicle,Medium,Transmission issue impacted route completion,Conduct resident awareness campaign,2026-06-25T10:09:16.280Z,2026-06-25T10:09:40.811Z
N03722,Harbor Pointe,2025-05-22,Staffing,High,Route coverage reduced due to labor constraints,Review route optimization plan,2026-06-25T10:09:16.280Z,2026-06-25T10:09:40.811Z
N03730,Willow Creek,2025-02-24,Gate Access,High,Access card failed to unlock service entrance,Review route optimization plan,2026-06-25T10:09:16.280Z,2026-06-25T10:09:40.811Z
N03732,Lakeview Terrace,2025-05-28,Resident Behavior,Medium,Resident left bin blocked by parked vehicle,Assign backup collection crew,2026-06-25T10:09:16.280Z,2026-06-25T10:09:40.811Z
N03759,Birchwood Commons,2025-05-30,Gate Access,High,Restricted access due to special community event,Coordinate with property manager,2026-06-25T10:09:16.280Z,2026-06-25T10:09:40.811Z
N03774,Birchwood Commons,2025-01-13,Resident Behavior,Medium,Collection instructions were frequently ignored,Monitor performance for next 7 days,2026-06-25T10:09:16.280Z,2026-06-25T10:09:40.811Z
N03779,Green Oaks,2025-02-20,Vehicle,Low,Truck mechanical issue delayed entire route schedule,Increase staffing coverage,2026-06-25T10:09:16.280Z,2026-06-25T10:09:40.811Z
N03783,Cedar Park,2025-02-18,Route Planning,Medium,Route redesign recommended to improve performance,Escalate issue to regional manager,2026-06-25T10:09:16.280Z,2026-06-25T10:09:40.811Z
N03824,Cedar Park,2025-05-13,Staffing,Low,New collector unfamiliar with property layout,Update access credentials,2026-06-25T10:09:16.280Z,2026-06-25T10:09:40.811Z
N03863,Maple Court,2025-03-28,Route Planning,Critical,Navigation issue delayed route completion,Conduct resident awareness campaign,2026-06-25T10:09:16.280Z,2026-06-25T10:09:40.811Z
N03865,Birchwood Commons,2025-05-20,Resident Behavior,Critical,Missed communication led to resident dissatisfaction,Assign backup collection crew,2026-06-25T10:09:16.280Z,2026-06-25T10:09:40.811Z
N03883,Harbor Pointe,2025-02-24,Weather,High,Adverse weather increased average completion times,Coordinate with property manager,2026-06-25T10:09:16.280Z,2026-06-25T10:09:40.811Z
N03899,Birchwood Commons,2025-05-26,Resident Behavior,Critical,Late bin placement caused missed pickups,Perform operational audit,2026-06-25T10:09:16.280Z,2026-06-25T10:09:40.811Z
N03918,Lakeview Terrace,2025-05-15,Weather,High,Severe weather reduced operational efficiency,Increase staffing coverage,2026-06-25T10:09:16.280Z,2026-06-25T10:09:40.811Z
N03943,Sunset Ridge,2025-02-19,Gate Access,Critical,Driver could not access community - gate code expired,Update access credentials,2026-06-25T10:09:16.280Z,2026-06-25T10:09:40.811Z
N03956,Cedar Park,2025-06-08,Property Management,High,Operational feedback meeting identified improvement areas,Increase staffing coverage,2026-06-25T10:09:16.280Z,2026-06-25T10:09:40.811Z
N03962,Maple Court,2025-02-17,Route Planning,High,Route optimization issue increased travel time,Escalate issue to regional manager,2026-06-25T10:09:16.280Z,2026-06-25T10:09:40.811Z
N03966,Harbor Pointe,2025-04-24,Staffing,Low,Staff reassignment impacted scheduled routes,Escalate issue to regional manager,2026-06-25T10:09:16.280Z,2026-06-25T10:09:40.811Z
N03967,Birchwood Commons,2025-04-12,Property Management,Critical,Property upgrades impacted collection logistics,Conduct resident awareness campaign,2026-06-25T10:09:16.280Z,2026-06-25T10:09:40.811Z
N03970,Birchwood Commons,2025-03-05,Gate Access,Critical,Manual gate operation caused route delays,Assign backup collection crew,2026-06-25T10:09:16.280Z,2026-06-25T10:09:40.811Z
N03976,Harbor Pointe,2025-04-24,Vehicle,Critical,Unexpected maintenance increased route completion time,Monitor performance for next 7 days,2026-06-25T10:09:16.280Z,2026-06-25T10:09:40.811Z
N03987,Sunset Ridge,2025-02-11,Resident Behavior,High,Residents failed to follow waste segregation guidelines,Schedule preventive maintenance,2026-06-25T10:09:16.280Z,2026-06-25T10:09:40.811Z
N03991,Willow Creek,2025-05-19,Staffing,Critical,Staff shortage on route caused missed pickups,Review route optimization plan,2026-06-25T10:09:16.280Z,2026-06-25T10:09:40.811Z
N03994,Birchwood Commons,2025-01-07,Gate Access,Low,Restricted access due to special community event,Assign backup collection crew,2026-06-25T10:09:16.280Z,2026-06-25T10:09:40.811Z
N03995,Cedar Park,2025-04-11,Property Management,Critical,Operational changes were not communicated in advance,Increase staffing coverage,2026-06-25T10:09:16.280Z,2026-06-25T10:09:40.811Z
N03997,Sunset Ridge,2025-06-19,Gate Access,Critical,Manual gate operation caused route delays,Escalate issue to regional manager,2026-06-25T10:09:16.280Z,2026-06-25T10:09:40.811Z
N03999,Cedar Park,2025-04-04,Staffing,High,Route coverage reduced due to labor constraints,Review route optimization plan,2026-06-25T10:09:16.280Z,2026-06-25T10:09:40.811Z
N03004,Cedar Park,2025-03-06,Route Planning,Critical,Traffic congestion delayed collections across multiple properties,Conduct resident awareness campaign,2026-06-25T10:09:16.280Z,2026-06-25T10:09:40.811Z
N03005,Green Oaks,2025-01-03,Staffing,Critical,Resource allocation issue affected collection schedule,Assign backup collection crew,2026-06-25T10:09:16.280Z,2026-06-25T10:09:40.811Z
N03025,Willow Creek,2025-02-07,Staffing,Critical,Recruitment delays limited route coverage,Coordinate with property manager,2026-06-25T10:09:16.280Z,2026-06-25T10:09:40.811Z
N03029,Sunset Ridge,2025-04-02,Resident Behavior,High,Collection instructions were frequently ignored,Escalate issue to regional manager,2026-06-25T10:09:16.280Z,2026-06-25T10:09:40.811Z
N03031,Cedar Park,2025-05-31,Staffing,Critical,Staff reassignment impacted scheduled routes,Perform operational audit,2026-06-25T10:09:16.280Z,2026-06-25T10:09:40.811Z
N03038,Cedar Park,2025-03-30,Route Planning,Low,Scheduling overlap reduced operational efficiency,Schedule preventive maintenance,2026-06-25T10:09:16.280Z,2026-06-25T10:09:40.811Z
N03067,Birchwood Commons,2025-04-05,Property Management,High,Community event impacted collection schedule,Increase staffing coverage,2026-06-25T10:09:16.280Z,2026-06-25T10:09:40.811Z
N03075,Sunset Ridge,2025-04-21,Resident Behavior,High,Collection bins were inaccessible during service window,Coordinate with property manager,2026-06-25T10:09:16.280Z,2026-06-25T10:09:40.811Z
N03092,Green Oaks,2025-04-21,Vehicle,Medium,Fleet availability issues caused route reassignment,Escalate issue to regional manager,2026-06-25T10:09:16.280Z,2026-06-25T10:09:40.811Z
N03099,Sunset Ridge,2025-01-08,Gate Access,High,Driver could not access community - gate code expired,Review route optimization plan,2026-06-25T10:09:16.280Z,2026-06-25T10:09:40.811Z
N03114,Maple Court,2025-01-26,Vehicle,Medium,Replacement vehicle arrived later than expected,Conduct resident awareness campaign,2026-06-25T10:09:16.280Z,2026-06-25T10:09:40.811Z
N03135,Maple Court,2025-06-27,Vehicle,Low,Maintenance backlog reduced fleet readiness,Escalate issue to regional manager,2026-06-25T10:09:16.280Z,2026-06-25T10:09:40.811Z
N03159,Maple Court,2025-01-24,Weather,Low,Severe weather reduced operational efficiency,Coordinate with property manager,2026-06-25T10:09:16.280Z,2026-06-25T10:09:40.811Z
N03164,Birchwood Commons,2025-04-10,Gate Access,High,Driver could not access community - gate code expired,Coordinate with property manager,2026-06-25T10:09:16.280Z,2026-06-25T10:09:40.811Z
N03213,Harbor Pointe,2025-06-25,Weather,Critical,High winds created safety concerns for collectors,Escalate issue to regional manager,2026-06-25T10:09:16.280Z,2026-06-25T10:09:40.811Z
N03221,Willow Creek,2025-01-31,Gate Access,Medium,Service entrance blocked by maintenance activity,Review route optimization plan,2026-06-25T10:09:16.280Z,2026-06-25T10:09:40.811Z
N03225,Harbor Pointe,2025-05-19,Vehicle,Critical,Vehicle inspection identified safety concerns before dispatch,Coordinate with property manager,2026-06-25T10:09:16.280Z,2026-06-25T10:09:40.811Z
N03231,Birchwood Commons,2025-06-03,Property Management,Low,Property inspection activities disrupted collections,Escalate issue to regional manager,2026-06-25T10:09:16.280Z,2026-06-25T10:09:40.811Z
N03233,Maple Court,2025-06-19,Weather,Medium,Ice accumulation restricted vehicle movement,Review route optimization plan,2026-06-25T10:09:16.280Z,2026-06-25T10:09:40.811Z
N03237,Sunset Ridge,2025-06-16,Property Management,High,Property inspection activities disrupted collections,Assign backup collection crew,2026-06-25T10:09:16.280Z,2026-06-25T10:09:40.811Z
N03272,Lakeview Terrace,2025-04-22,Weather,High,Weather-related road closures impacted routes,Escalate issue to regional manager,2026-06-25T10:09:16.280Z,2026-06-25T10:09:40.811Z
N03300,Cedar Park,2025-01-21,Property Management,Low,Community event impacted collection schedule,Coordinate with property manager,2026-06-25T10:09:16.280Z,2026-06-25T10:09:40.811Z
N03311,Willow Creek,2025-05-12,Vehicle,High,Vehicle diagnostics required immediate attention,Perform operational audit,2026-06-25T10:09:16.280Z,2026-06-25T10:09:40.811Z
N03320,Cedar Park,2025-06-30,Staffing,Critical,Overtime limitations reduced available coverage,Increase staffing coverage,2026-06-25T10:09:16.280Z,2026-06-25T10:09:40.811Z
N03326,Willow Creek,2025-02-23,Staffing,High,Insufficient staffing levels increased route completion time,Coordinate with property manager,2026-06-25T10:09:16.280Z,2026-06-25T10:09:40.811Z
N03332,Birchwood Commons,2025-05-22,Resident Behavior,Critical,Improperly secured waste created operational issues,Update access credentials,2026-06-25T10:09:16.280Z,2026-06-25T10:09:40.811Z
N03333,Cedar Park,2025-03-31,Route Planning,Medium,Construction activity blocked primary collection route,Monitor performance for next 7 days,2026-06-25T10:09:16.280Z,2026-06-25T10:09:40.811Z
N03336,Willow Creek,2025-04-16,Gate Access,High,Security denied entry due to outdated access credentials,Assign backup collection crew,2026-06-25T10:09:16.280Z,2026-06-25T10:09:40.811Z
N03344,Harbor Pointe,2025-05-01,Vehicle,Critical,Flat tire caused service delays across multiple properties,Monitor performance for next 7 days,2026-06-25T10:09:16.280Z,2026-06-25T10:09:40.811Z
N03409,Sunset Ridge,2025-01-25,Property Management,Critical,Community event impacted collection schedule,Coordinate with property manager,2026-06-25T10:09:16.280Z,2026-06-25T10:09:40.811Z
N03412,Maple Court,2025-02-10,Route Planning,Medium,Property clustering analysis suggested optimization opportunities,Monitor performance for next 7 days,2026-06-25T10:09:16.280Z,2026-06-25T10:09:40.811Z
N03417,Lakeview Terrace,2025-06-27,Weather,High,High winds created safety concerns for collectors,Assign backup collection crew,2026-06-25T10:09:16.280Z,2026-06-25T10:09:40.811Z
N03470,Lakeview Terrace,2025-02-11,Resident Behavior,High,Repeated policy violations impacted service quality,Coordinate with property manager,2026-06-25T10:09:16.280Z,2026-06-25T10:09:40.811Z
N03532,Birchwood Commons,2025-01-03,Resident Behavior,Critical,Resident complaints increased after route schedule change,Coordinate with property manager,2026-06-25T10:09:16.280Z,2026-06-25T10:09:40.811Z
N03569,Cedar Park,2025-01-31,Staffing,Critical,Overtime limitations reduced available coverage,Schedule preventive maintenance,2026-06-25T10:09:16.280Z,2026-06-25T10:09:40.811Z
N03590,Lakeview Terrace,2025-04-13,Weather,Critical,Heavy rain delayed collection schedule across region,Coordinate with property manager,2026-06-25T10:09:16.280Z,2026-06-25T10:09:40.811Z
N03606,Maple Court,2025-02-12,Weather,Low,Ice accumulation restricted vehicle movement,Increase staffing coverage,2026-06-25T10:09:16.280Z,2026-06-25T10:09:40.811Z
N03632,Sunset Ridge,2025-01-18,Property Management,Medium,Manager reported recurring service concerns,Coordinate with property manager,2026-06-25T10:09:16.280Z,2026-06-25T10:09:40.811Z
N03636,Green Oaks,2025-03-10,Vehicle,Low,Maintenance backlog reduced fleet readiness,Schedule preventive maintenance,2026-06-25T10:09:16.280Z,2026-06-25T10:09:40.811Z
N03640,Harbor Pointe,2025-05-05,Weather,Low,Lightning risk delayed evening collections,Perform operational audit,2026-06-25T10:09:16.280Z,2026-06-25T10:09:40.811Z
N03654,Harbor Pointe,2025-03-16,Staffing,Medium,Holiday staffing shortages caused delays,Assign backup collection crew,2026-06-25T10:09:16.280Z,2026-06-25T10:09:40.811Z
N03656,Green Oaks,2025-03-22,Vehicle,High,Fleet shortage increased route workloads,Conduct resident awareness campaign,2026-06-25T10:09:16.280Z,2026-06-25T10:09:40.811Z
N03674,Harbor Pointe,2025-01-15,Vehicle,Medium,Fleet shortage increased route workloads,Conduct resident awareness campaign,2026-06-25T10:09:16.280Z,2026-06-25T10:09:40.811Z
N03690,Lakeview Terrace,2025-06-06,Resident Behavior,Medium,Resident complaints increased after route schedule change,Conduct resident awareness campaign,2026-06-25T10:09:16.280Z,2026-06-25T10:09:40.811Z
N03701,Lakeview Terrace,2025-01-29,Route Planning,Critical,Property clustering analysis suggested optimization opportunities,Escalate issue to regional manager,2026-06-25T10:09:16.280Z,2026-06-25T10:09:40.811Z
N03702,Willow Creek,2025-01-06,Staffing,Low,Route coverage reduced due to labor constraints,Increase staffing coverage,2026-06-25T10:09:16.280Z,2026-06-25T10:09:40.811Z
N03707,Birchwood Commons,2025-01-21,Gate Access,Medium,Community gate remained locked during scheduled pickup window,Monitor performance for next 7 days,2026-06-25T10:09:16.280Z,2026-06-25T10:09:40.811Z
N03709,Birchwood Commons,2025-05-17,Gate Access,Critical,Service entrance blocked by maintenance activity,Assign backup collection crew,2026-06-25T10:09:16.280Z,2026-06-25T10:09:40.811Z
N03755,Harbor Pointe,2025-02-10,Weather,High,Lightning risk delayed evening collections,Schedule preventive maintenance,2026-06-25T10:09:16.280Z,2026-06-25T10:09:40.811Z
N03766,Cedar Park,2025-01-19,Staffing,Medium,New collector unfamiliar with property layout,Perform operational audit,2026-06-25T10:09:16.280Z,2026-06-25T10:09:40.811Z
N03780,Birchwood Commons,2025-06-16,Gate Access,High,Entry denied due to missing vendor registration,Increase staffing coverage,2026-06-25T10:09:16.280Z,2026-06-25T10:09:40.811Z
N03805,Green Oaks,2025-02-20,Vehicle,Medium,Hydraulic lift malfunction slowed operations,Schedule preventive maintenance,2026-06-25T10:09:16.280Z,2026-06-25T10:09:40.811Z
N03813,Harbor Pointe,2025-04-25,Staffing,Medium,Temporary workers required additional supervision,Schedule preventive maintenance,2026-06-25T10:09:16.280Z,2026-06-25T10:09:40.811Z
N03820,Sunset Ridge,2025-03-31,Gate Access,Low,Incorrect gate code provided by property management,Update access credentials,2026-06-25T10:09:16.280Z,2026-06-25T10:09:40.811Z
N03825,Willow Creek,2025-01-23,Vehicle,Critical,Vehicle inspection identified safety concerns before dispatch,Perform operational audit,2026-06-25T10:09:16.280Z,2026-06-25T10:09:40.811Z
N03849,Cedar Park,2025-01-21,Property Management,Critical,Property inspection activities disrupted collections,Increase staffing coverage,2026-06-25T10:09:16.280Z,2026-06-25T10:09:40.811Z
N03856,Birchwood Commons,2025-01-19,Gate Access,High,New security protocol delayed collector access,Assign backup collection crew,2026-06-25T10:09:16.280Z,2026-06-25T10:09:40.811Z
N03876,Sunset Ridge,2025-01-02,Property Management,High,Maintenance work restricted access to collection areas,Schedule preventive maintenance,2026-06-25T10:09:16.280Z,2026-06-25T10:09:40.811Z
N03879,Maple Court,2025-02-02,Vehicle,High,Flat tire caused service delays across multiple properties,Escalate issue to regional manager,2026-06-25T10:09:16.280Z,2026-06-25T10:09:40.811Z
N03902,Green Oaks,2025-01-12,Staffing,Critical,Holiday staffing shortages caused delays,Update access credentials,2026-06-25T10:09:16.280Z,2026-06-25T10:09:40.811Z
N03927,Green Oaks,2025-01-27,Staffing,Critical,Peak demand exceeded available workforce capacity,Coordinate with property manager,2026-06-25T10:09:16.280Z,2026-06-25T10:09:40.811Z
N03945,Harbor Pointe,2025-01-16,Staffing,Low,Multiple employee absences occurred simultaneously,Escalate issue to regional manager,2026-06-25T10:09:16.280Z,2026-06-25T10:09:40.811Z
N03950,Sunset Ridge,2025-02-01,Property Management,Critical,Property policy changes affected service delivery,Perform operational audit,2026-06-25T10:09:16.280Z,2026-06-25T10:09:40.811Z
N03963,Birchwood Commons,2025-06-27,Property Management,Medium,Access restrictions increased service complexity,Coordinate with property manager,2026-06-25T10:09:16.280Z,2026-06-25T10:09:40.811Z
N03055,Green Oaks,2025-04-11,Staffing,Medium,Overtime limitations reduced available coverage,Update access credentials,2026-06-25T10:09:16.280Z,2026-06-25T10:09:40.811Z
N03070,Lakeview Terrace,2025-04-18,Weather,Low,Storm conditions resulted in temporary service suspension,Schedule preventive maintenance,2026-06-25T10:09:16.280Z,2026-06-25T10:09:40.811Z
N03073,Sunset Ridge,2025-06-15,Resident Behavior,Low,Resident participation declined during holiday period,Schedule preventive maintenance,2026-06-25T10:09:16.280Z,2026-06-25T10:09:40.811Z
N03084,Lakeview Terrace,2025-01-15,Route Planning,Low,Route capacity exceeded planned workload,Increase staffing coverage,2026-06-25T10:09:16.280Z,2026-06-25T10:09:40.811Z
N03086,Maple Court,2025-06-03,Route Planning,Low,Service area expansion affected route timing,Increase staffing coverage,2026-06-25T10:09:16.280Z,2026-06-25T10:09:40.811Z
N03095,Willow Creek,2025-06-26,Vehicle,Low,Fleet shortage increased route workloads,Conduct resident awareness campaign,2026-06-25T10:09:16.280Z,2026-06-25T10:09:40.811Z
N03124,Sunset Ridge,2025-05-22,Gate Access,Low,Visitor access restrictions delayed collection process,Perform operational audit,2026-06-25T10:09:16.280Z,2026-06-25T10:09:40.811Z
N03131,Birchwood Commons,2025-02-24,Resident Behavior,Low,Improper waste disposal created collection challenges,Update access credentials,2026-06-25T10:09:16.280Z,2026-06-25T10:09:40.811Z
N03149,Maple Court,2025-04-06,Route Planning,Critical,Peak-hour traffic increased collection duration,Perform operational audit,2026-06-25T10:09:16.280Z,2026-06-25T10:09:40.811Z
N03212,Harbor Pointe,2025-05-23,Vehicle,Critical,Hydraulic lift malfunction slowed operations,Conduct resident awareness campaign,2026-06-25T10:09:16.280Z,2026-06-25T10:09:40.811Z
N03240,Maple Court,2025-03-18,Route Planning,High,Inefficient route sequencing reduced productivity,Perform operational audit,2026-06-25T10:09:16.280Z,2026-06-25T10:09:40.811Z
N03259,Birchwood Commons,2025-04-25,Property Management,Critical,Operational feedback meeting identified improvement areas,Coordinate with property manager,2026-06-25T10:09:16.280Z,2026-06-25T10:09:40.811Z
N03306,Green Oaks,2025-05-13,Staffing,Low,Reduced workforce availability impacted service quality,Coordinate with property manager,2026-06-25T10:09:16.280Z,2026-06-25T10:09:40.811Z
N03337,Sunset Ridge,2025-04-11,Resident Behavior,Medium,Residents requested unscheduled pickups,Schedule preventive maintenance,2026-06-25T10:09:16.280Z,2026-06-25T10:09:40.811Z
N03341,Green Oaks,2025-06-17,Vehicle,High,Flat tire caused service delays across multiple properties,Perform operational audit,2026-06-25T10:09:16.280Z,2026-06-25T10:09:40.811Z
N03366,Harbor Pointe,2025-04-19,Weather,Medium,Weather advisory required route modification,Conduct resident awareness campaign,2026-06-25T10:09:16.280Z,2026-06-25T10:09:40.811Z
N03375,Lakeview Terrace,2025-03-29,Weather,Medium,Weather disruptions impacted multiple communities,Increase staffing coverage,2026-06-25T10:09:16.280Z,2026-06-25T10:09:40.811Z
N03376,Birchwood Commons,2025-03-02,Gate Access,Critical,Visitor access restrictions delayed collection process,Review route optimization plan,2026-06-25T10:09:16.280Z,2026-06-25T10:09:40.811Z
N03433,Sunset Ridge,2025-04-10,Resident Behavior,High,Residents failed to follow waste segregation guidelines,Increase staffing coverage,2026-06-25T10:09:16.280Z,2026-06-25T10:09:40.811Z
N03438,Green Oaks,2025-01-23,Route Planning,Critical,Route capacity exceeded planned workload,Escalate issue to regional manager,2026-06-25T10:09:16.280Z,2026-06-25T10:09:40.811Z
N03457,Maple Court,2025-01-14,Weather,High,Weather-related road closures impacted routes,Update access credentials,2026-06-25T10:09:16.280Z,2026-06-25T10:09:40.811Z
N03467,Willow Creek,2025-02-12,Gate Access,Medium,Property manager unavailable to provide updated gate code,Monitor performance for next 7 days,2026-06-25T10:09:16.280Z,2026-06-25T10:09:40.811Z
N03500,Cedar Park,2025-01-14,Staffing,Critical,Temporary workers required additional supervision,Coordinate with property manager,2026-06-25T10:09:16.280Z,2026-06-25T10:09:40.811Z
N03528,Green Oaks,2025-03-18,Staffing,Critical,Route coverage reduced due to labor constraints,Conduct resident awareness campaign,2026-06-25T10:09:16.280Z,2026-06-25T10:09:40.811Z
N03552,Lakeview Terrace,2025-04-18,Resident Behavior,Low,Repeated policy violations impacted service quality,Schedule preventive maintenance,2026-06-25T10:09:16.280Z,2026-06-25T10:09:40.811Z
N03575,Lakeview Terrace,2025-04-26,Resident Behavior,Critical,Late bin placement caused missed pickups,Review route optimization plan,2026-06-25T10:09:16.280Z,2026-06-25T10:09:40.811Z
N03616,Green Oaks,2025-06-23,Staffing,Medium,Unexpected resignations affected operations,Coordinate with property manager,2026-06-25T10:09:16.280Z,2026-06-25T10:09:40.811Z
N03662,Birchwood Commons,2025-02-15,Resident Behavior,High,Overflowing bins required additional collection effort,Perform operational audit,2026-06-25T10:09:16.280Z,2026-06-25T10:09:40.811Z
N03664,Sunset Ridge,2025-05-11,Resident Behavior,Medium,Bins not placed at doorstep for scheduled pickup,Schedule preventive maintenance,2026-06-25T10:09:16.280Z,2026-06-25T10:09:40.811Z
N03671,Lakeview Terrace,2025-02-06,Route Planning,Medium,Travel distance increased due to route modifications,Perform operational audit,2026-06-25T10:09:16.280Z,2026-06-25T10:09:40.811Z
N03685,Birchwood Commons,2025-05-08,Resident Behavior,Medium,Improperly secured waste created operational issues,Perform operational audit,2026-06-25T10:09:16.280Z,2026-06-25T10:09:40.811Z
N03692,Lakeview Terrace,2025-01-21,Route Planning,Low,Route optimization issue increased travel time,Escalate issue to regional manager,2026-06-25T10:09:16.280Z,2026-06-25T10:09:40.811Z
N03739,Maple Court,2025-01-05,Vehicle,High,Unexpected maintenance increased route completion time,Perform operational audit,2026-06-25T10:09:16.280Z,2026-06-25T10:09:40.811Z
N03769,Maple Court,2025-02-10,Weather,Critical,Snow accumulation blocked access to several units,Perform operational audit,2026-06-25T10:09:16.280Z,2026-06-25T10:09:40.811Z
N03853,Cedar Park,2025-06-03,Route Planning,Medium,Route redesign recommended to improve performance,Monitor performance for next 7 days,2026-06-25T10:09:16.280Z,2026-06-25T10:09:40.811Z
N03881,Willow Creek,2025-03-24,Staffing,Low,Shift scheduling conflict resulted in delayed collections,Monitor performance for next 7 days,2026-06-25T10:09:16.280Z,2026-06-25T10:09:40.811Z
N03889,Willow Creek,2025-01-06,Staffing,Low,Insufficient staffing levels increased route completion time,Conduct resident awareness campaign,2026-06-25T10:09:16.280Z,2026-06-25T10:09:40.811Z
N03900,Green Oaks,2025-04-17,Vehicle,Medium,Maintenance backlog reduced fleet readiness,Increase staffing coverage,2026-06-25T10:09:16.280Z,2026-06-25T10:09:40.811Z
N03919,Birchwood Commons,2025-03-09,Property Management,High,Property policy changes affected service delivery,Update access credentials,2026-06-25T10:09:16.280Z,2026-06-25T10:09:40.811Z
N03939,Birchwood Commons,2025-06-21,Gate Access,Critical,Security denied entry due to outdated access credentials,Coordinate with property manager,2026-06-25T10:09:16.280Z,2026-06-25T10:09:40.811Z
N03027,Birchwood Commons,2025-06-03,Property Management,Medium,Property inspection activities disrupted collections,Assign backup collection crew,2026-06-25T10:09:16.280Z,2026-06-25T10:09:40.811Z
N03097,Maple Court,2025-03-20,Vehicle,Critical,Equipment failure reduced collection efficiency,Escalate issue to regional manager,2026-06-25T10:09:16.280Z,2026-06-25T10:09:40.811Z
N03104,Maple Court,2025-01-30,Vehicle,Medium,Flat tire caused service delays across multiple properties,Conduct resident awareness campaign,2026-06-25T10:09:16.280Z,2026-06-25T10:09:40.811Z
N03116,Birchwood Commons,2025-03-27,Property Management,Medium,Manager reported recurring service concerns,Assign backup collection crew,2026-06-25T10:09:16.280Z,2026-06-25T10:09:40.811Z
N03123,Cedar Park,2025-03-06,Staffing,Critical,Staff reassignment impacted scheduled routes,Perform operational audit,2026-06-25T10:09:16.280Z,2026-06-25T10:09:40.811Z
N03137,Maple Court,2025-02-24,Route Planning,High,Traffic congestion delayed collections across multiple properties,Assign backup collection crew,2026-06-25T10:09:16.280Z,2026-06-25T10:09:40.811Z
N03145,Lakeview Terrace,2025-02-09,Resident Behavior,Low,Residents placed bins outside designated collection hours,Conduct resident awareness campaign,2026-06-25T10:09:16.280Z,2026-06-25T10:09:40.811Z
N03174,Willow Creek,2025-06-20,Gate Access,Low,New security protocol delayed collector access,Coordinate with property manager,2026-06-25T10:09:16.280Z,2026-06-25T10:09:40.811Z
N03191,Birchwood Commons,2025-03-25,Gate Access,Low,Driver could not access community - gate code expired,Coordinate with property manager,2026-06-25T10:09:16.280Z,2026-06-25T10:09:40.811Z
N03196,Maple Court,2025-03-07,Weather,Medium,Adverse weather increased average completion times,Perform operational audit,2026-06-25T10:09:16.280Z,2026-06-25T10:09:40.811Z
N03282,Maple Court,2025-05-15,Weather,High,Weather advisory required route modification,Increase staffing coverage,2026-06-25T10:09:16.280Z,2026-06-25T10:09:40.811Z
N03288,Birchwood Commons,2025-05-28,Gate Access,High,New security protocol delayed collector access,Schedule preventive maintenance,2026-06-25T10:09:16.280Z,2026-06-25T10:09:40.811Z
N03289,Birchwood Commons,2025-06-14,Resident Behavior,Low,Residents placed bins outside designated collection hours,Update access credentials,2026-06-25T10:09:16.280Z,2026-06-25T10:09:40.811Z
N03309,Maple Court,2025-02-20,Weather,Critical,High winds created safety concerns for collectors,Increase staffing coverage,2026-06-25T10:09:16.280Z,2026-06-25T10:09:40.811Z
N03327,Willow Creek,2025-06-29,Gate Access,Critical,Community access policy changes were not communicated,Monitor performance for next 7 days,2026-06-25T10:09:16.280Z,2026-06-25T10:09:40.811Z
N03329,Harbor Pointe,2025-04-09,Weather,Medium,Snow removal activities blocked service access,Increase staffing coverage,2026-06-25T10:09:16.280Z,2026-06-25T10:09:40.811Z
N03340,Willow Creek,2025-04-24,Staffing,Critical,New collector unfamiliar with property layout,Conduct resident awareness campaign,2026-06-25T10:09:16.280Z,2026-06-25T10:09:40.811Z
N03368,Maple Court,2025-06-11,Route Planning,Low,Property clustering analysis suggested optimization opportunities,Update access credentials,2026-06-25T10:09:16.280Z,2026-06-25T10:09:40.811Z
N03391,Sunset Ridge,2025-06-30,Gate Access,High,Temporary gate malfunction prevented collector entry,Perform operational audit,2026-06-25T10:09:16.280Z,2026-06-25T10:09:40.811Z
N03436,Willow Creek,2025-03-28,Staffing,Critical,Insufficient weekend staffing caused backlog,Coordinate with property manager,2026-06-25T10:09:16.280Z,2026-06-25T10:09:40.811Z
N03465,Birchwood Commons,2025-01-07,Property Management,Critical,Management requested route modifications,Increase staffing coverage,2026-06-25T10:09:16.280Z,2026-06-25T10:09:40.811Z
N03475,Green Oaks,2025-01-01,Staffing,Low,Recruitment delays limited route coverage,Schedule preventive maintenance,2026-06-25T10:09:16.280Z,2026-06-25T10:09:40.811Z
N03485,Maple Court,2025-03-27,Weather,Low,Emergency weather response delayed operations,Assign backup collection crew,2026-06-25T10:09:16.280Z,2026-06-25T10:09:40.811Z
N03568,Lakeview Terrace,2025-02-16,Resident Behavior,High,Resident participation declined during holiday period,Schedule preventive maintenance,2026-06-25T10:09:16.280Z,2026-06-25T10:09:40.811Z
N03577,Cedar Park,2025-05-29,Property Management,Critical,Community event impacted collection schedule,Schedule preventive maintenance,2026-06-25T10:09:16.280Z,2026-06-25T10:09:40.811Z
N03591,Cedar Park,2025-04-15,Property Management,High,Property renovation disrupted normal collection process,Increase staffing coverage,2026-06-25T10:09:16.280Z,2026-06-25T10:09:40.811Z
N03611,Maple Court,2025-01-26,Route Planning,High,Operational review identified route inefficiencies,Conduct resident awareness campaign,2026-06-25T10:09:16.280Z,2026-06-25T10:09:40.811Z
N03622,Cedar Park,2025-03-31,Staffing,Low,Shift scheduling conflict resulted in delayed collections,Review route optimization plan,2026-06-25T10:09:16.280Z,2026-06-25T10:09:40.811Z
N03630,Green Oaks,2025-01-22,Route Planning,Low,Scheduling overlap reduced operational efficiency,Coordinate with property manager,2026-06-25T10:09:16.280Z,2026-06-25T10:09:40.811Z
N03652,Green Oaks,2025-02-23,Staffing,High,Multiple employee absences occurred simultaneously,Review route optimization plan,2026-06-25T10:09:16.280Z,2026-06-25T10:09:40.811Z
N03653,Green Oaks,2025-05-02,Vehicle,Low,Emergency repair interrupted collection schedule,Coordinate with property manager,2026-06-25T10:09:16.280Z,2026-06-25T10:09:40.811Z
N03665,Sunset Ridge,2025-02-28,Gate Access,Low,Manual gate operation caused route delays,Escalate issue to regional manager,2026-06-25T10:09:16.280Z,2026-06-25T10:09:40.811Z
N03704,Green Oaks,2025-02-06,Route Planning,Low,GPS routing error caused missed service locations,Assign backup collection crew,2026-06-25T10:09:16.280Z,2026-06-25T10:09:40.811Z
N03721,Harbor Pointe,2025-02-12,Staffing,Critical,Resource allocation issue affected collection schedule,Update access credentials,2026-06-25T10:09:16.280Z,2026-06-25T10:09:40.811Z
N03756,Willow Creek,2025-03-21,Vehicle,High,Battery failure delayed route departure,Perform operational audit,2026-06-25T10:09:16.280Z,2026-06-25T10:09:40.811Z
N03793,Harbor Pointe,2025-04-21,Vehicle,Low,Vehicle servicing overlapped with scheduled collections,Monitor performance for next 7 days,2026-06-25T10:09:16.280Z,2026-06-25T10:09:40.811Z
N03809,Harbor Pointe,2025-04-11,Staffing,Medium,High employee turnover affected route consistency,Monitor performance for next 7 days,2026-06-25T10:09:16.280Z,2026-06-25T10:09:40.811Z
N03823,Lakeview Terrace,2025-03-21,Route Planning,High,High-density properties created route bottlenecks,Perform operational audit,2026-06-25T10:09:16.280Z,2026-06-25T10:09:40.811Z
N03826,Sunset Ridge,2025-04-10,Property Management,High,Management requested route modifications,Monitor performance for next 7 days,2026-06-25T10:09:16.280Z,2026-06-25T10:09:40.811Z
N03834,Green Oaks,2025-02-18,Staffing,Critical,Holiday staffing shortages caused delays,Coordinate with property manager,2026-06-25T10:09:16.280Z,2026-06-25T10:09:40.811Z
N03886,Maple Court,2025-02-20,Vehicle,Medium,Equipment failure reduced collection efficiency,Coordinate with property manager,2026-06-25T10:09:16.280Z,2026-06-25T10:09:40.811Z
N03904,Lakeview Terrace,2025-06-26,Weather,High,Severe heat affected workforce productivity,Update access credentials,2026-06-25T10:09:16.280Z,2026-06-25T10:09:40.811Z
N03929,Willow Creek,2025-03-09,Staffing,Medium,Peak demand exceeded available workforce capacity,Conduct resident awareness campaign,2026-06-25T10:09:16.280Z,2026-06-25T10:09:40.811Z
N03940,Green Oaks,2025-05-06,Route Planning,Low,High-density properties created route bottlenecks,Update access credentials,2026-06-25T10:09:16.280Z,2026-06-25T10:09:40.811Z
N03983,Green Oaks,2025-01-10,Staffing,Low,Multiple employee absences occurred simultaneously,Review route optimization plan,2026-06-25T10:09:16.280Z,2026-06-25T10:09:40.811Z
N03996,Cedar Park,2025-05-27,Staffing,Medium,Route coverage reduced due to labor constraints,Conduct resident awareness campaign,2026-06-25T10:09:16.280Z,2026-06-25T10:09:40.811Z
N03012,Birchwood Commons,2025-04-03,Resident Behavior,Low,Resident complaints were concentrated in specific buildings,Update access credentials,2026-06-25T10:09:16.280Z,2026-06-25T10:09:40.811Z
N03032,Green Oaks,2025-05-16,Staffing,Critical,New collector unfamiliar with property layout,Perform operational audit,2026-06-25T10:09:16.280Z,2026-06-25T10:09:40.811Z
N03036,Maple Court,2025-06-01,Weather,Critical,Snow removal activities blocked service access,Monitor performance for next 7 days,2026-06-25T10:09:16.280Z,2026-06-25T10:09:40.811Z
N03047,Willow Creek,2025-06-09,Staffing,Medium,High employee turnover affected route consistency,Coordinate with property manager,2026-06-25T10:09:16.280Z,2026-06-25T10:09:40.811Z
N03049,Cedar Park,2025-06-16,Property Management,High,Maintenance work restricted access to collection areas,Escalate issue to regional manager,2026-06-25T10:09:16.280Z,2026-06-25T10:09:40.811Z
N03054,Maple Court,2025-05-30,Route Planning,Medium,Property clustering analysis suggested optimization opportunities,Schedule preventive maintenance,2026-06-25T10:09:16.280Z,2026-06-25T10:09:40.811Z
N03117,Willow Creek,2025-02-01,Staffing,Medium,Unexpected employee absence impacted daily operations,Review route optimization plan,2026-06-25T10:09:16.280Z,2026-06-25T10:09:40.811Z
N03129,Harbor Pointe,2025-04-16,Weather,Critical,Snow accumulation blocked access to several units,Escalate issue to regional manager,2026-06-25T10:09:16.280Z,2026-06-25T10:09:40.811Z
N03139,Sunset Ridge,2025-06-22,Property Management,Low,Access restrictions increased service complexity,Perform operational audit,2026-06-25T10:09:16.280Z,2026-06-25T10:09:40.811Z
N03153,Cedar Park,2025-03-16,Staffing,Medium,Staff shortage on route caused missed pickups,Monitor performance for next 7 days,2026-06-25T10:09:16.280Z,2026-06-25T10:09:40.811Z
N03161,Green Oaks,2025-05-08,Vehicle,Medium,Brake system inspection delayed deployment,Update access credentials,2026-06-25T10:09:16.280Z,2026-06-25T10:09:40.811Z
N03166,Green Oaks,2025-03-30,Vehicle,High,Flat tire caused service delays across multiple properties,Conduct resident awareness campaign,2026-06-25T10:09:16.280Z,2026-06-25T10:09:40.811Z
N03182,Birchwood Commons,2025-05-05,Resident Behavior,Low,Missed communication led to resident dissatisfaction,Update access credentials,2026-06-25T10:09:16.280Z,2026-06-25T10:09:40.811Z
N03206,Cedar Park,2025-03-24,Staffing,Medium,Resource allocation issue affected collection schedule,Perform operational audit,2026-06-25T10:09:16.280Z,2026-06-25T10:09:40.811Z
N03226,Lakeview Terrace,2025-01-09,Weather,High,Emergency weather response delayed operations,Increase staffing coverage,2026-06-25T10:09:16.280Z,2026-06-25T10:09:40.811Z
N03235,Willow Creek,2025-04-30,Vehicle,Medium,Replacement vehicle arrived later than expected,Conduct resident awareness campaign,2026-06-25T10:09:16.280Z,2026-06-25T10:09:40.811Z
N03246,Lakeview Terrace,2025-01-18,Resident Behavior,Medium,Improperly secured waste created operational issues,Monitor performance for next 7 days,2026-06-25T10:09:16.280Z,2026-06-25T10:09:40.811Z
N03249,Willow Creek,2025-02-09,Gate Access,High,Gate access restrictions caused delay on route,Perform operational audit,2026-06-25T10:09:16.280Z,2026-06-25T10:09:40.811Z
N03267,Green Oaks,2025-04-09,Staffing,Medium,Insufficient weekend staffing caused backlog,Escalate issue to regional manager,2026-06-25T10:09:16.280Z,2026-06-25T10:09:40.811Z
N03279,Sunset Ridge,2025-05-03,Resident Behavior,Critical,Resident participation declined during holiday period,Coordinate with property manager,2026-06-25T10:09:16.280Z,2026-06-25T10:09:40.811Z
N03305,Lakeview Terrace,2025-06-28,Weather,Low,Emergency weather response delayed operations,Schedule preventive maintenance,2026-06-25T10:09:16.280Z,2026-06-25T10:09:40.811Z
N03310,Green Oaks,2025-05-21,Route Planning,Low,High-density properties created route bottlenecks,Increase staffing coverage,2026-06-25T10:09:16.280Z,2026-06-25T10:09:40.811Z
N03330,Willow Creek,2025-02-04,Staffing,High,Multiple employee absences occurred simultaneously,Review route optimization plan,2026-06-25T10:09:16.280Z,2026-06-25T10:09:40.811Z
N03356,Cedar Park,2025-05-14,Property Management,Medium,Management escalation required operational review,Update access credentials,2026-06-25T10:09:16.280Z,2026-06-25T10:09:40.811Z
N03362,Harbor Pointe,2025-05-07,Staffing,Critical,Unexpected employee absence impacted daily operations,Escalate issue to regional manager,2026-06-25T10:09:16.280Z,2026-06-25T10:09:40.811Z
N03377,Harbor Pointe,2025-02-28,Weather,Low,Snow removal activities blocked service access,Escalate issue to regional manager,2026-06-25T10:09:16.280Z,2026-06-25T10:09:40.811Z
N03383,Sunset Ridge,2025-03-04,Property Management,Critical,Management communication delay affected operations,Coordinate with property manager,2026-06-25T10:09:16.280Z,2026-06-25T10:09:40.811Z
N03386,Maple Court,2025-06-04,Weather,Medium,Severe heat affected workforce productivity,Coordinate with property manager,2026-06-25T10:09:16.280Z,2026-06-25T10:09:40.811Z
N03407,Green Oaks,2025-03-26,Route Planning,High,Scheduling overlap reduced operational efficiency,Monitor performance for next 7 days,2026-06-25T10:09:16.280Z,2026-06-25T10:09:40.811Z
N03418,Maple Court,2025-03-22,Vehicle,High,Collection vehicle required mid-route maintenance stop,Update access credentials,2026-06-25T10:09:16.280Z,2026-06-25T10:09:40.811Z
N03428,Birchwood Commons,2025-03-05,Resident Behavior,Critical,Improperly secured waste created operational issues,Monitor performance for next 7 days,2026-06-25T10:09:16.280Z,2026-06-25T10:09:40.811Z
N03439,Harbor Pointe,2025-01-31,Staffing,Medium,High employee turnover affected route consistency,Schedule preventive maintenance,2026-06-25T10:09:16.280Z,2026-06-25T10:09:40.811Z
N03442,Harbor Pointe,2025-06-21,Weather,Low,Snow accumulation blocked access to several units,Coordinate with property manager,2026-06-25T10:09:16.280Z,2026-06-25T10:09:40.811Z
N03450,Green Oaks,2025-01-28,Vehicle,High,Replacement vehicle arrived later than expected,Increase staffing coverage,2026-06-25T10:09:16.280Z,2026-06-25T10:09:40.811Z
N03451,Sunset Ridge,2025-04-25,Resident Behavior,Critical,Improper waste disposal created collection challenges,Conduct resident awareness campaign,2026-06-25T10:09:16.280Z,2026-06-25T10:09:40.811Z
N03483,Willow Creek,2025-05-27,Gate Access,Low,Restricted access due to special community event,Increase staffing coverage,2026-06-25T10:09:16.280Z,2026-06-25T10:09:40.811Z
N03495,Harbor Pointe,2025-05-24,Vehicle,Medium,Vehicle diagnostics required immediate attention,Conduct resident awareness campaign,2026-06-25T10:09:16.280Z,2026-06-25T10:09:40.811Z
N03498,Green Oaks,2025-04-04,Vehicle,Low,Vehicle inspection identified safety concerns before dispatch,Increase staffing coverage,2026-06-25T10:09:16.280Z,2026-06-25T10:09:40.811Z
N03534,Sunset Ridge,2025-05-04,Property Management,High,Property policy changes affected service delivery,Coordinate with property manager,2026-06-25T10:09:16.280Z,2026-06-25T10:09:40.811Z
N03539,Maple Court,2025-04-10,Vehicle,Critical,Vehicle inspection identified safety concerns before dispatch,Assign backup collection crew,2026-06-25T10:09:16.280Z,2026-06-25T10:09:40.811Z
N03546,Maple Court,2025-06-13,Weather,High,Ice accumulation restricted vehicle movement,Review route optimization plan,2026-06-25T10:09:16.280Z,2026-06-25T10:09:40.811Z
N03582,Cedar Park,2025-06-23,Staffing,Medium,Reduced workforce availability impacted service quality,Increase staffing coverage,2026-06-25T10:09:16.280Z,2026-06-25T10:09:40.811Z
N03647,Birchwood Commons,2025-03-03,Property Management,Low,Building access procedures updated without notice,Coordinate with property manager,2026-06-25T10:09:16.280Z,2026-06-25T10:09:40.811Z
N03670,Lakeview Terrace,2025-01-09,Weather,Critical,Poor visibility affected route safety,Conduct resident awareness campaign,2026-06-25T10:09:16.280Z,2026-06-25T10:09:40.811Z
N03686,Maple Court,2025-04-27,Route Planning,High,Service area expansion affected route timing,Update access credentials,2026-06-25T10:09:16.280Z,2026-06-25T10:09:40.811Z
N03698,Willow Creek,2025-04-02,Gate Access,High,Property manager unavailable to provide updated gate code,Perform operational audit,2026-06-25T10:09:16.280Z,2026-06-25T10:09:40.811Z
N03700,Green Oaks,2025-02-05,Staffing,High,Training requirements delayed assignment of replacement collector,Escalate issue to regional manager,2026-06-25T10:09:16.280Z,2026-06-25T10:09:40.811Z
N03762,Cedar Park,2025-05-21,Property Management,High,Access restrictions increased service complexity,Monitor performance for next 7 days,2026-06-25T10:09:16.280Z,2026-06-25T10:09:40.811Z
N03772,Willow Creek,2025-01-09,Gate Access,High,Access credentials expired unexpectedly,Review route optimization plan,2026-06-25T10:09:16.280Z,2026-06-25T10:09:40.811Z
N03776,Willow Creek,2025-03-29,Vehicle,Medium,Collection vehicle required mid-route maintenance stop,Review route optimization plan,2026-06-25T10:09:16.280Z,2026-06-25T10:09:40.811Z
N03797,Lakeview Terrace,2025-01-13,Weather,High,Flooded access roads prevented route completion,Increase staffing coverage,2026-06-25T10:09:16.280Z,2026-06-25T10:09:40.811Z
N03810,Willow Creek,2025-03-08,Gate Access,Low,Driver could not access community - gate code expired,Escalate issue to regional manager,2026-06-25T10:09:16.280Z,2026-06-25T10:09:40.811Z
N03818,Sunset Ridge,2025-05-06,Gate Access,Critical,Access credentials expired unexpectedly,Coordinate with property manager,2026-06-25T10:09:16.280Z,2026-06-25T10:09:40.811Z
N03861,Willow Creek,2025-01-08,Vehicle,Medium,Engine overheating forced temporary route suspension,Escalate issue to regional manager,2026-06-25T10:09:16.280Z,2026-06-25T10:09:40.811Z
N03877,Lakeview Terrace,2025-04-25,Resident Behavior,Critical,Residents placed bins outside designated collection hours,Increase staffing coverage,2026-06-25T10:09:16.280Z,2026-06-25T10:09:40.811Z
N03882,Harbor Pointe,2025-06-13,Staffing,Low,Route coverage reduced due to labor constraints,Conduct resident awareness campaign,2026-06-25T10:09:16.280Z,2026-06-25T10:09:40.811Z
N03891,Willow Creek,2025-06-18,Gate Access,Critical,Leasing office did not answer for gate code reset,Perform operational audit,2026-06-25T10:09:16.280Z,2026-06-25T10:09:40.811Z
N03903,Lakeview Terrace,2025-01-14,Resident Behavior,Low,Collection bins were inaccessible during service window,Conduct resident awareness campaign,2026-06-25T10:09:16.280Z,2026-06-25T10:09:40.811Z
N03955,Willow Creek,2025-01-20,Vehicle,High,Maintenance backlog reduced fleet readiness,Coordinate with property manager,2026-06-25T10:09:16.280Z,2026-06-25T10:09:40.811Z
N03972,Harbor Pointe,2025-06-13,Weather,Low,Flooded access roads prevented route completion,Update access credentials,2026-06-25T10:09:16.280Z,2026-06-25T10:09:40.811Z
N03978,Green Oaks,2025-05-11,Route Planning,Medium,Property clustering analysis suggested optimization opportunities,Escalate issue to regional manager,2026-06-25T10:09:16.280Z,2026-06-25T10:09:40.811Z
N03998,Willow Creek,2025-01-27,Staffing,High,Training requirements delayed assignment of replacement collector,Increase staffing coverage,2026-06-25T10:09:16.280Z,2026-06-25T10:09:40.811Z
N03007,Maple Court,2025-05-12,Route Planning,High,Unexpected road closure required route diversion,Increase staffing coverage,2026-06-25T10:09:16.280Z,2026-06-25T10:09:40.811Z
N03034,Harbor Pointe,2025-03-26,Weather,High,Storm conditions resulted in temporary service suspension,Monitor performance for next 7 days,2026-06-25T10:09:16.280Z,2026-06-25T10:09:40.811Z
N03081,Maple Court,2025-04-29,Route Planning,Critical,Route optimization issue increased travel time,Coordinate with property manager,2026-06-25T10:09:16.280Z,2026-06-25T10:09:40.811Z
N03087,Birchwood Commons,2025-03-22,Resident Behavior,Medium,Collection instructions were frequently ignored,Assign backup collection crew,2026-06-25T10:09:16.280Z,2026-06-25T10:09:40.811Z
N03098,Harbor Pointe,2025-03-30,Weather,Medium,Weather-related road closures impacted routes,Review route optimization plan,2026-06-25T10:09:16.280Z,2026-06-25T10:09:40.811Z
N03100,Cedar Park,2025-06-24,Property Management,Low,Management requested route modifications,Perform operational audit,2026-06-25T10:09:16.280Z,2026-06-25T10:09:40.811Z
N03105,Harbor Pointe,2025-04-27,Staffing,Low,Insufficient staffing levels increased route completion time,Assign backup collection crew,2026-06-25T10:09:16.280Z,2026-06-25T10:09:40.811Z
N03115,Sunset Ridge,2025-01-16,Resident Behavior,Low,Residents requested unscheduled pickups,Review route optimization plan,2026-06-25T10:09:16.280Z,2026-06-25T10:09:40.811Z
N03148,Birchwood Commons,2025-04-03,Resident Behavior,Critical,Late bin placement caused missed pickups,Update access credentials,2026-06-25T10:09:16.280Z,2026-06-25T10:09:40.811Z
N03151,Willow Creek,2025-03-18,Staffing,High,Insufficient staffing levels increased route completion time,Perform operational audit,2026-06-25T10:09:16.280Z,2026-06-25T10:09:40.811Z
N03155,Cedar Park,2025-04-25,Route Planning,Critical,High-density properties created route bottlenecks,Perform operational audit,2026-06-25T10:09:16.280Z,2026-06-25T10:09:40.811Z
N03167,Birchwood Commons,2025-02-04,Gate Access,High,Property manager unavailable to provide updated gate code,Review route optimization plan,2026-06-25T10:09:16.280Z,2026-06-25T10:09:40.811Z
N03176,Birchwood Commons,2025-01-19,Gate Access,Critical,Property manager unavailable to provide updated gate code,Schedule preventive maintenance,2026-06-25T10:09:16.280Z,2026-06-25T10:09:40.811Z
N03194,Green Oaks,2025-06-28,Staffing,Medium,Temporary workers required additional supervision,Escalate issue to regional manager,2026-06-25T10:09:16.280Z,2026-06-25T10:09:40.811Z
N03216,Willow Creek,2025-02-25,Vehicle,Critical,Flat tire caused service delays across multiple properties,Monitor performance for next 7 days,2026-06-25T10:09:16.280Z,2026-06-25T10:09:40.811Z
N03244,Harbor Pointe,2025-05-10,Weather,Low,High winds created safety concerns for collectors,Schedule preventive maintenance,2026-06-25T10:09:16.280Z,2026-06-25T10:09:40.811Z
N03245,Cedar Park,2025-02-12,Route Planning,Low,Route balancing adjustments improved service coverage,Perform operational audit,2026-06-25T10:09:16.280Z,2026-06-25T10:09:40.811Z
N03284,Willow Creek,2025-01-11,Staffing,High,New collector unfamiliar with property layout,Perform operational audit,2026-06-25T10:09:16.280Z,2026-06-25T10:09:40.811Z
N03297,Harbor Pointe,2025-04-26,Weather,Critical,Severe heat affected workforce productivity,Update access credentials,2026-06-25T10:09:16.280Z,2026-06-25T10:09:40.811Z
N03299,Birchwood Commons,2025-03-17,Property Management,High,Operational feedback meeting identified improvement areas,Monitor performance for next 7 days,2026-06-25T10:09:16.280Z,2026-06-25T10:09:40.811Z
N03345,Cedar Park,2025-04-03,Staffing,Low,Reduced workforce availability impacted service quality,Increase staffing coverage,2026-06-25T10:09:16.280Z,2026-06-25T10:09:40.811Z
N03346,Green Oaks,2025-03-30,Staffing,High,Route coverage reduced due to labor constraints,Update access credentials,2026-06-25T10:09:16.280Z,2026-06-25T10:09:40.811Z
N03348,Harbor Pointe,2025-05-24,Weather,Low,Weather disruptions impacted multiple communities,Review route optimization plan,2026-06-25T10:09:16.280Z,2026-06-25T10:09:40.811Z
N03380,Willow Creek,2025-02-20,Vehicle,Medium,Vehicle diagnostics required immediate attention,Conduct resident awareness campaign,2026-06-25T10:09:16.280Z,2026-06-25T10:09:40.811Z
N03384,Willow Creek,2025-04-23,Staffing,Medium,Staff reassignment impacted scheduled routes,Schedule preventive maintenance,2026-06-25T10:09:16.280Z,2026-06-25T10:09:40.811Z
N03390,Sunset Ridge,2025-05-27,Property Management,Critical,Property policy changes affected service delivery,Coordinate with property manager,2026-06-25T10:09:16.280Z,2026-06-25T10:09:40.811Z
N03400,Sunset Ridge,2025-04-19,Property Management,Critical,Property management requested schedule adjustment,Perform operational audit,2026-06-25T10:09:16.280Z,2026-06-25T10:09:40.811Z
N03414,Maple Court,2025-03-23,Route Planning,High,Route handoff between teams caused delays,Review route optimization plan,2026-06-25T10:09:16.280Z,2026-06-25T10:09:40.811Z
N03445,Willow Creek,2025-05-12,Gate Access,Critical,Community access policy changes were not communicated,Schedule preventive maintenance,2026-06-25T10:09:16.280Z,2026-06-25T10:09:40.811Z
N03449,Cedar Park,2025-04-22,Property Management,Low,Community event impacted collection schedule,Update access credentials,2026-06-25T10:09:16.280Z,2026-06-25T10:09:40.811Z
N03461,Cedar Park,2025-02-21,Staffing,High,Staff reassignment impacted scheduled routes,Conduct resident awareness campaign,2026-06-25T10:09:16.280Z,2026-06-25T10:09:40.811Z
N03462,Cedar Park,2025-05-26,Staffing,Low,Resource allocation issue affected collection schedule,Perform operational audit,2026-06-25T10:09:16.280Z,2026-06-25T10:09:40.811Z
N03513,Sunset Ridge,2025-06-10,Property Management,High,Property renovation disrupted normal collection process,Assign backup collection crew,2026-06-25T10:09:16.280Z,2026-06-25T10:09:40.811Z
N03570,Sunset Ridge,2025-02-02,Property Management,Medium,Building access procedures updated without notice,Schedule preventive maintenance,2026-06-25T10:09:16.280Z,2026-06-25T10:09:40.811Z
N03571,Cedar Park,2025-02-27,Route Planning,Critical,High-density properties created route bottlenecks,Monitor performance for next 7 days,2026-06-25T10:09:16.280Z,2026-06-25T10:09:40.811Z
N03585,Birchwood Commons,2025-02-03,Gate Access,Medium,Temporary gate malfunction prevented collector entry,Monitor performance for next 7 days,2026-06-25T10:09:16.280Z,2026-06-25T10:09:40.811Z
N03595,Lakeview Terrace,2025-02-07,Resident Behavior,Medium,Improperly secured waste created operational issues,Review route optimization plan,2026-06-25T10:09:16.280Z,2026-06-25T10:09:40.811Z
N03603,Birchwood Commons,2025-01-11,Gate Access,Low,Delayed authorization from security personnel,Assign backup collection crew,2026-06-25T10:09:16.280Z,2026-06-25T10:09:40.811Z
N03621,Cedar Park,2025-01-06,Route Planning,Low,GPS routing error caused missed service locations,Review route optimization plan,2026-06-25T10:09:16.280Z,2026-06-25T10:09:40.811Z
N03663,Cedar Park,2025-01-25,Route Planning,Low,Dynamic route adjustments improved service outcomes,Escalate issue to regional manager,2026-06-25T10:09:16.280Z,2026-06-25T10:09:40.811Z
N03668,Lakeview Terrace,2025-05-22,Resident Behavior,Low,Resident complaints increased after route schedule change,Escalate issue to regional manager,2026-06-25T10:09:16.280Z,2026-06-25T10:09:40.811Z
N03684,Cedar Park,2025-05-14,Staffing,High,Unexpected resignations affected operations,Assign backup collection crew,2026-06-25T10:09:16.280Z,2026-06-25T10:09:40.811Z
N03705,Harbor Pointe,2025-05-13,Staffing,Critical,Unexpected employee absence impacted daily operations,Perform operational audit,2026-06-25T10:09:16.280Z,2026-06-25T10:09:40.811Z
N03718,Green Oaks,2025-05-19,Vehicle,Medium,Brake system inspection delayed deployment,Conduct resident awareness campaign,2026-06-25T10:09:16.280Z,2026-06-25T10:09:40.811Z
N03727,Birchwood Commons,2025-04-13,Resident Behavior,Critical,Residents requested unscheduled pickups,Conduct resident awareness campaign,2026-06-25T10:09:16.280Z,2026-06-25T10:09:40.811Z
N03734,Green Oaks,2025-06-13,Vehicle,Medium,Hydraulic lift malfunction slowed operations,Increase staffing coverage,2026-06-25T10:09:16.280Z,2026-06-25T10:09:40.811Z
N03735,Sunset Ridge,2025-05-22,Gate Access,Low,Multiple access attempts required before entry was granted,Perform operational audit,2026-06-25T10:09:16.280Z,2026-06-25T10:09:40.811Z
N03745,Green Oaks,2025-03-15,Route Planning,Low,GPS routing error caused missed service locations,Review route optimization plan,2026-06-25T10:09:16.280Z,2026-06-25T10:09:40.811Z
N03752,Willow Creek,2025-04-25,Staffing,Critical,Insufficient weekend staffing caused backlog,Update access credentials,2026-06-25T10:09:16.280Z,2026-06-25T10:09:40.811Z
N03757,Maple Court,2025-02-01,Route Planning,Low,High-density properties created route bottlenecks,Assign backup collection crew,2026-06-25T10:09:16.280Z,2026-06-25T10:09:40.811Z
N03763,Lakeview Terrace,2025-03-28,Route Planning,Medium,Route redesign recommended to improve performance,Monitor performance for next 7 days,2026-06-25T10:09:16.280Z,2026-06-25T10:09:40.811Z
N03778,Birchwood Commons,2025-04-30,Resident Behavior,Critical,Bins not placed at doorstep for scheduled pickup,Conduct resident awareness campaign,2026-06-25T10:09:16.280Z,2026-06-25T10:09:40.811Z
N03789,Harbor Pointe,2025-02-18,Staffing,Low,Resource allocation issue affected collection schedule,Perform operational audit,2026-06-25T10:09:16.280Z,2026-06-25T10:09:40.811Z
N03794,Harbor Pointe,2025-04-25,Weather,Medium,Weather advisory required route modification,Update access credentials,2026-06-25T10:09:16.280Z,2026-06-25T10:09:40.811Z
N03814,Green Oaks,2025-04-02,Vehicle,High,Collection vehicle required mid-route maintenance stop,Coordinate with property manager,2026-06-25T10:09:16.280Z,2026-06-25T10:09:40.811Z
N03833,Cedar Park,2025-05-21,Property Management,Low,Coordination challenges delayed operational response,Review route optimization plan,2026-06-25T10:09:16.280Z,2026-06-25T10:09:40.811Z
N03858,Birchwood Commons,2025-05-15,Gate Access,Low,Property manager unavailable to provide updated gate code,Increase staffing coverage,2026-06-25T10:09:16.280Z,2026-06-25T10:09:40.811Z
N03901,Green Oaks,2025-05-15,Route Planning,Medium,Inefficient route sequencing reduced productivity,Review route optimization plan,2026-06-25T10:09:16.280Z,2026-06-25T10:09:40.811Z
N03908,Willow Creek,2025-01-31,Staffing,Critical,Staff reassignment impacted scheduled routes,Review route optimization plan,2026-06-25T10:09:16.280Z,2026-06-25T10:09:40.811Z
N03924,Maple Court,2025-04-24,Route Planning,Low,Route balancing adjustments improved service coverage,Update access credentials,2026-06-25T10:09:16.280Z,2026-06-25T10:09:40.811Z
N03930,Sunset Ridge,2025-05-21,Gate Access,High,Access card failed to unlock service entrance,Review route optimization plan,2026-06-25T10:09:16.280Z,2026-06-25T10:09:40.811Z
N03957,Cedar Park,2025-06-07,Property Management,Low,Maintenance work restricted access to collection areas,Coordinate with property manager,2026-06-25T10:09:16.280Z,2026-06-25T10:09:40.811Z
N03969,Maple Court,2025-03-23,Weather,Low,Unexpected storm activity required schedule changes,Monitor performance for next 7 days,2026-06-25T10:09:16.280Z,2026-06-25T10:09:40.811Z
N04000,Sunset Ridge,2025-02-22,Property Management,Medium,Access restrictions increased service complexity,Escalate issue to regional manager,2026-06-25T10:09:16.280Z,2026-06-25T10:09:40.811Z
N03015,Willow Creek,2025-05-27,Vehicle,Low,Vehicle diagnostics required immediate attention,Update access credentials,2026-06-25T10:09:16.280Z,2026-06-25T10:09:40.811Z
N03023,Maple Court,2025-06-15,Weather,Medium,Snow accumulation blocked access to several units,Coordinate with property manager,2026-06-25T10:09:16.280Z,2026-06-25T10:09:40.811Z
N03028,Green Oaks,2025-02-12,Vehicle,Medium,Unexpected maintenance increased route completion time,Review route optimization plan,2026-06-25T10:09:16.280Z,2026-06-25T10:09:40.811Z
N03040,Cedar Park,2025-04-24,Staffing,Low,Multiple employee absences occurred simultaneously,Escalate issue to regional manager,2026-06-25T10:09:16.280Z,2026-06-25T10:09:40.811Z
N03052,Harbor Pointe,2025-06-15,Vehicle,Low,Replacement vehicle arrived later than expected,Assign backup collection crew,2026-06-25T10:09:16.280Z,2026-06-25T10:09:40.811Z
N03064,Birchwood Commons,2025-01-04,Resident Behavior,Critical,Overflowing bins required additional collection effort,Perform operational audit,2026-06-25T10:09:16.280Z,2026-06-25T10:09:40.811Z
N03069,Sunset Ridge,2025-06-25,Property Management,Critical,Management requested route modifications,Monitor performance for next 7 days,2026-06-25T10:09:16.280Z,2026-06-25T10:09:40.811Z
N03128,Lakeview Terrace,2025-02-10,Resident Behavior,Critical,Late bin placement caused missed pickups,Coordinate with property manager,2026-06-25T10:09:16.280Z,2026-06-25T10:09:40.811Z
N03136,Lakeview Terrace,2025-03-21,Route Planning,Medium,Navigation issue delayed route completion,Perform operational audit,2026-06-25T10:09:16.280Z,2026-06-25T10:09:40.811Z
N03141,Green Oaks,2025-01-12,Vehicle,Low,Transmission issue impacted route completion,Update access credentials,2026-06-25T10:09:16.280Z,2026-06-25T10:09:40.811Z
N03184,Harbor Pointe,2025-05-15,Staffing,High,Recruitment delays limited route coverage,Schedule preventive maintenance,2026-06-25T10:09:16.280Z,2026-06-25T10:09:40.811Z
N03193,Willow Creek,2025-04-07,Vehicle,Critical,Fleet availability issues caused route reassignment,Review route optimization plan,2026-06-25T10:09:16.280Z,2026-06-25T10:09:40.811Z
N03205,Willow Creek,2025-04-09,Staffing,Medium,New collector unfamiliar with property layout,Conduct resident awareness campaign,2026-06-25T10:09:16.280Z,2026-06-25T10:09:40.811Z
N03209,Willow Creek,2025-04-03,Staffing,Medium,Reduced workforce availability impacted service quality,Escalate issue to regional manager,2026-06-25T10:09:16.280Z,2026-06-25T10:09:40.811Z
N03220,Harbor Pointe,2025-04-02,Staffing,High,High employee turnover affected route consistency,Review route optimization plan,2026-06-25T10:09:16.280Z,2026-06-25T10:09:40.811Z
N03256,Cedar Park,2025-02-14,Staffing,Low,Holiday staffing shortages caused delays,Conduct resident awareness campaign,2026-06-25T10:09:16.280Z,2026-06-25T10:09:40.811Z
N03261,Sunset Ridge,2025-06-19,Gate Access,Critical,Visitor access restrictions delayed collection process,Conduct resident awareness campaign,2026-06-25T10:09:16.280Z,2026-06-25T10:09:40.811Z
N03263,Green Oaks,2025-02-12,Vehicle,Low,Brake system inspection delayed deployment,Assign backup collection crew,2026-06-25T10:09:16.280Z,2026-06-25T10:09:40.811Z
N03287,Willow Creek,2025-01-07,Gate Access,Low,Leasing office did not answer for gate code reset,Escalate issue to regional manager,2026-06-25T10:09:16.280Z,2026-06-25T10:09:40.811Z
N03295,Cedar Park,2025-02-09,Property Management,Medium,Management requested route modifications,Perform operational audit,2026-06-25T10:09:16.280Z,2026-06-25T10:09:40.811Z
N03312,Willow Creek,2025-06-24,Staffing,Medium,Unexpected employee absence impacted daily operations,Escalate issue to regional manager,2026-06-25T10:09:16.280Z,2026-06-25T10:09:40.811Z
N03314,Birchwood Commons,2025-01-15,Property Management,Critical,Management requested route modifications,Monitor performance for next 7 days,2026-06-25T10:09:16.280Z,2026-06-25T10:09:40.811Z
N03353,Birchwood Commons,2025-04-19,Resident Behavior,Critical,Improper waste disposal created collection challenges,Review route optimization plan,2026-06-25T10:09:16.280Z,2026-06-25T10:09:40.811Z
N03357,Lakeview Terrace,2025-01-25,Resident Behavior,Low,Late bin placement caused missed pickups,Increase staffing coverage,2026-06-25T10:09:16.280Z,2026-06-25T10:09:40.811Z
N03373,Birchwood Commons,2025-05-02,Gate Access,Medium,Temporary gate malfunction prevented collector entry,Monitor performance for next 7 days,2026-06-25T10:09:16.280Z,2026-06-25T10:09:40.811Z
N03381,Birchwood Commons,2025-01-25,Resident Behavior,Medium,Resident education on waste procedures was recommended,Update access credentials,2026-06-25T10:09:16.280Z,2026-06-25T10:09:40.811Z
N03397,Green Oaks,2025-01-04,Vehicle,Low,Flat tire caused service delays across multiple properties,Escalate issue to regional manager,2026-06-25T10:09:16.280Z,2026-06-25T10:09:40.811Z
N03403,Cedar Park,2025-06-22,Property Management,High,Property management requested schedule adjustment,Assign backup collection crew,2026-06-25T10:09:16.280Z,2026-06-25T10:09:40.811Z
N03406,Maple Court,2025-04-25,Route Planning,Medium,Peak-hour traffic increased collection duration,Review route optimization plan,2026-06-25T10:09:16.280Z,2026-06-25T10:09:40.811Z
N03411,Harbor Pointe,2025-02-01,Vehicle,High,Unexpected maintenance increased route completion time,Conduct resident awareness campaign,2026-06-25T10:09:16.280Z,2026-06-25T10:09:40.811Z
N03416,Harbor Pointe,2025-04-12,Vehicle,Medium,Maintenance backlog reduced fleet readiness,Assign backup collection crew,2026-06-25T10:09:16.280Z,2026-06-25T10:09:40.811Z
N03422,Cedar Park,2025-01-28,Staffing,Medium,Overtime limitations reduced available coverage,Update access credentials,2026-06-25T10:09:16.280Z,2026-06-25T10:09:40.811Z
N03423,Cedar Park,2025-01-24,Staffing,Medium,Overtime limitations reduced available coverage,Conduct resident awareness campaign,2026-06-25T10:09:16.280Z,2026-06-25T10:09:40.811Z
N03464,Green Oaks,2025-03-31,Staffing,High,Multiple employee absences occurred simultaneously,Increase staffing coverage,2026-06-25T10:09:16.280Z,2026-06-25T10:09:40.811Z
N03476,Cedar Park,2025-06-28,Staffing,High,Route coverage reduced due to labor constraints,Escalate issue to regional manager,2026-06-25T10:09:16.280Z,2026-06-25T10:09:40.811Z
N03478,Willow Creek,2025-01-25,Gate Access,Medium,Driver could not access community - gate code expired,Update access credentials,2026-06-25T10:09:16.280Z,2026-06-25T10:09:40.811Z
N03493,Harbor Pointe,2025-04-09,Weather,Low,Storm conditions resulted in temporary service suspension,Update access credentials,2026-06-25T10:09:16.280Z,2026-06-25T10:09:40.811Z
N03499,Cedar Park,2025-06-25,Property Management,High,Property leadership requested service enhancement review,Schedule preventive maintenance,2026-06-25T10:09:16.280Z,2026-06-25T10:09:40.811Z
N03505,Cedar Park,2025-06-01,Route Planning,High,Route redesign recommended to improve performance,Perform operational audit,2026-06-25T10:09:16.280Z,2026-06-25T10:09:40.811Z
N03524,Lakeview Terrace,2025-05-27,Route Planning,Low,Dynamic route adjustments improved service outcomes,Schedule preventive maintenance,2026-06-25T10:09:16.280Z,2026-06-25T10:09:40.811Z
N03530,Birchwood Commons,2025-06-15,Gate Access,Critical,Gate access restrictions caused delay on route,Assign backup collection crew,2026-06-25T10:09:16.280Z,2026-06-25T10:09:40.811Z
N03541,Birchwood Commons,2025-02-21,Gate Access,High,Manual gate operation caused route delays,Schedule preventive maintenance,2026-06-25T10:09:16.280Z,2026-06-25T10:09:40.811Z
N03554,Maple Court,2025-01-07,Vehicle,Critical,Fleet shortage increased route workloads,Conduct resident awareness campaign,2026-06-25T10:09:16.280Z,2026-06-25T10:09:40.811Z
N03558,Harbor Pointe,2025-01-10,Staffing,Medium,Staff reassignment impacted scheduled routes,Coordinate with property manager,2026-06-25T10:09:16.280Z,2026-06-25T10:09:40.811Z
N03560,Maple Court,2025-05-10,Weather,Low,Weather advisory required route modification,Review route optimization plan,2026-06-25T10:09:16.280Z,2026-06-25T10:09:40.811Z
N03607,Birchwood Commons,2025-03-18,Gate Access,Low,New security protocol delayed collector access,Assign backup collection crew,2026-06-25T10:09:16.280Z,2026-06-25T10:09:40.811Z
N03624,Willow Creek,2025-01-24,Vehicle,Low,Fuel system malfunction impacted collection operations,Update access credentials,2026-06-25T10:09:16.280Z,2026-06-25T10:09:40.811Z
N03635,Green Oaks,2025-05-11,Vehicle,Critical,Transmission issue impacted route completion,Coordinate with property manager,2026-06-25T10:09:16.280Z,2026-06-25T10:09:40.811Z
N03648,Lakeview Terrace,2025-02-22,Route Planning,Critical,Route handoff between teams caused delays,Perform operational audit,2026-06-25T10:09:16.280Z,2026-06-25T10:09:40.811Z
N03693,Maple Court,2025-02-19,Route Planning,Medium,GPS routing error caused missed service locations,Coordinate with property manager,2026-06-25T10:09:16.280Z,2026-06-25T10:09:40.811Z
N03694,Maple Court,2025-03-12,Weather,Low,Emergency weather response delayed operations,Escalate issue to regional manager,2026-06-25T10:09:16.280Z,2026-06-25T10:09:40.811Z
N03695,Sunset Ridge,2025-05-13,Gate Access,High,Property manager unavailable to provide updated gate code,Perform operational audit,2026-06-25T10:09:16.280Z,2026-06-25T10:09:40.811Z
N03754,Green Oaks,2025-06-19,Staffing,Critical,Overtime limitations reduced available coverage,Perform operational audit,2026-06-25T10:09:16.280Z,2026-06-25T10:09:40.811Z
N03803,Green Oaks,2025-06-16,Vehicle,Critical,Battery failure delayed route departure,Review route optimization plan,2026-06-25T10:09:16.280Z,2026-06-25T10:09:40.811Z
N03807,Birchwood Commons,2025-01-16,Resident Behavior,Critical,Several residents reported confusion regarding pickup schedule,Review route optimization plan,2026-06-25T10:09:16.280Z,2026-06-25T10:09:40.811Z
N03839,Birchwood Commons,2025-02-09,Property Management,High,Management requested route modifications,Increase staffing coverage,2026-06-25T10:09:16.280Z,2026-06-25T10:09:40.811Z
N03851,Green Oaks,2025-06-27,Route Planning,High,GPS routing error caused missed service locations,Monitor performance for next 7 days,2026-06-25T10:09:16.280Z,2026-06-25T10:09:40.811Z
N03869,Lakeview Terrace,2025-06-17,Weather,Low,Weather-related road closures impacted routes,Update access credentials,2026-06-25T10:09:16.280Z,2026-06-25T10:09:40.811Z
N03873,Maple Court,2025-06-23,Vehicle,Low,Fleet shortage increased route workloads,Schedule preventive maintenance,2026-06-25T10:09:16.280Z,2026-06-25T10:09:40.811Z
N03894,Sunset Ridge,2025-04-09,Gate Access,Critical,Visitor access restrictions delayed collection process,Escalate issue to regional manager,2026-06-25T10:09:16.280Z,2026-06-25T10:09:40.811Z
N03935,Lakeview Terrace,2025-05-04,Weather,Low,Wet conditions reduced collection speed,Assign backup collection crew,2026-06-25T10:09:16.280Z,2026-06-25T10:09:40.811Z
N03971,Lakeview Terrace,2025-04-11,Route Planning,Low,High-density properties created route bottlenecks,Coordinate with property manager,2026-06-25T10:09:16.280Z,2026-06-25T10:09:40.811Z
N03989,Harbor Pointe,2025-05-24,Weather,Medium,Severe heat affected workforce productivity,Schedule preventive maintenance,2026-06-25T10:09:16.280Z,2026-06-25T10:09:40.811Z
N03001,Maple Court,2025-04-21,Weather,Low,Emergency weather response delayed operations,Update access credentials,2026-06-25T10:09:16.280Z,2026-06-25T10:09:40.811Z
N03058,Sunset Ridge,2025-06-15,Property Management,Critical,Property renovation disrupted normal collection process,Increase staffing coverage,2026-06-25T10:09:16.280Z,2026-06-25T10:09:40.811Z
N03111,Maple Court,2025-05-23,Vehicle,High,Battery failure delayed route departure,Coordinate with property manager,2026-06-25T10:09:16.280Z,2026-06-25T10:09:40.811Z
N03126,Birchwood Commons,2025-06-26,Resident Behavior,High,Missed communication led to resident dissatisfaction,Review route optimization plan,2026-06-25T10:09:16.280Z,2026-06-25T10:09:40.811Z
N03132,Lakeview Terrace,2025-01-16,Weather,Low,Wet conditions reduced collection speed,Conduct resident awareness campaign,2026-06-25T10:09:16.280Z,2026-06-25T10:09:40.811Z
N03154,Harbor Pointe,2025-01-27,Vehicle,High,Emergency repair interrupted collection schedule,Review route optimization plan,2026-06-25T10:09:16.280Z,2026-06-25T10:09:40.811Z
N03185,Harbor Pointe,2025-04-27,Staffing,Critical,Insufficient weekend staffing caused backlog,Increase staffing coverage,2026-06-25T10:09:16.280Z,2026-06-25T10:09:40.811Z
N03188,Cedar Park,2025-06-16,Property Management,Low,Access restrictions increased service complexity,Review route optimization plan,2026-06-25T10:09:16.280Z,2026-06-25T10:09:40.811Z
N03210,Lakeview Terrace,2025-04-14,Route Planning,Low,Service area expansion affected route timing,Monitor performance for next 7 days,2026-06-25T10:09:16.280Z,2026-06-25T10:09:40.811Z
N03211,Birchwood Commons,2025-01-24,Gate Access,Low,Multiple access attempts required before entry was granted,Schedule preventive maintenance,2026-06-25T10:09:16.280Z,2026-06-25T10:09:40.811Z
N03234,Lakeview Terrace,2025-02-10,Route Planning,Medium,Traffic congestion delayed collections across multiple properties,Schedule preventive maintenance,2026-06-25T10:09:16.280Z,2026-06-25T10:09:40.811Z
N03264,Birchwood Commons,2025-02-20,Resident Behavior,Critical,Collection bins were inaccessible during service window,Perform operational audit,2026-06-25T10:09:16.280Z,2026-06-25T10:09:40.811Z
N03276,Sunset Ridge,2025-03-16,Resident Behavior,Medium,Resident participation declined during holiday period,Increase staffing coverage,2026-06-25T10:09:16.280Z,2026-06-25T10:09:40.811Z
N03285,Sunset Ridge,2025-03-20,Property Management,Low,Property renovation disrupted normal collection process,Monitor performance for next 7 days,2026-06-25T10:09:16.280Z,2026-06-25T10:09:40.811Z
N03290,Sunset Ridge,2025-04-08,Gate Access,Medium,New security protocol delayed collector access,Assign backup collection crew,2026-06-25T10:09:16.280Z,2026-06-25T10:09:40.811Z
N03293,Birchwood Commons,2025-05-13,Resident Behavior,Low,Collection instructions were frequently ignored,Increase staffing coverage,2026-06-25T10:09:16.280Z,2026-06-25T10:09:40.811Z
N03328,Sunset Ridge,2025-06-09,Resident Behavior,Medium,Late bin placement caused missed pickups,Update access credentials,2026-06-25T10:09:16.280Z,2026-06-25T10:09:40.811Z
N03334,Harbor Pointe,2025-06-15,Vehicle,Medium,Vehicle inspection identified safety concerns before dispatch,Update access credentials,2026-06-25T10:09:16.280Z,2026-06-25T10:09:40.811Z
N03360,Sunset Ridge,2025-03-16,Property Management,High,Maintenance work restricted access to collection areas,Escalate issue to regional manager,2026-06-25T10:09:16.280Z,2026-06-25T10:09:40.811Z
N03365,Green Oaks,2025-06-20,Vehicle,Medium,Battery failure delayed route departure,Conduct resident awareness campaign,2026-06-25T10:09:16.280Z,2026-06-25T10:09:40.811Z
N03369,Sunset Ridge,2025-05-26,Resident Behavior,Critical,Residents failed to follow waste segregation guidelines,Escalate issue to regional manager,2026-06-25T10:09:16.280Z,2026-06-25T10:09:40.811Z
N03387,Cedar Park,2025-04-11,Staffing,Medium,Training requirements delayed assignment of replacement collector,Conduct resident awareness campaign,2026-06-25T10:09:16.280Z,2026-06-25T10:09:40.811Z
N03388,Birchwood Commons,2025-04-02,Gate Access,Low,Community gate remained locked during scheduled pickup window,Review route optimization plan,2026-06-25T10:09:16.280Z,2026-06-25T10:09:40.811Z
N03441,Sunset Ridge,2025-03-12,Property Management,Medium,Coordination challenges delayed operational response,Conduct resident awareness campaign,2026-06-25T10:09:16.280Z,2026-06-25T10:09:40.811Z
N03459,Cedar Park,2025-02-24,Property Management,Medium,Management communication delay affected operations,Monitor performance for next 7 days,2026-06-25T10:09:16.280Z,2026-06-25T10:09:40.811Z
N03463,Cedar Park,2025-03-07,Route Planning,Critical,Property clustering analysis suggested optimization opportunities,Increase staffing coverage,2026-06-25T10:09:16.280Z,2026-06-25T10:09:40.811Z
N03468,Maple Court,2025-05-31,Route Planning,Critical,Service area expansion affected route timing,Perform operational audit,2026-06-25T10:09:16.280Z,2026-06-25T10:09:40.811Z
N03469,Sunset Ridge,2025-04-14,Property Management,Medium,Property renovation disrupted normal collection process,Schedule preventive maintenance,2026-06-25T10:09:16.280Z,2026-06-25T10:09:40.811Z
N03481,Sunset Ridge,2025-05-24,Property Management,Critical,Management escalation required operational review,Assign backup collection crew,2026-06-25T10:09:16.280Z,2026-06-25T10:09:40.811Z
N03486,Cedar Park,2025-02-24,Property Management,Critical,Property renovation disrupted normal collection process,Increase staffing coverage,2026-06-25T10:09:16.280Z,2026-06-25T10:09:40.811Z
N03487,Cedar Park,2025-06-09,Staffing,Critical,Shift scheduling conflict resulted in delayed collections,Perform operational audit,2026-06-25T10:09:16.280Z,2026-06-25T10:09:40.811Z
N03507,Harbor Pointe,2025-05-12,Weather,High,Extreme temperatures slowed collection activities,Increase staffing coverage,2026-06-25T10:09:16.280Z,2026-06-25T10:09:40.811Z
N03509,Green Oaks,2025-03-18,Route Planning,Medium,High-density properties created route bottlenecks,Conduct resident awareness campaign,2026-06-25T10:09:16.280Z,2026-06-25T10:09:40.811Z
N03514,Sunset Ridge,2025-02-04,Resident Behavior,Critical,Excess waste volume exceeded expected capacity,Monitor performance for next 7 days,2026-06-25T10:09:16.280Z,2026-06-25T10:09:40.811Z
N03522,Willow Creek,2025-03-03,Vehicle,High,Fuel system malfunction impacted collection operations,Coordinate with property manager,2026-06-25T10:09:16.280Z,2026-06-25T10:09:40.811Z
N03525,Willow Creek,2025-04-30,Gate Access,Medium,Community access policy changes were not communicated,Conduct resident awareness campaign,2026-06-25T10:09:16.280Z,2026-06-25T10:09:40.811Z
N03543,Green Oaks,2025-05-28,Route Planning,Low,Peak-hour traffic increased collection duration,Assign backup collection crew,2026-06-25T10:09:16.280Z,2026-06-25T10:09:40.811Z
N03547,Willow Creek,2025-04-15,Vehicle,Low,Battery failure delayed route departure,Conduct resident awareness campaign,2026-06-25T10:09:16.280Z,2026-06-25T10:09:40.811Z
N03551,Maple Court,2025-05-05,Route Planning,Critical,Inefficient property sequencing impacted schedule adherence,Update access credentials,2026-06-25T10:09:16.280Z,2026-06-25T10:09:40.811Z
N03553,Willow Creek,2025-05-27,Staffing,High,Route coverage reduced due to labor constraints,Conduct resident awareness campaign,2026-06-25T10:09:16.280Z,2026-06-25T10:09:40.811Z
N03556,Cedar Park,2025-01-02,Route Planning,High,Unexpected road closure required route diversion,Monitor performance for next 7 days,2026-06-25T10:09:16.280Z,2026-06-25T10:09:40.811Z
N03562,Maple Court,2025-05-14,Route Planning,Medium,Scheduling overlap reduced operational efficiency,Update access credentials,2026-06-25T10:09:16.280Z,2026-06-25T10:09:40.811Z
N03583,Willow Creek,2025-02-13,Gate Access,Medium,Leasing office did not answer for gate code reset,Assign backup collection crew,2026-06-25T10:09:16.280Z,2026-06-25T10:09:40.811Z
N03598,Willow Creek,2025-06-20,Vehicle,Critical,Truck mechanical issue delayed entire route schedule,Review route optimization plan,2026-06-25T10:09:16.280Z,2026-06-25T10:09:40.811Z
N03634,Sunset Ridge,2025-02-25,Resident Behavior,Critical,Improperly secured waste created operational issues,Review route optimization plan,2026-06-25T10:09:16.280Z,2026-06-25T10:09:40.811Z
N03659,Maple Court,2025-01-03,Weather,Low,Poor visibility affected route safety,Perform operational audit,2026-06-25T10:09:16.280Z,2026-06-25T10:09:40.811Z
N03681,Sunset Ridge,2025-02-01,Gate Access,Low,Restricted access due to special community event,Perform operational audit,2026-06-25T10:09:16.280Z,2026-06-25T10:09:40.811Z
N03689,Cedar Park,2025-03-14,Staffing,Critical,New collector unfamiliar with property layout,Increase staffing coverage,2026-06-25T10:09:16.280Z,2026-06-25T10:09:40.811Z
N03712,Lakeview Terrace,2025-03-21,Weather,Low,Severe heat affected workforce productivity,Monitor performance for next 7 days,2026-06-25T10:09:16.280Z,2026-06-25T10:09:40.811Z
N03713,Willow Creek,2025-04-21,Vehicle,Medium,Vehicle servicing overlapped with scheduled collections,Review route optimization plan,2026-06-25T10:09:16.280Z,2026-06-25T10:09:40.811Z
N03723,Willow Creek,2025-06-01,Vehicle,High,Replacement vehicle arrived later than expected,Schedule preventive maintenance,2026-06-25T10:09:16.280Z,2026-06-25T10:09:40.811Z
N03724,Willow Creek,2025-03-26,Vehicle,Medium,Engine overheating forced temporary route suspension,Increase staffing coverage,2026-06-25T10:09:16.280Z,2026-06-25T10:09:40.811Z
N03746,Birchwood Commons,2025-04-11,Resident Behavior,High,Resident complaints were concentrated in specific buildings,Review route optimization plan,2026-06-25T10:09:16.280Z,2026-06-25T10:09:40.811Z
N03748,Cedar Park,2025-02-25,Route Planning,High,Operational review identified route inefficiencies,Perform operational audit,2026-06-25T10:09:16.280Z,2026-06-25T10:09:40.811Z
N03765,Birchwood Commons,2025-04-30,Gate Access,High,Service entrance blocked by maintenance activity,Monitor performance for next 7 days,2026-06-25T10:09:16.280Z,2026-06-25T10:09:40.811Z
N03791,Sunset Ridge,2025-02-22,Resident Behavior,High,Collection instructions were frequently ignored,Conduct resident awareness campaign,2026-06-25T10:09:16.280Z,2026-06-25T10:09:40.811Z
N03792,Cedar Park,2025-05-19,Property Management,Medium,Property management requested schedule adjustment,Coordinate with property manager,2026-06-25T10:09:16.280Z,2026-06-25T10:09:40.811Z
N03806,Cedar Park,2025-06-09,Route Planning,Critical,Property clustering analysis suggested optimization opportunities,Perform operational audit,2026-06-25T10:09:16.280Z,2026-06-25T10:09:40.811Z
N03822,Sunset Ridge,2025-05-16,Property Management,Critical,Maintenance work restricted access to collection areas,Update access credentials,2026-06-25T10:09:16.280Z,2026-06-25T10:09:40.811Z
N03845,Maple Court,2025-04-26,Route Planning,Medium,High-density properties created route bottlenecks,Review route optimization plan,2026-06-25T10:09:16.280Z,2026-06-25T10:09:40.811Z
N03852,Birchwood Commons,2025-02-20,Gate Access,Low,New security protocol delayed collector access,Escalate issue to regional manager,2026-06-25T10:09:16.280Z,2026-06-25T10:09:40.811Z
N03854,Green Oaks,2025-03-18,Vehicle,High,Hydraulic lift malfunction slowed operations,Assign backup collection crew,2026-06-25T10:09:16.280Z,2026-06-25T10:09:40.811Z
N03874,Sunset Ridge,2025-06-19,Property Management,Medium,Management requested route modifications,Monitor performance for next 7 days,2026-06-25T10:09:16.280Z,2026-06-25T10:09:40.811Z
N03875,Birchwood Commons,2025-06-29,Gate Access,High,Temporary gate malfunction prevented collector entry,Increase staffing coverage,2026-06-25T10:09:16.280Z,2026-06-25T10:09:40.811Z
N03887,Harbor Pointe,2025-06-30,Vehicle,Critical,Emergency repair interrupted collection schedule,Coordinate with property manager,2026-06-25T10:09:16.280Z,2026-06-25T10:09:40.811Z
N03890,Green Oaks,2025-04-12,Vehicle,High,Equipment failure reduced collection efficiency,Conduct resident awareness campaign,2026-06-25T10:09:16.280Z,2026-06-25T10:09:40.811Z
N03895,Willow Creek,2025-04-19,Gate Access,Medium,New security protocol delayed collector access,Monitor performance for next 7 days,2026-06-25T10:09:16.280Z,2026-06-25T10:09:40.811Z
N03897,Harbor Pointe,2025-01-17,Weather,Low,Heavy rain delayed collection schedule across region,Coordinate with property manager,2026-06-25T10:09:16.280Z,2026-06-25T10:09:40.811Z
N03898,Maple Court,2025-05-24,Route Planning,Low,Property clustering analysis suggested optimization opportunities,Escalate issue to regional manager,2026-06-25T10:09:16.280Z,2026-06-25T10:09:40.811Z
N03912,Willow Creek,2025-01-30,Gate Access,Medium,Leasing office did not answer for gate code reset,Review route optimization plan,2026-06-25T10:09:16.280Z,2026-06-25T10:09:40.811Z
N03916,Maple Court,2025-03-12,Weather,Low,Extreme temperatures slowed collection activities,Update access credentials,2026-06-25T10:09:16.280Z,2026-06-25T10:09:40.811Z
N03921,Maple Court,2025-04-09,Weather,Low,Flooded access roads prevented route completion,Monitor performance for next 7 days,2026-06-25T10:09:16.280Z,2026-06-25T10:09:40.811Z
N03952,Birchwood Commons,2025-06-09,Gate Access,Low,Multiple access attempts required before entry was granted,Assign backup collection crew,2026-06-25T10:09:16.280Z,2026-06-25T10:09:40.811Z
N03959,Birchwood Commons,2025-02-08,Gate Access,High,Driver could not access community - gate code expired,Monitor performance for next 7 days,2026-06-25T10:09:16.280Z,2026-06-25T10:09:40.811Z
N03975,Birchwood Commons,2025-06-09,Property Management,Critical,Property leadership requested service enhancement review,Schedule preventive maintenance,2026-06-25T10:09:16.280Z,2026-06-25T10:09:40.811Z
N03981,Birchwood Commons,2025-02-13,Property Management,High,Management requested route modifications,Schedule preventive maintenance,2026-06-25T10:09:16.280Z,2026-06-25T10:09:40.811Z
N03993,Sunset Ridge,2025-01-16,Resident Behavior,Critical,Improperly secured waste created operational issues,Assign backup collection crew,2026-06-25T10:09:16.280Z,2026-06-25T10:09:40.811Z
N03006,Birchwood Commons,2025-03-16,Property Management,Critical,Property management requested schedule adjustment,Increase staffing coverage,2026-06-25T10:09:16.280Z,2026-06-25T10:09:40.811Z
N03008,Sunset Ridge,2025-06-01,Resident Behavior,Low,Repeated policy violations impacted service quality,Escalate issue to regional manager,2026-06-25T10:09:16.280Z,2026-06-25T10:09:40.811Z
N03010,Harbor Pointe,2025-02-07,Vehicle,High,Replacement vehicle arrived later than expected,Escalate issue to regional manager,2026-06-25T10:09:16.280Z,2026-06-25T10:09:40.811Z
N03013,Cedar Park,2025-05-21,Staffing,High,New collector unfamiliar with property layout,Coordinate with property manager,2026-06-25T10:09:16.280Z,2026-06-25T10:09:40.811Z
N03016,Sunset Ridge,2025-04-23,Property Management,Critical,Property staffing changes impacted coordination,Perform operational audit,2026-06-25T10:09:16.280Z,2026-06-25T10:09:40.811Z
N03024,Cedar Park,2025-03-08,Property Management,Critical,Management escalation required operational review,Schedule preventive maintenance,2026-06-25T10:09:16.280Z,2026-06-25T10:09:40.811Z
N03035,Lakeview Terrace,2025-06-24,Weather,Critical,Wet conditions reduced collection speed,Schedule preventive maintenance,2026-06-25T10:09:16.280Z,2026-06-25T10:09:40.811Z
N03046,Cedar Park,2025-04-20,Route Planning,Critical,Property clustering analysis suggested optimization opportunities,Conduct resident awareness campaign,2026-06-25T10:09:16.280Z,2026-06-25T10:09:40.811Z
N03065,Willow Creek,2025-02-22,Vehicle,High,Truck mechanical issue delayed entire route schedule,Monitor performance for next 7 days,2026-06-25T10:09:16.280Z,2026-06-25T10:09:40.811Z
N03089,Green Oaks,2025-01-20,Staffing,Medium,Unexpected employee absence impacted daily operations,Perform operational audit,2026-06-25T10:09:16.280Z,2026-06-25T10:09:40.811Z
N03113,Harbor Pointe,2025-05-21,Vehicle,Low,Equipment failure reduced collection efficiency,Escalate issue to regional manager,2026-06-25T10:09:16.280Z,2026-06-25T10:09:40.811Z
N03127,Lakeview Terrace,2025-01-01,Route Planning,Low,Route optimization issue increased travel time,Increase staffing coverage,2026-06-25T10:09:16.280Z,2026-06-25T10:09:40.811Z
N03144,Sunset Ridge,2025-04-04,Resident Behavior,Critical,Overflowing bins required additional collection effort,Schedule preventive maintenance,2026-06-25T10:09:16.280Z,2026-06-25T10:09:40.811Z
N03152,Birchwood Commons,2025-01-15,Property Management,High,Operational changes were not communicated in advance,Increase staffing coverage,2026-06-25T10:09:16.280Z,2026-06-25T10:09:40.811Z
N03158,Lakeview Terrace,2025-06-04,Weather,Critical,Weather disruptions impacted multiple communities,Update access credentials,2026-06-25T10:09:16.280Z,2026-06-25T10:09:40.811Z
N03172,Cedar Park,2025-02-28,Staffing,Critical,Recruitment delays limited route coverage,Coordinate with property manager,2026-06-25T10:09:16.280Z,2026-06-25T10:09:40.811Z
N03181,Cedar Park,2025-01-27,Staffing,Critical,Insufficient weekend staffing caused backlog,Monitor performance for next 7 days,2026-06-25T10:09:16.280Z,2026-06-25T10:09:40.811Z
N03192,Cedar Park,2025-05-02,Route Planning,Critical,Inefficient route sequencing reduced productivity,Update access credentials,2026-06-25T10:09:16.280Z,2026-06-25T10:09:40.811Z
N03199,Cedar Park,2025-02-20,Property Management,Low,Property leadership requested service enhancement review,Monitor performance for next 7 days,2026-06-25T10:09:16.280Z,2026-06-25T10:09:40.811Z
N03223,Willow Creek,2025-05-11,Staffing,Medium,Staff shortage on route caused missed pickups,Conduct resident awareness campaign,2026-06-25T10:09:16.280Z,2026-06-25T10:09:40.811Z
N03232,Maple Court,2025-02-22,Vehicle,Low,Engine overheating forced temporary route suspension,Assign backup collection crew,2026-06-25T10:09:16.280Z,2026-06-25T10:09:40.811Z
N03236,Green Oaks,2025-04-16,Staffing,Critical,Unexpected resignations affected operations,Increase staffing coverage,2026-06-25T10:09:16.280Z,2026-06-25T10:09:40.811Z
N03242,Maple Court,2025-01-12,Weather,Medium,Snow removal activities blocked service access,Schedule preventive maintenance,2026-06-25T10:09:16.280Z,2026-06-25T10:09:40.811Z
N03252,Sunset Ridge,2025-06-21,Gate Access,High,Gate access restrictions caused delay on route,Escalate issue to regional manager,2026-06-25T10:09:16.280Z,2026-06-25T10:09:40.811Z
N03266,Cedar Park,2025-04-15,Staffing,Low,High employee turnover affected route consistency,Schedule preventive maintenance,2026-06-25T10:09:16.280Z,2026-06-25T10:09:40.811Z
N03280,Sunset Ridge,2025-04-11,Property Management,High,Maintenance work restricted access to collection areas,Coordinate with property manager,2026-06-25T10:09:16.280Z,2026-06-25T10:09:40.811Z
N03317,Cedar Park,2025-05-31,Route Planning,High,Navigation issue delayed route completion,Perform operational audit,2026-06-25T10:09:16.280Z,2026-06-25T10:09:40.811Z
N03323,Lakeview Terrace,2025-02-06,Route Planning,Medium,Scheduling overlap reduced operational efficiency,Schedule preventive maintenance,2026-06-25T10:09:16.280Z,2026-06-25T10:09:40.811Z
N03324,Green Oaks,2025-01-24,Staffing,Critical,Multiple employee absences occurred simultaneously,Conduct resident awareness campaign,2026-06-25T10:09:16.280Z,2026-06-25T10:09:40.811Z
N03364,Lakeview Terrace,2025-06-24,Resident Behavior,High,Resident complaints increased after route schedule change,Review route optimization plan,2026-06-25T10:09:16.280Z,2026-06-25T10:09:40.811Z
N03401,Harbor Pointe,2025-01-04,Weather,Medium,High winds created safety concerns for collectors,Coordinate with property manager,2026-06-25T10:09:16.280Z,2026-06-25T10:09:40.811Z
N03408,Maple Court,2025-03-26,Weather,High,Extreme temperatures slowed collection activities,Conduct resident awareness campaign,2026-06-25T10:09:16.280Z,2026-06-25T10:09:40.811Z
N03421,Birchwood Commons,2025-06-21,Gate Access,Critical,Multiple access attempts required before entry was granted,Monitor performance for next 7 days,2026-06-25T10:09:16.280Z,2026-06-25T10:09:40.811Z
N03440,Harbor Pointe,2025-01-17,Vehicle,Low,Maintenance backlog reduced fleet readiness,Monitor performance for next 7 days,2026-06-25T10:09:16.280Z,2026-06-25T10:09:40.811Z
N03490,Birchwood Commons,2025-06-28,Gate Access,High,New security protocol delayed collector access,Coordinate with property manager,2026-06-25T10:09:16.280Z,2026-06-25T10:09:40.811Z
N03496,Maple Court,2025-05-15,Vehicle,Critical,Battery failure delayed route departure,Coordinate with property manager,2026-06-25T10:09:16.280Z,2026-06-25T10:09:40.811Z
N03518,Lakeview Terrace,2025-01-10,Resident Behavior,High,Residents requested unscheduled pickups,Review route optimization plan,2026-06-25T10:09:16.280Z,2026-06-25T10:09:40.811Z
N03523,Maple Court,2025-04-30,Weather,High,Adverse weather increased average completion times,Escalate issue to regional manager,2026-06-25T10:09:16.280Z,2026-06-25T10:09:40.811Z
N03537,Sunset Ridge,2025-01-31,Gate Access,Low,Leasing office did not answer for gate code reset,Increase staffing coverage,2026-06-25T10:09:16.280Z,2026-06-25T10:09:40.811Z
N03579,Birchwood Commons,2025-05-09,Property Management,High,Community event impacted collection schedule,Review route optimization plan,2026-06-25T10:09:16.280Z,2026-06-25T10:09:40.811Z
N03602,Willow Creek,2025-01-13,Vehicle,Medium,Equipment failure reduced collection efficiency,Perform operational audit,2026-06-25T10:09:16.280Z,2026-06-25T10:09:40.811Z
N03623,Harbor Pointe,2025-02-25,Staffing,Medium,Recruitment delays limited route coverage,Monitor performance for next 7 days,2026-06-25T10:09:16.280Z,2026-06-25T10:09:40.811Z
N03626,Maple Court,2025-01-18,Route Planning,High,Route optimization issue increased travel time,Conduct resident awareness campaign,2026-06-25T10:09:16.280Z,2026-06-25T10:09:40.811Z
N03655,Harbor Pointe,2025-06-27,Staffing,Medium,Training requirements delayed assignment of replacement collector,Conduct resident awareness campaign,2026-06-25T10:09:16.280Z,2026-06-25T10:09:40.811Z
N03661,Lakeview Terrace,2025-05-27,Resident Behavior,Medium,Collection instructions were frequently ignored,Assign backup collection crew,2026-06-25T10:09:16.280Z,2026-06-25T10:09:40.811Z
N03708,Cedar Park,2025-06-07,Route Planning,Critical,Inefficient property sequencing impacted schedule adherence,Conduct resident awareness campaign,2026-06-25T10:09:16.280Z,2026-06-25T10:09:40.811Z
N03728,Cedar Park,2025-01-17,Property Management,Low,Management requested additional pickup support,Escalate issue to regional manager,2026-06-25T10:09:16.280Z,2026-06-25T10:09:40.811Z
N03737,Willow Creek,2025-05-26,Staffing,Critical,Shift scheduling conflict resulted in delayed collections,Assign backup collection crew,2026-06-25T10:09:16.280Z,2026-06-25T10:09:40.811Z
N03742,Birchwood Commons,2025-01-29,Resident Behavior,Medium,Overflowing bins required additional collection effort,Perform operational audit,2026-06-25T10:09:16.280Z,2026-06-25T10:09:40.811Z
N03749,Sunset Ridge,2025-02-19,Resident Behavior,High,Resident education on waste procedures was recommended,Monitor performance for next 7 days,2026-06-25T10:09:16.280Z,2026-06-25T10:09:40.811Z
N03751,Birchwood Commons,2025-03-29,Resident Behavior,Critical,Resident complaints were concentrated in specific buildings,Assign backup collection crew,2026-06-25T10:09:16.280Z,2026-06-25T10:09:40.811Z
N03764,Cedar Park,2025-01-08,Staffing,Critical,Insufficient weekend staffing caused backlog,Conduct resident awareness campaign,2026-06-25T10:09:16.280Z,2026-06-25T10:09:40.811Z
N03775,Harbor Pointe,2025-06-11,Staffing,High,Unexpected resignations affected operations,Assign backup collection crew,2026-06-25T10:09:16.280Z,2026-06-25T10:09:40.811Z
N03788,Cedar Park,2025-04-05,Staffing,High,Unexpected employee absence impacted daily operations,Increase staffing coverage,2026-06-25T10:09:16.280Z,2026-06-25T10:09:40.811Z
N03832,Birchwood Commons,2025-02-28,Gate Access,Medium,Temporary gate malfunction prevented collector entry,Conduct resident awareness campaign,2026-06-25T10:09:16.280Z,2026-06-25T10:09:40.811Z
N03847,Cedar Park,2025-01-04,Staffing,Low,Staff shortage on route caused missed pickups,Review route optimization plan,2026-06-25T10:09:16.280Z,2026-06-25T10:09:40.811Z
N03850,Cedar Park,2025-02-26,Route Planning,Critical,Route handoff between teams caused delays,Monitor performance for next 7 days,2026-06-25T10:09:16.280Z,2026-06-25T10:09:40.811Z
N03867,Maple Court,2025-01-21,Weather,Medium,Snow accumulation blocked access to several units,Conduct resident awareness campaign,2026-06-25T10:09:16.280Z,2026-06-25T10:09:40.811Z
N03868,Sunset Ridge,2025-03-29,Gate Access,Low,Property manager unavailable to provide updated gate code,Review route optimization plan,2026-06-25T10:09:16.280Z,2026-06-25T10:09:40.811Z
N03871,Birchwood Commons,2025-05-05,Gate Access,Low,Temporary gate malfunction prevented collector entry,Coordinate with property manager,2026-06-25T10:09:16.280Z,2026-06-25T10:09:40.811Z
N03884,Lakeview Terrace,2025-03-28,Weather,Critical,Adverse weather increased average completion times,Perform operational audit,2026-06-25T10:09:16.280Z,2026-06-25T10:09:40.811Z
N03896,Birchwood Commons,2025-03-18,Resident Behavior,Critical,Late bin placement caused missed pickups,Review route optimization plan,2026-06-25T10:09:16.280Z,2026-06-25T10:09:40.811Z
N03905,Sunset Ridge,2025-05-07,Property Management,High,Community event impacted collection schedule,Increase staffing coverage,2026-06-25T10:09:16.280Z,2026-06-25T10:09:40.811Z
N03907,Lakeview Terrace,2025-04-22,Resident Behavior,High,Late bin placement caused missed pickups,Coordinate with property manager,2026-06-25T10:09:16.280Z,2026-06-25T10:09:40.811Z
N03913,Sunset Ridge,2025-01-03,Property Management,Medium,Property leadership requested service enhancement review,Assign backup collection crew,2026-06-25T10:09:16.280Z,2026-06-25T10:09:40.811Z
N03931,Cedar Park,2025-04-13,Staffing,Critical,Insufficient staffing levels increased route completion time,Monitor performance for next 7 days,2026-06-25T10:09:16.280Z,2026-06-25T10:09:40.811Z
N03934,Maple Court,2025-04-07,Vehicle,Medium,Fleet shortage increased route workloads,Conduct resident awareness campaign,2026-06-25T10:09:16.280Z,2026-06-25T10:09:40.811Z
N03938,Harbor Pointe,2025-01-15,Vehicle,Critical,Truck mechanical issue delayed entire route schedule,Conduct resident awareness campaign,2026-06-25T10:09:16.280Z,2026-06-25T10:09:40.811Z
N03942,Sunset Ridge,2025-06-11,Property Management,Critical,Manager reported recurring service concerns,Assign backup collection crew,2026-06-25T10:09:16.280Z,2026-06-25T10:09:40.811Z
N03021,Willow Creek,2025-01-25,Staffing,Medium,Insufficient weekend staffing caused backlog,Update access credentials,2026-06-25T10:09:16.280Z,2026-06-25T10:09:40.811Z
N03051,Green Oaks,2025-06-20,Staffing,Low,High employee turnover affected route consistency,Increase staffing coverage,2026-06-25T10:09:16.280Z,2026-06-25T10:09:40.811Z
N03057,Willow Creek,2025-04-29,Staffing,High,Insufficient weekend staffing caused backlog,Schedule preventive maintenance,2026-06-25T10:09:16.280Z,2026-06-25T10:09:40.811Z
N03072,Cedar Park,2025-01-23,Property Management,Low,Management communication delay affected operations,Review route optimization plan,2026-06-25T10:09:16.280Z,2026-06-25T10:09:40.811Z
N03077,Sunset Ridge,2025-03-15,Property Management,Critical,Management communication delay affected operations,Schedule preventive maintenance,2026-06-25T10:09:16.280Z,2026-06-25T10:09:40.811Z
N03093,Harbor Pointe,2025-06-28,Vehicle,High,Vehicle inspection identified safety concerns before dispatch,Perform operational audit,2026-06-25T10:09:16.280Z,2026-06-25T10:09:40.811Z
N03122,Cedar Park,2025-03-01,Staffing,Medium,High employee turnover affected route consistency,Review route optimization plan,2026-06-25T10:09:16.280Z,2026-06-25T10:09:40.811Z
N03125,Sunset Ridge,2025-05-01,Resident Behavior,High,Late bin placement caused missed pickups,Escalate issue to regional manager,2026-06-25T10:09:16.280Z,2026-06-25T10:09:40.811Z
N03183,Sunset Ridge,2025-03-21,Gate Access,High,Restricted access due to special community event,Update access credentials,2026-06-25T10:09:16.280Z,2026-06-25T10:09:40.811Z
N03197,Sunset Ridge,2025-05-27,Property Management,Low,Maintenance work restricted access to collection areas,Assign backup collection crew,2026-06-25T10:09:16.280Z,2026-06-25T10:09:40.811Z
N03200,Lakeview Terrace,2025-03-19,Resident Behavior,Low,Excess waste volume exceeded expected capacity,Monitor performance for next 7 days,2026-06-25T10:09:16.280Z,2026-06-25T10:09:40.811Z
N03202,Harbor Pointe,2025-01-30,Weather,Critical,Snow accumulation blocked access to several units,Schedule preventive maintenance,2026-06-25T10:09:16.280Z,2026-06-25T10:09:40.811Z
N03214,Willow Creek,2025-05-07,Staffing,Low,Resource allocation issue affected collection schedule,Coordinate with property manager,2026-06-25T10:09:16.280Z,2026-06-25T10:09:40.811Z
N03248,Maple Court,2025-06-20,Vehicle,Medium,Vehicle servicing overlapped with scheduled collections,Monitor performance for next 7 days,2026-06-25T10:09:16.280Z,2026-06-25T10:09:40.811Z
N03275,Lakeview Terrace,2025-04-01,Route Planning,High,Travel distance increased due to route modifications,Increase staffing coverage,2026-06-25T10:09:16.280Z,2026-06-25T10:09:40.811Z
N03292,Cedar Park,2025-02-28,Staffing,Critical,Staff shortage on route caused missed pickups,Coordinate with property manager,2026-06-25T10:09:16.280Z,2026-06-25T10:09:40.811Z
N03316,Willow Creek,2025-01-19,Vehicle,Medium,Hydraulic lift malfunction slowed operations,Increase staffing coverage,2026-06-25T10:09:16.280Z,2026-06-25T10:09:40.811Z
N03347,Harbor Pointe,2025-01-09,Vehicle,Low,Fleet availability issues caused route reassignment,Coordinate with property manager,2026-06-25T10:09:16.280Z,2026-06-25T10:09:40.811Z
N03355,Harbor Pointe,2025-01-11,Weather,Medium,High winds created safety concerns for collectors,Assign backup collection crew,2026-06-25T10:09:16.280Z,2026-06-25T10:09:40.811Z
N03358,Green Oaks,2025-01-12,Vehicle,High,Hydraulic lift malfunction slowed operations,Update access credentials,2026-06-25T10:09:16.280Z,2026-06-25T10:09:40.811Z
N03359,Willow Creek,2025-05-07,Vehicle,Critical,Vehicle inspection identified safety concerns before dispatch,Assign backup collection crew,2026-06-25T10:09:16.280Z,2026-06-25T10:09:40.811Z
N03363,Sunset Ridge,2025-04-29,Resident Behavior,Critical,Improper waste disposal created collection challenges,Conduct resident awareness campaign,2026-06-25T10:09:16.280Z,2026-06-25T10:09:40.811Z
N03393,Lakeview Terrace,2025-01-23,Route Planning,High,Route optimization issue increased travel time,Assign backup collection crew,2026-06-25T10:09:16.280Z,2026-06-25T10:09:40.811Z
N03394,Willow Creek,2025-04-03,Vehicle,Low,Truck mechanical issue delayed entire route schedule,Review route optimization plan,2026-06-25T10:09:16.280Z,2026-06-25T10:09:40.811Z
N03396,Sunset Ridge,2025-06-22,Gate Access,Low,Entry denied due to missing vendor registration,Monitor performance for next 7 days,2026-06-25T10:09:16.280Z,2026-06-25T10:09:40.811Z
N03410,Cedar Park,2025-02-05,Route Planning,Critical,Unexpected road closure required route diversion,Escalate issue to regional manager,2026-06-25T10:09:16.280Z,2026-06-25T10:09:40.811Z
N03431,Green Oaks,2025-04-18,Staffing,Low,Route coverage reduced due to labor constraints,Review route optimization plan,2026-06-25T10:09:16.280Z,2026-06-25T10:09:40.811Z
N03432,Birchwood Commons,2025-05-24,Resident Behavior,High,Residents failed to follow waste segregation guidelines,Assign backup collection crew,2026-06-25T10:09:16.280Z,2026-06-25T10:09:40.811Z
N03435,Birchwood Commons,2025-03-28,Gate Access,High,Entry denied due to missing vendor registration,Assign backup collection crew,2026-06-25T10:09:16.280Z,2026-06-25T10:09:40.811Z
N03516,Willow Creek,2025-01-22,Gate Access,High,Access credentials expired unexpectedly,Review route optimization plan,2026-06-25T10:09:16.280Z,2026-06-25T10:09:40.811Z
N03531,Harbor Pointe,2025-02-10,Staffing,Medium,Multiple employee absences occurred simultaneously,Monitor performance for next 7 days,2026-06-25T10:09:16.280Z,2026-06-25T10:09:40.811Z
N03542,Cedar Park,2025-01-24,Route Planning,High,Route optimization issue increased travel time,Escalate issue to regional manager,2026-06-25T10:09:16.280Z,2026-06-25T10:09:40.811Z
N03594,Maple Court,2025-05-29,Weather,Critical,Storm conditions resulted in temporary service suspension,Escalate issue to regional manager,2026-06-25T10:09:16.280Z,2026-06-25T10:09:40.811Z
N03604,Willow Creek,2025-02-20,Staffing,Low,Insufficient staffing levels increased route completion time,Coordinate with property manager,2026-06-25T10:09:16.280Z,2026-06-25T10:09:40.811Z
N03605,Maple Court,2025-06-03,Weather,Medium,Severe weather reduced operational efficiency,Schedule preventive maintenance,2026-06-25T10:09:16.280Z,2026-06-25T10:09:40.811Z
N03651,Maple Court,2025-03-09,Route Planning,Critical,Peak-hour traffic increased collection duration,Monitor performance for next 7 days,2026-06-25T10:09:16.280Z,2026-06-25T10:09:40.811Z
N03679,Cedar Park,2025-05-12,Staffing,Low,Unexpected employee absence impacted daily operations,Update access credentials,2026-06-25T10:09:16.280Z,2026-06-25T10:09:40.811Z
N03682,Maple Court,2025-04-12,Weather,Medium,Extreme temperatures slowed collection activities,Monitor performance for next 7 days,2026-06-25T10:09:16.280Z,2026-06-25T10:09:40.811Z
N03703,Maple Court,2025-02-23,Weather,High,Wet conditions reduced collection speed,Update access credentials,2026-06-25T10:09:16.280Z,2026-06-25T10:09:40.811Z
N03711,Cedar Park,2025-03-09,Property Management,Low,Management requested additional pickup support,Conduct resident awareness campaign,2026-06-25T10:09:16.280Z,2026-06-25T10:09:40.811Z
N03741,Willow Creek,2025-01-12,Vehicle,Medium,Flat tire caused service delays across multiple properties,Increase staffing coverage,2026-06-25T10:09:16.280Z,2026-06-25T10:09:40.811Z
N03819,Sunset Ridge,2025-04-09,Resident Behavior,Medium,Resident education on waste procedures was recommended,Conduct resident awareness campaign,2026-06-25T10:09:16.280Z,2026-06-25T10:09:40.811Z
N03840,Cedar Park,2025-01-02,Route Planning,Medium,Route balancing adjustments improved service coverage,Update access credentials,2026-06-25T10:09:16.280Z,2026-06-25T10:09:40.811Z
N03848,Maple Court,2025-04-08,Weather,Medium,Heavy rain delayed collection schedule across region,Schedule preventive maintenance,2026-06-25T10:09:16.280Z,2026-06-25T10:09:40.811Z
N03878,Sunset Ridge,2025-05-22,Gate Access,High,Incorrect gate code provided by property management,Update access credentials,2026-06-25T10:09:16.280Z,2026-06-25T10:09:40.811Z
N03888,Harbor Pointe,2025-03-22,Vehicle,High,Maintenance backlog reduced fleet readiness,Review route optimization plan,2026-06-25T10:09:16.280Z,2026-06-25T10:09:40.811Z
N03915,Harbor Pointe,2025-01-21,Vehicle,Low,Fleet shortage increased route workloads,Increase staffing coverage,2026-06-25T10:09:16.280Z,2026-06-25T10:09:40.811Z
N03932,Willow Creek,2025-05-24,Gate Access,Low,Community gate remained locked during scheduled pickup window,Perform operational audit,2026-06-25T10:09:16.280Z,2026-06-25T10:09:40.811Z
N03944,Willow Creek,2025-03-17,Gate Access,Low,Gate access restrictions caused delay on route,Escalate issue to regional manager,2026-06-25T10:09:16.280Z,2026-06-25T10:09:40.811Z
N03946,Willow Creek,2025-03-02,Staffing,Low,Resource allocation issue affected collection schedule,Perform operational audit,2026-06-25T10:09:16.280Z,2026-06-25T10:09:40.811Z
N03949,Lakeview Terrace,2025-03-03,Route Planning,High,Route handoff between teams caused delays,Update access credentials,2026-06-25T10:09:16.280Z,2026-06-25T10:09:40.811Z
N03958,Lakeview Terrace,2025-03-06,Weather,Critical,Adverse weather increased average completion times,Schedule preventive maintenance,2026-06-25T10:09:16.280Z,2026-06-25T10:09:40.811Z
