collection_id,property_id,property_name,collection_date,route_id,bags_collected,missed_pickups,completion_time,collector_id,region,ingested_at,processed_at
C001002,P002,Maple Court,2025-06-04,R11,87,2,18:02,D17,Midwest,2026-06-25T06:46:29.225Z,2026-06-25T06:46:49.688Z
C001004,P005,Lakeview Terrace,2025-05-31,R24,76,0,17:11,D16,Southeast,2026-06-25T06:46:29.225Z,2026-06-25T06:46:49.688Z
C001010,P002,Maple Court,2025-05-24,R13,119,0,22:36,D02,Midwest,2026-06-25T06:46:29.225Z,2026-06-25T06:46:49.688Z
C001012,P008,Harbor Pointe,2025-02-22,R11,143,0,22:38,D11,West,2026-06-25T06:46:29.225Z,2026-06-25T06:46:49.688Z
C001019,P007,Willow Creek,2025-01-17,R20,69,0,14:17,D18,Southeast,2026-06-25T06:46:29.225Z,2026-06-25T06:46:49.688Z
C001026,P006,Cedar Park,2025-06-06,R24,127,0,19:40,D09,West,2026-06-25T06:46:29.225Z,2026-06-25T06:46:49.688Z
C001036,P004,Birchwood Commons,2025-03-08,R24,106,2,18:12,D01,Northeast,2026-06-25T06:46:29.225Z,2026-06-25T06:46:49.688Z
C001038,P007,Willow Creek,2025-04-21,R14,55,1,22:29,D16,Northeast,2026-06-25T06:46:29.225Z,2026-06-25T06:46:49.688Z
C001078,P005,Lakeview Terrace,2025-06-22,R21,144,0,18:12,D20,Midwest,2026-06-25T06:46:29.225Z,2026-06-25T06:46:49.688Z
C001079,P001,Sunset Ridge,2025-05-20,R22,78,2,18:52,D12,West,2026-06-25T06:46:29.225Z,2026-06-25T06:46:49.688Z
C001081,P004,Birchwood Commons,2025-02-28,R17,69,0,22:37,D18,West,2026-06-25T06:46:29.225Z,2026-06-25T06:46:49.688Z
C001154,P003,Green Oaks,2025-03-17,R23,106,0,22:02,D05,West,2026-06-25T06:46:29.225Z,2026-06-25T06:46:49.688Z
C001183,P002,Maple Court,2025-01-09,R18,78,0,19:34,D06,West,2026-06-25T06:46:29.225Z,2026-06-25T06:46:49.688Z
C001224,P007,Willow Creek,2025-02-19,R10,118,2,17:05,D02,West,2026-06-25T06:46:29.225Z,2026-06-25T06:46:49.688Z
C001227,P003,Green Oaks,2025-03-23,R10,40,2,14:42,D11,Midwest,2026-06-25T06:46:29.225Z,2026-06-25T06:46:49.688Z
C001245,P004,Birchwood Commons,2025-06-10,R23,96,0,17:20,D09,Midwest,2026-06-25T06:46:29.225Z,2026-06-25T06:46:49.688Z
C001246,P007,Willow Creek,2025-05-29,R12,97,0,17:46,D14,Northeast,2026-06-25T06:46:29.225Z,2026-06-25T06:46:49.688Z
C001260,P008,Harbor Pointe,2025-01-27,R20,87,0,18:51,D03,Southeast,2026-06-25T06:46:29.225Z,2026-06-25T06:46:49.688Z
C001261,P003,Green Oaks,2025-02-08,R15,58,1,20:28,D16,Southeast,2026-06-25T06:46:29.225Z,2026-06-25T06:46:49.688Z
C001270,P008,Harbor Pointe,2025-06-19,R23,116,0,16:01,D05,Northeast,2026-06-25T06:46:29.225Z,2026-06-25T06:46:49.688Z
C001298,P002,Maple Court,2025-06-29,R14,98,1,14:34,D05,West,2026-06-25T06:46:29.225Z,2026-06-25T06:46:49.688Z
C001304,P007,Willow Creek,2025-04-01,R23,41,2,22:50,D20,Midwest,2026-06-25T06:46:29.225Z,2026-06-25T06:46:49.688Z
C001305,P003,Green Oaks,2025-01-20,R15,125,1,19:00,D05,West,2026-06-25T06:46:29.225Z,2026-06-25T06:46:49.688Z
C001306,P006,Cedar Park,2025-02-07,R11,141,0,20:16,D17,Southeast,2026-06-25T06:46:29.225Z,2026-06-25T06:46:49.688Z
C001308,P003,Green Oaks,2025-04-18,R19,88,0,17:22,D07,Midwest,2026-06-25T06:46:29.225Z,2026-06-25T06:46:49.688Z
C001321,P007,Willow Creek,2025-03-23,R13,52,0,16:32,D04,West,2026-06-25T06:46:29.225Z,2026-06-25T06:46:49.688Z
C001333,P003,Green Oaks,2025-02-25,R13,50,0,16:17,D09,West,2026-06-25T06:46:29.225Z,2026-06-25T06:46:49.688Z
C001349,P005,Lakeview Terrace,2025-04-17,R15,136,1,19:25,D03,Northeast,2026-06-25T06:46:29.225Z,2026-06-25T06:46:49.688Z
C001357,P005,Lakeview Terrace,2025-01-24,R21,50,0,19:35,D08,Midwest,2026-06-25T06:46:29.225Z,2026-06-25T06:46:49.688Z
C001360,P002,Maple Court,2025-04-27,R24,56,0,17:58,D12,West,2026-06-25T06:46:29.225Z,2026-06-25T06:46:49.688Z
C001365,P008,Harbor Pointe,2025-05-11,R14,87,0,15:03,D13,West,2026-06-25T06:46:29.225Z,2026-06-25T06:46:49.688Z
C001371,P008,Harbor Pointe,2025-02-17,R21,79,0,17:10,D11,Southeast,2026-06-25T06:46:29.225Z,2026-06-25T06:46:49.688Z
C001383,P003,Green Oaks,2025-05-08,R17,127,2,16:33,D10,Midwest,2026-06-25T06:46:29.225Z,2026-06-25T06:46:49.688Z
C001390,P005,Lakeview Terrace,2025-06-24,R12,93,1,22:12,D10,Northeast,2026-06-25T06:46:29.225Z,2026-06-25T06:46:49.688Z
C001396,P005,Lakeview Terrace,2025-01-14,R23,123,0,15:21,D20,Southeast,2026-06-25T06:46:29.225Z,2026-06-25T06:46:49.688Z
C001401,P008,Harbor Pointe,2025-01-07,R16,47,1,15:19,D13,West,2026-06-25T06:46:29.225Z,2026-06-25T06:46:49.688Z
C001408,P004,Birchwood Commons,2025-04-02,R15,155,0,22:24,D17,Southeast,2026-06-25T06:46:29.225Z,2026-06-25T06:46:49.688Z
C001436,P007,Willow Creek,2025-03-16,R17,124,0,15:42,D03,Southeast,2026-06-25T06:46:29.225Z,2026-06-25T06:46:49.688Z
C001438,P005,Lakeview Terrace,2025-03-19,R23,123,2,17:33,D09,Northeast,2026-06-25T06:46:29.225Z,2026-06-25T06:46:49.688Z
C001449,P005,Lakeview Terrace,2025-03-05,R15,113,1,20:02,D20,Northeast,2026-06-25T06:46:29.225Z,2026-06-25T06:46:49.688Z
C001469,P008,Harbor Pointe,2025-05-10,R20,152,3,17:57,D06,West,2026-06-25T06:46:29.225Z,2026-06-25T06:46:49.688Z
C001495,P005,Lakeview Terrace,2025-02-26,R16,97,0,19:15,D14,Southeast,2026-06-25T06:46:29.225Z,2026-06-25T06:46:49.688Z
C001516,P004,Birchwood Commons,2025-05-14,R10,138,1,21:16,D14,Northeast,2026-06-25T06:46:29.225Z,2026-06-25T06:46:49.688Z
C001520,P003,Green Oaks,2025-02-02,R18,135,1,15:10,D07,West,2026-06-25T06:46:29.225Z,2026-06-25T06:46:49.688Z
C001532,P002,Maple Court,2025-03-01,R24,142,3,16:09,D06,West,2026-06-25T06:46:29.225Z,2026-06-25T06:46:49.688Z
C001565,P004,Birchwood Commons,2025-03-18,R19,136,2,16:08,D11,Southeast,2026-06-25T06:46:29.225Z,2026-06-25T06:46:49.688Z
C001566,P003,Green Oaks,2025-01-24,R22,84,0,21:25,D06,West,2026-06-25T06:46:29.225Z,2026-06-25T06:46:49.688Z
C001641,P008,Harbor Pointe,2025-01-02,R17,60,0,16:04,D14,Northeast,2026-06-25T06:46:29.225Z,2026-06-25T06:46:49.688Z
C001644,P004,Birchwood Commons,2025-01-27,R19,126,0,16:20,D06,Midwest,2026-06-25T06:46:29.225Z,2026-06-25T06:46:49.688Z
C001645,P003,Green Oaks,2025-04-12,R19,124,1,16:20,D17,West,2026-06-25T06:46:29.225Z,2026-06-25T06:46:49.688Z
C001674,P004,Birchwood Commons,2025-03-23,R11,142,0,22:23,D16,Northeast,2026-06-25T06:46:29.225Z,2026-06-25T06:46:49.688Z
C001678,P003,Green Oaks,2025-02-06,R19,41,1,16:33,D05,Midwest,2026-06-25T06:46:29.225Z,2026-06-25T06:46:49.688Z
C001686,P001,Sunset Ridge,2025-02-04,R14,100,2,21:57,D09,Midwest,2026-06-25T06:46:29.225Z,2026-06-25T06:46:49.688Z
C001702,P003,Green Oaks,2025-04-06,R20,121,0,17:53,D05,West,2026-06-25T06:46:29.225Z,2026-06-25T06:46:49.688Z
C001713,P006,Cedar Park,2025-06-04,R13,151,3,21:53,D14,West,2026-06-25T06:46:29.225Z,2026-06-25T06:46:49.688Z
C001715,P005,Lakeview Terrace,2025-04-18,R15,50,0,14:06,D16,Midwest,2026-06-25T06:46:29.225Z,2026-06-25T06:46:49.688Z
C001727,P005,Lakeview Terrace,2025-02-18,R22,111,0,22:11,D13,Southeast,2026-06-25T06:46:29.225Z,2026-06-25T06:46:49.688Z
C001728,P007,Willow Creek,2025-02-20,R23,73,0,16:45,D11,Northeast,2026-06-25T06:46:29.225Z,2026-06-25T06:46:49.688Z
C001759,P008,Harbor Pointe,2025-04-22,R10,102,0,15:20,D18,West,2026-06-25T06:46:29.225Z,2026-06-25T06:46:49.688Z
C001772,P005,Lakeview Terrace,2025-02-12,R20,131,2,20:18,D18,Northeast,2026-06-25T06:46:29.225Z,2026-06-25T06:46:49.688Z
C001786,P006,Cedar Park,2025-02-09,R13,58,0,18:40,D06,West,2026-06-25T06:46:29.225Z,2026-06-25T06:46:49.688Z
C001792,P008,Harbor Pointe,2025-05-01,R14,155,0,20:03,D07,Midwest,2026-06-25T06:46:29.225Z,2026-06-25T06:46:49.688Z
C001805,P004,Birchwood Commons,2025-02-08,R20,81,0,18:45,D03,Northeast,2026-06-25T06:46:29.225Z,2026-06-25T06:46:49.688Z
C001813,P001,Sunset Ridge,2025-05-11,R22,56,2,15:15,D03,Midwest,2026-06-25T06:46:29.225Z,2026-06-25T06:46:49.688Z
C001834,P001,Sunset Ridge,2025-02-25,R14,120,0,16:21,D10,West,2026-06-25T06:46:29.225Z,2026-06-25T06:46:49.688Z
C001852,P001,Sunset Ridge,2025-03-24,R24,105,0,14:46,D05,West,2026-06-25T06:46:29.225Z,2026-06-25T06:46:49.688Z
C001859,P001,Sunset Ridge,2025-06-12,R18,137,0,18:31,D01,West,2026-06-25T06:46:29.225Z,2026-06-25T06:46:49.688Z
C001875,P002,Maple Court,2025-02-14,R21,70,0,21:55,D19,Northeast,2026-06-25T06:46:29.225Z,2026-06-25T06:46:49.688Z
C001912,P003,Green Oaks,2025-05-03,R19,92,0,15:35,D02,Midwest,2026-06-25T06:46:29.225Z,2026-06-25T06:46:49.688Z
C001920,P004,Birchwood Commons,2025-04-11,R21,156,0,16:30,D20,West,2026-06-25T06:46:29.225Z,2026-06-25T06:46:49.688Z
C001928,P004,Birchwood Commons,2025-03-09,R22,118,0,16:51,D10,Midwest,2026-06-25T06:46:29.225Z,2026-06-25T06:46:49.688Z
C001938,P005,Lakeview Terrace,2025-06-09,R16,70,1,17:14,D20,Northeast,2026-06-25T06:46:29.225Z,2026-06-25T06:46:49.688Z
C001951,P006,Cedar Park,2025-01-23,R13,74,0,19:58,D09,West,2026-06-25T06:46:29.225Z,2026-06-25T06:46:49.688Z
C001964,P006,Cedar Park,2025-05-15,R22,117,0,20:48,D09,West,2026-06-25T06:46:29.225Z,2026-06-25T06:46:49.688Z
C001969,P008,Harbor Pointe,2025-03-06,R21,99,0,19:56,D07,West,2026-06-25T06:46:29.225Z,2026-06-25T06:46:49.688Z
C001978,P004,Birchwood Commons,2025-02-06,R11,118,0,20:17,D13,Midwest,2026-06-25T06:46:29.225Z,2026-06-25T06:46:49.688Z
C001015,P003,Green Oaks,2025-03-07,R14,92,1,16:03,D20,Northeast,2026-06-25T06:46:29.225Z,2026-06-25T06:46:49.688Z
C001022,P008,Harbor Pointe,2025-01-11,R23,119,0,18:41,D06,Southeast,2026-06-25T06:46:29.225Z,2026-06-25T06:46:49.688Z
C001050,P006,Cedar Park,2025-06-13,R16,101,0,21:11,D08,Midwest,2026-06-25T06:46:29.225Z,2026-06-25T06:46:49.688Z
C001056,P006,Cedar Park,2025-06-07,R12,53,0,21:56,D02,West,2026-06-25T06:46:29.225Z,2026-06-25T06:46:49.688Z
C001063,P002,Maple Court,2025-06-17,R15,159,1,17:19,D15,Midwest,2026-06-25T06:46:29.225Z,2026-06-25T06:46:49.688Z
C001075,P007,Willow Creek,2025-05-08,R10,62,0,21:14,D09,Southeast,2026-06-25T06:46:29.225Z,2026-06-25T06:46:49.688Z
C001089,P007,Willow Creek,2025-01-18,R14,66,2,17:18,D17,Southeast,2026-06-25T06:46:29.225Z,2026-06-25T06:46:49.688Z
C001094,P008,Harbor Pointe,2025-05-26,R17,113,2,14:47,D03,Northeast,2026-06-25T06:46:29.225Z,2026-06-25T06:46:49.688Z
C001097,P001,Sunset Ridge,2025-04-11,R13,153,0,16:17,D18,Northeast,2026-06-25T06:46:29.225Z,2026-06-25T06:46:49.688Z
C001099,P002,Maple Court,2025-04-05,R18,138,0,19:26,D15,Midwest,2026-06-25T06:46:29.225Z,2026-06-25T06:46:49.688Z
C001116,P008,Harbor Pointe,2025-06-05,R16,105,2,17:32,D19,Southeast,2026-06-25T06:46:29.225Z,2026-06-25T06:46:49.688Z
C001138,P005,Lakeview Terrace,2025-02-12,R21,78,1,22:34,D13,Northeast,2026-06-25T06:46:29.225Z,2026-06-25T06:46:49.688Z
C001155,P008,Harbor Pointe,2025-01-23,R12,154,0,21:07,D16,Midwest,2026-06-25T06:46:29.225Z,2026-06-25T06:46:49.688Z
C001170,P001,Sunset Ridge,2025-01-25,R23,159,0,18:29,D06,Midwest,2026-06-25T06:46:29.225Z,2026-06-25T06:46:49.688Z
C001185,P006,Cedar Park,2025-02-05,R18,156,0,19:38,D18,Midwest,2026-06-25T06:46:29.225Z,2026-06-25T06:46:49.688Z
C001208,P005,Lakeview Terrace,2025-03-16,R14,67,0,14:47,D19,West,2026-06-25T06:46:29.225Z,2026-06-25T06:46:49.688Z
C001226,P002,Maple Court,2025-06-14,R14,86,0,18:22,D14,Midwest,2026-06-25T06:46:29.225Z,2026-06-25T06:46:49.688Z
C001243,P001,Sunset Ridge,2025-06-06,R20,144,0,14:52,D12,Midwest,2026-06-25T06:46:29.225Z,2026-06-25T06:46:49.688Z
C001248,P003,Green Oaks,2025-05-26,R20,76,0,14:19,D06,Midwest,2026-06-25T06:46:29.225Z,2026-06-25T06:46:49.688Z
C001273,P001,Sunset Ridge,2025-01-29,R19,136,0,16:32,D06,Southeast,2026-06-25T06:46:29.225Z,2026-06-25T06:46:49.688Z
C001292,P003,Green Oaks,2025-04-13,R17,86,0,22:54,D20,Northeast,2026-06-25T06:46:29.225Z,2026-06-25T06:46:49.688Z
C001295,P002,Maple Court,2025-05-26,R13,89,0,21:42,D03,Northeast,2026-06-25T06:46:29.225Z,2026-06-25T06:46:49.688Z
C001320,P007,Willow Creek,2025-01-14,R12,160,1,20:46,D06,West,2026-06-25T06:46:29.225Z,2026-06-25T06:46:49.688Z
C001350,P007,Willow Creek,2025-05-07,R14,129,0,21:31,D04,Northeast,2026-06-25T06:46:29.225Z,2026-06-25T06:46:49.688Z
C001353,P005,Lakeview Terrace,2025-06-26,R24,140,2,14:07,D02,Northeast,2026-06-25T06:46:29.225Z,2026-06-25T06:46:49.688Z
C001358,P008,Harbor Pointe,2025-06-27,R10,67,0,14:42,D07,West,2026-06-25T06:46:29.225Z,2026-06-25T06:46:49.688Z
C001364,P002,Maple Court,2025-04-01,R15,95,0,17:09,D13,West,2026-06-25T06:46:29.225Z,2026-06-25T06:46:49.688Z
C001421,P007,Willow Creek,2025-04-23,R23,49,0,15:08,D17,Northeast,2026-06-25T06:46:29.225Z,2026-06-25T06:46:49.688Z
C001424,P004,Birchwood Commons,2025-01-20,R23,106,0,22:19,D13,Southeast,2026-06-25T06:46:29.225Z,2026-06-25T06:46:49.688Z
C001425,P002,Maple Court,2025-05-20,R19,100,0,18:41,D01,Southeast,2026-06-25T06:46:29.225Z,2026-06-25T06:46:49.688Z
C001431,P001,Sunset Ridge,2025-06-24,R18,101,0,14:24,D13,Midwest,2026-06-25T06:46:29.225Z,2026-06-25T06:46:49.688Z
C001451,P008,Harbor Pointe,2025-03-09,R17,42,1,21:00,D15,Southeast,2026-06-25T06:46:29.225Z,2026-06-25T06:46:49.688Z
C001477,P008,Harbor Pointe,2025-01-25,R15,46,0,22:57,D17,West,2026-06-25T06:46:29.225Z,2026-06-25T06:46:49.688Z
C001517,P001,Sunset Ridge,2025-03-28,R15,128,1,20:55,D01,Northeast,2026-06-25T06:46:29.225Z,2026-06-25T06:46:49.688Z
C001544,P002,Maple Court,2025-04-18,R10,96,1,14:20,D04,Northeast,2026-06-25T06:46:29.225Z,2026-06-25T06:46:49.688Z
C001585,P007,Willow Creek,2025-04-02,R13,62,1,15:34,D04,Midwest,2026-06-25T06:46:29.225Z,2026-06-25T06:46:49.688Z
C001587,P001,Sunset Ridge,2025-05-15,R11,81,0,19:02,D05,Southeast,2026-06-25T06:46:29.225Z,2026-06-25T06:46:49.688Z
C001594,P001,Sunset Ridge,2025-01-25,R21,81,0,17:04,D20,Northeast,2026-06-25T06:46:29.225Z,2026-06-25T06:46:49.688Z
C001624,P004,Birchwood Commons,2025-04-09,R10,148,0,17:37,D10,Midwest,2026-06-25T06:46:29.225Z,2026-06-25T06:46:49.688Z
C001736,P008,Harbor Pointe,2025-01-25,R18,80,3,15:51,D20,Midwest,2026-06-25T06:46:29.225Z,2026-06-25T06:46:49.688Z
C001769,P004,Birchwood Commons,2025-03-13,R23,139,1,21:16,D20,Southeast,2026-06-25T06:46:29.225Z,2026-06-25T06:46:49.688Z
C001776,P008,Harbor Pointe,2025-04-23,R19,138,1,14:42,D17,Midwest,2026-06-25T06:46:29.225Z,2026-06-25T06:46:49.688Z
C001801,P004,Birchwood Commons,2025-06-26,R11,124,1,16:58,D15,Southeast,2026-06-25T06:46:29.225Z,2026-06-25T06:46:49.688Z
C001850,P008,Harbor Pointe,2025-01-14,R15,58,2,19:53,D13,Southeast,2026-06-25T06:46:29.225Z,2026-06-25T06:46:49.688Z
C001851,P006,Cedar Park,2025-06-10,R16,62,0,19:39,D02,Northeast,2026-06-25T06:46:29.225Z,2026-06-25T06:46:49.688Z
C001896,P001,Sunset Ridge,2025-06-23,R17,80,0,19:01,D09,West,2026-06-25T06:46:29.225Z,2026-06-25T06:46:49.688Z
C001904,P007,Willow Creek,2025-03-16,R11,127,0,16:53,D03,Midwest,2026-06-25T06:46:29.225Z,2026-06-25T06:46:49.688Z
C001922,P007,Willow Creek,2025-04-21,R11,111,0,15:45,D05,Southeast,2026-06-25T06:46:29.225Z,2026-06-25T06:46:49.688Z
C001939,P004,Birchwood Commons,2025-05-22,R12,42,0,22:37,D11,Midwest,2026-06-25T06:46:29.225Z,2026-06-25T06:46:49.688Z
C001944,P007,Willow Creek,2025-04-24,R23,118,0,20:01,D18,Northeast,2026-06-25T06:46:29.225Z,2026-06-25T06:46:49.688Z
C001945,P008,Harbor Pointe,2025-02-22,R16,141,2,22:21,D11,Southeast,2026-06-25T06:46:29.225Z,2026-06-25T06:46:49.688Z
C001948,P004,Birchwood Commons,2025-04-01,R21,77,0,17:24,D20,West,2026-06-25T06:46:29.225Z,2026-06-25T06:46:49.688Z
C001971,P007,Willow Creek,2025-03-31,R24,123,0,20:04,D20,Northeast,2026-06-25T06:46:29.225Z,2026-06-25T06:46:49.688Z
C001028,P001,Sunset Ridge,2025-06-27,R19,100,0,14:57,D01,Midwest,2026-06-25T06:46:29.225Z,2026-06-25T06:46:49.688Z
C001041,P004,Birchwood Commons,2025-01-20,R12,82,2,18:04,D04,Southeast,2026-06-25T06:46:29.225Z,2026-06-25T06:46:49.688Z
C001042,P001,Sunset Ridge,2025-05-03,R19,142,0,19:53,D09,Midwest,2026-06-25T06:46:29.225Z,2026-06-25T06:46:49.688Z
C001053,P003,Green Oaks,2025-04-05,R10,70,3,22:52,D18,Southeast,2026-06-25T06:46:29.225Z,2026-06-25T06:46:49.688Z
C001074,P006,Cedar Park,2025-04-30,R16,97,0,21:27,D14,Northeast,2026-06-25T06:46:29.225Z,2026-06-25T06:46:49.688Z
C001137,P007,Willow Creek,2025-06-14,R16,130,1,15:33,D07,West,2026-06-25T06:46:29.225Z,2026-06-25T06:46:49.688Z
C001143,P003,Green Oaks,2025-05-26,R13,47,1,16:51,D07,Northeast,2026-06-25T06:46:29.225Z,2026-06-25T06:46:49.688Z
C001198,P005,Lakeview Terrace,2025-02-06,R10,157,0,19:45,D08,West,2026-06-25T06:46:29.225Z,2026-06-25T06:46:49.688Z
C001207,P002,Maple Court,2025-02-13,R15,156,0,17:53,D18,Southeast,2026-06-25T06:46:29.225Z,2026-06-25T06:46:49.688Z
C001211,P007,Willow Creek,2025-04-01,R17,65,0,15:33,D17,Midwest,2026-06-25T06:46:29.225Z,2026-06-25T06:46:49.688Z
C001215,P004,Birchwood Commons,2025-04-02,R11,64,2,18:02,D05,West,2026-06-25T06:46:29.225Z,2026-06-25T06:46:49.688Z
C001216,P001,Sunset Ridge,2025-04-18,R12,125,1,17:30,D09,Southeast,2026-06-25T06:46:29.225Z,2026-06-25T06:46:49.688Z
C001263,P007,Willow Creek,2025-04-01,R17,128,0,20:38,D11,Midwest,2026-06-25T06:46:29.225Z,2026-06-25T06:46:49.688Z
C001277,P007,Willow Creek,2025-05-03,R23,88,0,16:03,D12,West,2026-06-25T06:46:29.225Z,2026-06-25T06:46:49.688Z
C001287,P007,Willow Creek,2025-06-09,R10,154,2,20:15,D07,Southeast,2026-06-25T06:46:29.225Z,2026-06-25T06:46:49.688Z
C001315,P008,Harbor Pointe,2025-04-18,R18,88,0,15:12,D16,Southeast,2026-06-25T06:46:29.225Z,2026-06-25T06:46:49.688Z
C001324,P003,Green Oaks,2025-01-07,R17,121,1,19:11,D08,Midwest,2026-06-25T06:46:29.225Z,2026-06-25T06:46:49.688Z
C001346,P006,Cedar Park,2025-04-26,R19,89,0,17:36,D01,Northeast,2026-06-25T06:46:29.225Z,2026-06-25T06:46:49.688Z
C001367,P001,Sunset Ridge,2025-05-13,R20,71,0,15:14,D04,Southeast,2026-06-25T06:46:29.225Z,2026-06-25T06:46:49.688Z
C001370,P005,Lakeview Terrace,2025-02-22,R21,116,0,18:46,D01,Southeast,2026-06-25T06:46:29.225Z,2026-06-25T06:46:49.688Z
C001376,P006,Cedar Park,2025-04-26,R18,72,0,21:16,D12,West,2026-06-25T06:46:29.225Z,2026-06-25T06:46:49.688Z
C001410,P007,Willow Creek,2025-06-18,R11,157,0,21:24,D16,Midwest,2026-06-25T06:46:29.225Z,2026-06-25T06:46:49.688Z
C001412,P007,Willow Creek,2025-05-30,R11,45,0,14:54,D06,Midwest,2026-06-25T06:46:29.225Z,2026-06-25T06:46:49.688Z
C001415,P002,Maple Court,2025-01-16,R10,148,0,15:28,D12,Southeast,2026-06-25T06:46:29.225Z,2026-06-25T06:46:49.688Z
C001439,P002,Maple Court,2025-06-28,R10,84,0,20:45,D20,West,2026-06-25T06:46:29.225Z,2026-06-25T06:46:49.688Z
C001442,P001,Sunset Ridge,2025-01-06,R14,75,0,20:19,D03,Southeast,2026-06-25T06:46:29.225Z,2026-06-25T06:46:49.688Z
C001463,P001,Sunset Ridge,2025-05-18,R19,100,1,22:33,D15,Northeast,2026-06-25T06:46:29.225Z,2026-06-25T06:46:49.688Z
C001483,P001,Sunset Ridge,2025-05-06,R15,66,1,18:36,D14,West,2026-06-25T06:46:29.225Z,2026-06-25T06:46:49.688Z
C001528,P004,Birchwood Commons,2025-03-30,R14,76,0,20:37,D10,Northeast,2026-06-25T06:46:29.225Z,2026-06-25T06:46:49.688Z
C001540,P001,Sunset Ridge,2025-03-06,R19,74,0,14:41,D09,West,2026-06-25T06:46:29.225Z,2026-06-25T06:46:49.688Z
C001550,P003,Green Oaks,2025-02-16,R15,115,1,14:49,D06,Southeast,2026-06-25T06:46:29.225Z,2026-06-25T06:46:49.688Z
C001552,P005,Lakeview Terrace,2025-03-21,R12,75,0,16:36,D11,West,2026-06-25T06:46:29.225Z,2026-06-25T06:46:49.688Z
C001568,P007,Willow Creek,2025-03-02,R11,132,2,17:09,D18,Northeast,2026-06-25T06:46:29.225Z,2026-06-25T06:46:49.688Z
C001603,P007,Willow Creek,2025-04-01,R24,116,1,18:20,D12,Southeast,2026-06-25T06:46:29.225Z,2026-06-25T06:46:49.688Z
C001608,P002,Maple Court,2025-06-06,R19,113,0,20:01,D11,Midwest,2026-06-25T06:46:29.225Z,2026-06-25T06:46:49.688Z
C001610,P004,Birchwood Commons,2025-05-22,R23,156,0,16:29,D12,Midwest,2026-06-25T06:46:29.225Z,2026-06-25T06:46:49.688Z
C001665,P006,Cedar Park,2025-02-16,R17,107,0,20:56,D01,West,2026-06-25T06:46:29.225Z,2026-06-25T06:46:49.688Z
C001677,P007,Willow Creek,2025-06-29,R24,100,0,14:17,D11,Southeast,2026-06-25T06:46:29.225Z,2026-06-25T06:46:49.688Z
C001683,P001,Sunset Ridge,2025-01-08,R21,151,2,16:58,D14,Southeast,2026-06-25T06:46:29.225Z,2026-06-25T06:46:49.688Z
C001687,P006,Cedar Park,2025-03-24,R19,125,0,15:30,D16,Midwest,2026-06-25T06:46:29.225Z,2026-06-25T06:46:49.688Z
C001698,P002,Maple Court,2025-04-28,R18,131,1,18:08,D12,Northeast,2026-06-25T06:46:29.225Z,2026-06-25T06:46:49.688Z
C001704,P005,Lakeview Terrace,2025-03-24,R10,49,0,18:45,D18,Northeast,2026-06-25T06:46:29.225Z,2026-06-25T06:46:49.688Z
C001709,P005,Lakeview Terrace,2025-01-03,R18,53,0,21:14,D15,Northeast,2026-06-25T06:46:29.225Z,2026-06-25T06:46:49.688Z
C001721,P001,Sunset Ridge,2025-03-16,R21,98,2,18:22,D12,Northeast,2026-06-25T06:46:29.225Z,2026-06-25T06:46:49.688Z
C001733,P004,Birchwood Commons,2025-05-23,R16,63,0,22:37,D13,West,2026-06-25T06:46:29.225Z,2026-06-25T06:46:49.688Z
C001739,P003,Green Oaks,2025-03-30,R11,127,0,19:04,D09,Northeast,2026-06-25T06:46:29.225Z,2026-06-25T06:46:49.688Z
C001796,P001,Sunset Ridge,2025-05-05,R20,52,0,15:05,D01,Southeast,2026-06-25T06:46:29.225Z,2026-06-25T06:46:49.688Z
C001802,P007,Willow Creek,2025-01-11,R17,88,0,21:10,D01,Northeast,2026-06-25T06:46:29.225Z,2026-06-25T06:46:49.688Z
C001824,P008,Harbor Pointe,2025-06-22,R10,135,1,15:20,D19,Northeast,2026-06-25T06:46:29.225Z,2026-06-25T06:46:49.688Z
C001826,P008,Harbor Pointe,2025-04-05,R15,109,0,17:14,D19,Midwest,2026-06-25T06:46:29.225Z,2026-06-25T06:46:49.688Z
C001831,P008,Harbor Pointe,2025-03-28,R16,60,0,18:53,D18,Northeast,2026-06-25T06:46:29.225Z,2026-06-25T06:46:49.688Z
C001833,P006,Cedar Park,2025-01-28,R21,101,0,18:09,D08,West,2026-06-25T06:46:29.225Z,2026-06-25T06:46:49.688Z
C001841,P005,Lakeview Terrace,2025-04-29,R11,97,0,20:49,D07,Northeast,2026-06-25T06:46:29.225Z,2026-06-25T06:46:49.688Z
C001843,P008,Harbor Pointe,2025-04-02,R18,58,1,18:20,D16,Northeast,2026-06-25T06:46:29.225Z,2026-06-25T06:46:49.688Z
C001853,P003,Green Oaks,2025-01-17,R12,53,2,22:10,D08,Southeast,2026-06-25T06:46:29.225Z,2026-06-25T06:46:49.688Z
C001866,P005,Lakeview Terrace,2025-05-26,R23,128,1,17:56,D19,Northeast,2026-06-25T06:46:29.225Z,2026-06-25T06:46:49.688Z
C001868,P003,Green Oaks,2025-03-21,R23,82,0,17:31,D13,Northeast,2026-06-25T06:46:29.225Z,2026-06-25T06:46:49.688Z
C001888,P003,Green Oaks,2025-03-07,R21,69,2,19:31,D04,Northeast,2026-06-25T06:46:29.225Z,2026-06-25T06:46:49.688Z
C001917,P003,Green Oaks,2025-02-07,R23,137,0,15:30,D17,Southeast,2026-06-25T06:46:29.225Z,2026-06-25T06:46:49.688Z
C001936,P005,Lakeview Terrace,2025-01-11,R11,110,1,22:17,D05,Southeast,2026-06-25T06:46:29.225Z,2026-06-25T06:46:49.688Z
C001959,P004,Birchwood Commons,2025-05-17,R22,41,2,19:54,D06,Northeast,2026-06-25T06:46:29.225Z,2026-06-25T06:46:49.688Z
C001963,P008,Harbor Pointe,2025-01-01,R20,136,0,20:35,D18,West,2026-06-25T06:46:29.225Z,2026-06-25T06:46:49.688Z
C001974,P004,Birchwood Commons,2025-01-16,R20,106,0,19:01,D15,West,2026-06-25T06:46:29.225Z,2026-06-25T06:46:49.688Z
C001975,P008,Harbor Pointe,2025-03-27,R15,119,1,19:18,D12,Southeast,2026-06-25T06:46:29.225Z,2026-06-25T06:46:49.688Z
C001982,P006,Cedar Park,2025-01-21,R19,133,0,19:54,D16,Northeast,2026-06-25T06:46:29.225Z,2026-06-25T06:46:49.688Z
C001985,P005,Lakeview Terrace,2025-03-26,R17,132,2,20:03,D19,Northeast,2026-06-25T06:46:29.225Z,2026-06-25T06:46:49.688Z
C001991,P005,Lakeview Terrace,2025-04-21,R13,118,1,16:21,D06,Northeast,2026-06-25T06:46:29.225Z,2026-06-25T06:46:49.688Z
C001001,P008,Harbor Pointe,2025-06-27,R10,135,0,16:35,D12,Southeast,2026-06-25T06:46:29.225Z,2026-06-25T06:46:49.688Z
C001016,P001,Sunset Ridge,2025-02-16,R14,89,0,15:20,D05,West,2026-06-25T06:46:29.225Z,2026-06-25T06:46:49.688Z
C001035,P003,Green Oaks,2025-02-13,R11,115,0,16:47,D03,Midwest,2026-06-25T06:46:29.225Z,2026-06-25T06:46:49.688Z
C001069,P006,Cedar Park,2025-06-15,R17,106,1,21:11,D11,Northeast,2026-06-25T06:46:29.225Z,2026-06-25T06:46:49.688Z
C001077,P002,Maple Court,2025-02-28,R15,44,0,22:12,D11,Midwest,2026-06-25T06:46:29.225Z,2026-06-25T06:46:49.688Z
C001093,P003,Green Oaks,2025-03-12,R17,48,0,20:38,D08,Northeast,2026-06-25T06:46:29.225Z,2026-06-25T06:46:49.688Z
C001133,P002,Maple Court,2025-04-15,R16,159,2,16:12,D14,Northeast,2026-06-25T06:46:29.225Z,2026-06-25T06:46:49.688Z
C001152,P001,Sunset Ridge,2025-06-12,R22,134,0,19:43,D15,Midwest,2026-06-25T06:46:29.225Z,2026-06-25T06:46:49.688Z
C001156,P002,Maple Court,2025-03-04,R11,95,0,14:10,D11,West,2026-06-25T06:46:29.225Z,2026-06-25T06:46:49.688Z
C001181,P003,Green Oaks,2025-06-18,R23,116,2,16:00,D18,West,2026-06-25T06:46:29.225Z,2026-06-25T06:46:49.688Z
C001189,P003,Green Oaks,2025-03-07,R18,66,0,15:40,D09,Midwest,2026-06-25T06:46:29.225Z,2026-06-25T06:46:49.688Z
C001205,P003,Green Oaks,2025-06-05,R20,159,0,22:57,D08,Midwest,2026-06-25T06:46:29.225Z,2026-06-25T06:46:49.688Z
C001217,P008,Harbor Pointe,2025-04-18,R22,127,0,16:20,D13,West,2026-06-25T06:46:29.225Z,2026-06-25T06:46:49.688Z
C001259,P007,Willow Creek,2025-06-03,R12,154,0,18:39,D10,Northeast,2026-06-25T06:46:29.225Z,2026-06-25T06:46:49.688Z
C001290,P002,Maple Court,2025-05-28,R11,62,0,21:16,D16,Northeast,2026-06-25T06:46:29.225Z,2026-06-25T06:46:49.688Z
C001314,P002,Maple Court,2025-01-27,R20,96,0,22:37,D02,Northeast,2026-06-25T06:46:29.225Z,2026-06-25T06:46:49.688Z
C001319,P007,Willow Creek,2025-03-27,R13,111,0,20:12,D20,West,2026-06-25T06:46:29.225Z,2026-06-25T06:46:49.688Z
C001331,P001,Sunset Ridge,2025-05-04,R12,106,3,18:59,D04,Midwest,2026-06-25T06:46:29.225Z,2026-06-25T06:46:49.688Z
C001348,P001,Sunset Ridge,2025-05-17,R15,122,2,14:04,D16,Southeast,2026-06-25T06:46:29.225Z,2026-06-25T06:46:49.688Z
C001354,P007,Willow Creek,2025-01-20,R14,129,0,16:59,D05,West,2026-06-25T06:46:29.225Z,2026-06-25T06:46:49.688Z
C001382,P008,Harbor Pointe,2025-06-06,R19,141,0,19:18,D04,Southeast,2026-06-25T06:46:29.225Z,2026-06-25T06:46:49.688Z
C001394,P005,Lakeview Terrace,2025-02-05,R22,71,0,22:23,D05,Northeast,2026-06-25T06:46:29.225Z,2026-06-25T06:46:49.688Z
C001443,P007,Willow Creek,2025-03-13,R17,42,2,20:24,D15,Southeast,2026-06-25T06:46:29.225Z,2026-06-25T06:46:49.688Z
C001464,P005,Lakeview Terrace,2025-03-10,R24,71,0,19:15,D12,Midwest,2026-06-25T06:46:29.225Z,2026-06-25T06:46:49.688Z
C001468,P005,Lakeview Terrace,2025-06-05,R15,80,0,15:05,D14,West,2026-06-25T06:46:29.225Z,2026-06-25T06:46:49.688Z
C001488,P006,Cedar Park,2025-01-26,R13,147,2,22:42,D02,Southeast,2026-06-25T06:46:29.225Z,2026-06-25T06:46:49.688Z
C001494,P007,Willow Creek,2025-05-06,R19,85,1,22:30,D10,Southeast,2026-06-25T06:46:29.225Z,2026-06-25T06:46:49.688Z
C001504,P003,Green Oaks,2025-02-28,R24,87,0,19:26,D07,Midwest,2026-06-25T06:46:29.225Z,2026-06-25T06:46:49.688Z
C001526,P001,Sunset Ridge,2025-01-18,R14,129,3,17:12,D04,West,2026-06-25T06:46:29.225Z,2026-06-25T06:46:49.688Z
C001535,P006,Cedar Park,2025-04-01,R18,50,0,17:10,D09,Midwest,2026-06-25T06:46:29.225Z,2026-06-25T06:46:49.688Z
C001545,P001,Sunset Ridge,2025-02-19,R15,147,0,19:57,D06,Northeast,2026-06-25T06:46:29.225Z,2026-06-25T06:46:49.688Z
C001549,P002,Maple Court,2025-04-30,R19,159,0,21:05,D04,Southeast,2026-06-25T06:46:29.225Z,2026-06-25T06:46:49.688Z
C001554,P006,Cedar Park,2025-03-09,R19,86,0,19:49,D17,West,2026-06-25T06:46:29.225Z,2026-06-25T06:46:49.688Z
C001558,P006,Cedar Park,2025-05-02,R15,112,0,20:42,D19,Southeast,2026-06-25T06:46:29.225Z,2026-06-25T06:46:49.688Z
C001573,P001,Sunset Ridge,2025-04-03,R19,116,0,20:58,D03,Midwest,2026-06-25T06:46:29.225Z,2026-06-25T06:46:49.688Z
C001597,P003,Green Oaks,2025-02-23,R20,89,0,18:25,D02,Southeast,2026-06-25T06:46:29.225Z,2026-06-25T06:46:49.688Z
C001619,P004,Birchwood Commons,2025-03-04,R14,52,1,19:41,D03,West,2026-06-25T06:46:29.225Z,2026-06-25T06:46:49.688Z
C001643,P004,Birchwood Commons,2025-01-28,R14,104,1,18:20,D17,West,2026-06-25T06:46:29.225Z,2026-06-25T06:46:49.688Z
C001684,P003,Green Oaks,2025-05-19,R12,52,0,14:22,D08,Southeast,2026-06-25T06:46:29.225Z,2026-06-25T06:46:49.688Z
C001706,P004,Birchwood Commons,2025-02-11,R16,140,1,16:41,D14,West,2026-06-25T06:46:29.225Z,2026-06-25T06:46:49.688Z
C001752,P008,Harbor Pointe,2025-05-10,R10,119,0,14:59,D18,Southeast,2026-06-25T06:46:29.225Z,2026-06-25T06:46:49.688Z
C001764,P004,Birchwood Commons,2025-04-28,R21,80,2,15:45,D07,West,2026-06-25T06:46:29.225Z,2026-06-25T06:46:49.688Z
C001766,P006,Cedar Park,2025-01-02,R12,89,2,17:23,D13,Southeast,2026-06-25T06:46:29.225Z,2026-06-25T06:46:49.688Z
C001784,P008,Harbor Pointe,2025-01-06,R24,113,0,20:18,D20,West,2026-06-25T06:46:29.225Z,2026-06-25T06:46:49.688Z
C001808,P007,Willow Creek,2025-03-09,R15,45,0,18:47,D15,Southeast,2026-06-25T06:46:29.225Z,2026-06-25T06:46:49.688Z
C001811,P007,Willow Creek,2025-03-27,R16,130,0,19:08,D12,Northeast,2026-06-25T06:46:29.225Z,2026-06-25T06:46:49.688Z
C001830,P004,Birchwood Commons,2025-06-01,R11,42,2,20:30,D05,Northeast,2026-06-25T06:46:29.225Z,2026-06-25T06:46:49.688Z
C001840,P007,Willow Creek,2025-05-11,R22,58,2,19:05,D17,West,2026-06-25T06:46:29.225Z,2026-06-25T06:46:49.688Z
C001863,P004,Birchwood Commons,2025-05-11,R22,117,0,18:21,D07,Northeast,2026-06-25T06:46:29.225Z,2026-06-25T06:46:49.688Z
C001893,P002,Maple Court,2025-01-05,R13,63,0,15:04,D09,West,2026-06-25T06:46:29.225Z,2026-06-25T06:46:49.688Z
C001894,P006,Cedar Park,2025-01-31,R20,91,0,14:44,D20,Northeast,2026-06-25T06:46:29.225Z,2026-06-25T06:46:49.688Z
C001901,P001,Sunset Ridge,2025-06-01,R24,104,2,21:04,D17,Midwest,2026-06-25T06:46:29.225Z,2026-06-25T06:46:49.688Z
C001913,P003,Green Oaks,2025-02-21,R21,129,0,20:00,D12,Southeast,2026-06-25T06:46:29.225Z,2026-06-25T06:46:49.688Z
C001967,P001,Sunset Ridge,2025-05-05,R13,95,0,16:28,D19,Midwest,2026-06-25T06:46:29.225Z,2026-06-25T06:46:49.688Z
C001014,P002,Maple Court,2025-04-08,R11,109,0,16:18,D05,Midwest,2026-06-25T06:46:29.225Z,2026-06-25T06:46:49.688Z
C001044,P002,Maple Court,2025-06-03,R20,97,0,15:05,D02,Southeast,2026-06-25T06:46:29.225Z,2026-06-25T06:46:49.688Z
C001057,P004,Birchwood Commons,2025-02-26,R21,69,2,21:39,D07,Midwest,2026-06-25T06:46:29.225Z,2026-06-25T06:46:49.688Z
C001059,P002,Maple Court,2025-01-02,R15,43,0,22:07,D05,Northeast,2026-06-25T06:46:29.225Z,2026-06-25T06:46:49.688Z
C001080,P001,Sunset Ridge,2025-04-14,R17,123,1,22:48,D05,West,2026-06-25T06:46:29.225Z,2026-06-25T06:46:49.688Z
C001105,P004,Birchwood Commons,2025-04-23,R21,44,0,22:13,D15,Southeast,2026-06-25T06:46:29.225Z,2026-06-25T06:46:49.688Z
C001117,P002,Maple Court,2025-03-01,R14,70,0,20:48,D08,Southeast,2026-06-25T06:46:29.225Z,2026-06-25T06:46:49.688Z
C001120,P001,Sunset Ridge,2025-06-14,R18,141,1,20:41,D10,Southeast,2026-06-25T06:46:29.225Z,2026-06-25T06:46:49.688Z
C001132,P007,Willow Creek,2025-04-14,R21,87,2,20:31,D10,Southeast,2026-06-25T06:46:29.225Z,2026-06-25T06:46:49.688Z
C001148,P006,Cedar Park,2025-03-28,R15,144,0,17:23,D13,West,2026-06-25T06:46:29.225Z,2026-06-25T06:46:49.688Z
C001153,P002,Maple Court,2025-06-05,R15,94,0,21:42,D04,West,2026-06-25T06:46:29.225Z,2026-06-25T06:46:49.688Z
C001177,P008,Harbor Pointe,2025-01-30,R20,125,0,22:14,D01,West,2026-06-25T06:46:29.225Z,2026-06-25T06:46:49.688Z
C001212,P008,Harbor Pointe,2025-04-16,R10,59,0,18:14,D16,West,2026-06-25T06:46:29.225Z,2026-06-25T06:46:49.688Z
C001229,P001,Sunset Ridge,2025-03-19,R20,110,0,16:21,D12,Northeast,2026-06-25T06:46:29.225Z,2026-06-25T06:46:49.688Z
C001231,P003,Green Oaks,2025-01-23,R20,135,2,15:02,D19,Midwest,2026-06-25T06:46:29.225Z,2026-06-25T06:46:49.688Z
C001232,P002,Maple Court,2025-02-19,R11,160,1,22:39,D11,Northeast,2026-06-25T06:46:29.225Z,2026-06-25T06:46:49.688Z
C001241,P001,Sunset Ridge,2025-03-11,R20,71,2,17:34,D04,Southeast,2026-06-25T06:46:29.225Z,2026-06-25T06:46:49.688Z
C001253,P008,Harbor Pointe,2025-02-21,R23,60,0,18:21,D16,Midwest,2026-06-25T06:46:29.225Z,2026-06-25T06:46:49.688Z
C001256,P005,Lakeview Terrace,2025-04-09,R13,157,0,20:43,D04,West,2026-06-25T06:46:29.225Z,2026-06-25T06:46:49.688Z
C001275,P003,Green Oaks,2025-02-28,R14,51,0,22:24,D05,Midwest,2026-06-25T06:46:29.225Z,2026-06-25T06:46:49.688Z
C001284,P007,Willow Creek,2025-01-07,R17,115,0,14:18,D06,Midwest,2026-06-25T06:46:29.225Z,2026-06-25T06:46:49.688Z
C001300,P004,Birchwood Commons,2025-05-02,R23,42,0,20:17,D09,Midwest,2026-06-25T06:46:29.225Z,2026-06-25T06:46:49.688Z
C001303,P006,Cedar Park,2025-03-18,R16,101,0,21:34,D06,West,2026-06-25T06:46:29.225Z,2026-06-25T06:46:49.688Z
C001313,P002,Maple Court,2025-06-29,R11,143,0,15:05,D01,West,2026-06-25T06:46:29.225Z,2026-06-25T06:46:49.688Z
C001340,P006,Cedar Park,2025-01-30,R16,141,0,16:22,D08,Southeast,2026-06-25T06:46:29.225Z,2026-06-25T06:46:49.688Z
C001386,P001,Sunset Ridge,2025-06-19,R14,57,1,19:56,D10,Midwest,2026-06-25T06:46:29.225Z,2026-06-25T06:46:49.688Z
C001420,P006,Cedar Park,2025-05-27,R15,119,1,22:54,D05,Southeast,2026-06-25T06:46:29.225Z,2026-06-25T06:46:49.688Z
C001440,P003,Green Oaks,2025-03-13,R23,106,0,17:19,D18,Midwest,2026-06-25T06:46:29.225Z,2026-06-25T06:46:49.688Z
C001458,P007,Willow Creek,2025-05-27,R11,122,0,20:56,D10,Midwest,2026-06-25T06:46:29.225Z,2026-06-25T06:46:49.688Z
C001466,P002,Maple Court,2025-01-21,R24,86,0,21:38,D08,West,2026-06-25T06:46:29.225Z,2026-06-25T06:46:49.688Z
C001479,P006,Cedar Park,2025-05-13,R11,84,0,18:10,D04,Northeast,2026-06-25T06:46:29.225Z,2026-06-25T06:46:49.688Z
C001485,P002,Maple Court,2025-04-21,R23,57,0,18:46,D04,Northeast,2026-06-25T06:46:29.225Z,2026-06-25T06:46:49.688Z
C001486,P004,Birchwood Commons,2025-01-21,R21,49,1,19:10,D17,Northeast,2026-06-25T06:46:29.225Z,2026-06-25T06:46:49.688Z
C001487,P002,Maple Court,2025-03-12,R21,128,0,19:57,D02,West,2026-06-25T06:46:29.225Z,2026-06-25T06:46:49.688Z
C001497,P008,Harbor Pointe,2025-05-04,R19,92,1,17:01,D10,Northeast,2026-06-25T06:46:29.225Z,2026-06-25T06:46:49.688Z
C001530,P005,Lakeview Terrace,2025-01-27,R12,73,1,15:08,D17,West,2026-06-25T06:46:29.225Z,2026-06-25T06:46:49.688Z
C001531,P005,Lakeview Terrace,2025-03-26,R22,134,0,21:13,D06,Southeast,2026-06-25T06:46:29.225Z,2026-06-25T06:46:49.688Z
C001534,P002,Maple Court,2025-03-19,R13,111,0,20:24,D13,West,2026-06-25T06:46:29.225Z,2026-06-25T06:46:49.688Z
C001546,P007,Willow Creek,2025-05-13,R16,147,0,14:04,D07,Midwest,2026-06-25T06:46:29.225Z,2026-06-25T06:46:49.688Z
C001560,P002,Maple Court,2025-03-27,R12,156,0,19:19,D06,West,2026-06-25T06:46:29.225Z,2026-06-25T06:46:49.688Z
C001564,P005,Lakeview Terrace,2025-04-18,R19,91,0,14:10,D17,Midwest,2026-06-25T06:46:29.225Z,2026-06-25T06:46:49.688Z
C001571,P006,Cedar Park,2025-02-04,R24,76,0,20:38,D13,Southeast,2026-06-25T06:46:29.225Z,2026-06-25T06:46:49.688Z
C001576,P007,Willow Creek,2025-03-08,R12,60,3,20:43,D17,Southeast,2026-06-25T06:46:29.225Z,2026-06-25T06:46:49.688Z
C001590,P005,Lakeview Terrace,2025-02-19,R19,105,0,22:54,D08,Southeast,2026-06-25T06:46:29.225Z,2026-06-25T06:46:49.688Z
C001604,P006,Cedar Park,2025-06-20,R18,108,2,22:25,D08,West,2026-06-25T06:46:29.225Z,2026-06-25T06:46:49.688Z
C001622,P006,Cedar Park,2025-02-26,R21,77,2,18:45,D06,Northeast,2026-06-25T06:46:29.225Z,2026-06-25T06:46:49.688Z
C001628,P004,Birchwood Commons,2025-02-27,R12,75,0,15:41,D07,Northeast,2026-06-25T06:46:29.225Z,2026-06-25T06:46:49.688Z
C001634,P001,Sunset Ridge,2025-02-03,R13,69,0,17:37,D19,West,2026-06-25T06:46:29.225Z,2026-06-25T06:46:49.688Z
C001685,P002,Maple Court,2025-04-18,R17,99,3,20:54,D18,West,2026-06-25T06:46:29.225Z,2026-06-25T06:46:49.688Z
C001694,P008,Harbor Pointe,2025-04-26,R19,73,3,22:28,D04,Northeast,2026-06-25T06:46:29.225Z,2026-06-25T06:46:49.688Z
C001708,P003,Green Oaks,2025-05-30,R13,96,2,16:43,D09,Northeast,2026-06-25T06:46:29.225Z,2026-06-25T06:46:49.688Z
C001735,P006,Cedar Park,2025-03-02,R11,128,0,16:20,D08,Midwest,2026-06-25T06:46:29.225Z,2026-06-25T06:46:49.688Z
C001751,P003,Green Oaks,2025-03-30,R19,87,0,16:57,D15,Midwest,2026-06-25T06:46:29.225Z,2026-06-25T06:46:49.688Z
C001754,P003,Green Oaks,2025-01-26,R19,157,0,19:29,D18,West,2026-06-25T06:46:29.225Z,2026-06-25T06:46:49.688Z
C001760,P008,Harbor Pointe,2025-06-06,R22,138,0,18:49,D02,Southeast,2026-06-25T06:46:29.225Z,2026-06-25T06:46:49.688Z
C001763,P003,Green Oaks,2025-05-11,R18,87,0,14:58,D07,Southeast,2026-06-25T06:46:29.225Z,2026-06-25T06:46:49.688Z
C001774,P004,Birchwood Commons,2025-05-23,R12,106,1,14:30,D16,Southeast,2026-06-25T06:46:29.225Z,2026-06-25T06:46:49.688Z
C001781,P007,Willow Creek,2025-01-29,R18,108,0,14:39,D06,Northeast,2026-06-25T06:46:29.225Z,2026-06-25T06:46:49.688Z
C001797,P002,Maple Court,2025-01-14,R15,159,0,19:12,D05,Midwest,2026-06-25T06:46:29.225Z,2026-06-25T06:46:49.688Z
C001821,P005,Lakeview Terrace,2025-04-12,R19,92,0,22:40,D10,Midwest,2026-06-25T06:46:29.225Z,2026-06-25T06:46:49.688Z
C001827,P007,Willow Creek,2025-01-11,R17,152,0,21:20,D13,West,2026-06-25T06:46:29.225Z,2026-06-25T06:46:49.688Z
C001857,P001,Sunset Ridge,2025-06-15,R10,122,0,17:30,D02,Southeast,2026-06-25T06:46:29.225Z,2026-06-25T06:46:49.688Z
C001895,P004,Birchwood Commons,2025-03-29,R14,94,0,21:40,D20,Southeast,2026-06-25T06:46:29.225Z,2026-06-25T06:46:49.688Z
C001905,P001,Sunset Ridge,2025-05-04,R16,139,0,16:49,D13,Southeast,2026-06-25T06:46:29.225Z,2026-06-25T06:46:49.688Z
C001907,P003,Green Oaks,2025-01-26,R21,117,0,14:28,D16,Northeast,2026-06-25T06:46:29.225Z,2026-06-25T06:46:49.688Z
C001909,P007,Willow Creek,2025-03-13,R11,48,0,15:16,D12,West,2026-06-25T06:46:29.225Z,2026-06-25T06:46:49.688Z
C001916,P008,Harbor Pointe,2025-02-18,R17,67,0,15:11,D13,Southeast,2026-06-25T06:46:29.225Z,2026-06-25T06:46:49.688Z
C001933,P005,Lakeview Terrace,2025-01-01,R24,103,0,21:59,D18,Northeast,2026-06-25T06:46:29.225Z,2026-06-25T06:46:49.688Z
C001947,P007,Willow Creek,2025-06-03,R12,140,1,20:13,D07,Northeast,2026-06-25T06:46:29.225Z,2026-06-25T06:46:49.688Z
C001973,P003,Green Oaks,2025-02-19,R10,52,0,16:47,D18,Northeast,2026-06-25T06:46:29.225Z,2026-06-25T06:46:49.688Z
C001984,P004,Birchwood Commons,2025-06-02,R13,144,1,14:27,D16,Northeast,2026-06-25T06:46:29.225Z,2026-06-25T06:46:49.688Z
C001029,P008,Harbor Pointe,2025-04-16,R22,90,0,22:05,D03,Southeast,2026-06-25T06:46:29.225Z,2026-06-25T06:46:49.688Z
C001048,P002,Maple Court,2025-04-20,R15,123,2,14:29,D17,Northeast,2026-06-25T06:46:29.225Z,2026-06-25T06:46:49.688Z
C001052,P003,Green Oaks,2025-05-30,R12,100,2,18:38,D11,Northeast,2026-06-25T06:46:29.225Z,2026-06-25T06:46:49.688Z
C001068,P008,Harbor Pointe,2025-02-23,R22,124,1,15:10,D17,West,2026-06-25T06:46:29.225Z,2026-06-25T06:46:49.688Z
C001070,P008,Harbor Pointe,2025-05-15,R17,74,0,20:40,D19,Southeast,2026-06-25T06:46:29.225Z,2026-06-25T06:46:49.688Z
C001071,P004,Birchwood Commons,2025-02-23,R17,150,0,17:25,D07,Northeast,2026-06-25T06:46:29.225Z,2026-06-25T06:46:49.688Z
C001106,P002,Maple Court,2025-06-12,R16,128,1,18:28,D02,Southeast,2026-06-25T06:46:29.225Z,2026-06-25T06:46:49.688Z
C001107,P004,Birchwood Commons,2025-01-13,R24,71,1,19:58,D08,Midwest,2026-06-25T06:46:29.225Z,2026-06-25T06:46:49.688Z
C001111,P006,Cedar Park,2025-03-01,R15,62,0,14:25,D11,Southeast,2026-06-25T06:46:29.225Z,2026-06-25T06:46:49.688Z
C001125,P005,Lakeview Terrace,2025-04-20,R12,132,1,17:15,D14,Midwest,2026-06-25T06:46:29.225Z,2026-06-25T06:46:49.688Z
C001151,P008,Harbor Pointe,2025-04-26,R18,92,0,17:00,D11,Southeast,2026-06-25T06:46:29.225Z,2026-06-25T06:46:49.688Z
C001169,P005,Lakeview Terrace,2025-01-19,R14,129,0,17:44,D18,West,2026-06-25T06:46:29.225Z,2026-06-25T06:46:49.688Z
C001186,P001,Sunset Ridge,2025-06-26,R13,44,0,17:09,D10,Midwest,2026-06-25T06:46:29.225Z,2026-06-25T06:46:49.688Z
C001225,P004,Birchwood Commons,2025-04-15,R13,83,0,20:30,D02,West,2026-06-25T06:46:29.225Z,2026-06-25T06:46:49.688Z
C001230,P006,Cedar Park,2025-05-31,R13,123,0,18:13,D19,West,2026-06-25T06:46:29.225Z,2026-06-25T06:46:49.688Z
C001233,P004,Birchwood Commons,2025-05-02,R18,132,3,16:02,D05,Midwest,2026-06-25T06:46:29.225Z,2026-06-25T06:46:49.688Z
C001242,P006,Cedar Park,2025-06-16,R15,50,0,22:16,D05,West,2026-06-25T06:46:29.225Z,2026-06-25T06:46:49.688Z
C001258,P002,Maple Court,2025-01-31,R24,45,0,16:11,D14,Northeast,2026-06-25T06:46:29.225Z,2026-06-25T06:46:49.688Z
C001265,P004,Birchwood Commons,2025-05-17,R16,50,0,20:33,D19,Midwest,2026-06-25T06:46:29.225Z,2026-06-25T06:46:49.688Z
C001268,P007,Willow Creek,2025-04-28,R13,66,0,17:03,D05,Southeast,2026-06-25T06:46:29.225Z,2026-06-25T06:46:49.688Z
C001283,P002,Maple Court,2025-02-03,R15,92,1,22:06,D17,Midwest,2026-06-25T06:46:29.225Z,2026-06-25T06:46:49.688Z
C001288,P008,Harbor Pointe,2025-02-09,R11,143,0,14:09,D10,Southeast,2026-06-25T06:46:29.225Z,2026-06-25T06:46:49.688Z
C001335,P004,Birchwood Commons,2025-05-12,R14,62,2,17:43,D09,West,2026-06-25T06:46:29.225Z,2026-06-25T06:46:49.688Z
C001347,P001,Sunset Ridge,2025-01-05,R24,99,0,18:08,D13,Southeast,2026-06-25T06:46:29.225Z,2026-06-25T06:46:49.688Z
C001356,P008,Harbor Pointe,2025-05-14,R20,102,0,18:20,D16,Midwest,2026-06-25T06:46:29.225Z,2026-06-25T06:46:49.688Z
C001378,P001,Sunset Ridge,2025-01-29,R12,92,0,17:42,D05,Northeast,2026-06-25T06:46:29.225Z,2026-06-25T06:46:49.688Z
C001388,P006,Cedar Park,2025-02-26,R13,143,0,20:27,D13,Southeast,2026-06-25T06:46:29.225Z,2026-06-25T06:46:49.688Z
C001411,P005,Lakeview Terrace,2025-05-28,R12,129,1,19:37,D19,Northeast,2026-06-25T06:46:29.225Z,2026-06-25T06:46:49.688Z
C001450,P005,Lakeview Terrace,2025-04-03,R22,123,0,14:07,D10,Northeast,2026-06-25T06:46:29.225Z,2026-06-25T06:46:49.688Z
C001462,P002,Maple Court,2025-06-16,R24,68,0,22:36,D18,West,2026-06-25T06:46:29.225Z,2026-06-25T06:46:49.688Z
C001470,P007,Willow Creek,2025-01-04,R14,137,0,22:45,D16,Southeast,2026-06-25T06:46:29.225Z,2026-06-25T06:46:49.688Z
C001472,P007,Willow Creek,2025-04-19,R21,111,0,17:45,D10,Southeast,2026-06-25T06:46:29.225Z,2026-06-25T06:46:49.688Z
C001492,P005,Lakeview Terrace,2025-02-15,R19,88,0,17:40,D12,West,2026-06-25T06:46:29.225Z,2026-06-25T06:46:49.688Z
C001514,P002,Maple Court,2025-04-05,R20,79,0,19:09,D03,Southeast,2026-06-25T06:46:29.225Z,2026-06-25T06:46:49.688Z
C001519,P002,Maple Court,2025-04-29,R24,53,1,20:44,D03,West,2026-06-25T06:46:29.225Z,2026-06-25T06:46:49.688Z
C001539,P004,Birchwood Commons,2025-04-24,R10,115,0,18:21,D04,Northeast,2026-06-25T06:46:29.225Z,2026-06-25T06:46:49.688Z
C001584,P007,Willow Creek,2025-02-15,R10,97,0,19:19,D02,Southeast,2026-06-25T06:46:29.225Z,2026-06-25T06:46:49.688Z
C001614,P007,Willow Creek,2025-01-02,R23,106,1,21:55,D13,Southeast,2026-06-25T06:46:29.225Z,2026-06-25T06:46:49.688Z
C001621,P001,Sunset Ridge,2025-05-26,R22,57,0,16:33,D10,Southeast,2026-06-25T06:46:29.225Z,2026-06-25T06:46:49.688Z
C001637,P007,Willow Creek,2025-05-26,R23,155,0,15:46,D15,Midwest,2026-06-25T06:46:29.225Z,2026-06-25T06:46:49.688Z
C001642,P008,Harbor Pointe,2025-01-25,R15,121,2,22:52,D06,Midwest,2026-06-25T06:46:29.225Z,2026-06-25T06:46:49.688Z
C001650,P005,Lakeview Terrace,2025-06-19,R23,87,1,14:20,D14,West,2026-06-25T06:46:29.225Z,2026-06-25T06:46:49.688Z
C001653,P007,Willow Creek,2025-03-05,R10,52,0,14:40,D11,Northeast,2026-06-25T06:46:29.225Z,2026-06-25T06:46:49.688Z
C001670,P007,Willow Creek,2025-02-21,R14,69,0,17:49,D12,Southeast,2026-06-25T06:46:29.225Z,2026-06-25T06:46:49.688Z
C001692,P001,Sunset Ridge,2025-02-16,R23,141,0,17:10,D13,Northeast,2026-06-25T06:46:29.225Z,2026-06-25T06:46:49.688Z
C001717,P007,Willow Creek,2025-06-05,R10,117,0,15:37,D04,Southeast,2026-06-25T06:46:29.225Z,2026-06-25T06:46:49.688Z
C001722,P001,Sunset Ridge,2025-03-05,R15,98,0,18:49,D06,Midwest,2026-06-25T06:46:29.225Z,2026-06-25T06:46:49.688Z
C001723,P006,Cedar Park,2025-05-23,R21,91,1,19:49,D06,West,2026-06-25T06:46:29.225Z,2026-06-25T06:46:49.688Z
C001726,P006,Cedar Park,2025-03-28,R22,60,1,16:20,D01,Southeast,2026-06-25T06:46:29.225Z,2026-06-25T06:46:49.688Z
C001740,P008,Harbor Pointe,2025-01-08,R16,130,1,16:25,D07,West,2026-06-25T06:46:29.225Z,2026-06-25T06:46:49.688Z
C001757,P006,Cedar Park,2025-05-14,R24,107,0,22:33,D13,Midwest,2026-06-25T06:46:29.225Z,2026-06-25T06:46:49.688Z
C001762,P005,Lakeview Terrace,2025-05-17,R16,64,0,19:34,D02,West,2026-06-25T06:46:29.225Z,2026-06-25T06:46:49.688Z
C001790,P004,Birchwood Commons,2025-06-20,R13,67,0,17:36,D07,Northeast,2026-06-25T06:46:29.225Z,2026-06-25T06:46:49.688Z
C001839,P004,Birchwood Commons,2025-06-01,R17,112,0,21:56,D01,Northeast,2026-06-25T06:46:29.225Z,2026-06-25T06:46:49.688Z
C001842,P001,Sunset Ridge,2025-02-06,R17,71,0,17:40,D01,Northeast,2026-06-25T06:46:29.225Z,2026-06-25T06:46:49.688Z
C001867,P004,Birchwood Commons,2025-04-03,R19,153,0,18:13,D17,Southeast,2026-06-25T06:46:29.225Z,2026-06-25T06:46:49.688Z
C001923,P005,Lakeview Terrace,2025-04-05,R17,123,0,19:19,D18,Northeast,2026-06-25T06:46:29.225Z,2026-06-25T06:46:49.688Z
C001930,P005,Lakeview Terrace,2025-01-31,R20,71,1,17:38,D11,Midwest,2026-06-25T06:46:29.225Z,2026-06-25T06:46:49.688Z
C001932,P005,Lakeview Terrace,2025-05-18,R19,49,0,18:07,D13,West,2026-06-25T06:46:29.225Z,2026-06-25T06:46:49.688Z
C001934,P004,Birchwood Commons,2025-05-11,R14,46,0,20:40,D16,Southeast,2026-06-25T06:46:29.225Z,2026-06-25T06:46:49.688Z
C001961,P006,Cedar Park,2025-02-03,R19,140,0,18:29,D08,West,2026-06-25T06:46:29.225Z,2026-06-25T06:46:49.688Z
C001979,P001,Sunset Ridge,2025-01-11,R12,64,0,20:36,D07,West,2026-06-25T06:46:29.225Z,2026-06-25T06:46:49.688Z
C001992,P002,Maple Court,2025-06-01,R11,50,0,15:50,D01,Midwest,2026-06-25T06:46:29.225Z,2026-06-25T06:46:49.688Z
C001993,P002,Maple Court,2025-05-19,R24,141,0,16:03,D01,West,2026-06-25T06:46:29.225Z,2026-06-25T06:46:49.688Z
C001995,P005,Lakeview Terrace,2025-01-11,R15,52,0,14:37,D03,Southeast,2026-06-25T06:46:29.225Z,2026-06-25T06:46:49.688Z
C001030,P002,Maple Court,2025-06-21,R15,144,0,20:52,D20,Northeast,2026-06-25T06:46:29.225Z,2026-06-25T06:46:49.688Z
C001055,P008,Harbor Pointe,2025-02-18,R19,128,0,19:54,D19,Northeast,2026-06-25T06:46:29.225Z,2026-06-25T06:46:49.688Z
C001121,P006,Cedar Park,2025-02-28,R15,71,1,17:34,D02,Midwest,2026-06-25T06:46:29.225Z,2026-06-25T06:46:49.688Z
C001123,P002,Maple Court,2025-04-24,R23,102,0,15:12,D02,Midwest,2026-06-25T06:46:29.225Z,2026-06-25T06:46:49.688Z
C001135,P004,Birchwood Commons,2025-04-19,R17,44,1,19:40,D01,Midwest,2026-06-25T06:46:29.225Z,2026-06-25T06:46:49.688Z
C001149,P006,Cedar Park,2025-06-06,R23,82,0,15:00,D15,West,2026-06-25T06:46:29.225Z,2026-06-25T06:46:49.688Z
C001163,P008,Harbor Pointe,2025-01-28,R15,58,0,18:53,D08,West,2026-06-25T06:46:29.225Z,2026-06-25T06:46:49.688Z
C001219,P006,Cedar Park,2025-06-25,R16,116,0,14:27,D16,Northeast,2026-06-25T06:46:29.225Z,2026-06-25T06:46:49.688Z
C001221,P002,Maple Court,2025-03-05,R23,73,0,17:42,D14,Midwest,2026-06-25T06:46:29.225Z,2026-06-25T06:46:49.688Z
C001236,P003,Green Oaks,2025-02-12,R14,45,0,14:50,D07,West,2026-06-25T06:46:29.225Z,2026-06-25T06:46:49.688Z
C001237,P002,Maple Court,2025-05-07,R12,96,0,22:24,D18,West,2026-06-25T06:46:29.225Z,2026-06-25T06:46:49.688Z
C001249,P004,Birchwood Commons,2025-04-11,R11,58,0,15:27,D08,West,2026-06-25T06:46:29.225Z,2026-06-25T06:46:49.688Z
C001255,P007,Willow Creek,2025-05-20,R12,40,0,17:01,D08,West,2026-06-25T06:46:29.225Z,2026-06-25T06:46:49.688Z
C001262,P005,Lakeview Terrace,2025-01-29,R12,51,0,19:08,D06,West,2026-06-25T06:46:29.225Z,2026-06-25T06:46:49.688Z
C001271,P002,Maple Court,2025-02-06,R10,112,0,20:09,D06,West,2026-06-25T06:46:29.225Z,2026-06-25T06:46:49.688Z
C001280,P001,Sunset Ridge,2025-05-22,R13,74,0,15:36,D19,Southeast,2026-06-25T06:46:29.225Z,2026-06-25T06:46:49.688Z
C001316,P008,Harbor Pointe,2025-03-31,R16,156,3,20:00,D12,Midwest,2026-06-25T06:46:29.225Z,2026-06-25T06:46:49.688Z
C001398,P003,Green Oaks,2025-06-29,R18,134,0,21:08,D08,Midwest,2026-06-25T06:46:29.225Z,2026-06-25T06:46:49.688Z
C001404,P005,Lakeview Terrace,2025-05-02,R20,52,0,21:23,D09,West,2026-06-25T06:46:29.225Z,2026-06-25T06:46:49.688Z
C001429,P001,Sunset Ridge,2025-02-03,R11,44,0,21:32,D08,Northeast,2026-06-25T06:46:29.225Z,2026-06-25T06:46:49.688Z
C001446,P007,Willow Creek,2025-01-08,R23,94,0,14:51,D04,West,2026-06-25T06:46:29.225Z,2026-06-25T06:46:49.688Z
C001465,P002,Maple Court,2025-04-27,R21,70,0,21:46,D14,Northeast,2026-06-25T06:46:29.225Z,2026-06-25T06:46:49.688Z
C001467,P003,Green Oaks,2025-04-18,R24,108,0,17:49,D14,Midwest,2026-06-25T06:46:29.225Z,2026-06-25T06:46:49.688Z
C001476,P007,Willow Creek,2025-06-22,R15,96,0,16:32,D19,Northeast,2026-06-25T06:46:29.225Z,2026-06-25T06:46:49.688Z
C001537,P001,Sunset Ridge,2025-06-16,R23,86,0,21:49,D12,West,2026-06-25T06:46:29.225Z,2026-06-25T06:46:49.688Z
C001541,P005,Lakeview Terrace,2025-04-12,R14,120,0,14:36,D01,West,2026-06-25T06:46:29.225Z,2026-06-25T06:46:49.688Z
C001559,P006,Cedar Park,2025-03-24,R23,155,1,14:10,D14,West,2026-06-25T06:46:29.225Z,2026-06-25T06:46:49.688Z
C001574,P001,Sunset Ridge,2025-02-05,R13,78,0,20:05,D11,West,2026-06-25T06:46:29.225Z,2026-06-25T06:46:49.688Z
C001578,P007,Willow Creek,2025-02-11,R20,98,0,14:31,D13,West,2026-06-25T06:46:29.225Z,2026-06-25T06:46:49.688Z
C001583,P005,Lakeview Terrace,2025-06-03,R16,83,0,18:49,D01,Northeast,2026-06-25T06:46:29.225Z,2026-06-25T06:46:49.688Z
C001600,P001,Sunset Ridge,2025-04-17,R22,76,3,22:47,D16,Midwest,2026-06-25T06:46:29.225Z,2026-06-25T06:46:49.688Z
C001611,P004,Birchwood Commons,2025-02-14,R15,56,0,18:04,D01,Midwest,2026-06-25T06:46:29.225Z,2026-06-25T06:46:49.688Z
C001651,P004,Birchwood Commons,2025-03-25,R22,67,0,22:28,D09,Southeast,2026-06-25T06:46:29.225Z,2026-06-25T06:46:49.688Z
C001658,P008,Harbor Pointe,2025-03-24,R15,82,0,17:43,D09,Northeast,2026-06-25T06:46:29.225Z,2026-06-25T06:46:49.688Z
C001663,P002,Maple Court,2025-05-12,R19,158,1,21:39,D07,Southeast,2026-06-25T06:46:29.225Z,2026-06-25T06:46:49.688Z
C001673,P002,Maple Court,2025-01-24,R12,136,3,17:07,D16,Northeast,2026-06-25T06:46:29.225Z,2026-06-25T06:46:49.688Z
C001718,P004,Birchwood Commons,2025-01-31,R15,114,3,20:52,D13,Southeast,2026-06-25T06:46:29.225Z,2026-06-25T06:46:49.688Z
C001731,P004,Birchwood Commons,2025-01-07,R13,152,0,17:28,D07,Midwest,2026-06-25T06:46:29.225Z,2026-06-25T06:46:49.688Z
C001770,P001,Sunset Ridge,2025-06-10,R21,138,0,21:08,D08,Southeast,2026-06-25T06:46:29.225Z,2026-06-25T06:46:49.688Z
C001791,P007,Willow Creek,2025-04-29,R15,122,0,18:13,D13,Midwest,2026-06-25T06:46:29.225Z,2026-06-25T06:46:49.688Z
C001819,P001,Sunset Ridge,2025-04-24,R11,62,0,17:16,D05,Midwest,2026-06-25T06:46:29.225Z,2026-06-25T06:46:49.688Z
C001854,P006,Cedar Park,2025-04-03,R11,92,3,19:48,D03,West,2026-06-25T06:46:29.225Z,2026-06-25T06:46:49.688Z
C001856,P002,Maple Court,2025-02-23,R22,156,0,18:14,D08,Southeast,2026-06-25T06:46:29.225Z,2026-06-25T06:46:49.688Z
C001869,P003,Green Oaks,2025-04-28,R24,102,3,21:35,D20,Northeast,2026-06-25T06:46:29.225Z,2026-06-25T06:46:49.688Z
C001884,P002,Maple Court,2025-04-03,R19,72,3,16:21,D12,West,2026-06-25T06:46:29.225Z,2026-06-25T06:46:49.688Z
C001891,P008,Harbor Pointe,2025-05-10,R12,157,1,15:44,D10,Midwest,2026-06-25T06:46:29.225Z,2026-06-25T06:46:49.688Z
C001899,P002,Maple Court,2025-01-22,R17,88,0,19:15,D20,West,2026-06-25T06:46:29.225Z,2026-06-25T06:46:49.688Z
C001900,P008,Harbor Pointe,2025-01-09,R13,118,0,20:06,D01,Midwest,2026-06-25T06:46:29.225Z,2026-06-25T06:46:49.688Z
C001977,P002,Maple Court,2025-06-20,R12,159,1,20:21,D15,Northeast,2026-06-25T06:46:29.225Z,2026-06-25T06:46:49.688Z
C001986,P003,Green Oaks,2025-03-07,R18,68,0,17:56,D08,West,2026-06-25T06:46:29.225Z,2026-06-25T06:46:49.688Z
C001996,P004,Birchwood Commons,2025-06-07,R22,61,0,20:52,D16,Southeast,2026-06-25T06:46:29.225Z,2026-06-25T06:46:49.688Z
C001006,P006,Cedar Park,2025-05-25,R22,88,0,21:53,D20,Midwest,2026-06-25T06:46:29.225Z,2026-06-25T06:46:49.688Z
C001009,P005,Lakeview Terrace,2025-06-21,R20,51,2,16:45,D01,Northeast,2026-06-25T06:46:29.225Z,2026-06-25T06:46:49.688Z
C001023,P008,Harbor Pointe,2025-01-16,R14,116,2,18:53,D13,Northeast,2026-06-25T06:46:29.225Z,2026-06-25T06:46:49.688Z
C001032,P001,Sunset Ridge,2025-01-03,R22,75,0,19:12,D03,Northeast,2026-06-25T06:46:29.225Z,2026-06-25T06:46:49.688Z
C001060,P006,Cedar Park,2025-04-23,R10,43,0,17:12,D10,Midwest,2026-06-25T06:46:29.225Z,2026-06-25T06:46:49.688Z
C001096,P007,Willow Creek,2025-04-17,R17,89,0,16:44,D19,Southeast,2026-06-25T06:46:29.225Z,2026-06-25T06:46:49.688Z
C001113,P004,Birchwood Commons,2025-01-12,R16,78,0,21:06,D18,Midwest,2026-06-25T06:46:29.225Z,2026-06-25T06:46:49.688Z
C001128,P008,Harbor Pointe,2025-02-09,R10,137,1,20:27,D03,Northeast,2026-06-25T06:46:29.225Z,2026-06-25T06:46:49.688Z
C001161,P007,Willow Creek,2025-02-02,R19,134,2,14:19,D02,Midwest,2026-06-25T06:46:29.225Z,2026-06-25T06:46:49.688Z
C001168,P007,Willow Creek,2025-05-21,R20,100,0,19:48,D13,West,2026-06-25T06:46:29.225Z,2026-06-25T06:46:49.688Z
C001187,P004,Birchwood Commons,2025-02-04,R19,85,0,18:08,D20,West,2026-06-25T06:46:29.225Z,2026-06-25T06:46:49.688Z
C001196,P007,Willow Creek,2025-03-23,R12,84,2,22:35,D20,West,2026-06-25T06:46:29.225Z,2026-06-25T06:46:49.688Z
C001206,P003,Green Oaks,2025-01-20,R18,85,0,14:27,D16,West,2026-06-25T06:46:29.225Z,2026-06-25T06:46:49.688Z
C001209,P001,Sunset Ridge,2025-02-25,R24,99,2,21:03,D12,Southeast,2026-06-25T06:46:29.225Z,2026-06-25T06:46:49.688Z
C001214,P008,Harbor Pointe,2025-04-23,R12,57,0,19:47,D14,Southeast,2026-06-25T06:46:29.225Z,2026-06-25T06:46:49.688Z
C001240,P004,Birchwood Commons,2025-02-13,R14,45,0,16:56,D09,Midwest,2026-06-25T06:46:29.225Z,2026-06-25T06:46:49.688Z
C001252,P001,Sunset Ridge,2025-03-10,R22,41,0,15:34,D11,Southeast,2026-06-25T06:46:29.225Z,2026-06-25T06:46:49.688Z
C001264,P007,Willow Creek,2025-06-17,R16,110,2,21:34,D18,West,2026-06-25T06:46:29.225Z,2026-06-25T06:46:49.688Z
C001299,P006,Cedar Park,2025-02-07,R19,44,0,20:03,D12,West,2026-06-25T06:46:29.225Z,2026-06-25T06:46:49.688Z
C001312,P003,Green Oaks,2025-04-20,R18,95,0,20:18,D14,Northeast,2026-06-25T06:46:29.225Z,2026-06-25T06:46:49.688Z
C001323,P003,Green Oaks,2025-01-03,R10,119,0,22:58,D03,West,2026-06-25T06:46:29.225Z,2026-06-25T06:46:49.688Z
C001327,P005,Lakeview Terrace,2025-01-28,R24,63,0,15:04,D16,Northeast,2026-06-25T06:46:29.225Z,2026-06-25T06:46:49.688Z
C001332,P001,Sunset Ridge,2025-06-05,R18,105,0,16:13,D12,Southeast,2026-06-25T06:46:29.225Z,2026-06-25T06:46:49.688Z
C001336,P005,Lakeview Terrace,2025-01-27,R12,141,0,17:46,D16,West,2026-06-25T06:46:29.225Z,2026-06-25T06:46:49.688Z
C001337,P005,Lakeview Terrace,2025-04-25,R23,80,0,15:38,D13,West,2026-06-25T06:46:29.225Z,2026-06-25T06:46:49.688Z
C001366,P007,Willow Creek,2025-02-19,R12,116,0,18:33,D20,West,2026-06-25T06:46:29.225Z,2026-06-25T06:46:49.688Z
C001369,P004,Birchwood Commons,2025-04-11,R21,145,0,18:31,D07,Midwest,2026-06-25T06:46:29.225Z,2026-06-25T06:46:49.688Z
C001379,P007,Willow Creek,2025-05-08,R15,66,0,15:12,D13,Southeast,2026-06-25T06:46:29.225Z,2026-06-25T06:46:49.688Z
C001387,P003,Green Oaks,2025-01-23,R21,65,1,20:37,D03,Northeast,2026-06-25T06:46:29.225Z,2026-06-25T06:46:49.688Z
C001397,P006,Cedar Park,2025-03-16,R23,47,0,15:47,D19,Southeast,2026-06-25T06:46:29.225Z,2026-06-25T06:46:49.688Z
C001417,P005,Lakeview Terrace,2025-05-06,R13,65,0,16:27,D17,Midwest,2026-06-25T06:46:29.225Z,2026-06-25T06:46:49.688Z
C001433,P007,Willow Creek,2025-04-01,R24,47,0,17:14,D03,Southeast,2026-06-25T06:46:29.225Z,2026-06-25T06:46:49.688Z
C001452,P004,Birchwood Commons,2025-04-02,R16,47,0,15:17,D20,Northeast,2026-06-25T06:46:29.225Z,2026-06-25T06:46:49.688Z
C001455,P008,Harbor Pointe,2025-02-17,R19,80,0,14:35,D08,Southeast,2026-06-25T06:46:29.225Z,2026-06-25T06:46:49.688Z
C001484,P008,Harbor Pointe,2025-05-14,R14,157,0,15:45,D04,West,2026-06-25T06:46:29.225Z,2026-06-25T06:46:49.688Z
C001507,P007,Willow Creek,2025-03-11,R20,91,1,16:52,D09,Southeast,2026-06-25T06:46:29.225Z,2026-06-25T06:46:49.688Z
C001509,P004,Birchwood Commons,2025-05-31,R23,117,1,18:50,D11,West,2026-06-25T06:46:29.225Z,2026-06-25T06:46:49.688Z
C001511,P002,Maple Court,2025-04-07,R13,92,0,22:17,D16,Northeast,2026-06-25T06:46:29.225Z,2026-06-25T06:46:49.688Z
C001522,P002,Maple Court,2025-04-13,R16,77,0,18:33,D11,Northeast,2026-06-25T06:46:29.225Z,2026-06-25T06:46:49.688Z
C001527,P008,Harbor Pointe,2025-03-26,R19,60,0,15:22,D18,Midwest,2026-06-25T06:46:29.225Z,2026-06-25T06:46:49.688Z
C001533,P001,Sunset Ridge,2025-01-01,R12,105,0,21:27,D16,Northeast,2026-06-25T06:46:29.225Z,2026-06-25T06:46:49.688Z
C001547,P008,Harbor Pointe,2025-03-10,R10,75,0,17:44,D17,West,2026-06-25T06:46:29.225Z,2026-06-25T06:46:49.688Z
C001551,P008,Harbor Pointe,2025-02-25,R11,152,0,17:19,D07,Midwest,2026-06-25T06:46:29.225Z,2026-06-25T06:46:49.688Z
C001563,P001,Sunset Ridge,2025-06-23,R24,152,0,17:48,D17,Southeast,2026-06-25T06:46:29.225Z,2026-06-25T06:46:49.688Z
C001626,P006,Cedar Park,2025-03-30,R18,87,0,20:55,D16,Midwest,2026-06-25T06:46:29.225Z,2026-06-25T06:46:49.688Z
C001635,P001,Sunset Ridge,2025-04-29,R15,141,0,15:12,D16,Southeast,2026-06-25T06:46:29.225Z,2026-06-25T06:46:49.688Z
C001647,P005,Lakeview Terrace,2025-03-19,R15,133,0,19:53,D11,West,2026-06-25T06:46:29.225Z,2026-06-25T06:46:49.688Z
C001648,P007,Willow Creek,2025-03-20,R22,93,0,14:48,D13,Southeast,2026-06-25T06:46:29.225Z,2026-06-25T06:46:49.688Z
C001659,P001,Sunset Ridge,2025-06-04,R12,55,1,20:27,D13,West,2026-06-25T06:46:29.225Z,2026-06-25T06:46:49.688Z
C001697,P007,Willow Creek,2025-01-17,R20,43,1,22:08,D04,Midwest,2026-06-25T06:46:29.225Z,2026-06-25T06:46:49.688Z
C001699,P002,Maple Court,2025-04-26,R23,104,0,16:25,D17,Midwest,2026-06-25T06:46:29.225Z,2026-06-25T06:46:49.688Z
C001756,P001,Sunset Ridge,2025-02-18,R15,47,1,21:51,D19,Southeast,2026-06-25T06:46:29.225Z,2026-06-25T06:46:49.688Z
C001767,P004,Birchwood Commons,2025-02-09,R19,125,0,18:56,D14,Northeast,2026-06-25T06:46:29.225Z,2026-06-25T06:46:49.688Z
C001783,P002,Maple Court,2025-04-10,R23,68,1,14:36,D18,Southeast,2026-06-25T06:46:29.225Z,2026-06-25T06:46:49.688Z
C001803,P003,Green Oaks,2025-04-23,R17,154,0,14:31,D19,Northeast,2026-06-25T06:46:29.225Z,2026-06-25T06:46:49.688Z
C001836,P008,Harbor Pointe,2025-04-05,R11,42,0,21:23,D14,Midwest,2026-06-25T06:46:29.225Z,2026-06-25T06:46:49.688Z
C001844,P004,Birchwood Commons,2025-06-04,R23,143,2,17:59,D20,Southeast,2026-06-25T06:46:29.225Z,2026-06-25T06:46:49.688Z
C001865,P001,Sunset Ridge,2025-02-22,R16,142,0,15:47,D07,Midwest,2026-06-25T06:46:29.225Z,2026-06-25T06:46:49.688Z
C001874,P008,Harbor Pointe,2025-03-19,R24,159,0,17:07,D01,West,2026-06-25T06:46:29.225Z,2026-06-25T06:46:49.688Z
C001878,P002,Maple Court,2025-05-28,R22,152,2,18:45,D10,West,2026-06-25T06:46:29.225Z,2026-06-25T06:46:49.688Z
C001882,P003,Green Oaks,2025-06-18,R15,134,2,19:26,D06,West,2026-06-25T06:46:29.225Z,2026-06-25T06:46:49.688Z
C001897,P002,Maple Court,2025-04-09,R16,128,1,19:43,D16,Southeast,2026-06-25T06:46:29.225Z,2026-06-25T06:46:49.688Z
C001918,P007,Willow Creek,2025-05-25,R23,120,0,19:14,D09,West,2026-06-25T06:46:29.225Z,2026-06-25T06:46:49.688Z
C001924,P008,Harbor Pointe,2025-03-20,R18,102,2,20:48,D19,Midwest,2026-06-25T06:46:29.225Z,2026-06-25T06:46:49.688Z
C001942,P005,Lakeview Terrace,2025-02-14,R11,40,2,17:42,D10,West,2026-06-25T06:46:29.225Z,2026-06-25T06:46:49.688Z
C001946,P007,Willow Creek,2025-05-08,R23,96,0,17:23,D05,Southeast,2026-06-25T06:46:29.225Z,2026-06-25T06:46:49.688Z
C001954,P008,Harbor Pointe,2025-05-15,R12,77,2,16:54,D14,Northeast,2026-06-25T06:46:29.225Z,2026-06-25T06:46:49.688Z
C001976,P008,Harbor Pointe,2025-05-13,R22,102,0,20:48,D17,Southeast,2026-06-25T06:46:29.225Z,2026-06-25T06:46:49.688Z
C001987,P006,Cedar Park,2025-02-09,R16,135,2,20:26,D19,Northeast,2026-06-25T06:46:29.225Z,2026-06-25T06:46:49.688Z
C001008,P007,Willow Creek,2025-06-09,R16,69,0,20:21,D18,Southeast,2026-06-25T06:46:29.225Z,2026-06-25T06:46:49.688Z
C001013,P001,Sunset Ridge,2025-05-31,R15,95,0,16:26,D01,Northeast,2026-06-25T06:46:29.225Z,2026-06-25T06:46:49.688Z
C001033,P008,Harbor Pointe,2025-02-26,R15,44,0,18:31,D20,Midwest,2026-06-25T06:46:29.225Z,2026-06-25T06:46:49.688Z
C001034,P007,Willow Creek,2025-01-02,R11,151,0,18:36,D17,West,2026-06-25T06:46:29.225Z,2026-06-25T06:46:49.688Z
C001043,P006,Cedar Park,2025-01-28,R23,46,0,19:33,D08,Southeast,2026-06-25T06:46:29.225Z,2026-06-25T06:46:49.688Z
C001088,P001,Sunset Ridge,2025-06-22,R23,128,0,21:01,D06,Midwest,2026-06-25T06:46:29.225Z,2026-06-25T06:46:49.688Z
C001109,P003,Green Oaks,2025-01-25,R21,61,1,14:26,D17,Southeast,2026-06-25T06:46:29.225Z,2026-06-25T06:46:49.688Z
C001115,P006,Cedar Park,2025-02-14,R23,125,0,21:04,D11,Southeast,2026-06-25T06:46:29.225Z,2026-06-25T06:46:49.688Z
C001129,P003,Green Oaks,2025-06-02,R14,88,0,21:19,D15,Northeast,2026-06-25T06:46:29.225Z,2026-06-25T06:46:49.688Z
C001130,P008,Harbor Pointe,2025-04-07,R11,82,0,16:45,D16,Midwest,2026-06-25T06:46:29.225Z,2026-06-25T06:46:49.688Z
C001142,P003,Green Oaks,2025-02-15,R13,102,0,16:32,D04,West,2026-06-25T06:46:29.225Z,2026-06-25T06:46:49.688Z
C001159,P007,Willow Creek,2025-04-08,R22,69,0,17:16,D04,Northeast,2026-06-25T06:46:29.225Z,2026-06-25T06:46:49.688Z
C001162,P006,Cedar Park,2025-04-10,R22,86,3,16:33,D20,Midwest,2026-06-25T06:46:29.225Z,2026-06-25T06:46:49.688Z
C001173,P008,Harbor Pointe,2025-01-15,R12,160,0,14:07,D17,Northeast,2026-06-25T06:46:29.225Z,2026-06-25T06:46:49.688Z
C001182,P003,Green Oaks,2025-03-22,R19,66,0,16:05,D18,Northeast,2026-06-25T06:46:29.225Z,2026-06-25T06:46:49.688Z
C001190,P003,Green Oaks,2025-04-06,R16,145,0,16:20,D14,West,2026-06-25T06:46:29.225Z,2026-06-25T06:46:49.688Z
C001191,P004,Birchwood Commons,2025-01-07,R11,74,3,15:34,D04,West,2026-06-25T06:46:29.225Z,2026-06-25T06:46:49.688Z
C001192,P002,Maple Court,2025-01-17,R15,156,0,19:49,D09,Midwest,2026-06-25T06:46:29.225Z,2026-06-25T06:46:49.688Z
C001193,P002,Maple Court,2025-02-27,R16,68,0,20:06,D04,Midwest,2026-06-25T06:46:29.225Z,2026-06-25T06:46:49.688Z
C001223,P003,Green Oaks,2025-06-01,R13,55,0,16:25,D02,Northeast,2026-06-25T06:46:29.225Z,2026-06-25T06:46:49.688Z
C001269,P007,Willow Creek,2025-06-28,R21,43,1,20:23,D02,Southeast,2026-06-25T06:46:29.225Z,2026-06-25T06:46:49.688Z
C001276,P004,Birchwood Commons,2025-04-13,R16,63,0,22:38,D03,West,2026-06-25T06:46:29.225Z,2026-06-25T06:46:49.688Z
C001279,P002,Maple Court,2025-02-11,R13,116,0,14:48,D10,Midwest,2026-06-25T06:46:29.225Z,2026-06-25T06:46:49.688Z
C001281,P008,Harbor Pointe,2025-05-25,R10,46,3,19:05,D10,Southeast,2026-06-25T06:46:29.225Z,2026-06-25T06:46:49.688Z
C001294,P001,Sunset Ridge,2025-03-04,R12,149,0,15:18,D13,Midwest,2026-06-25T06:46:29.225Z,2026-06-25T06:46:49.688Z
C001302,P005,Lakeview Terrace,2025-05-15,R12,146,0,14:05,D14,Northeast,2026-06-25T06:46:29.225Z,2026-06-25T06:46:49.688Z
C001329,P007,Willow Creek,2025-02-23,R24,80,0,21:51,D06,Midwest,2026-06-25T06:46:29.225Z,2026-06-25T06:46:49.688Z
C001334,P006,Cedar Park,2025-02-21,R21,110,3,18:29,D16,West,2026-06-25T06:46:29.225Z,2026-06-25T06:46:49.688Z
C001362,P002,Maple Court,2025-02-12,R12,99,0,15:47,D04,Midwest,2026-06-25T06:46:29.225Z,2026-06-25T06:46:49.688Z
C001363,P003,Green Oaks,2025-01-05,R14,43,2,21:42,D17,West,2026-06-25T06:46:29.225Z,2026-06-25T06:46:49.688Z
C001372,P008,Harbor Pointe,2025-02-12,R12,41,0,21:27,D11,Southeast,2026-06-25T06:46:29.225Z,2026-06-25T06:46:49.688Z
C001384,P002,Maple Court,2025-03-19,R22,77,0,14:29,D02,Midwest,2026-06-25T06:46:29.225Z,2026-06-25T06:46:49.688Z
C001393,P007,Willow Creek,2025-04-30,R17,43,0,22:01,D14,Southeast,2026-06-25T06:46:29.225Z,2026-06-25T06:46:49.688Z
C001400,P002,Maple Court,2025-02-09,R18,52,0,17:13,D04,West,2026-06-25T06:46:29.225Z,2026-06-25T06:46:49.688Z
C001405,P002,Maple Court,2025-04-09,R17,93,0,20:09,D01,Northeast,2026-06-25T06:46:29.225Z,2026-06-25T06:46:49.688Z
C001432,P003,Green Oaks,2025-04-21,R11,96,1,15:57,D20,Northeast,2026-06-25T06:46:29.225Z,2026-06-25T06:46:49.688Z
C001471,P007,Willow Creek,2025-02-02,R10,128,2,16:04,D05,West,2026-06-25T06:46:29.225Z,2026-06-25T06:46:49.688Z
C001480,P004,Birchwood Commons,2025-03-12,R24,61,0,18:58,D09,Southeast,2026-06-25T06:46:29.225Z,2026-06-25T06:46:49.688Z
C001482,P001,Sunset Ridge,2025-01-08,R24,109,0,22:51,D07,Southeast,2026-06-25T06:46:29.225Z,2026-06-25T06:46:49.688Z
C001503,P004,Birchwood Commons,2025-06-17,R15,108,0,17:10,D18,West,2026-06-25T06:46:29.225Z,2026-06-25T06:46:49.688Z
C001506,P005,Lakeview Terrace,2025-05-05,R14,43,0,17:40,D08,Southeast,2026-06-25T06:46:29.225Z,2026-06-25T06:46:49.688Z
C001523,P003,Green Oaks,2025-05-25,R14,106,0,17:51,D20,Northeast,2026-06-25T06:46:29.225Z,2026-06-25T06:46:49.688Z
C001536,P008,Harbor Pointe,2025-04-22,R21,140,0,18:43,D04,West,2026-06-25T06:46:29.225Z,2026-06-25T06:46:49.688Z
C001579,P005,Lakeview Terrace,2025-01-14,R21,121,0,15:38,D15,Northeast,2026-06-25T06:46:29.225Z,2026-06-25T06:46:49.688Z
C001580,P006,Cedar Park,2025-05-02,R11,140,1,16:27,D18,West,2026-06-25T06:46:29.225Z,2026-06-25T06:46:49.688Z
C001589,P005,Lakeview Terrace,2025-02-17,R21,123,3,15:53,D14,Southeast,2026-06-25T06:46:29.225Z,2026-06-25T06:46:49.688Z
C001607,P007,Willow Creek,2025-05-29,R16,64,0,14:39,D08,Midwest,2026-06-25T06:46:29.225Z,2026-06-25T06:46:49.688Z
C001613,P006,Cedar Park,2025-05-09,R23,157,0,16:15,D15,Southeast,2026-06-25T06:46:29.225Z,2026-06-25T06:46:49.688Z
C001617,P008,Harbor Pointe,2025-04-13,R16,140,1,15:06,D05,Northeast,2026-06-25T06:46:29.225Z,2026-06-25T06:46:49.688Z
C001632,P003,Green Oaks,2025-03-04,R21,159,0,17:14,D15,Midwest,2026-06-25T06:46:29.225Z,2026-06-25T06:46:49.688Z
C001669,P002,Maple Court,2025-02-02,R15,151,0,19:59,D08,Midwest,2026-06-25T06:46:29.225Z,2026-06-25T06:46:49.688Z
C001696,P002,Maple Court,2025-05-21,R20,149,0,19:48,D17,Northeast,2026-06-25T06:46:29.225Z,2026-06-25T06:46:49.688Z
C001700,P004,Birchwood Commons,2025-02-06,R22,42,1,17:46,D12,Midwest,2026-06-25T06:46:29.225Z,2026-06-25T06:46:49.688Z
C001719,P008,Harbor Pointe,2025-03-30,R23,98,0,22:02,D13,West,2026-06-25T06:46:29.225Z,2026-06-25T06:46:49.688Z
C001725,P003,Green Oaks,2025-03-22,R22,88,0,17:16,D16,Northeast,2026-06-25T06:46:29.225Z,2026-06-25T06:46:49.688Z
C001741,P005,Lakeview Terrace,2025-03-21,R15,69,0,22:26,D05,Northeast,2026-06-25T06:46:29.225Z,2026-06-25T06:46:49.688Z
C001749,P001,Sunset Ridge,2025-01-25,R10,81,0,20:19,D01,Northeast,2026-06-25T06:46:29.225Z,2026-06-25T06:46:49.688Z
C001795,P004,Birchwood Commons,2025-06-14,R12,92,0,19:29,D08,Midwest,2026-06-25T06:46:29.225Z,2026-06-25T06:46:49.688Z
C001800,P007,Willow Creek,2025-04-17,R12,111,0,22:40,D16,Northeast,2026-06-25T06:46:29.225Z,2026-06-25T06:46:49.688Z
C001804,P006,Cedar Park,2025-03-28,R11,62,3,16:39,D10,West,2026-06-25T06:46:29.225Z,2026-06-25T06:46:49.688Z
C001807,P001,Sunset Ridge,2025-02-19,R17,80,0,16:03,D08,Northeast,2026-06-25T06:46:29.225Z,2026-06-25T06:46:49.688Z
C001817,P004,Birchwood Commons,2025-01-01,R13,46,0,15:24,D11,Midwest,2026-06-25T06:46:29.225Z,2026-06-25T06:46:49.688Z
C001825,P002,Maple Court,2025-06-28,R19,73,0,19:28,D12,West,2026-06-25T06:46:29.225Z,2026-06-25T06:46:49.688Z
C001845,P004,Birchwood Commons,2025-03-17,R18,142,1,22:18,D08,West,2026-06-25T06:46:29.225Z,2026-06-25T06:46:49.688Z
C001847,P007,Willow Creek,2025-01-08,R11,87,0,21:49,D05,West,2026-06-25T06:46:29.225Z,2026-06-25T06:46:49.688Z
C001862,P001,Sunset Ridge,2025-02-24,R24,120,0,18:17,D18,Northeast,2026-06-25T06:46:29.225Z,2026-06-25T06:46:49.688Z
C001886,P003,Green Oaks,2025-05-19,R23,142,0,16:52,D07,West,2026-06-25T06:46:29.225Z,2026-06-25T06:46:49.688Z
C001898,P008,Harbor Pointe,2025-04-08,R22,155,0,15:30,D09,Southeast,2026-06-25T06:46:29.225Z,2026-06-25T06:46:49.688Z
C001902,P007,Willow Creek,2025-04-29,R22,158,0,22:41,D02,Northeast,2026-06-25T06:46:29.225Z,2026-06-25T06:46:49.688Z
C001915,P003,Green Oaks,2025-03-19,R15,157,2,17:55,D16,Midwest,2026-06-25T06:46:29.225Z,2026-06-25T06:46:49.688Z
C001929,P006,Cedar Park,2025-06-25,R13,142,0,21:37,D17,Midwest,2026-06-25T06:46:29.225Z,2026-06-25T06:46:49.688Z
C001952,P004,Birchwood Commons,2025-02-10,R23,44,0,20:23,D02,Midwest,2026-06-25T06:46:29.225Z,2026-06-25T06:46:49.688Z
C001980,P005,Lakeview Terrace,2025-02-08,R24,66,0,14:04,D06,Southeast,2026-06-25T06:46:29.225Z,2026-06-25T06:46:49.688Z
C001011,P001,Sunset Ridge,2025-05-02,R11,124,0,22:11,D01,Northeast,2026-06-25T06:46:29.225Z,2026-06-25T06:46:49.688Z
C001020,P003,Green Oaks,2025-03-05,R14,112,1,20:28,D03,Midwest,2026-06-25T06:46:29.225Z,2026-06-25T06:46:49.688Z
C001031,P001,Sunset Ridge,2025-04-10,R11,99,0,19:59,D07,West,2026-06-25T06:46:29.225Z,2026-06-25T06:46:49.688Z
C001049,P002,Maple Court,2025-05-31,R10,116,0,15:37,D07,Midwest,2026-06-25T06:46:29.225Z,2026-06-25T06:46:49.688Z
C001066,P004,Birchwood Commons,2025-03-23,R24,45,0,17:54,D18,Northeast,2026-06-25T06:46:29.225Z,2026-06-25T06:46:49.688Z
C001134,P008,Harbor Pointe,2025-03-31,R20,128,0,19:44,D02,West,2026-06-25T06:46:29.225Z,2026-06-25T06:46:49.688Z
C001139,P002,Maple Court,2025-04-16,R11,121,1,19:52,D05,Northeast,2026-06-25T06:46:29.225Z,2026-06-25T06:46:49.688Z
C001146,P001,Sunset Ridge,2025-01-03,R20,114,0,14:06,D07,Southeast,2026-06-25T06:46:29.225Z,2026-06-25T06:46:49.688Z
C001172,P002,Maple Court,2025-04-03,R20,140,1,16:24,D14,Midwest,2026-06-25T06:46:29.225Z,2026-06-25T06:46:49.688Z
C001200,P004,Birchwood Commons,2025-04-20,R14,121,0,15:19,D14,Northeast,2026-06-25T06:46:29.225Z,2026-06-25T06:46:49.688Z
C001202,P008,Harbor Pointe,2025-01-22,R22,151,1,14:27,D17,Midwest,2026-06-25T06:46:29.225Z,2026-06-25T06:46:49.688Z
C001218,P002,Maple Court,2025-02-03,R22,42,0,16:09,D12,Southeast,2026-06-25T06:46:29.225Z,2026-06-25T06:46:49.688Z
C001234,P005,Lakeview Terrace,2025-04-18,R24,152,0,22:22,D12,West,2026-06-25T06:46:29.225Z,2026-06-25T06:46:49.688Z
C001244,P001,Sunset Ridge,2025-03-13,R18,124,0,15:46,D13,Northeast,2026-06-25T06:46:29.225Z,2026-06-25T06:46:49.688Z
C001278,P002,Maple Court,2025-02-19,R11,86,0,19:01,D08,Northeast,2026-06-25T06:46:29.225Z,2026-06-25T06:46:49.688Z
C001297,P006,Cedar Park,2025-04-21,R11,80,0,19:38,D16,Midwest,2026-06-25T06:46:29.225Z,2026-06-25T06:46:49.688Z
C001307,P003,Green Oaks,2025-04-26,R20,97,2,15:02,D07,Midwest,2026-06-25T06:46:29.225Z,2026-06-25T06:46:49.688Z
C001325,P004,Birchwood Commons,2025-03-18,R21,139,0,20:49,D09,Southeast,2026-06-25T06:46:29.225Z,2026-06-25T06:46:49.688Z
C001326,P003,Green Oaks,2025-03-12,R20,42,0,15:07,D15,Southeast,2026-06-25T06:46:29.225Z,2026-06-25T06:46:49.688Z
C001339,P007,Willow Creek,2025-05-11,R14,117,0,22:22,D13,Southeast,2026-06-25T06:46:29.225Z,2026-06-25T06:46:49.688Z
C001343,P004,Birchwood Commons,2025-04-09,R18,67,0,15:35,D09,Southeast,2026-06-25T06:46:29.225Z,2026-06-25T06:46:49.688Z
C001368,P004,Birchwood Commons,2025-01-10,R11,108,0,15:17,D08,West,2026-06-25T06:46:29.225Z,2026-06-25T06:46:49.688Z
C001428,P007,Willow Creek,2025-03-30,R19,134,3,15:56,D18,West,2026-06-25T06:46:29.225Z,2026-06-25T06:46:49.688Z
C001448,P004,Birchwood Commons,2025-04-30,R12,156,1,14:17,D09,Southeast,2026-06-25T06:46:29.225Z,2026-06-25T06:46:49.688Z
C001453,P005,Lakeview Terrace,2025-01-17,R22,140,0,18:16,D16,Midwest,2026-06-25T06:46:29.225Z,2026-06-25T06:46:49.688Z
C001456,P001,Sunset Ridge,2025-03-08,R20,148,3,19:34,D02,Midwest,2026-06-25T06:46:29.225Z,2026-06-25T06:46:49.688Z
C001460,P005,Lakeview Terrace,2025-02-11,R24,59,0,14:06,D20,Midwest,2026-06-25T06:46:29.225Z,2026-06-25T06:46:49.688Z
C001513,P008,Harbor Pointe,2025-05-20,R13,113,1,14:25,D08,West,2026-06-25T06:46:29.225Z,2026-06-25T06:46:49.688Z
C001524,P008,Harbor Pointe,2025-05-13,R17,66,0,19:59,D05,Midwest,2026-06-25T06:46:29.225Z,2026-06-25T06:46:49.688Z
C001557,P005,Lakeview Terrace,2025-05-12,R13,99,1,18:02,D04,Midwest,2026-06-25T06:46:29.225Z,2026-06-25T06:46:49.688Z
C001569,P006,Cedar Park,2025-01-02,R11,100,0,22:43,D13,Midwest,2026-06-25T06:46:29.225Z,2026-06-25T06:46:49.688Z
C001592,P007,Willow Creek,2025-05-09,R24,63,0,18:17,D01,West,2026-06-25T06:46:29.225Z,2026-06-25T06:46:49.688Z
C001606,P006,Cedar Park,2025-03-15,R22,99,0,16:43,D04,West,2026-06-25T06:46:29.225Z,2026-06-25T06:46:49.688Z
C001629,P001,Sunset Ridge,2025-05-08,R23,135,0,22:57,D08,Midwest,2026-06-25T06:46:29.225Z,2026-06-25T06:46:49.688Z
C001630,P007,Willow Creek,2025-04-04,R20,52,0,19:32,D03,Northeast,2026-06-25T06:46:29.225Z,2026-06-25T06:46:49.688Z
C001638,P008,Harbor Pointe,2025-05-31,R10,72,1,20:38,D09,West,2026-06-25T06:46:29.225Z,2026-06-25T06:46:49.688Z
C001668,P003,Green Oaks,2025-05-28,R13,79,0,16:06,D01,Southeast,2026-06-25T06:46:29.225Z,2026-06-25T06:46:49.688Z
C001716,P007,Willow Creek,2025-05-30,R20,74,0,15:49,D16,West,2026-06-25T06:46:29.225Z,2026-06-25T06:46:49.688Z
C001734,P006,Cedar Park,2025-03-08,R22,142,1,18:27,D12,Northeast,2026-06-25T06:46:29.225Z,2026-06-25T06:46:49.688Z
C001737,P004,Birchwood Commons,2025-03-31,R17,74,1,14:29,D20,West,2026-06-25T06:46:29.225Z,2026-06-25T06:46:49.688Z
C001773,P005,Lakeview Terrace,2025-03-14,R11,137,2,15:25,D07,Southeast,2026-06-25T06:46:29.225Z,2026-06-25T06:46:49.688Z
C001775,P007,Willow Creek,2025-01-29,R12,50,0,15:15,D14,Northeast,2026-06-25T06:46:29.225Z,2026-06-25T06:46:49.688Z
C001798,P006,Cedar Park,2025-03-20,R19,156,1,19:37,D15,West,2026-06-25T06:46:29.225Z,2026-06-25T06:46:49.688Z
C001799,P005,Lakeview Terrace,2025-03-28,R14,52,1,22:10,D05,Midwest,2026-06-25T06:46:29.225Z,2026-06-25T06:46:49.688Z
C001806,P008,Harbor Pointe,2025-06-04,R10,119,3,20:10,D12,Northeast,2026-06-25T06:46:29.225Z,2026-06-25T06:46:49.688Z
C001809,P003,Green Oaks,2025-03-27,R23,158,0,14:47,D19,Southeast,2026-06-25T06:46:29.225Z,2026-06-25T06:46:49.688Z
C001880,P007,Willow Creek,2025-06-16,R18,129,0,21:50,D08,Southeast,2026-06-25T06:46:29.225Z,2026-06-25T06:46:49.688Z
C001881,P006,Cedar Park,2025-03-15,R17,145,0,21:34,D06,Northeast,2026-06-25T06:46:29.225Z,2026-06-25T06:46:49.688Z
C001935,P006,Cedar Park,2025-05-02,R11,57,0,16:07,D12,Southeast,2026-06-25T06:46:29.225Z,2026-06-25T06:46:49.688Z
C001941,P004,Birchwood Commons,2025-05-05,R23,92,0,17:15,D15,Midwest,2026-06-25T06:46:29.225Z,2026-06-25T06:46:49.688Z
C001958,P008,Harbor Pointe,2025-02-15,R18,137,0,19:46,D06,Midwest,2026-06-25T06:46:29.225Z,2026-06-25T06:46:49.688Z
C001966,P007,Willow Creek,2025-03-18,R16,88,0,18:23,D01,Northeast,2026-06-25T06:46:29.225Z,2026-06-25T06:46:49.688Z
C001998,P003,Green Oaks,2025-06-05,R20,139,2,22:06,D16,Midwest,2026-06-25T06:46:29.225Z,2026-06-25T06:46:49.688Z
C001025,P002,Maple Court,2025-01-23,R23,57,0,22:17,D14,Midwest,2026-06-25T06:46:29.225Z,2026-06-25T06:46:49.688Z
C001037,P008,Harbor Pointe,2025-06-24,R10,160,0,20:41,D02,Northeast,2026-06-25T06:46:29.225Z,2026-06-25T06:46:49.688Z
C001040,P006,Cedar Park,2025-01-02,R11,152,0,14:47,D08,West,2026-06-25T06:46:29.225Z,2026-06-25T06:46:49.688Z
C001047,P007,Willow Creek,2025-04-08,R13,150,0,14:29,D13,West,2026-06-25T06:46:29.225Z,2026-06-25T06:46:49.688Z
C001051,P005,Lakeview Terrace,2025-01-12,R19,95,0,22:41,D12,Northeast,2026-06-25T06:46:29.225Z,2026-06-25T06:46:49.688Z
C001067,P001,Sunset Ridge,2025-02-08,R20,141,0,18:55,D05,West,2026-06-25T06:46:29.225Z,2026-06-25T06:46:49.688Z
C001086,P007,Willow Creek,2025-04-08,R11,108,0,20:12,D16,Southeast,2026-06-25T06:46:29.225Z,2026-06-25T06:46:49.688Z
C001091,P008,Harbor Pointe,2025-02-03,R21,48,0,20:57,D07,Midwest,2026-06-25T06:46:29.225Z,2026-06-25T06:46:49.688Z
C001126,P005,Lakeview Terrace,2025-06-05,R19,97,0,17:17,D16,Southeast,2026-06-25T06:46:29.225Z,2026-06-25T06:46:49.688Z
C001164,P005,Lakeview Terrace,2025-06-24,R12,135,0,14:38,D11,Northeast,2026-06-25T06:46:29.225Z,2026-06-25T06:46:49.688Z
C001175,P005,Lakeview Terrace,2025-03-03,R21,116,0,16:41,D13,Southeast,2026-06-25T06:46:29.225Z,2026-06-25T06:46:49.688Z
C001194,P005,Lakeview Terrace,2025-05-15,R19,145,1,21:06,D17,Northeast,2026-06-25T06:46:29.225Z,2026-06-25T06:46:49.688Z
C001197,P005,Lakeview Terrace,2025-05-03,R10,127,0,22:45,D05,Midwest,2026-06-25T06:46:29.225Z,2026-06-25T06:46:49.688Z
C001204,P006,Cedar Park,2025-06-29,R13,134,0,22:43,D20,Southeast,2026-06-25T06:46:29.225Z,2026-06-25T06:46:49.688Z
C001213,P007,Willow Creek,2025-04-06,R24,63,0,22:51,D09,Southeast,2026-06-25T06:46:29.225Z,2026-06-25T06:46:49.688Z
C001239,P005,Lakeview Terrace,2025-05-12,R14,149,0,17:18,D09,Southeast,2026-06-25T06:46:29.225Z,2026-06-25T06:46:49.688Z
C001266,P006,Cedar Park,2025-06-29,R10,66,0,14:23,D18,West,2026-06-25T06:46:29.225Z,2026-06-25T06:46:49.688Z
C001272,P005,Lakeview Terrace,2025-02-05,R17,92,1,19:28,D01,Northeast,2026-06-25T06:46:29.225Z,2026-06-25T06:46:49.688Z
C001318,P001,Sunset Ridge,2025-04-17,R12,141,0,19:53,D17,Northeast,2026-06-25T06:46:29.225Z,2026-06-25T06:46:49.688Z
C001341,P006,Cedar Park,2025-02-25,R12,139,0,19:07,D01,Northeast,2026-06-25T06:46:29.225Z,2026-06-25T06:46:49.688Z
C001352,P004,Birchwood Commons,2025-06-26,R12,51,1,17:46,D12,Southeast,2026-06-25T06:46:29.225Z,2026-06-25T06:46:49.688Z
C001375,P003,Green Oaks,2025-02-28,R22,58,0,15:06,D10,Northeast,2026-06-25T06:46:29.225Z,2026-06-25T06:46:49.688Z
C001380,P008,Harbor Pointe,2025-03-12,R24,107,2,16:16,D12,Northeast,2026-06-25T06:46:29.225Z,2026-06-25T06:46:49.688Z
C001381,P005,Lakeview Terrace,2025-04-11,R14,64,0,14:37,D17,Northeast,2026-06-25T06:46:29.225Z,2026-06-25T06:46:49.688Z
C001395,P007,Willow Creek,2025-01-14,R12,91,1,14:29,D17,West,2026-06-25T06:46:29.225Z,2026-06-25T06:46:49.688Z
C001407,P006,Cedar Park,2025-01-11,R12,99,2,21:17,D01,Midwest,2026-06-25T06:46:29.225Z,2026-06-25T06:46:49.688Z
C001409,P006,Cedar Park,2025-02-14,R20,132,0,19:29,D05,Northeast,2026-06-25T06:46:29.225Z,2026-06-25T06:46:49.688Z
C001416,P008,Harbor Pointe,2025-02-14,R16,57,0,22:12,D07,Northeast,2026-06-25T06:46:29.225Z,2026-06-25T06:46:49.688Z
C001435,P003,Green Oaks,2025-01-15,R14,45,0,19:22,D20,Midwest,2026-06-25T06:46:29.225Z,2026-06-25T06:46:49.688Z
C001454,P003,Green Oaks,2025-02-28,R23,119,0,14:14,D04,Southeast,2026-06-25T06:46:29.225Z,2026-06-25T06:46:49.688Z
C001474,P007,Willow Creek,2025-04-01,R20,97,2,20:18,D16,Midwest,2026-06-25T06:46:29.225Z,2026-06-25T06:46:49.688Z
C001498,P007,Willow Creek,2025-05-10,R10,111,0,19:16,D11,West,2026-06-25T06:46:29.225Z,2026-06-25T06:46:49.688Z
C001500,P001,Sunset Ridge,2025-03-28,R14,97,0,20:14,D19,Midwest,2026-06-25T06:46:29.225Z,2026-06-25T06:46:49.688Z
C001501,P002,Maple Court,2025-05-18,R19,118,0,19:08,D20,Southeast,2026-06-25T06:46:29.225Z,2026-06-25T06:46:49.688Z
C001502,P002,Maple Court,2025-01-06,R22,130,1,19:58,D12,Southeast,2026-06-25T06:46:29.225Z,2026-06-25T06:46:49.688Z
C001518,P008,Harbor Pointe,2025-06-26,R18,103,0,19:41,D08,Northeast,2026-06-25T06:46:29.225Z,2026-06-25T06:46:49.688Z
C001521,P007,Willow Creek,2025-01-30,R17,61,0,22:31,D05,West,2026-06-25T06:46:29.225Z,2026-06-25T06:46:49.688Z
C001548,P001,Sunset Ridge,2025-02-14,R14,75,0,22:22,D04,Northeast,2026-06-25T06:46:29.225Z,2026-06-25T06:46:49.688Z
C001561,P001,Sunset Ridge,2025-05-20,R17,143,0,21:37,D19,West,2026-06-25T06:46:29.225Z,2026-06-25T06:46:49.688Z
C001562,P004,Birchwood Commons,2025-04-13,R14,132,0,19:38,D11,West,2026-06-25T06:46:29.225Z,2026-06-25T06:46:49.688Z
C001598,P006,Cedar Park,2025-06-11,R11,66,0,22:23,D10,Northeast,2026-06-25T06:46:29.225Z,2026-06-25T06:46:49.688Z
C001602,P005,Lakeview Terrace,2025-02-24,R12,150,3,16:49,D13,West,2026-06-25T06:46:29.225Z,2026-06-25T06:46:49.688Z
C001631,P002,Maple Court,2025-05-22,R22,47,3,21:36,D17,Midwest,2026-06-25T06:46:29.225Z,2026-06-25T06:46:49.688Z
C001656,P005,Lakeview Terrace,2025-03-04,R18,107,0,18:44,D01,Midwest,2026-06-25T06:46:29.225Z,2026-06-25T06:46:49.688Z
C001671,P008,Harbor Pointe,2025-02-05,R11,146,2,20:01,D15,Midwest,2026-06-25T06:46:29.225Z,2026-06-25T06:46:49.688Z
C001689,P002,Maple Court,2025-04-14,R13,68,0,18:11,D10,Northeast,2026-06-25T06:46:29.225Z,2026-06-25T06:46:49.688Z
C001695,P006,Cedar Park,2025-06-17,R15,154,1,16:16,D11,West,2026-06-25T06:46:29.225Z,2026-06-25T06:46:49.688Z
C001714,P005,Lakeview Terrace,2025-01-15,R23,132,0,18:57,D09,Northeast,2026-06-25T06:46:29.225Z,2026-06-25T06:46:49.688Z
C001720,P004,Birchwood Commons,2025-06-21,R19,63,2,14:40,D11,Southeast,2026-06-25T06:46:29.225Z,2026-06-25T06:46:49.688Z
C001758,P008,Harbor Pointe,2025-03-14,R22,65,0,18:40,D14,West,2026-06-25T06:46:29.225Z,2026-06-25T06:46:49.688Z
C001780,P005,Lakeview Terrace,2025-03-04,R18,60,0,16:35,D11,Southeast,2026-06-25T06:46:29.225Z,2026-06-25T06:46:49.688Z
C001823,P002,Maple Court,2025-02-11,R17,84,0,14:39,D14,Southeast,2026-06-25T06:46:29.225Z,2026-06-25T06:46:49.688Z
C001829,P003,Green Oaks,2025-03-23,R16,86,0,14:27,D06,Midwest,2026-06-25T06:46:29.225Z,2026-06-25T06:46:49.688Z
C001864,P005,Lakeview Terrace,2025-03-08,R17,43,0,21:38,D17,West,2026-06-25T06:46:29.225Z,2026-06-25T06:46:49.688Z
C001887,P002,Maple Court,2025-01-21,R18,109,1,14:33,D04,Southeast,2026-06-25T06:46:29.225Z,2026-06-25T06:46:49.688Z
C001903,P008,Harbor Pointe,2025-05-30,R12,155,0,21:18,D06,Southeast,2026-06-25T06:46:29.225Z,2026-06-25T06:46:49.688Z
C001910,P004,Birchwood Commons,2025-04-13,R24,158,0,16:07,D01,Midwest,2026-06-25T06:46:29.225Z,2026-06-25T06:46:49.688Z
C001940,P007,Willow Creek,2025-02-13,R13,109,1,14:10,D03,Northeast,2026-06-25T06:46:29.225Z,2026-06-25T06:46:49.688Z
C001949,P004,Birchwood Commons,2025-01-07,R20,129,0,15:28,D01,West,2026-06-25T06:46:29.225Z,2026-06-25T06:46:49.688Z
C001953,P003,Green Oaks,2025-01-24,R11,118,1,22:03,D09,Southeast,2026-06-25T06:46:29.225Z,2026-06-25T06:46:49.688Z
C001981,P002,Maple Court,2025-03-09,R13,99,1,16:59,D16,Southeast,2026-06-25T06:46:29.225Z,2026-06-25T06:46:49.688Z
C001990,P008,Harbor Pointe,2025-01-31,R24,102,0,20:37,D07,West,2026-06-25T06:46:29.225Z,2026-06-25T06:46:49.688Z
C001090,P001,Sunset Ridge,2025-04-27,R12,81,0,20:25,D06,Southeast,2026-06-25T06:46:29.225Z,2026-06-25T06:46:49.688Z
C001100,P001,Sunset Ridge,2025-03-06,R17,43,0,15:40,D15,West,2026-06-25T06:46:29.225Z,2026-06-25T06:46:49.688Z
C001112,P004,Birchwood Commons,2025-04-10,R11,124,0,18:41,D20,Northeast,2026-06-25T06:46:29.225Z,2026-06-25T06:46:49.688Z
C001124,P003,Green Oaks,2025-02-22,R19,110,0,17:15,D17,Southeast,2026-06-25T06:46:29.225Z,2026-06-25T06:46:49.688Z
C001131,P001,Sunset Ridge,2025-02-09,R10,150,2,22:46,D12,West,2026-06-25T06:46:29.225Z,2026-06-25T06:46:49.688Z
C001179,P002,Maple Court,2025-03-18,R15,48,0,22:11,D13,Southeast,2026-06-25T06:46:29.225Z,2026-06-25T06:46:49.688Z
C001201,P002,Maple Court,2025-01-24,R21,70,0,15:10,D19,Southeast,2026-06-25T06:46:29.225Z,2026-06-25T06:46:49.688Z
C001274,P008,Harbor Pointe,2025-04-12,R18,131,1,18:58,D19,Northeast,2026-06-25T06:46:29.225Z,2026-06-25T06:46:49.688Z
C001282,P007,Willow Creek,2025-04-02,R18,64,1,19:48,D13,Northeast,2026-06-25T06:46:29.225Z,2026-06-25T06:46:49.688Z
C001309,P001,Sunset Ridge,2025-06-23,R15,144,0,19:01,D10,Northeast,2026-06-25T06:46:29.225Z,2026-06-25T06:46:49.688Z
C001338,P006,Cedar Park,2025-02-21,R24,120,0,15:28,D06,Southeast,2026-06-25T06:46:29.225Z,2026-06-25T06:46:49.688Z
C001344,P007,Willow Creek,2025-05-27,R20,136,2,20:20,D11,Midwest,2026-06-25T06:46:29.225Z,2026-06-25T06:46:49.688Z
C001430,P004,Birchwood Commons,2025-04-21,R10,159,0,14:01,D07,West,2026-06-25T06:46:29.225Z,2026-06-25T06:46:49.688Z
C001459,P006,Cedar Park,2025-01-07,R15,92,0,19:30,D10,Southeast,2026-06-25T06:46:29.225Z,2026-06-25T06:46:49.688Z
C001475,P002,Maple Court,2025-02-16,R12,154,1,14:37,D19,Northeast,2026-06-25T06:46:29.225Z,2026-06-25T06:46:49.688Z
C001491,P004,Birchwood Commons,2025-05-13,R10,95,2,15:31,D18,Midwest,2026-06-25T06:46:29.225Z,2026-06-25T06:46:49.688Z
C001505,P001,Sunset Ridge,2025-01-04,R22,160,0,22:06,D17,West,2026-06-25T06:46:29.225Z,2026-06-25T06:46:49.688Z
C001553,P005,Lakeview Terrace,2025-02-27,R24,65,1,16:18,D09,West,2026-06-25T06:46:29.225Z,2026-06-25T06:46:49.688Z
C001570,P008,Harbor Pointe,2025-05-01,R21,71,0,15:24,D05,Northeast,2026-06-25T06:46:29.225Z,2026-06-25T06:46:49.688Z
C001575,P003,Green Oaks,2025-06-17,R14,79,0,20:43,D16,Southeast,2026-06-25T06:46:29.225Z,2026-06-25T06:46:49.688Z
C001577,P006,Cedar Park,2025-04-30,R20,133,1,15:41,D13,Southeast,2026-06-25T06:46:29.225Z,2026-06-25T06:46:49.688Z
C001605,P005,Lakeview Terrace,2025-05-07,R23,158,1,21:10,D06,West,2026-06-25T06:46:29.225Z,2026-06-25T06:46:49.688Z
C001625,P006,Cedar Park,2025-05-30,R21,105,0,22:25,D16,Midwest,2026-06-25T06:46:29.225Z,2026-06-25T06:46:49.688Z
C001662,P002,Maple Court,2025-06-12,R19,51,0,22:49,D04,Midwest,2026-06-25T06:46:29.225Z,2026-06-25T06:46:49.688Z
C001675,P008,Harbor Pointe,2025-05-11,R10,40,0,20:51,D14,West,2026-06-25T06:46:29.225Z,2026-06-25T06:46:49.688Z
C001682,P005,Lakeview Terrace,2025-04-14,R19,81,0,14:50,D01,Northeast,2026-06-25T06:46:29.225Z,2026-06-25T06:46:49.688Z
C001693,P008,Harbor Pointe,2025-01-03,R23,84,0,17:40,D19,West,2026-06-25T06:46:29.225Z,2026-06-25T06:46:49.688Z
C001707,P006,Cedar Park,2025-06-01,R11,68,0,18:08,D13,Southeast,2026-06-25T06:46:29.225Z,2026-06-25T06:46:49.688Z
C001710,P008,Harbor Pointe,2025-02-01,R12,49,0,19:56,D09,Southeast,2026-06-25T06:46:29.225Z,2026-06-25T06:46:49.688Z
C001744,P008,Harbor Pointe,2025-02-16,R21,55,0,19:05,D04,West,2026-06-25T06:46:29.225Z,2026-06-25T06:46:49.688Z
C001746,P005,Lakeview Terrace,2025-03-29,R15,62,0,20:56,D09,West,2026-06-25T06:46:29.225Z,2026-06-25T06:46:49.688Z
C001815,P008,Harbor Pointe,2025-06-08,R20,151,0,19:50,D04,Southeast,2026-06-25T06:46:29.225Z,2026-06-25T06:46:49.688Z
C001816,P004,Birchwood Commons,2025-01-15,R24,135,1,15:11,D03,Southeast,2026-06-25T06:46:29.225Z,2026-06-25T06:46:49.688Z
C001818,P008,Harbor Pointe,2025-05-02,R19,130,1,16:30,D10,Southeast,2026-06-25T06:46:29.225Z,2026-06-25T06:46:49.688Z
C001828,P003,Green Oaks,2025-04-29,R21,136,0,20:26,D01,Midwest,2026-06-25T06:46:29.225Z,2026-06-25T06:46:49.688Z
C001835,P003,Green Oaks,2025-06-06,R18,76,0,19:46,D12,Midwest,2026-06-25T06:46:29.225Z,2026-06-25T06:46:49.688Z
C001860,P004,Birchwood Commons,2025-05-21,R19,44,0,17:14,D19,West,2026-06-25T06:46:29.225Z,2026-06-25T06:46:49.688Z
C001925,P008,Harbor Pointe,2025-05-01,R15,108,0,22:39,D03,Northeast,2026-06-25T06:46:29.225Z,2026-06-25T06:46:49.688Z
C001927,P006,Cedar Park,2025-03-03,R14,64,0,19:33,D14,Northeast,2026-06-25T06:46:29.225Z,2026-06-25T06:46:49.688Z
C001955,P005,Lakeview Terrace,2025-02-17,R12,106,0,15:14,D03,Southeast,2026-06-25T06:46:29.225Z,2026-06-25T06:46:49.688Z
C001965,P008,Harbor Pointe,2025-02-12,R12,143,0,14:13,D03,Northeast,2026-06-25T06:46:29.225Z,2026-06-25T06:46:49.688Z
C001021,P003,Green Oaks,2025-02-06,R22,71,0,22:27,D18,West,2026-06-25T06:46:29.225Z,2026-06-25T06:46:49.688Z
C001046,P007,Willow Creek,2025-03-19,R11,53,0,14:35,D02,Northeast,2026-06-25T06:46:29.225Z,2026-06-25T06:46:49.688Z
C001072,P003,Green Oaks,2025-04-19,R24,147,2,19:16,D18,Southeast,2026-06-25T06:46:29.225Z,2026-06-25T06:46:49.688Z
C001082,P002,Maple Court,2025-04-29,R15,148,0,17:27,D14,Midwest,2026-06-25T06:46:29.225Z,2026-06-25T06:46:49.688Z
C001085,P001,Sunset Ridge,2025-03-25,R24,57,0,16:21,D19,West,2026-06-25T06:46:29.225Z,2026-06-25T06:46:49.688Z
C001087,P008,Harbor Pointe,2025-03-26,R20,154,0,18:05,D06,Southeast,2026-06-25T06:46:29.225Z,2026-06-25T06:46:49.688Z
C001110,P004,Birchwood Commons,2025-03-25,R19,66,0,22:25,D14,Southeast,2026-06-25T06:46:29.225Z,2026-06-25T06:46:49.688Z
C001119,P008,Harbor Pointe,2025-03-02,R21,152,2,19:08,D09,Northeast,2026-06-25T06:46:29.225Z,2026-06-25T06:46:49.688Z
C001127,P003,Green Oaks,2025-04-03,R17,96,0,20:32,D20,West,2026-06-25T06:46:29.225Z,2026-06-25T06:46:49.688Z
C001141,P007,Willow Creek,2025-01-25,R18,93,0,18:46,D14,Midwest,2026-06-25T06:46:29.225Z,2026-06-25T06:46:49.688Z
C001144,P002,Maple Court,2025-04-15,R23,121,0,16:05,D10,Southeast,2026-06-25T06:46:29.225Z,2026-06-25T06:46:49.688Z
C001147,P005,Lakeview Terrace,2025-04-07,R24,102,0,21:48,D11,West,2026-06-25T06:46:29.225Z,2026-06-25T06:46:49.688Z
C001157,P005,Lakeview Terrace,2025-03-13,R20,100,0,15:42,D05,West,2026-06-25T06:46:29.225Z,2026-06-25T06:46:49.688Z
C001160,P006,Cedar Park,2025-01-23,R21,115,0,17:47,D04,Northeast,2026-06-25T06:46:29.225Z,2026-06-25T06:46:49.688Z
C001167,P003,Green Oaks,2025-06-29,R23,102,1,20:19,D06,Southeast,2026-06-25T06:46:29.225Z,2026-06-25T06:46:49.688Z
C001171,P005,Lakeview Terrace,2025-04-24,R24,58,0,17:13,D07,Southeast,2026-06-25T06:46:29.225Z,2026-06-25T06:46:49.688Z
C001254,P005,Lakeview Terrace,2025-03-04,R20,109,0,15:01,D02,Southeast,2026-06-25T06:46:29.225Z,2026-06-25T06:46:49.688Z
C001285,P002,Maple Court,2025-06-24,R21,69,0,17:51,D05,Midwest,2026-06-25T06:46:29.225Z,2026-06-25T06:46:49.688Z
C001289,P006,Cedar Park,2025-05-08,R12,159,0,18:10,D03,Northeast,2026-06-25T06:46:29.225Z,2026-06-25T06:46:49.688Z
C001291,P003,Green Oaks,2025-04-24,R11,112,0,21:02,D12,Northeast,2026-06-25T06:46:29.225Z,2026-06-25T06:46:49.688Z
C001330,P003,Green Oaks,2025-03-18,R20,112,0,14:07,D11,Northeast,2026-06-25T06:46:29.225Z,2026-06-25T06:46:49.688Z
C001374,P004,Birchwood Commons,2025-05-30,R17,54,0,14:52,D01,Northeast,2026-06-25T06:46:29.225Z,2026-06-25T06:46:49.688Z
C001391,P008,Harbor Pointe,2025-01-22,R18,63,0,20:50,D14,Southeast,2026-06-25T06:46:29.225Z,2026-06-25T06:46:49.688Z
C001406,P007,Willow Creek,2025-04-28,R10,114,0,18:02,D20,West,2026-06-25T06:46:29.225Z,2026-06-25T06:46:49.688Z
C001426,P004,Birchwood Commons,2025-03-28,R15,153,0,14:08,D07,Northeast,2026-06-25T06:46:29.225Z,2026-06-25T06:46:49.688Z
C001434,P001,Sunset Ridge,2025-02-28,R22,41,0,17:52,D02,Southeast,2026-06-25T06:46:29.225Z,2026-06-25T06:46:49.688Z
C001437,P004,Birchwood Commons,2025-03-06,R17,130,2,19:57,D08,West,2026-06-25T06:46:29.225Z,2026-06-25T06:46:49.688Z
C001447,P008,Harbor Pointe,2025-06-23,R16,113,0,22:16,D06,West,2026-06-25T06:46:29.225Z,2026-06-25T06:46:49.688Z
C001457,P008,Harbor Pointe,2025-03-31,R11,105,0,15:15,D07,Northeast,2026-06-25T06:46:29.225Z,2026-06-25T06:46:49.688Z
C001481,P003,Green Oaks,2025-03-01,R11,66,0,22:53,D17,Midwest,2026-06-25T06:46:29.225Z,2026-06-25T06:46:49.688Z
C001525,P008,Harbor Pointe,2025-05-15,R10,80,1,20:11,D05,West,2026-06-25T06:46:29.225Z,2026-06-25T06:46:49.688Z
C001538,P004,Birchwood Commons,2025-02-24,R16,87,0,16:59,D01,Midwest,2026-06-25T06:46:29.225Z,2026-06-25T06:46:49.688Z
C001543,P003,Green Oaks,2025-04-05,R21,134,0,16:55,D05,Southeast,2026-06-25T06:46:29.225Z,2026-06-25T06:46:49.688Z
C001555,P003,Green Oaks,2025-06-11,R10,146,0,20:09,D18,Midwest,2026-06-25T06:46:29.225Z,2026-06-25T06:46:49.688Z
C001593,P007,Willow Creek,2025-02-23,R20,56,0,18:17,D15,Northeast,2026-06-25T06:46:29.225Z,2026-06-25T06:46:49.688Z
C001595,P007,Willow Creek,2025-06-05,R20,116,1,19:34,D13,West,2026-06-25T06:46:29.225Z,2026-06-25T06:46:49.688Z
C001616,P001,Sunset Ridge,2025-05-04,R14,143,1,20:53,D02,Northeast,2026-06-25T06:46:29.225Z,2026-06-25T06:46:49.688Z
C001618,P002,Maple Court,2025-05-29,R21,61,1,19:26,D11,Midwest,2026-06-25T06:46:29.225Z,2026-06-25T06:46:49.688Z
C001620,P005,Lakeview Terrace,2025-05-06,R15,77,1,21:21,D15,Northeast,2026-06-25T06:46:29.225Z,2026-06-25T06:46:49.688Z
C001633,P005,Lakeview Terrace,2025-01-11,R18,75,3,15:47,D07,Southeast,2026-06-25T06:46:29.225Z,2026-06-25T06:46:49.688Z
C001649,P003,Green Oaks,2025-04-15,R17,138,0,18:01,D07,Midwest,2026-06-25T06:46:29.225Z,2026-06-25T06:46:49.688Z
C001652,P006,Cedar Park,2025-01-20,R21,101,0,21:02,D13,West,2026-06-25T06:46:29.225Z,2026-06-25T06:46:49.688Z
C001655,P003,Green Oaks,2025-04-16,R19,78,1,17:35,D03,West,2026-06-25T06:46:29.225Z,2026-06-25T06:46:49.688Z
C001657,P006,Cedar Park,2025-01-18,R23,86,2,21:47,D07,Midwest,2026-06-25T06:46:29.225Z,2026-06-25T06:46:49.688Z
C001660,P001,Sunset Ridge,2025-01-13,R24,105,1,19:01,D19,West,2026-06-25T06:46:29.225Z,2026-06-25T06:46:49.688Z
C001661,P006,Cedar Park,2025-01-09,R22,108,3,21:18,D19,Northeast,2026-06-25T06:46:29.225Z,2026-06-25T06:46:49.688Z
C001666,P007,Willow Creek,2025-05-28,R10,41,0,17:20,D14,Midwest,2026-06-25T06:46:29.225Z,2026-06-25T06:46:49.688Z
C001667,P006,Cedar Park,2025-03-08,R18,98,2,17:49,D19,Northeast,2026-06-25T06:46:29.225Z,2026-06-25T06:46:49.688Z
C001672,P008,Harbor Pointe,2025-04-08,R16,65,0,17:49,D13,Southeast,2026-06-25T06:46:29.225Z,2026-06-25T06:46:49.688Z
C001676,P005,Lakeview Terrace,2025-01-26,R23,48,0,20:54,D10,Midwest,2026-06-25T06:46:29.225Z,2026-06-25T06:46:49.688Z
C001679,P001,Sunset Ridge,2025-06-27,R10,116,0,17:55,D10,Northeast,2026-06-25T06:46:29.225Z,2026-06-25T06:46:49.688Z
C001680,P003,Green Oaks,2025-06-08,R16,62,0,16:59,D17,Midwest,2026-06-25T06:46:29.225Z,2026-06-25T06:46:49.688Z
C001690,P005,Lakeview Terrace,2025-04-29,R22,155,0,16:20,D14,Northeast,2026-06-25T06:46:29.225Z,2026-06-25T06:46:49.688Z
C001691,P001,Sunset Ridge,2025-06-19,R21,155,0,20:40,D02,Midwest,2026-06-25T06:46:29.225Z,2026-06-25T06:46:49.688Z
C001712,P008,Harbor Pointe,2025-06-27,R22,77,2,17:33,D04,Southeast,2026-06-25T06:46:29.225Z,2026-06-25T06:46:49.688Z
C001743,P007,Willow Creek,2025-06-07,R21,60,0,17:15,D20,Midwest,2026-06-25T06:46:29.225Z,2026-06-25T06:46:49.688Z
C001745,P007,Willow Creek,2025-05-27,R22,92,1,20:44,D16,Midwest,2026-06-25T06:46:29.225Z,2026-06-25T06:46:49.688Z
C001753,P002,Maple Court,2025-03-21,R15,127,2,16:37,D17,Midwest,2026-06-25T06:46:29.225Z,2026-06-25T06:46:49.688Z
C001755,P002,Maple Court,2025-04-25,R15,71,2,19:09,D08,West,2026-06-25T06:46:29.225Z,2026-06-25T06:46:49.688Z
C001779,P004,Birchwood Commons,2025-02-27,R15,124,0,21:01,D15,Southeast,2026-06-25T06:46:29.225Z,2026-06-25T06:46:49.688Z
C001787,P006,Cedar Park,2025-03-07,R21,42,2,20:51,D10,Midwest,2026-06-25T06:46:29.225Z,2026-06-25T06:46:49.688Z
C001789,P008,Harbor Pointe,2025-04-17,R17,89,0,21:23,D11,Northeast,2026-06-25T06:46:29.225Z,2026-06-25T06:46:49.688Z
C001812,P005,Lakeview Terrace,2025-05-22,R14,50,0,21:58,D03,Northeast,2026-06-25T06:46:29.225Z,2026-06-25T06:46:49.688Z
C001820,P002,Maple Court,2025-06-29,R13,63,0,19:48,D08,Midwest,2026-06-25T06:46:29.225Z,2026-06-25T06:46:49.688Z
C001849,P008,Harbor Pointe,2025-03-12,R14,60,0,16:20,D01,Southeast,2026-06-25T06:46:29.225Z,2026-06-25T06:46:49.688Z
C001870,P004,Birchwood Commons,2025-06-20,R11,118,2,15:56,D01,Southeast,2026-06-25T06:46:29.225Z,2026-06-25T06:46:49.688Z
C001871,P001,Sunset Ridge,2025-06-08,R14,159,0,14:19,D15,West,2026-06-25T06:46:29.225Z,2026-06-25T06:46:49.688Z
C001876,P008,Harbor Pointe,2025-03-11,R11,133,0,16:13,D03,West,2026-06-25T06:46:29.225Z,2026-06-25T06:46:49.688Z
C001877,P001,Sunset Ridge,2025-06-23,R17,95,0,21:26,D06,Southeast,2026-06-25T06:46:29.225Z,2026-06-25T06:46:49.688Z
C001883,P006,Cedar Park,2025-04-06,R22,77,0,16:52,D16,West,2026-06-25T06:46:29.225Z,2026-06-25T06:46:49.688Z
C001889,P007,Willow Creek,2025-04-06,R18,124,0,20:14,D19,Northeast,2026-06-25T06:46:29.225Z,2026-06-25T06:46:49.688Z
C001914,P002,Maple Court,2025-05-11,R18,125,1,18:37,D17,Southeast,2026-06-25T06:46:29.225Z,2026-06-25T06:46:49.688Z
C001921,P003,Green Oaks,2025-06-15,R13,116,2,22:18,D16,Southeast,2026-06-25T06:46:29.225Z,2026-06-25T06:46:49.688Z
C001960,P001,Sunset Ridge,2025-05-12,R16,57,1,16:03,D16,Midwest,2026-06-25T06:46:29.225Z,2026-06-25T06:46:49.688Z
C001970,P001,Sunset Ridge,2025-02-03,R13,58,0,15:18,D12,Southeast,2026-06-25T06:46:29.225Z,2026-06-25T06:46:49.688Z
C001989,P007,Willow Creek,2025-04-22,R12,93,0,21:01,D11,Northeast,2026-06-25T06:46:29.225Z,2026-06-25T06:46:49.688Z
C001994,P005,Lakeview Terrace,2025-02-15,R23,86,0,19:42,D19,Southeast,2026-06-25T06:46:29.225Z,2026-06-25T06:46:49.688Z
C001997,P002,Maple Court,2025-03-10,R23,118,0,18:08,D03,West,2026-06-25T06:46:29.225Z,2026-06-25T06:46:49.688Z
C001005,P002,Maple Court,2025-02-01,R23,45,0,20:30,D19,Northeast,2026-06-25T06:46:29.225Z,2026-06-25T06:46:49.688Z
C001017,P002,Maple Court,2025-03-24,R10,65,0,17:48,D20,Midwest,2026-06-25T06:46:29.225Z,2026-06-25T06:46:49.688Z
C001027,P006,Cedar Park,2025-03-11,R15,66,0,21:38,D11,Southeast,2026-06-25T06:46:29.225Z,2026-06-25T06:46:49.688Z
C001073,P005,Lakeview Terrace,2025-02-04,R17,106,1,19:14,D19,Southeast,2026-06-25T06:46:29.225Z,2026-06-25T06:46:49.688Z
C001076,P005,Lakeview Terrace,2025-04-02,R23,104,2,22:34,D03,Northeast,2026-06-25T06:46:29.225Z,2026-06-25T06:46:49.688Z
C001092,P008,Harbor Pointe,2025-02-22,R12,117,0,18:37,D07,West,2026-06-25T06:46:29.225Z,2026-06-25T06:46:49.688Z
C001098,P004,Birchwood Commons,2025-06-20,R24,103,2,20:48,D18,Southeast,2026-06-25T06:46:29.225Z,2026-06-25T06:46:49.688Z
C001101,P004,Birchwood Commons,2025-03-29,R16,44,1,14:16,D04,Midwest,2026-06-25T06:46:29.225Z,2026-06-25T06:46:49.688Z
C001103,P005,Lakeview Terrace,2025-04-23,R23,60,0,16:53,D01,Southeast,2026-06-25T06:46:29.225Z,2026-06-25T06:46:49.688Z
C001108,P001,Sunset Ridge,2025-01-24,R10,83,0,17:43,D03,Midwest,2026-06-25T06:46:29.225Z,2026-06-25T06:46:49.688Z
C001114,P006,Cedar Park,2025-03-06,R20,129,3,20:43,D05,Northeast,2026-06-25T06:46:29.225Z,2026-06-25T06:46:49.688Z
C001118,P008,Harbor Pointe,2025-01-16,R14,65,0,16:24,D07,Southeast,2026-06-25T06:46:29.225Z,2026-06-25T06:46:49.688Z
C001122,P004,Birchwood Commons,2025-06-25,R19,151,0,20:33,D11,Midwest,2026-06-25T06:46:29.225Z,2026-06-25T06:46:49.688Z
C001145,P002,Maple Court,2025-04-07,R15,43,0,17:30,D16,Southeast,2026-06-25T06:46:29.225Z,2026-06-25T06:46:49.688Z
C001158,P006,Cedar Park,2025-01-24,R23,68,1,15:41,D11,West,2026-06-25T06:46:29.225Z,2026-06-25T06:46:49.688Z
C001166,P007,Willow Creek,2025-03-16,R10,143,1,19:09,D07,Midwest,2026-06-25T06:46:29.225Z,2026-06-25T06:46:49.688Z
C001184,P005,Lakeview Terrace,2025-06-18,R10,106,0,18:42,D18,West,2026-06-25T06:46:29.225Z,2026-06-25T06:46:49.688Z
C001188,P005,Lakeview Terrace,2025-01-20,R16,123,0,16:25,D15,Southeast,2026-06-25T06:46:29.225Z,2026-06-25T06:46:49.688Z
C001195,P005,Lakeview Terrace,2025-06-29,R18,74,0,15:57,D02,Midwest,2026-06-25T06:46:29.225Z,2026-06-25T06:46:49.688Z
C001238,P004,Birchwood Commons,2025-04-13,R12,40,0,16:36,D07,Southeast,2026-06-25T06:46:29.225Z,2026-06-25T06:46:49.688Z
C001293,P007,Willow Creek,2025-04-06,R18,97,0,18:56,D02,Southeast,2026-06-25T06:46:29.225Z,2026-06-25T06:46:49.688Z
C001301,P005,Lakeview Terrace,2025-01-22,R16,50,0,18:55,D15,West,2026-06-25T06:46:29.225Z,2026-06-25T06:46:49.688Z
C001310,P002,Maple Court,2025-05-09,R21,103,1,21:26,D14,Northeast,2026-06-25T06:46:29.225Z,2026-06-25T06:46:49.688Z
C001317,P005,Lakeview Terrace,2025-05-10,R14,147,0,20:43,D08,Southeast,2026-06-25T06:46:29.225Z,2026-06-25T06:46:49.688Z
C001355,P003,Green Oaks,2025-01-31,R22,114,0,20:40,D15,Southeast,2026-06-25T06:46:29.225Z,2026-06-25T06:46:49.688Z
C001373,P002,Maple Court,2025-02-15,R12,126,3,14:38,D12,West,2026-06-25T06:46:29.225Z,2026-06-25T06:46:49.688Z
C001389,P005,Lakeview Terrace,2025-03-08,R12,112,2,20:43,D11,Midwest,2026-06-25T06:46:29.225Z,2026-06-25T06:46:49.688Z
C001402,P005,Lakeview Terrace,2025-02-17,R23,118,1,21:54,D20,Southeast,2026-06-25T06:46:29.225Z,2026-06-25T06:46:49.688Z
C001403,P001,Sunset Ridge,2025-04-21,R12,58,0,17:10,D17,Midwest,2026-06-25T06:46:29.225Z,2026-06-25T06:46:49.688Z
C001413,P008,Harbor Pointe,2025-01-25,R24,126,0,21:20,D08,Midwest,2026-06-25T06:46:29.225Z,2026-06-25T06:46:49.688Z
C001418,P002,Maple Court,2025-01-23,R13,44,0,16:57,D01,Northeast,2026-06-25T06:46:29.225Z,2026-06-25T06:46:49.688Z
C001419,P002,Maple Court,2025-04-15,R15,63,0,22:31,D07,Midwest,2026-06-25T06:46:29.225Z,2026-06-25T06:46:49.688Z
C001423,P005,Lakeview Terrace,2025-03-16,R16,130,2,19:04,D06,Northeast,2026-06-25T06:46:29.225Z,2026-06-25T06:46:49.688Z
C001427,P001,Sunset Ridge,2025-06-19,R13,103,2,15:51,D19,Southeast,2026-06-25T06:46:29.225Z,2026-06-25T06:46:49.688Z
C001445,P001,Sunset Ridge,2025-05-19,R24,117,1,19:59,D09,Midwest,2026-06-25T06:46:29.225Z,2026-06-25T06:46:49.688Z
C001461,P006,Cedar Park,2025-03-22,R13,88,0,14:42,D05,West,2026-06-25T06:46:29.225Z,2026-06-25T06:46:49.688Z
C001478,P006,Cedar Park,2025-03-15,R22,62,0,16:02,D07,West,2026-06-25T06:46:29.225Z,2026-06-25T06:46:49.688Z
C001489,P007,Willow Creek,2025-03-04,R23,160,0,17:43,D07,Northeast,2026-06-25T06:46:29.225Z,2026-06-25T06:46:49.688Z
C001496,P006,Cedar Park,2025-02-15,R20,54,0,19:44,D13,Midwest,2026-06-25T06:46:29.225Z,2026-06-25T06:46:49.688Z
C001512,P004,Birchwood Commons,2025-06-29,R16,42,0,21:46,D13,Northeast,2026-06-25T06:46:29.225Z,2026-06-25T06:46:49.688Z
C001556,P005,Lakeview Terrace,2025-06-29,R13,83,0,22:35,D09,Southeast,2026-06-25T06:46:29.225Z,2026-06-25T06:46:49.688Z
C001567,P004,Birchwood Commons,2025-01-01,R24,62,0,18:19,D03,Midwest,2026-06-25T06:46:29.225Z,2026-06-25T06:46:49.688Z
C001586,P007,Willow Creek,2025-02-07,R24,75,0,19:29,D20,Midwest,2026-06-25T06:46:29.225Z,2026-06-25T06:46:49.688Z
C001601,P003,Green Oaks,2025-04-07,R16,117,2,15:06,D13,Midwest,2026-06-25T06:46:29.225Z,2026-06-25T06:46:49.688Z
C001612,P004,Birchwood Commons,2025-05-28,R20,117,0,21:15,D06,West,2026-06-25T06:46:29.225Z,2026-06-25T06:46:49.688Z
C001639,P008,Harbor Pointe,2025-06-11,R18,76,0,18:16,D18,Midwest,2026-06-25T06:46:29.225Z,2026-06-25T06:46:49.688Z
C001640,P005,Lakeview Terrace,2025-03-29,R20,96,0,15:48,D06,West,2026-06-25T06:46:29.225Z,2026-06-25T06:46:49.688Z
C001654,P005,Lakeview Terrace,2025-05-18,R11,100,0,16:56,D03,Northeast,2026-06-25T06:46:29.225Z,2026-06-25T06:46:49.688Z
C001664,P005,Lakeview Terrace,2025-06-25,R17,97,0,16:41,D11,Southeast,2026-06-25T06:46:29.225Z,2026-06-25T06:46:49.688Z
C001732,P001,Sunset Ridge,2025-01-04,R23,118,0,21:53,D15,West,2026-06-25T06:46:29.225Z,2026-06-25T06:46:49.688Z
C001742,P001,Sunset Ridge,2025-01-02,R21,136,3,19:37,D04,Southeast,2026-06-25T06:46:29.225Z,2026-06-25T06:46:49.688Z
C001748,P005,Lakeview Terrace,2025-04-26,R10,152,1,14:35,D02,Northeast,2026-06-25T06:46:29.225Z,2026-06-25T06:46:49.688Z
C001765,P001,Sunset Ridge,2025-02-22,R10,158,0,20:13,D04,Northeast,2026-06-25T06:46:29.225Z,2026-06-25T06:46:49.688Z
C001777,P001,Sunset Ridge,2025-02-23,R19,41,1,16:21,D09,Midwest,2026-06-25T06:46:29.225Z,2026-06-25T06:46:49.688Z
C001846,P001,Sunset Ridge,2025-04-19,R14,73,1,17:09,D10,Southeast,2026-06-25T06:46:29.225Z,2026-06-25T06:46:49.688Z
C001855,P007,Willow Creek,2025-04-13,R20,141,0,20:44,D05,Southeast,2026-06-25T06:46:29.225Z,2026-06-25T06:46:49.688Z
C001858,P003,Green Oaks,2025-02-26,R23,57,1,22:20,D11,West,2026-06-25T06:46:29.225Z,2026-06-25T06:46:49.688Z
C001872,P002,Maple Court,2025-05-26,R10,87,3,17:41,D07,West,2026-06-25T06:46:29.225Z,2026-06-25T06:46:49.688Z
C001885,P003,Green Oaks,2025-04-26,R24,45,1,19:32,D05,Northeast,2026-06-25T06:46:29.225Z,2026-06-25T06:46:49.688Z
C001890,P002,Maple Court,2025-04-15,R13,121,0,21:09,D07,Southeast,2026-06-25T06:46:29.225Z,2026-06-25T06:46:49.688Z
C001906,P006,Cedar Park,2025-03-19,R23,127,0,21:14,D15,Southeast,2026-06-25T06:46:29.225Z,2026-06-25T06:46:49.688Z
C001908,P006,Cedar Park,2025-06-28,R20,109,0,15:26,D16,Southeast,2026-06-25T06:46:29.225Z,2026-06-25T06:46:49.688Z
C001937,P001,Sunset Ridge,2025-06-25,R24,124,0,14:00,D04,Northeast,2026-06-25T06:46:29.225Z,2026-06-25T06:46:49.688Z
C001968,P007,Willow Creek,2025-06-16,R13,58,1,14:57,D08,West,2026-06-25T06:46:29.225Z,2026-06-25T06:46:49.688Z
C001003,P006,Cedar Park,2025-01-31,R14,77,0,21:01,D05,Midwest,2026-06-25T06:46:29.225Z,2026-06-25T06:46:49.688Z
C001018,P007,Willow Creek,2025-05-07,R11,74,0,14:20,D15,West,2026-06-25T06:46:29.225Z,2026-06-25T06:46:49.688Z
C001039,P004,Birchwood Commons,2025-05-13,R10,75,1,20:34,D15,Northeast,2026-06-25T06:46:29.225Z,2026-06-25T06:46:49.688Z
C001054,P004,Birchwood Commons,2025-04-19,R20,156,0,17:50,D03,Northeast,2026-06-25T06:46:29.225Z,2026-06-25T06:46:49.688Z
C001061,P003,Green Oaks,2025-02-26,R15,148,2,22:15,D06,Midwest,2026-06-25T06:46:29.225Z,2026-06-25T06:46:49.688Z
C001084,P006,Cedar Park,2025-06-18,R13,93,1,20:43,D13,Northeast,2026-06-25T06:46:29.225Z,2026-06-25T06:46:49.688Z
C001095,P008,Harbor Pointe,2025-06-15,R15,129,2,18:25,D20,Midwest,2026-06-25T06:46:29.225Z,2026-06-25T06:46:49.688Z
C001104,P007,Willow Creek,2025-02-15,R12,49,0,14:43,D09,Midwest,2026-06-25T06:46:29.225Z,2026-06-25T06:46:49.688Z
C001136,P003,Green Oaks,2025-03-08,R14,71,0,16:00,D04,Southeast,2026-06-25T06:46:29.225Z,2026-06-25T06:46:49.688Z
C001140,P007,Willow Creek,2025-02-23,R21,79,2,14:10,D16,Southeast,2026-06-25T06:46:29.225Z,2026-06-25T06:46:49.688Z
C001165,P002,Maple Court,2025-05-09,R14,148,3,21:40,D07,West,2026-06-25T06:46:29.225Z,2026-06-25T06:46:49.688Z
C001174,P003,Green Oaks,2025-06-01,R20,132,0,20:15,D02,Southeast,2026-06-25T06:46:29.225Z,2026-06-25T06:46:49.688Z
C001176,P007,Willow Creek,2025-04-29,R14,120,2,21:23,D01,Southeast,2026-06-25T06:46:29.225Z,2026-06-25T06:46:49.688Z
C001199,P008,Harbor Pointe,2025-06-30,R15,142,0,21:32,D10,Northeast,2026-06-25T06:46:29.225Z,2026-06-25T06:46:49.688Z
C001203,P002,Maple Court,2025-05-03,R16,41,0,17:58,D01,West,2026-06-25T06:46:29.225Z,2026-06-25T06:46:49.688Z
C001210,P005,Lakeview Terrace,2025-06-07,R15,53,0,14:22,D06,West,2026-06-25T06:46:29.225Z,2026-06-25T06:46:49.688Z
C001222,P002,Maple Court,2025-05-02,R21,133,1,22:39,D06,Midwest,2026-06-25T06:46:29.225Z,2026-06-25T06:46:49.688Z
C001251,P002,Maple Court,2025-04-07,R23,41,0,14:08,D08,Southeast,2026-06-25T06:46:29.225Z,2026-06-25T06:46:49.688Z
C001267,P001,Sunset Ridge,2025-02-04,R24,84,2,19:54,D05,Northeast,2026-06-25T06:46:29.225Z,2026-06-25T06:46:49.688Z
C001286,P006,Cedar Park,2025-05-09,R17,140,0,16:21,D10,Northeast,2026-06-25T06:46:29.225Z,2026-06-25T06:46:49.688Z
C001322,P003,Green Oaks,2025-06-10,R15,66,2,15:05,D01,West,2026-06-25T06:46:29.225Z,2026-06-25T06:46:49.688Z
C001328,P008,Harbor Pointe,2025-02-23,R22,42,0,20:04,D16,Southeast,2026-06-25T06:46:29.225Z,2026-06-25T06:46:49.688Z
C001377,P005,Lakeview Terrace,2025-01-04,R21,82,1,22:49,D20,West,2026-06-25T06:46:29.225Z,2026-06-25T06:46:49.688Z
C001392,P006,Cedar Park,2025-02-05,R18,159,0,19:29,D12,West,2026-06-25T06:46:29.225Z,2026-06-25T06:46:49.688Z
C001399,P001,Sunset Ridge,2025-03-19,R22,102,0,17:07,D03,Southeast,2026-06-25T06:46:29.225Z,2026-06-25T06:46:49.688Z
C001444,P003,Green Oaks,2025-02-27,R20,95,0,22:03,D10,Southeast,2026-06-25T06:46:29.225Z,2026-06-25T06:46:49.688Z
C001473,P006,Cedar Park,2025-03-28,R19,117,2,15:46,D02,Southeast,2026-06-25T06:46:29.225Z,2026-06-25T06:46:49.688Z
C001493,P003,Green Oaks,2025-05-16,R24,78,0,17:56,D10,West,2026-06-25T06:46:29.225Z,2026-06-25T06:46:49.688Z
C001499,P007,Willow Creek,2025-04-11,R16,73,1,14:17,D16,Midwest,2026-06-25T06:46:29.225Z,2026-06-25T06:46:49.688Z
C001508,P007,Willow Creek,2025-01-20,R10,41,0,22:38,D05,Southeast,2026-06-25T06:46:29.225Z,2026-06-25T06:46:49.688Z
C001529,P005,Lakeview Terrace,2025-06-09,R18,109,1,17:04,D19,Midwest,2026-06-25T06:46:29.225Z,2026-06-25T06:46:49.688Z
C001542,P008,Harbor Pointe,2025-06-05,R12,100,0,22:51,D04,Southeast,2026-06-25T06:46:29.225Z,2026-06-25T06:46:49.688Z
C001572,P001,Sunset Ridge,2025-03-30,R13,153,0,16:49,D08,Northeast,2026-06-25T06:46:29.225Z,2026-06-25T06:46:49.688Z
C001581,P001,Sunset Ridge,2025-06-22,R15,159,0,18:12,D17,West,2026-06-25T06:46:29.225Z,2026-06-25T06:46:49.688Z
C001596,P006,Cedar Park,2025-05-23,R15,84,0,21:09,D15,West,2026-06-25T06:46:29.225Z,2026-06-25T06:46:49.688Z
C001599,P008,Harbor Pointe,2025-03-22,R10,59,0,16:39,D12,West,2026-06-25T06:46:29.225Z,2026-06-25T06:46:49.688Z
C001615,P002,Maple Court,2025-04-17,R21,139,3,22:45,D01,West,2026-06-25T06:46:29.225Z,2026-06-25T06:46:49.688Z
C001623,P005,Lakeview Terrace,2025-05-02,R12,135,1,16:09,D20,Northeast,2026-06-25T06:46:29.225Z,2026-06-25T06:46:49.688Z
C001627,P008,Harbor Pointe,2025-05-15,R24,88,0,14:42,D03,Northeast,2026-06-25T06:46:29.225Z,2026-06-25T06:46:49.688Z
C001681,P002,Maple Court,2025-06-21,R22,60,0,14:31,D07,Northeast,2026-06-25T06:46:29.225Z,2026-06-25T06:46:49.688Z
C001688,P003,Green Oaks,2025-02-02,R22,160,0,16:14,D03,Southeast,2026-06-25T06:46:29.225Z,2026-06-25T06:46:49.688Z
C001701,P001,Sunset Ridge,2025-05-25,R22,108,2,19:34,D08,Midwest,2026-06-25T06:46:29.225Z,2026-06-25T06:46:49.688Z
C001711,P005,Lakeview Terrace,2025-04-08,R11,120,1,21:27,D19,Midwest,2026-06-25T06:46:29.225Z,2026-06-25T06:46:49.688Z
C001724,P004,Birchwood Commons,2025-01-23,R15,146,0,18:06,D03,West,2026-06-25T06:46:29.225Z,2026-06-25T06:46:49.688Z
C001729,P007,Willow Creek,2025-04-12,R11,148,0,18:39,D19,Southeast,2026-06-25T06:46:29.225Z,2026-06-25T06:46:49.688Z
C001738,P002,Maple Court,2025-05-08,R12,42,0,22:28,D18,Southeast,2026-06-25T06:46:29.225Z,2026-06-25T06:46:49.688Z
C001747,P007,Willow Creek,2025-01-24,R13,69,0,19:41,D03,Northeast,2026-06-25T06:46:29.225Z,2026-06-25T06:46:49.688Z
C001761,P005,Lakeview Terrace,2025-02-18,R24,115,2,22:11,D11,Southeast,2026-06-25T06:46:29.225Z,2026-06-25T06:46:49.688Z
C001771,P003,Green Oaks,2025-06-13,R24,141,0,21:04,D06,Northeast,2026-06-25T06:46:29.225Z,2026-06-25T06:46:49.688Z
C001782,P002,Maple Court,2025-04-05,R20,69,0,14:24,D01,Southeast,2026-06-25T06:46:29.225Z,2026-06-25T06:46:49.688Z
C001793,P003,Green Oaks,2025-03-28,R20,89,0,22:27,D06,West,2026-06-25T06:46:29.225Z,2026-06-25T06:46:49.688Z
C001810,P008,Harbor Pointe,2025-03-19,R16,89,0,14:44,D09,West,2026-06-25T06:46:29.225Z,2026-06-25T06:46:49.688Z
C001822,P006,Cedar Park,2025-04-20,R21,70,0,22:00,D09,Northeast,2026-06-25T06:46:29.225Z,2026-06-25T06:46:49.688Z
C001832,P008,Harbor Pointe,2025-02-28,R16,95,0,16:31,D02,Northeast,2026-06-25T06:46:29.225Z,2026-06-25T06:46:49.688Z
C001837,P004,Birchwood Commons,2025-02-23,R24,151,2,19:40,D16,Northeast,2026-06-25T06:46:29.225Z,2026-06-25T06:46:49.688Z
C001861,P002,Maple Court,2025-01-02,R19,152,0,19:32,D06,West,2026-06-25T06:46:29.225Z,2026-06-25T06:46:49.688Z
C001892,P004,Birchwood Commons,2025-04-14,R18,121,0,15:52,D07,Southeast,2026-06-25T06:46:29.225Z,2026-06-25T06:46:49.688Z
C001931,P006,Cedar Park,2025-06-15,R13,90,1,21:45,D09,West,2026-06-25T06:46:29.225Z,2026-06-25T06:46:49.688Z
C001943,P007,Willow Creek,2025-05-29,R17,67,2,17:06,D03,West,2026-06-25T06:46:29.225Z,2026-06-25T06:46:49.688Z
C001956,P003,Green Oaks,2025-05-27,R14,110,0,21:27,D06,Midwest,2026-06-25T06:46:29.225Z,2026-06-25T06:46:49.688Z
C001957,P004,Birchwood Commons,2025-01-05,R19,131,1,15:04,D04,Northeast,2026-06-25T06:46:29.225Z,2026-06-25T06:46:49.688Z
C001972,P008,Harbor Pointe,2025-04-01,R10,159,1,21:04,D12,Northeast,2026-06-25T06:46:29.225Z,2026-06-25T06:46:49.688Z
C001983,P006,Cedar Park,2025-05-28,R20,125,0,19:33,D05,Northeast,2026-06-25T06:46:29.225Z,2026-06-25T06:46:49.688Z
C001988,P003,Green Oaks,2025-03-18,R19,101,0,15:49,D11,Southeast,2026-06-25T06:46:29.225Z,2026-06-25T06:46:49.688Z
C002000,P005,Lakeview Terrace,2025-04-02,R14,123,3,20:26,D08,Northeast,2026-06-25T06:46:29.225Z,2026-06-25T06:46:49.688Z
C001007,P008,Harbor Pointe,2025-02-05,R22,97,0,21:09,D11,Southeast,2026-06-25T06:46:29.225Z,2026-06-25T06:46:49.688Z
C001024,P005,Lakeview Terrace,2025-06-11,R10,60,0,22:36,D03,Northeast,2026-06-25T06:46:29.225Z,2026-06-25T06:46:49.688Z
C001045,P002,Maple Court,2025-04-07,R22,56,0,14:58,D15,Southeast,2026-06-25T06:46:29.225Z,2026-06-25T06:46:49.688Z
C001058,P006,Cedar Park,2025-05-04,R22,134,1,20:13,D13,Midwest,2026-06-25T06:46:29.225Z,2026-06-25T06:46:49.688Z
C001062,P005,Lakeview Terrace,2025-01-06,R24,52,0,14:53,D05,West,2026-06-25T06:46:29.225Z,2026-06-25T06:46:49.688Z
C001064,P003,Green Oaks,2025-04-05,R18,142,1,20:56,D03,Southeast,2026-06-25T06:46:29.225Z,2026-06-25T06:46:49.688Z
C001065,P003,Green Oaks,2025-02-06,R22,64,2,17:34,D13,Northeast,2026-06-25T06:46:29.225Z,2026-06-25T06:46:49.688Z
C001083,P001,Sunset Ridge,2025-04-23,R15,57,0,16:19,D01,West,2026-06-25T06:46:29.225Z,2026-06-25T06:46:49.688Z
C001102,P008,Harbor Pointe,2025-03-25,R17,99,0,15:05,D18,Midwest,2026-06-25T06:46:29.225Z,2026-06-25T06:46:49.688Z
C001150,P002,Maple Court,2025-02-05,R23,107,0,18:44,D08,Northeast,2026-06-25T06:46:29.225Z,2026-06-25T06:46:49.688Z
C001178,P002,Maple Court,2025-03-12,R22,115,0,16:24,D16,West,2026-06-25T06:46:29.225Z,2026-06-25T06:46:49.688Z
C001180,P008,Harbor Pointe,2025-04-11,R11,106,0,22:45,D04,Midwest,2026-06-25T06:46:29.225Z,2026-06-25T06:46:49.688Z
C001220,P007,Willow Creek,2025-03-14,R13,119,0,16:46,D17,Midwest,2026-06-25T06:46:29.225Z,2026-06-25T06:46:49.688Z
C001228,P002,Maple Court,2025-03-15,R16,63,0,18:31,D12,Northeast,2026-06-25T06:46:29.225Z,2026-06-25T06:46:49.688Z
C001235,P007,Willow Creek,2025-06-11,R11,101,1,20:33,D17,Southeast,2026-06-25T06:46:29.225Z,2026-06-25T06:46:49.688Z
C001247,P002,Maple Court,2025-02-07,R17,63,2,21:11,D06,Midwest,2026-06-25T06:46:29.225Z,2026-06-25T06:46:49.688Z
C001250,P002,Maple Court,2025-06-15,R21,107,3,16:46,D01,Southeast,2026-06-25T06:46:29.225Z,2026-06-25T06:46:49.688Z
C001257,P004,Birchwood Commons,2025-02-13,R11,76,3,19:04,D20,Northeast,2026-06-25T06:46:29.225Z,2026-06-25T06:46:49.688Z
C001296,P008,Harbor Pointe,2025-04-30,R11,50,0,16:46,D04,West,2026-06-25T06:46:29.225Z,2026-06-25T06:46:49.688Z
C001311,P007,Willow Creek,2025-04-01,R18,137,1,19:07,D06,West,2026-06-25T06:46:29.225Z,2026-06-25T06:46:49.688Z
C001342,P006,Cedar Park,2025-06-26,R13,99,0,19:57,D08,Southeast,2026-06-25T06:46:29.225Z,2026-06-25T06:46:49.688Z
C001345,P008,Harbor Pointe,2025-02-20,R17,45,0,18:26,D04,Southeast,2026-06-25T06:46:29.225Z,2026-06-25T06:46:49.688Z
C001351,P004,Birchwood Commons,2025-06-08,R10,145,0,14:08,D04,Northeast,2026-06-25T06:46:29.225Z,2026-06-25T06:46:49.688Z
C001359,P002,Maple Court,2025-04-09,R15,66,0,22:32,D11,Northeast,2026-06-25T06:46:29.225Z,2026-06-25T06:46:49.688Z
C001361,P004,Birchwood Commons,2025-04-26,R22,91,2,17:04,D09,West,2026-06-25T06:46:29.225Z,2026-06-25T06:46:49.688Z
C001385,P002,Maple Court,2025-03-14,R10,102,1,18:00,D14,Northeast,2026-06-25T06:46:29.225Z,2026-06-25T06:46:49.688Z
C001414,P003,Green Oaks,2025-01-27,R21,154,2,20:48,D14,Southeast,2026-06-25T06:46:29.225Z,2026-06-25T06:46:49.688Z
C001422,P004,Birchwood Commons,2025-01-26,R10,116,0,22:21,D01,Midwest,2026-06-25T06:46:29.225Z,2026-06-25T06:46:49.688Z
C001441,P003,Green Oaks,2025-02-01,R10,70,0,21:41,D15,Southeast,2026-06-25T06:46:29.225Z,2026-06-25T06:46:49.688Z
C001490,P003,Green Oaks,2025-05-01,R21,103,0,18:08,D07,Southeast,2026-06-25T06:46:29.225Z,2026-06-25T06:46:49.688Z
C001510,P005,Lakeview Terrace,2025-05-12,R14,98,1,17:06,D09,West,2026-06-25T06:46:29.225Z,2026-06-25T06:46:49.688Z
C001515,P008,Harbor Pointe,2025-05-24,R19,71,0,15:09,D13,West,2026-06-25T06:46:29.225Z,2026-06-25T06:46:49.688Z
C001582,P005,Lakeview Terrace,2025-04-22,R10,55,0,21:29,D12,Southeast,2026-06-25T06:46:29.225Z,2026-06-25T06:46:49.688Z
C001588,P002,Maple Court,2025-04-08,R15,158,0,18:27,D13,Southeast,2026-06-25T06:46:29.225Z,2026-06-25T06:46:49.688Z
C001591,P004,Birchwood Commons,2025-04-06,R22,159,0,20:17,D06,Northeast,2026-06-25T06:46:29.225Z,2026-06-25T06:46:49.688Z
C001609,P008,Harbor Pointe,2025-02-12,R20,51,0,19:01,D20,West,2026-06-25T06:46:29.225Z,2026-06-25T06:46:49.688Z
C001636,P004,Birchwood Commons,2025-04-24,R11,109,0,17:38,D16,Northeast,2026-06-25T06:46:29.225Z,2026-06-25T06:46:49.688Z
C001646,P007,Willow Creek,2025-06-17,R22,132,0,18:14,D09,West,2026-06-25T06:46:29.225Z,2026-06-25T06:46:49.688Z
C001703,P007,Willow Creek,2025-02-21,R14,89,0,22:26,D16,West,2026-06-25T06:46:29.225Z,2026-06-25T06:46:49.688Z
C001705,P002,Maple Court,2025-02-23,R10,136,2,20:08,D05,West,2026-06-25T06:46:29.225Z,2026-06-25T06:46:49.688Z
C001730,P008,Harbor Pointe,2025-03-24,R23,45,3,17:35,D05,Northeast,2026-06-25T06:46:29.225Z,2026-06-25T06:46:49.688Z
C001750,P004,Birchwood Commons,2025-01-18,R20,119,3,21:11,D18,Midwest,2026-06-25T06:46:29.225Z,2026-06-25T06:46:49.688Z
C001768,P005,Lakeview Terrace,2025-02-22,R16,128,2,14:26,D14,West,2026-06-25T06:46:29.225Z,2026-06-25T06:46:49.688Z
C001778,P001,Sunset Ridge,2025-03-31,R16,88,0,16:18,D17,Southeast,2026-06-25T06:46:29.225Z,2026-06-25T06:46:49.688Z
C001785,P004,Birchwood Commons,2025-04-26,R20,102,2,18:22,D15,West,2026-06-25T06:46:29.225Z,2026-06-25T06:46:49.688Z
C001788,P004,Birchwood Commons,2025-01-11,R16,56,0,19:13,D13,West,2026-06-25T06:46:29.225Z,2026-06-25T06:46:49.688Z
C001794,P007,Willow Creek,2025-01-07,R19,125,0,16:17,D19,Midwest,2026-06-25T06:46:29.225Z,2026-06-25T06:46:49.688Z
C001814,P004,Birchwood Commons,2025-04-06,R22,51,0,15:00,D01,Northeast,2026-06-25T06:46:29.225Z,2026-06-25T06:46:49.688Z
C001838,P006,Cedar Park,2025-05-23,R21,64,0,16:20,D19,Midwest,2026-06-25T06:46:29.225Z,2026-06-25T06:46:49.688Z
C001848,P003,Green Oaks,2025-06-10,R19,96,0,19:06,D09,West,2026-06-25T06:46:29.225Z,2026-06-25T06:46:49.688Z
C001873,P007,Willow Creek,2025-04-06,R20,42,0,18:49,D02,Southeast,2026-06-25T06:46:29.225Z,2026-06-25T06:46:49.688Z
C001879,P001,Sunset Ridge,2025-02-21,R20,74,1,17:15,D15,Southeast,2026-06-25T06:46:29.225Z,2026-06-25T06:46:49.688Z
C001911,P004,Birchwood Commons,2025-01-23,R17,124,0,22:23,D18,Northeast,2026-06-25T06:46:29.225Z,2026-06-25T06:46:49.688Z
C001919,P001,Sunset Ridge,2025-01-16,R23,81,1,20:01,D07,Northeast,2026-06-25T06:46:29.225Z,2026-06-25T06:46:49.688Z
C001926,P005,Lakeview Terrace,2025-06-11,R23,76,0,22:14,D11,Northeast,2026-06-25T06:46:29.225Z,2026-06-25T06:46:49.688Z
C001950,P007,Willow Creek,2025-05-27,R10,102,0,20:46,D15,West,2026-06-25T06:46:29.225Z,2026-06-25T06:46:49.688Z
C001962,P004,Birchwood Commons,2025-02-14,R12,121,1,14:04,D13,Midwest,2026-06-25T06:46:29.225Z,2026-06-25T06:46:49.688Z
C001999,P007,Willow Creek,2025-06-26,R23,83,0,16:44,D16,West,2026-06-25T06:46:29.225Z,2026-06-25T06:46:49.688Z
C006024,P004,Birchwood Commons,2025-05-04,R20,146,1,19:05,D13,West,2026-06-25T06:46:29.225Z,2026-06-25T06:46:49.688Z
C006034,P007,Willow Creek,2025-04-15,R18,47,0,22:31,D15,Midwest,2026-06-25T06:46:29.225Z,2026-06-25T06:46:49.688Z
C006064,P003,Green Oaks,2025-02-19,R18,90,0,22:47,D16,Midwest,2026-06-25T06:46:29.225Z,2026-06-25T06:46:49.688Z
C006067,P008,Harbor Pointe,2025-02-22,R16,160,2,20:10,D04,Northeast,2026-06-25T06:46:29.225Z,2026-06-25T06:46:49.688Z
C006078,P005,Lakeview Terrace,2025-03-12,R24,109,0,15:51,D03,Southeast,2026-06-25T06:46:29.225Z,2026-06-25T06:46:49.688Z
C006083,P003,Green Oaks,2025-04-25,R20,156,0,16:21,D12,Northeast,2026-06-25T06:46:29.225Z,2026-06-25T06:46:49.688Z
C006097,P003,Green Oaks,2025-05-09,R20,91,0,18:55,D17,West,2026-06-25T06:46:29.225Z,2026-06-25T06:46:49.688Z
C006165,P004,Birchwood Commons,2025-05-14,R19,130,0,17:57,D12,Southeast,2026-06-25T06:46:29.225Z,2026-06-25T06:46:49.688Z
C006168,P006,Cedar Park,2025-05-14,R22,119,0,15:46,D20,Southeast,2026-06-25T06:46:29.225Z,2026-06-25T06:46:49.688Z
C006179,P007,Willow Creek,2025-01-13,R14,101,1,14:15,D07,West,2026-06-25T06:46:29.225Z,2026-06-25T06:46:49.688Z
C006192,P001,Sunset Ridge,2025-05-26,R14,112,0,17:01,D14,Northeast,2026-06-25T06:46:29.225Z,2026-06-25T06:46:49.688Z
C006204,P003,Green Oaks,2025-03-24,R14,158,1,14:35,D17,West,2026-06-25T06:46:29.225Z,2026-06-25T06:46:49.688Z
C006228,P005,Lakeview Terrace,2025-01-18,R13,93,1,15:25,D02,Northeast,2026-06-25T06:46:29.225Z,2026-06-25T06:46:49.688Z
C006231,P002,Maple Court,2025-03-02,R17,96,0,18:36,D03,Southeast,2026-06-25T06:46:29.225Z,2026-06-25T06:46:49.688Z
C006233,P004,Birchwood Commons,2025-03-28,R21,151,0,15:21,D15,Northeast,2026-06-25T06:46:29.225Z,2026-06-25T06:46:49.688Z
C006290,P008,Harbor Pointe,2025-02-07,R11,148,2,19:49,D17,Midwest,2026-06-25T06:46:29.225Z,2026-06-25T06:46:49.688Z
C006310,P004,Birchwood Commons,2025-06-17,R23,151,0,15:13,D04,West,2026-06-25T06:46:29.225Z,2026-06-25T06:46:49.688Z
C006324,P002,Maple Court,2025-05-09,R11,57,0,14:13,D17,Midwest,2026-06-25T06:46:29.225Z,2026-06-25T06:46:49.688Z
C006330,P008,Harbor Pointe,2025-01-01,R14,65,2,16:06,D04,Southeast,2026-06-25T06:46:29.225Z,2026-06-25T06:46:49.688Z
C006341,P006,Cedar Park,2025-03-09,R15,85,0,15:43,D13,Midwest,2026-06-25T06:46:29.225Z,2026-06-25T06:46:49.688Z
C006358,P001,Sunset Ridge,2025-01-16,R19,64,0,16:07,D11,Midwest,2026-06-25T06:46:29.225Z,2026-06-25T06:46:49.688Z
C006364,P007,Willow Creek,2025-03-28,R20,99,3,17:11,D08,Midwest,2026-06-25T06:46:29.225Z,2026-06-25T06:46:49.688Z
C006382,P005,Lakeview Terrace,2025-04-20,R19,99,0,20:39,D16,West,2026-06-25T06:46:29.225Z,2026-06-25T06:46:49.688Z
C006390,P005,Lakeview Terrace,2025-05-22,R13,67,0,15:26,D03,West,2026-06-25T06:46:29.225Z,2026-06-25T06:46:49.688Z
C006396,P005,Lakeview Terrace,2025-05-11,R21,88,0,17:28,D03,Northeast,2026-06-25T06:46:29.225Z,2026-06-25T06:46:49.688Z
C006400,P004,Birchwood Commons,2025-02-13,R17,117,0,17:25,D13,West,2026-06-25T06:46:29.225Z,2026-06-25T06:46:49.688Z
C006404,P004,Birchwood Commons,2025-03-02,R20,121,0,15:40,D17,Southeast,2026-06-25T06:46:29.225Z,2026-06-25T06:46:49.688Z
C006419,P006,Cedar Park,2025-06-10,R24,109,0,22:16,D09,Northeast,2026-06-25T06:46:29.225Z,2026-06-25T06:46:49.688Z
C006437,P007,Willow Creek,2025-01-19,R20,137,0,19:16,D10,Southeast,2026-06-25T06:46:29.225Z,2026-06-25T06:46:49.688Z
C006447,P006,Cedar Park,2025-01-23,R20,102,0,16:10,D09,Northeast,2026-06-25T06:46:29.225Z,2026-06-25T06:46:49.688Z
C006481,P008,Harbor Pointe,2025-04-24,R15,52,0,14:42,D06,Northeast,2026-06-25T06:46:29.225Z,2026-06-25T06:46:49.688Z
C006508,P005,Lakeview Terrace,2025-05-05,R13,159,0,19:34,D12,Southeast,2026-06-25T06:46:29.225Z,2026-06-25T06:46:49.688Z
C006517,P002,Maple Court,2025-03-09,R15,72,0,18:46,D02,West,2026-06-25T06:46:29.225Z,2026-06-25T06:46:49.688Z
C006526,P006,Cedar Park,2025-01-02,R10,48,0,15:19,D15,Northeast,2026-06-25T06:46:29.225Z,2026-06-25T06:46:49.688Z
C006532,P002,Maple Court,2025-05-24,R13,45,0,15:27,D02,West,2026-06-25T06:46:29.225Z,2026-06-25T06:46:49.688Z
C006554,P004,Birchwood Commons,2025-01-07,R12,40,3,18:06,D02,Midwest,2026-06-25T06:46:29.225Z,2026-06-25T06:46:49.688Z
C006572,P003,Green Oaks,2025-03-17,R22,99,0,19:00,D06,Southeast,2026-06-25T06:46:29.225Z,2026-06-25T06:46:49.688Z
C006573,P003,Green Oaks,2025-06-13,R15,62,0,15:11,D08,Southeast,2026-06-25T06:46:29.225Z,2026-06-25T06:46:49.688Z
C006583,P001,Sunset Ridge,2025-01-14,R14,126,0,19:38,D13,Southeast,2026-06-25T06:46:29.225Z,2026-06-25T06:46:49.688Z
C006586,P005,Lakeview Terrace,2025-03-18,R23,51,0,22:11,D18,West,2026-06-25T06:46:29.225Z,2026-06-25T06:46:49.688Z
C006592,P006,Cedar Park,2025-04-08,R22,140,1,19:37,D12,Midwest,2026-06-25T06:46:29.225Z,2026-06-25T06:46:49.688Z
C006596,P002,Maple Court,2025-02-27,R20,57,0,14:59,D20,Northeast,2026-06-25T06:46:29.225Z,2026-06-25T06:46:49.688Z
C006606,P002,Maple Court,2025-01-29,R16,152,0,18:37,D12,West,2026-06-25T06:46:29.225Z,2026-06-25T06:46:49.688Z
C006654,P002,Maple Court,2025-04-26,R21,128,3,22:17,D12,Southeast,2026-06-25T06:46:29.225Z,2026-06-25T06:46:49.688Z
C006660,P007,Willow Creek,2025-03-25,R15,144,0,18:31,D13,Midwest,2026-06-25T06:46:29.225Z,2026-06-25T06:46:49.688Z
C006668,P005,Lakeview Terrace,2025-06-27,R23,136,0,22:39,D16,Midwest,2026-06-25T06:46:29.225Z,2026-06-25T06:46:49.688Z
C006702,P007,Willow Creek,2025-02-08,R14,138,0,16:58,D19,Northeast,2026-06-25T06:46:29.225Z,2026-06-25T06:46:49.688Z
C006738,P003,Green Oaks,2025-04-08,R23,90,2,21:26,D08,Southeast,2026-06-25T06:46:29.225Z,2026-06-25T06:46:49.688Z
C006766,P005,Lakeview Terrace,2025-05-25,R11,93,2,18:52,D19,Midwest,2026-06-25T06:46:29.225Z,2026-06-25T06:46:49.688Z
C006768,P003,Green Oaks,2025-03-21,R16,135,3,16:06,D17,Southeast,2026-06-25T06:46:29.225Z,2026-06-25T06:46:49.688Z
C006780,P001,Sunset Ridge,2025-02-07,R16,105,0,20:23,D12,Midwest,2026-06-25T06:46:29.225Z,2026-06-25T06:46:49.688Z
C006805,P008,Harbor Pointe,2025-06-26,R22,74,1,18:30,D16,Southeast,2026-06-25T06:46:29.225Z,2026-06-25T06:46:49.688Z
C006814,P003,Green Oaks,2025-05-05,R23,157,0,14:13,D03,Southeast,2026-06-25T06:46:29.225Z,2026-06-25T06:46:49.688Z
C006851,P004,Birchwood Commons,2025-05-09,R17,86,0,19:47,D16,Northeast,2026-06-25T06:46:29.225Z,2026-06-25T06:46:49.688Z
C006857,P007,Willow Creek,2025-05-26,R16,62,0,16:51,D09,West,2026-06-25T06:46:29.225Z,2026-06-25T06:46:49.688Z
C006876,P006,Cedar Park,2025-01-06,R17,63,0,18:29,D13,Midwest,2026-06-25T06:46:29.225Z,2026-06-25T06:46:49.688Z
C006879,P001,Sunset Ridge,2025-05-15,R10,114,1,22:27,D14,Midwest,2026-06-25T06:46:29.225Z,2026-06-25T06:46:49.688Z
C006895,P008,Harbor Pointe,2025-05-31,R10,84,2,20:38,D12,Southeast,2026-06-25T06:46:29.225Z,2026-06-25T06:46:49.688Z
C006910,P001,Sunset Ridge,2025-01-08,R23,105,3,19:41,D12,West,2026-06-25T06:46:29.225Z,2026-06-25T06:46:49.688Z
C006926,P002,Maple Court,2025-03-30,R14,74,0,20:26,D03,Northeast,2026-06-25T06:46:29.225Z,2026-06-25T06:46:49.688Z
C006937,P003,Green Oaks,2025-04-25,R13,138,0,15:30,D13,Southeast,2026-06-25T06:46:29.225Z,2026-06-25T06:46:49.688Z
C006949,P004,Birchwood Commons,2025-03-31,R13,100,2,20:57,D17,Northeast,2026-06-25T06:46:29.225Z,2026-06-25T06:46:49.688Z
C006004,P006,Cedar Park,2025-03-26,R17,136,0,19:28,D19,Southeast,2026-06-25T06:46:29.225Z,2026-06-25T06:46:49.688Z
C006007,P007,Willow Creek,2025-05-19,R15,60,1,17:49,D02,Southeast,2026-06-25T06:46:29.225Z,2026-06-25T06:46:49.688Z
C006036,P008,Harbor Pointe,2025-04-10,R21,77,0,17:01,D20,West,2026-06-25T06:46:29.225Z,2026-06-25T06:46:49.688Z
C006055,P008,Harbor Pointe,2025-02-04,R21,53,2,19:24,D17,Northeast,2026-06-25T06:46:29.225Z,2026-06-25T06:46:49.688Z
C006065,P003,Green Oaks,2025-06-17,R10,156,1,17:00,D15,Southeast,2026-06-25T06:46:29.225Z,2026-06-25T06:46:49.688Z
C006088,P007,Willow Creek,2025-06-27,R10,119,0,19:51,D16,West,2026-06-25T06:46:29.225Z,2026-06-25T06:46:49.688Z
C006094,P003,Green Oaks,2025-05-23,R24,104,1,21:24,D12,West,2026-06-25T06:46:29.225Z,2026-06-25T06:46:49.688Z
C006106,P002,Maple Court,2025-01-21,R21,128,0,20:28,D15,Northeast,2026-06-25T06:46:29.225Z,2026-06-25T06:46:49.688Z
C006110,P007,Willow Creek,2025-05-10,R20,134,0,15:44,D17,West,2026-06-25T06:46:29.225Z,2026-06-25T06:46:49.688Z
C006132,P002,Maple Court,2025-01-12,R11,68,1,14:00,D09,Northeast,2026-06-25T06:46:29.225Z,2026-06-25T06:46:49.688Z
C006135,P006,Cedar Park,2025-04-02,R19,111,0,15:33,D05,Northeast,2026-06-25T06:46:29.225Z,2026-06-25T06:46:49.688Z
C006156,P008,Harbor Pointe,2025-04-07,R13,156,0,15:46,D11,West,2026-06-25T06:46:29.225Z,2026-06-25T06:46:49.688Z
C006157,P003,Green Oaks,2025-05-01,R16,48,1,21:47,D07,West,2026-06-25T06:46:29.225Z,2026-06-25T06:46:49.688Z
C006195,P008,Harbor Pointe,2025-01-23,R18,80,0,14:24,D14,Southeast,2026-06-25T06:46:29.225Z,2026-06-25T06:46:49.688Z
C006207,P001,Sunset Ridge,2025-06-30,R10,143,1,22:07,D06,West,2026-06-25T06:46:29.225Z,2026-06-25T06:46:49.688Z
C006221,P001,Sunset Ridge,2025-01-01,R21,112,0,16:42,D16,West,2026-06-25T06:46:29.225Z,2026-06-25T06:46:49.688Z
C006227,P005,Lakeview Terrace,2025-04-05,R14,142,2,15:37,D19,Northeast,2026-06-25T06:46:29.225Z,2026-06-25T06:46:49.688Z
C006241,P001,Sunset Ridge,2025-06-02,R19,99,0,19:31,D17,Northeast,2026-06-25T06:46:29.225Z,2026-06-25T06:46:49.688Z
C006243,P001,Sunset Ridge,2025-03-21,R14,68,0,18:47,D13,Southeast,2026-06-25T06:46:29.225Z,2026-06-25T06:46:49.688Z
C006246,P005,Lakeview Terrace,2025-02-16,R23,141,0,20:22,D11,Midwest,2026-06-25T06:46:29.225Z,2026-06-25T06:46:49.688Z
C006274,P007,Willow Creek,2025-02-08,R16,130,0,15:41,D09,Midwest,2026-06-25T06:46:29.225Z,2026-06-25T06:46:49.688Z
C006286,P005,Lakeview Terrace,2025-03-02,R20,160,0,16:11,D02,Northeast,2026-06-25T06:46:29.225Z,2026-06-25T06:46:49.688Z
C006292,P005,Lakeview Terrace,2025-03-03,R14,151,0,16:51,D09,Southeast,2026-06-25T06:46:29.225Z,2026-06-25T06:46:49.688Z
C006319,P002,Maple Court,2025-05-29,R10,124,0,20:59,D07,Midwest,2026-06-25T06:46:29.225Z,2026-06-25T06:46:49.688Z
C006327,P001,Sunset Ridge,2025-04-22,R21,120,0,20:32,D02,Midwest,2026-06-25T06:46:29.225Z,2026-06-25T06:46:49.688Z
C006332,P002,Maple Court,2025-06-02,R19,88,1,14:38,D03,Midwest,2026-06-25T06:46:29.225Z,2026-06-25T06:46:49.688Z
C006337,P004,Birchwood Commons,2025-06-09,R19,78,0,19:40,D07,Northeast,2026-06-25T06:46:29.225Z,2026-06-25T06:46:49.688Z
C006345,P006,Cedar Park,2025-06-09,R12,49,2,22:58,D11,West,2026-06-25T06:46:29.225Z,2026-06-25T06:46:49.688Z
C006351,P002,Maple Court,2025-03-06,R22,64,0,18:01,D19,Northeast,2026-06-25T06:46:29.225Z,2026-06-25T06:46:49.688Z
C006363,P004,Birchwood Commons,2025-02-12,R21,42,1,15:26,D15,West,2026-06-25T06:46:29.225Z,2026-06-25T06:46:49.688Z
C006405,P006,Cedar Park,2025-03-23,R23,76,0,15:52,D07,Northeast,2026-06-25T06:46:29.225Z,2026-06-25T06:46:49.688Z
C006408,P006,Cedar Park,2025-06-11,R13,43,0,14:04,D16,Midwest,2026-06-25T06:46:29.225Z,2026-06-25T06:46:49.688Z
C006411,P003,Green Oaks,2025-04-04,R15,148,0,15:31,D16,Northeast,2026-06-25T06:46:29.225Z,2026-06-25T06:46:49.688Z
C006432,P005,Lakeview Terrace,2025-03-27,R22,107,0,14:25,D08,Midwest,2026-06-25T06:46:29.225Z,2026-06-25T06:46:49.688Z
C006452,P001,Sunset Ridge,2025-04-17,R10,46,0,16:51,D05,West,2026-06-25T06:46:29.225Z,2026-06-25T06:46:49.688Z
C006471,P002,Maple Court,2025-02-09,R19,130,0,15:34,D09,West,2026-06-25T06:46:29.225Z,2026-06-25T06:46:49.688Z
C006477,P003,Green Oaks,2025-06-24,R14,117,0,15:54,D14,Midwest,2026-06-25T06:46:29.225Z,2026-06-25T06:46:49.688Z
C006509,P008,Harbor Pointe,2025-06-05,R16,71,0,22:23,D17,West,2026-06-25T06:46:29.225Z,2026-06-25T06:46:49.688Z
C006513,P007,Willow Creek,2025-04-05,R20,112,1,22:39,D11,Midwest,2026-06-25T06:46:29.225Z,2026-06-25T06:46:49.688Z
C006515,P006,Cedar Park,2025-06-30,R15,128,0,18:07,D15,Midwest,2026-06-25T06:46:29.225Z,2026-06-25T06:46:49.688Z
C006523,P004,Birchwood Commons,2025-05-05,R14,143,0,20:06,D12,Southeast,2026-06-25T06:46:29.225Z,2026-06-25T06:46:49.688Z
C006539,P004,Birchwood Commons,2025-03-02,R24,91,2,21:58,D01,Midwest,2026-06-25T06:46:29.225Z,2026-06-25T06:46:49.688Z
C006570,P001,Sunset Ridge,2025-01-12,R22,139,1,18:44,D13,West,2026-06-25T06:46:29.225Z,2026-06-25T06:46:49.688Z
C006590,P007,Willow Creek,2025-06-18,R11,156,2,20:37,D09,Southeast,2026-06-25T06:46:29.225Z,2026-06-25T06:46:49.688Z
C006605,P005,Lakeview Terrace,2025-02-16,R14,106,2,18:42,D08,Northeast,2026-06-25T06:46:29.225Z,2026-06-25T06:46:49.688Z
C006610,P005,Lakeview Terrace,2025-05-07,R13,72,0,14:14,D02,Northeast,2026-06-25T06:46:29.225Z,2026-06-25T06:46:49.688Z
C006657,P001,Sunset Ridge,2025-01-24,R21,151,0,17:48,D03,Southeast,2026-06-25T06:46:29.225Z,2026-06-25T06:46:49.688Z
C006688,P002,Maple Court,2025-01-11,R17,49,0,17:56,D02,Midwest,2026-06-25T06:46:29.225Z,2026-06-25T06:46:49.688Z
C006700,P008,Harbor Pointe,2025-04-22,R23,48,0,14:53,D04,Northeast,2026-06-25T06:46:29.225Z,2026-06-25T06:46:49.688Z
C006707,P006,Cedar Park,2025-06-08,R10,152,1,16:18,D05,Northeast,2026-06-25T06:46:29.225Z,2026-06-25T06:46:49.688Z
C006715,P007,Willow Creek,2025-01-09,R20,79,0,15:58,D02,Northeast,2026-06-25T06:46:29.225Z,2026-06-25T06:46:49.688Z
C006723,P005,Lakeview Terrace,2025-02-09,R13,89,0,20:20,D19,Northeast,2026-06-25T06:46:29.225Z,2026-06-25T06:46:49.688Z
C006730,P002,Maple Court,2025-03-21,R24,50,2,19:47,D17,Southeast,2026-06-25T06:46:29.225Z,2026-06-25T06:46:49.688Z
C006737,P007,Willow Creek,2025-02-07,R20,64,0,22:00,D17,Midwest,2026-06-25T06:46:29.225Z,2026-06-25T06:46:49.688Z
C006739,P002,Maple Court,2025-01-23,R21,47,0,21:21,D08,West,2026-06-25T06:46:29.225Z,2026-06-25T06:46:49.688Z
C006745,P003,Green Oaks,2025-05-06,R22,105,2,21:51,D06,Northeast,2026-06-25T06:46:29.225Z,2026-06-25T06:46:49.688Z
C006769,P001,Sunset Ridge,2025-04-11,R21,71,1,20:15,D06,Midwest,2026-06-25T06:46:29.225Z,2026-06-25T06:46:49.688Z
C006775,P007,Willow Creek,2025-06-15,R23,147,2,19:55,D04,Midwest,2026-06-25T06:46:29.225Z,2026-06-25T06:46:49.688Z
C006787,P007,Willow Creek,2025-06-04,R15,40,0,15:54,D17,Southeast,2026-06-25T06:46:29.225Z,2026-06-25T06:46:49.688Z
C006789,P008,Harbor Pointe,2025-05-14,R20,147,0,19:47,D05,Midwest,2026-06-25T06:46:29.225Z,2026-06-25T06:46:49.688Z
C006792,P004,Birchwood Commons,2025-05-06,R11,148,0,21:57,D10,Midwest,2026-06-25T06:46:29.225Z,2026-06-25T06:46:49.688Z
C006839,P001,Sunset Ridge,2025-02-06,R20,150,0,18:37,D13,Southeast,2026-06-25T06:46:29.225Z,2026-06-25T06:46:49.688Z
C006843,P008,Harbor Pointe,2025-01-25,R11,62,0,15:36,D19,Midwest,2026-06-25T06:46:29.225Z,2026-06-25T06:46:49.688Z
C006892,P005,Lakeview Terrace,2025-02-16,R21,108,0,18:17,D03,Midwest,2026-06-25T06:46:29.225Z,2026-06-25T06:46:49.688Z
C006945,P005,Lakeview Terrace,2025-03-02,R10,48,0,20:54,D03,West,2026-06-25T06:46:29.225Z,2026-06-25T06:46:49.688Z
C006954,P002,Maple Court,2025-06-02,R23,151,0,22:03,D18,Northeast,2026-06-25T06:46:29.225Z,2026-06-25T06:46:49.688Z
C006961,P008,Harbor Pointe,2025-02-16,R13,146,0,20:39,D11,Southeast,2026-06-25T06:46:29.225Z,2026-06-25T06:46:49.688Z
C006987,P007,Willow Creek,2025-01-25,R19,105,2,17:08,D07,Midwest,2026-06-25T06:46:29.225Z,2026-06-25T06:46:49.688Z
C006988,P005,Lakeview Terrace,2025-05-23,R11,73,0,16:59,D06,West,2026-06-25T06:46:29.225Z,2026-06-25T06:46:49.688Z
C006041,P008,Harbor Pointe,2025-05-14,R16,91,0,17:17,D01,Northeast,2026-06-25T06:46:29.225Z,2026-06-25T06:46:49.688Z
C006063,P001,Sunset Ridge,2025-06-21,R10,129,2,17:00,D01,Northeast,2026-06-25T06:46:29.225Z,2026-06-25T06:46:49.688Z
C006069,P003,Green Oaks,2025-04-27,R23,145,1,18:54,D05,West,2026-06-25T06:46:29.225Z,2026-06-25T06:46:49.688Z
C006131,P005,Lakeview Terrace,2025-02-09,R10,154,2,19:59,D12,Midwest,2026-06-25T06:46:29.225Z,2026-06-25T06:46:49.688Z
C006147,P002,Maple Court,2025-06-23,R14,40,2,16:40,D10,Northeast,2026-06-25T06:46:29.225Z,2026-06-25T06:46:49.688Z
C006171,P004,Birchwood Commons,2025-02-27,R10,40,0,21:00,D18,West,2026-06-25T06:46:29.225Z,2026-06-25T06:46:49.688Z
C006188,P001,Sunset Ridge,2025-04-28,R21,48,0,14:06,D05,Northeast,2026-06-25T06:46:29.225Z,2026-06-25T06:46:49.688Z
C006222,P007,Willow Creek,2025-05-04,R10,139,0,22:26,D08,Midwest,2026-06-25T06:46:29.225Z,2026-06-25T06:46:49.688Z
C006239,P002,Maple Court,2025-02-23,R23,40,0,15:00,D08,Midwest,2026-06-25T06:46:29.225Z,2026-06-25T06:46:49.688Z
C006242,P007,Willow Creek,2025-01-30,R11,112,2,14:31,D13,Northeast,2026-06-25T06:46:29.225Z,2026-06-25T06:46:49.688Z
C006271,P006,Cedar Park,2025-02-18,R17,141,3,20:45,D02,Midwest,2026-06-25T06:46:29.225Z,2026-06-25T06:46:49.688Z
C006281,P001,Sunset Ridge,2025-04-08,R12,68,0,18:30,D04,Northeast,2026-06-25T06:46:29.225Z,2026-06-25T06:46:49.688Z
C006303,P003,Green Oaks,2025-03-21,R12,72,0,21:25,D18,West,2026-06-25T06:46:29.225Z,2026-06-25T06:46:49.688Z
C006313,P005,Lakeview Terrace,2025-01-26,R21,91,0,21:20,D20,Southeast,2026-06-25T06:46:29.225Z,2026-06-25T06:46:49.688Z
C006367,P001,Sunset Ridge,2025-03-22,R15,133,3,19:00,D20,Northeast,2026-06-25T06:46:29.225Z,2026-06-25T06:46:49.688Z
C006378,P005,Lakeview Terrace,2025-01-16,R23,48,2,17:01,D01,Southeast,2026-06-25T06:46:29.225Z,2026-06-25T06:46:49.688Z
C006389,P006,Cedar Park,2025-02-02,R24,112,3,17:15,D05,Midwest,2026-06-25T06:46:29.225Z,2026-06-25T06:46:49.688Z
C006410,P006,Cedar Park,2025-01-28,R16,97,0,16:16,D02,Northeast,2026-06-25T06:46:29.225Z,2026-06-25T06:46:49.688Z
C006423,P008,Harbor Pointe,2025-06-28,R15,55,3,20:30,D19,Midwest,2026-06-25T06:46:29.225Z,2026-06-25T06:46:49.688Z
C006427,P006,Cedar Park,2025-05-24,R24,104,0,17:46,D13,West,2026-06-25T06:46:29.225Z,2026-06-25T06:46:49.688Z
C006440,P003,Green Oaks,2025-03-24,R13,97,0,16:48,D09,West,2026-06-25T06:46:29.225Z,2026-06-25T06:46:49.688Z
C006460,P001,Sunset Ridge,2025-06-20,R19,108,0,22:46,D02,Northeast,2026-06-25T06:46:29.225Z,2026-06-25T06:46:49.688Z
C006462,P003,Green Oaks,2025-03-19,R12,101,0,19:38,D09,Midwest,2026-06-25T06:46:29.225Z,2026-06-25T06:46:49.688Z
C006503,P004,Birchwood Commons,2025-04-22,R18,148,0,18:03,D08,West,2026-06-25T06:46:29.225Z,2026-06-25T06:46:49.688Z
C006504,P008,Harbor Pointe,2025-02-02,R15,76,1,19:28,D14,Southeast,2026-06-25T06:46:29.225Z,2026-06-25T06:46:49.688Z
C006533,P005,Lakeview Terrace,2025-06-19,R20,149,1,18:51,D19,Southeast,2026-06-25T06:46:29.225Z,2026-06-25T06:46:49.688Z
C006553,P005,Lakeview Terrace,2025-02-04,R21,154,0,22:15,D19,Southeast,2026-06-25T06:46:29.225Z,2026-06-25T06:46:49.688Z
C006591,P002,Maple Court,2025-02-24,R12,144,1,22:16,D18,Midwest,2026-06-25T06:46:29.225Z,2026-06-25T06:46:49.688Z
C006614,P002,Maple Court,2025-03-15,R11,89,0,21:00,D02,West,2026-06-25T06:46:29.225Z,2026-06-25T06:46:49.688Z
C006631,P008,Harbor Pointe,2025-01-26,R12,63,0,17:55,D15,Midwest,2026-06-25T06:46:29.225Z,2026-06-25T06:46:49.688Z
C006638,P005,Lakeview Terrace,2025-01-26,R12,111,1,15:31,D18,Midwest,2026-06-25T06:46:29.225Z,2026-06-25T06:46:49.688Z
C006647,P006,Cedar Park,2025-03-16,R12,44,0,21:24,D19,Southeast,2026-06-25T06:46:29.225Z,2026-06-25T06:46:49.688Z
C006648,P004,Birchwood Commons,2025-04-02,R11,51,0,21:31,D17,Northeast,2026-06-25T06:46:29.225Z,2026-06-25T06:46:49.688Z
C006656,P007,Willow Creek,2025-05-18,R13,149,0,21:08,D11,Southeast,2026-06-25T06:46:29.225Z,2026-06-25T06:46:49.688Z
C006692,P007,Willow Creek,2025-01-12,R20,117,0,21:30,D10,Southeast,2026-06-25T06:46:29.225Z,2026-06-25T06:46:49.688Z
C006693,P008,Harbor Pointe,2025-01-01,R10,48,0,22:13,D05,Northeast,2026-06-25T06:46:29.225Z,2026-06-25T06:46:49.688Z
C006695,P006,Cedar Park,2025-01-25,R22,71,0,21:02,D01,West,2026-06-25T06:46:29.225Z,2026-06-25T06:46:49.688Z
C006714,P008,Harbor Pointe,2025-04-17,R22,147,0,20:11,D19,West,2026-06-25T06:46:29.225Z,2026-06-25T06:46:49.688Z
C006722,P006,Cedar Park,2025-04-20,R20,75,0,14:12,D01,Southeast,2026-06-25T06:46:29.225Z,2026-06-25T06:46:49.688Z
C006727,P005,Lakeview Terrace,2025-05-04,R19,155,0,16:42,D01,Midwest,2026-06-25T06:46:29.225Z,2026-06-25T06:46:49.688Z
C006734,P003,Green Oaks,2025-04-05,R11,151,2,19:04,D02,Southeast,2026-06-25T06:46:29.225Z,2026-06-25T06:46:49.688Z
C006747,P005,Lakeview Terrace,2025-02-17,R15,84,2,18:01,D09,Midwest,2026-06-25T06:46:29.225Z,2026-06-25T06:46:49.688Z
C006749,P005,Lakeview Terrace,2025-04-25,R15,66,0,14:46,D12,West,2026-06-25T06:46:29.225Z,2026-06-25T06:46:49.688Z
C006783,P004,Birchwood Commons,2025-05-14,R15,114,0,20:03,D01,Southeast,2026-06-25T06:46:29.225Z,2026-06-25T06:46:49.688Z
C006785,P002,Maple Court,2025-06-11,R19,67,0,16:30,D03,Southeast,2026-06-25T06:46:29.225Z,2026-06-25T06:46:49.688Z
C006804,P007,Willow Creek,2025-01-14,R15,128,0,20:39,D19,West,2026-06-25T06:46:29.225Z,2026-06-25T06:46:49.688Z
C006819,P003,Green Oaks,2025-04-07,R22,68,0,19:06,D01,Midwest,2026-06-25T06:46:29.225Z,2026-06-25T06:46:49.688Z
C006820,P007,Willow Creek,2025-02-04,R16,106,1,20:34,D20,Northeast,2026-06-25T06:46:29.225Z,2026-06-25T06:46:49.688Z
C006835,P008,Harbor Pointe,2025-02-11,R22,152,1,21:38,D10,Midwest,2026-06-25T06:46:29.225Z,2026-06-25T06:46:49.688Z
C006859,P005,Lakeview Terrace,2025-01-16,R15,107,0,22:43,D14,Northeast,2026-06-25T06:46:29.225Z,2026-06-25T06:46:49.688Z
C006894,P004,Birchwood Commons,2025-02-23,R18,50,2,19:27,D19,Northeast,2026-06-25T06:46:29.225Z,2026-06-25T06:46:49.688Z
C006906,P008,Harbor Pointe,2025-05-11,R10,83,0,20:24,D05,Midwest,2026-06-25T06:46:29.225Z,2026-06-25T06:46:49.688Z
C006919,P004,Birchwood Commons,2025-03-21,R21,152,0,16:32,D15,Northeast,2026-06-25T06:46:29.225Z,2026-06-25T06:46:49.688Z
C006943,P002,Maple Court,2025-03-09,R11,104,0,14:38,D11,Northeast,2026-06-25T06:46:29.225Z,2026-06-25T06:46:49.688Z
C006990,P008,Harbor Pointe,2025-03-23,R11,83,0,14:17,D11,Southeast,2026-06-25T06:46:29.225Z,2026-06-25T06:46:49.688Z
C006022,P007,Willow Creek,2025-06-05,R18,112,1,19:12,D15,Northeast,2026-06-25T06:46:29.225Z,2026-06-25T06:46:49.688Z
C006027,P006,Cedar Park,2025-06-15,R20,138,1,15:39,D20,West,2026-06-25T06:46:29.225Z,2026-06-25T06:46:49.688Z
C006035,P005,Lakeview Terrace,2025-03-14,R24,129,0,18:06,D14,West,2026-06-25T06:46:29.225Z,2026-06-25T06:46:49.688Z
C006037,P003,Green Oaks,2025-03-15,R19,121,0,17:08,D13,Midwest,2026-06-25T06:46:29.225Z,2026-06-25T06:46:49.688Z
C006061,P003,Green Oaks,2025-02-03,R13,110,0,20:20,D14,Midwest,2026-06-25T06:46:29.225Z,2026-06-25T06:46:49.688Z
C006073,P008,Harbor Pointe,2025-05-15,R23,59,0,22:41,D08,Northeast,2026-06-25T06:46:29.225Z,2026-06-25T06:46:49.688Z
C006086,P005,Lakeview Terrace,2025-06-30,R22,101,0,14:00,D05,Northeast,2026-06-25T06:46:29.225Z,2026-06-25T06:46:49.688Z
C006093,P008,Harbor Pointe,2025-03-22,R24,84,1,21:15,D07,West,2026-06-25T06:46:29.225Z,2026-06-25T06:46:49.688Z
C006096,P006,Cedar Park,2025-04-09,R10,132,2,20:48,D13,Northeast,2026-06-25T06:46:29.225Z,2026-06-25T06:46:49.688Z
C006167,P004,Birchwood Commons,2025-01-29,R23,83,0,22:52,D08,Midwest,2026-06-25T06:46:29.225Z,2026-06-25T06:46:49.688Z
C006175,P008,Harbor Pointe,2025-06-20,R23,160,1,14:47,D06,Northeast,2026-06-25T06:46:29.225Z,2026-06-25T06:46:49.688Z
C006189,P001,Sunset Ridge,2025-03-16,R15,90,0,18:08,D04,Southeast,2026-06-25T06:46:29.225Z,2026-06-25T06:46:49.688Z
C006211,P008,Harbor Pointe,2025-03-08,R13,108,0,20:40,D20,West,2026-06-25T06:46:29.225Z,2026-06-25T06:46:49.688Z
C006213,P003,Green Oaks,2025-05-25,R21,152,0,21:09,D09,Midwest,2026-06-25T06:46:29.225Z,2026-06-25T06:46:49.688Z
C006262,P007,Willow Creek,2025-01-12,R22,82,0,17:11,D18,Midwest,2026-06-25T06:46:29.225Z,2026-06-25T06:46:49.688Z
C006268,P001,Sunset Ridge,2025-02-07,R17,142,2,18:14,D17,Midwest,2026-06-25T06:46:29.225Z,2026-06-25T06:46:49.688Z
C006279,P004,Birchwood Commons,2025-03-25,R24,148,0,19:59,D20,West,2026-06-25T06:46:29.225Z,2026-06-25T06:46:49.688Z
C006280,P004,Birchwood Commons,2025-02-02,R20,143,0,22:30,D16,West,2026-06-25T06:46:29.225Z,2026-06-25T06:46:49.688Z
C006300,P002,Maple Court,2025-05-26,R16,94,0,20:55,D04,West,2026-06-25T06:46:29.225Z,2026-06-25T06:46:49.688Z
C006309,P001,Sunset Ridge,2025-01-22,R17,145,0,14:27,D15,West,2026-06-25T06:46:29.225Z,2026-06-25T06:46:49.688Z
C006312,P006,Cedar Park,2025-01-03,R13,71,2,16:52,D03,Southeast,2026-06-25T06:46:29.225Z,2026-06-25T06:46:49.688Z
C006339,P001,Sunset Ridge,2025-02-20,R15,68,0,16:50,D12,West,2026-06-25T06:46:29.225Z,2026-06-25T06:46:49.688Z
C006366,P001,Sunset Ridge,2025-02-14,R21,102,1,18:42,D20,Southeast,2026-06-25T06:46:29.225Z,2026-06-25T06:46:49.688Z
C006418,P001,Sunset Ridge,2025-02-15,R16,133,0,19:02,D13,West,2026-06-25T06:46:29.225Z,2026-06-25T06:46:49.688Z
C006445,P005,Lakeview Terrace,2025-05-29,R12,137,0,16:08,D20,Midwest,2026-06-25T06:46:29.225Z,2026-06-25T06:46:49.688Z
C006457,P003,Green Oaks,2025-05-27,R17,145,0,20:47,D05,Midwest,2026-06-25T06:46:29.225Z,2026-06-25T06:46:49.688Z
C006502,P008,Harbor Pointe,2025-03-05,R15,81,2,14:16,D13,Southeast,2026-06-25T06:46:29.225Z,2026-06-25T06:46:49.688Z
C006511,P003,Green Oaks,2025-02-20,R18,103,0,15:04,D15,Southeast,2026-06-25T06:46:29.225Z,2026-06-25T06:46:49.688Z
C006535,P004,Birchwood Commons,2025-02-22,R24,136,0,14:48,D15,Southeast,2026-06-25T06:46:29.225Z,2026-06-25T06:46:49.688Z
C006566,P001,Sunset Ridge,2025-06-23,R15,55,0,22:26,D12,Southeast,2026-06-25T06:46:29.225Z,2026-06-25T06:46:49.688Z
C006574,P005,Lakeview Terrace,2025-02-14,R14,129,0,20:56,D05,West,2026-06-25T06:46:29.225Z,2026-06-25T06:46:49.688Z
C006579,P006,Cedar Park,2025-02-27,R12,57,2,22:45,D16,Northeast,2026-06-25T06:46:29.225Z,2026-06-25T06:46:49.688Z
C006616,P005,Lakeview Terrace,2025-06-18,R21,121,0,19:42,D07,West,2026-06-25T06:46:29.225Z,2026-06-25T06:46:49.688Z
C006646,P002,Maple Court,2025-01-13,R19,104,0,16:30,D06,Northeast,2026-06-25T06:46:29.225Z,2026-06-25T06:46:49.688Z
C006650,P005,Lakeview Terrace,2025-01-14,R10,136,0,16:29,D15,West,2026-06-25T06:46:29.225Z,2026-06-25T06:46:49.688Z
C006655,P001,Sunset Ridge,2025-04-10,R24,62,0,15:11,D19,Southeast,2026-06-25T06:46:29.225Z,2026-06-25T06:46:49.688Z
C006663,P005,Lakeview Terrace,2025-02-10,R16,94,3,21:55,D13,Midwest,2026-06-25T06:46:29.225Z,2026-06-25T06:46:49.688Z
C006664,P008,Harbor Pointe,2025-02-12,R16,49,0,21:19,D15,Southeast,2026-06-25T06:46:29.225Z,2026-06-25T06:46:49.688Z
C006673,P004,Birchwood Commons,2025-04-01,R16,73,3,19:16,D18,West,2026-06-25T06:46:29.225Z,2026-06-25T06:46:49.688Z
C006676,P005,Lakeview Terrace,2025-05-03,R19,103,0,22:20,D02,West,2026-06-25T06:46:29.225Z,2026-06-25T06:46:49.688Z
C006685,P002,Maple Court,2025-04-15,R19,101,0,16:45,D19,Northeast,2026-06-25T06:46:29.225Z,2026-06-25T06:46:49.688Z
C006711,P007,Willow Creek,2025-03-02,R17,94,0,21:17,D10,Midwest,2026-06-25T06:46:29.225Z,2026-06-25T06:46:49.688Z
C006740,P005,Lakeview Terrace,2025-01-21,R23,63,0,20:46,D10,Midwest,2026-06-25T06:46:29.225Z,2026-06-25T06:46:49.688Z
C006741,P007,Willow Creek,2025-06-01,R20,142,0,18:46,D13,Southeast,2026-06-25T06:46:29.225Z,2026-06-25T06:46:49.688Z
C006755,P002,Maple Court,2025-01-17,R17,70,0,17:23,D18,Midwest,2026-06-25T06:46:29.225Z,2026-06-25T06:46:49.688Z
C006826,P003,Green Oaks,2025-06-11,R22,131,0,21:03,D10,Northeast,2026-06-25T06:46:29.225Z,2026-06-25T06:46:49.688Z
C006830,P006,Cedar Park,2025-06-25,R13,159,2,15:11,D02,Southeast,2026-06-25T06:46:29.225Z,2026-06-25T06:46:49.688Z
C006844,P002,Maple Court,2025-06-27,R17,88,0,21:00,D16,Southeast,2026-06-25T06:46:29.225Z,2026-06-25T06:46:49.688Z
C006861,P004,Birchwood Commons,2025-06-18,R22,141,2,17:15,D17,Midwest,2026-06-25T06:46:29.225Z,2026-06-25T06:46:49.688Z
C006869,P008,Harbor Pointe,2025-04-14,R22,139,0,22:54,D14,West,2026-06-25T06:46:29.225Z,2026-06-25T06:46:49.688Z
C006873,P002,Maple Court,2025-03-07,R10,130,0,17:15,D05,Northeast,2026-06-25T06:46:29.225Z,2026-06-25T06:46:49.688Z
C006896,P004,Birchwood Commons,2025-01-04,R16,155,1,15:41,D03,Midwest,2026-06-25T06:46:29.225Z,2026-06-25T06:46:49.688Z
C006917,P002,Maple Court,2025-02-19,R22,68,3,17:00,D20,Midwest,2026-06-25T06:46:29.225Z,2026-06-25T06:46:49.688Z
C006942,P001,Sunset Ridge,2025-04-23,R16,55,0,22:57,D08,Northeast,2026-06-25T06:46:29.225Z,2026-06-25T06:46:49.688Z
C006971,P003,Green Oaks,2025-01-11,R18,136,0,16:10,D07,Northeast,2026-06-25T06:46:29.225Z,2026-06-25T06:46:49.688Z
C006973,P003,Green Oaks,2025-05-27,R12,81,0,15:41,D16,Northeast,2026-06-25T06:46:29.225Z,2026-06-25T06:46:49.688Z
C006975,P006,Cedar Park,2025-03-22,R16,65,0,22:12,D14,West,2026-06-25T06:46:29.225Z,2026-06-25T06:46:49.688Z
C006976,P008,Harbor Pointe,2025-04-15,R10,66,0,15:47,D01,Southeast,2026-06-25T06:46:29.225Z,2026-06-25T06:46:49.688Z
C006982,P008,Harbor Pointe,2025-01-17,R13,127,0,18:50,D13,West,2026-06-25T06:46:29.225Z,2026-06-25T06:46:49.688Z
C006993,P004,Birchwood Commons,2025-05-18,R24,62,0,20:12,D11,Northeast,2026-06-25T06:46:29.225Z,2026-06-25T06:46:49.688Z
C006006,P002,Maple Court,2025-05-06,R23,42,2,17:47,D16,Northeast,2026-06-25T06:46:29.225Z,2026-06-25T06:46:49.688Z
C006028,P004,Birchwood Commons,2025-06-20,R12,68,0,14:41,D10,West,2026-06-25T06:46:29.225Z,2026-06-25T06:46:49.688Z
C006047,P005,Lakeview Terrace,2025-05-05,R18,98,0,22:19,D04,Midwest,2026-06-25T06:46:29.225Z,2026-06-25T06:46:49.688Z
C006076,P001,Sunset Ridge,2025-01-23,R22,152,0,18:04,D14,West,2026-06-25T06:46:29.225Z,2026-06-25T06:46:49.688Z
C006079,P005,Lakeview Terrace,2025-05-02,R15,140,0,22:19,D18,West,2026-06-25T06:46:29.225Z,2026-06-25T06:46:49.688Z
C006081,P001,Sunset Ridge,2025-03-30,R24,103,1,16:01,D02,Southeast,2026-06-25T06:46:29.225Z,2026-06-25T06:46:49.688Z
C006090,P006,Cedar Park,2025-06-25,R17,56,0,22:38,D01,Southeast,2026-06-25T06:46:29.225Z,2026-06-25T06:46:49.688Z
C006098,P001,Sunset Ridge,2025-01-29,R10,62,0,19:22,D09,West,2026-06-25T06:46:29.225Z,2026-06-25T06:46:49.688Z
C006114,P006,Cedar Park,2025-04-18,R21,148,0,21:19,D02,Midwest,2026-06-25T06:46:29.225Z,2026-06-25T06:46:49.688Z
C006121,P008,Harbor Pointe,2025-02-15,R14,138,1,17:21,D04,Northeast,2026-06-25T06:46:29.225Z,2026-06-25T06:46:49.688Z
C006125,P005,Lakeview Terrace,2025-03-12,R20,93,0,14:11,D13,Midwest,2026-06-25T06:46:29.225Z,2026-06-25T06:46:49.688Z
C006142,P003,Green Oaks,2025-02-21,R10,72,0,17:01,D02,West,2026-06-25T06:46:29.225Z,2026-06-25T06:46:49.688Z
C006149,P003,Green Oaks,2025-01-06,R22,129,0,14:00,D01,Southeast,2026-06-25T06:46:29.225Z,2026-06-25T06:46:49.688Z
C006152,P007,Willow Creek,2025-06-04,R11,121,0,21:26,D06,Northeast,2026-06-25T06:46:29.225Z,2026-06-25T06:46:49.688Z
C006170,P001,Sunset Ridge,2025-04-03,R18,129,0,16:22,D16,Midwest,2026-06-25T06:46:29.225Z,2026-06-25T06:46:49.688Z
C006182,P005,Lakeview Terrace,2025-03-17,R23,47,3,17:30,D03,Northeast,2026-06-25T06:46:29.225Z,2026-06-25T06:46:49.688Z
C006202,P002,Maple Court,2025-03-23,R23,129,0,14:31,D07,West,2026-06-25T06:46:29.225Z,2026-06-25T06:46:49.688Z
C006217,P008,Harbor Pointe,2025-01-25,R19,62,3,14:35,D06,Midwest,2026-06-25T06:46:29.225Z,2026-06-25T06:46:49.688Z
C006223,P006,Cedar Park,2025-02-25,R10,90,1,20:44,D13,West,2026-06-25T06:46:29.225Z,2026-06-25T06:46:49.688Z
C006252,P008,Harbor Pointe,2025-03-28,R19,79,0,21:25,D07,Southeast,2026-06-25T06:46:29.225Z,2026-06-25T06:46:49.688Z
C006260,P007,Willow Creek,2025-01-05,R13,107,0,17:47,D09,West,2026-06-25T06:46:29.225Z,2026-06-25T06:46:49.688Z
C006302,P007,Willow Creek,2025-05-03,R12,159,2,15:32,D05,Midwest,2026-06-25T06:46:29.225Z,2026-06-25T06:46:49.688Z
C006317,P004,Birchwood Commons,2025-03-20,R22,90,0,21:39,D17,Midwest,2026-06-25T06:46:29.225Z,2026-06-25T06:46:49.688Z
C006323,P008,Harbor Pointe,2025-04-21,R18,155,0,16:03,D19,Midwest,2026-06-25T06:46:29.225Z,2026-06-25T06:46:49.688Z
C006340,P001,Sunset Ridge,2025-02-14,R23,142,2,18:38,D16,Southeast,2026-06-25T06:46:29.225Z,2026-06-25T06:46:49.688Z
C006349,P003,Green Oaks,2025-02-22,R10,87,1,22:50,D18,West,2026-06-25T06:46:29.225Z,2026-06-25T06:46:49.688Z
C006350,P005,Lakeview Terrace,2025-05-26,R18,85,0,17:44,D02,West,2026-06-25T06:46:29.225Z,2026-06-25T06:46:49.688Z
C006361,P007,Willow Creek,2025-02-04,R23,49,2,16:07,D13,West,2026-06-25T06:46:29.225Z,2026-06-25T06:46:49.688Z
C006371,P002,Maple Court,2025-04-28,R15,83,2,19:05,D18,Northeast,2026-06-25T06:46:29.225Z,2026-06-25T06:46:49.688Z
C006385,P008,Harbor Pointe,2025-04-26,R21,91,0,17:13,D19,West,2026-06-25T06:46:29.225Z,2026-06-25T06:46:49.688Z
C006413,P003,Green Oaks,2025-02-25,R18,135,0,16:50,D05,Southeast,2026-06-25T06:46:29.225Z,2026-06-25T06:46:49.688Z
C006435,P004,Birchwood Commons,2025-04-30,R20,115,0,21:03,D05,Southeast,2026-06-25T06:46:29.225Z,2026-06-25T06:46:49.688Z
C006438,P005,Lakeview Terrace,2025-05-31,R13,102,1,21:55,D02,Midwest,2026-06-25T06:46:29.225Z,2026-06-25T06:46:49.688Z
C006451,P001,Sunset Ridge,2025-05-14,R18,160,0,14:30,D19,Northeast,2026-06-25T06:46:29.225Z,2026-06-25T06:46:49.688Z
C006468,P007,Willow Creek,2025-02-21,R23,132,0,14:47,D11,West,2026-06-25T06:46:29.225Z,2026-06-25T06:46:49.688Z
C006549,P006,Cedar Park,2025-05-21,R21,63,0,14:04,D01,Southeast,2026-06-25T06:46:29.225Z,2026-06-25T06:46:49.688Z
C006551,P001,Sunset Ridge,2025-05-06,R17,74,0,14:23,D04,West,2026-06-25T06:46:29.225Z,2026-06-25T06:46:49.688Z
C006615,P003,Green Oaks,2025-02-12,R11,145,0,16:17,D01,West,2026-06-25T06:46:29.225Z,2026-06-25T06:46:49.688Z
C006629,P006,Cedar Park,2025-04-23,R14,146,1,16:10,D09,Southeast,2026-06-25T06:46:29.225Z,2026-06-25T06:46:49.688Z
C006639,P001,Sunset Ridge,2025-03-15,R16,72,0,17:12,D19,Northeast,2026-06-25T06:46:29.225Z,2026-06-25T06:46:49.688Z
C006649,P006,Cedar Park,2025-01-28,R23,157,0,14:59,D04,Southeast,2026-06-25T06:46:29.225Z,2026-06-25T06:46:49.688Z
C006675,P001,Sunset Ridge,2025-03-16,R21,138,2,18:13,D13,Midwest,2026-06-25T06:46:29.225Z,2026-06-25T06:46:49.688Z
C006678,P002,Maple Court,2025-03-01,R15,107,0,14:34,D13,West,2026-06-25T06:46:29.225Z,2026-06-25T06:46:49.688Z
C006689,P008,Harbor Pointe,2025-06-30,R11,107,0,18:26,D15,Southeast,2026-06-25T06:46:29.225Z,2026-06-25T06:46:49.688Z
C006690,P004,Birchwood Commons,2025-05-22,R17,67,0,15:26,D19,Midwest,2026-06-25T06:46:29.225Z,2026-06-25T06:46:49.688Z
C006704,P003,Green Oaks,2025-01-06,R23,81,2,18:54,D10,West,2026-06-25T06:46:29.225Z,2026-06-25T06:46:49.688Z
C006705,P003,Green Oaks,2025-03-22,R21,75,0,16:57,D03,Midwest,2026-06-25T06:46:29.225Z,2026-06-25T06:46:49.688Z
C006725,P006,Cedar Park,2025-03-20,R21,71,1,17:22,D13,West,2026-06-25T06:46:29.225Z,2026-06-25T06:46:49.688Z
C006733,P002,Maple Court,2025-01-10,R16,65,0,21:56,D12,Southeast,2026-06-25T06:46:29.225Z,2026-06-25T06:46:49.688Z
C006744,P008,Harbor Pointe,2025-04-02,R14,71,0,22:50,D19,Northeast,2026-06-25T06:46:29.225Z,2026-06-25T06:46:49.688Z
C006750,P007,Willow Creek,2025-06-30,R16,159,0,16:47,D14,Midwest,2026-06-25T06:46:29.225Z,2026-06-25T06:46:49.688Z
C006781,P005,Lakeview Terrace,2025-02-04,R17,74,0,15:41,D09,Southeast,2026-06-25T06:46:29.225Z,2026-06-25T06:46:49.688Z
C006790,P002,Maple Court,2025-04-16,R15,56,0,22:39,D08,Midwest,2026-06-25T06:46:29.225Z,2026-06-25T06:46:49.688Z
C006793,P003,Green Oaks,2025-01-30,R21,141,0,21:43,D14,Midwest,2026-06-25T06:46:29.225Z,2026-06-25T06:46:49.688Z
C006822,P001,Sunset Ridge,2025-06-14,R24,80,0,16:16,D04,Southeast,2026-06-25T06:46:29.225Z,2026-06-25T06:46:49.688Z
C006853,P007,Willow Creek,2025-03-08,R14,66,1,14:58,D17,Southeast,2026-06-25T06:46:29.225Z,2026-06-25T06:46:49.688Z
C006854,P003,Green Oaks,2025-02-26,R15,98,0,19:01,D09,Southeast,2026-06-25T06:46:29.225Z,2026-06-25T06:46:49.688Z
C006862,P007,Willow Creek,2025-02-20,R18,105,0,17:35,D13,Midwest,2026-06-25T06:46:29.225Z,2026-06-25T06:46:49.688Z
C006865,P008,Harbor Pointe,2025-05-03,R13,133,0,19:08,D04,Southeast,2026-06-25T06:46:29.225Z,2026-06-25T06:46:49.688Z
C006875,P007,Willow Creek,2025-06-05,R22,90,0,15:13,D05,Northeast,2026-06-25T06:46:29.225Z,2026-06-25T06:46:49.688Z
C006886,P008,Harbor Pointe,2025-04-04,R23,93,1,21:48,D14,Midwest,2026-06-25T06:46:29.225Z,2026-06-25T06:46:49.688Z
C006893,P006,Cedar Park,2025-06-09,R20,50,1,21:25,D19,Midwest,2026-06-25T06:46:29.225Z,2026-06-25T06:46:49.688Z
C006911,P004,Birchwood Commons,2025-04-20,R23,142,0,21:36,D08,Southeast,2026-06-25T06:46:29.225Z,2026-06-25T06:46:49.688Z
C006915,P004,Birchwood Commons,2025-02-17,R12,50,0,15:04,D19,Southeast,2026-06-25T06:46:29.225Z,2026-06-25T06:46:49.688Z
C006916,P007,Willow Creek,2025-02-03,R22,126,0,16:15,D16,West,2026-06-25T06:46:29.225Z,2026-06-25T06:46:49.688Z
C006920,P006,Cedar Park,2025-06-12,R16,80,0,20:57,D18,West,2026-06-25T06:46:29.225Z,2026-06-25T06:46:49.688Z
C006931,P003,Green Oaks,2025-03-14,R13,154,2,22:06,D14,Midwest,2026-06-25T06:46:29.225Z,2026-06-25T06:46:49.688Z
C006933,P003,Green Oaks,2025-01-25,R18,106,0,17:25,D07,Northeast,2026-06-25T06:46:29.225Z,2026-06-25T06:46:49.688Z
C006934,P006,Cedar Park,2025-05-18,R22,66,2,17:05,D12,Southeast,2026-06-25T06:46:29.225Z,2026-06-25T06:46:49.688Z
C006941,P007,Willow Creek,2025-06-06,R11,135,0,21:22,D14,Northeast,2026-06-25T06:46:29.225Z,2026-06-25T06:46:49.688Z
C006944,P003,Green Oaks,2025-03-27,R14,53,0,19:59,D05,West,2026-06-25T06:46:29.225Z,2026-06-25T06:46:49.688Z
C006955,P002,Maple Court,2025-03-03,R16,145,2,22:19,D17,Midwest,2026-06-25T06:46:29.225Z,2026-06-25T06:46:49.688Z
C006959,P001,Sunset Ridge,2025-06-22,R18,50,0,22:30,D08,Midwest,2026-06-25T06:46:29.225Z,2026-06-25T06:46:49.688Z
C006960,P008,Harbor Pointe,2025-01-14,R20,145,0,20:15,D05,West,2026-06-25T06:46:29.225Z,2026-06-25T06:46:49.688Z
C006992,P006,Cedar Park,2025-06-23,R22,117,0,15:13,D06,West,2026-06-25T06:46:29.225Z,2026-06-25T06:46:49.688Z
C006995,P006,Cedar Park,2025-01-23,R17,50,0,21:15,D06,Midwest,2026-06-25T06:46:29.225Z,2026-06-25T06:46:49.688Z
C006015,P005,Lakeview Terrace,2025-05-09,R21,152,0,17:03,D13,Northeast,2026-06-25T06:46:29.225Z,2026-06-25T06:46:49.688Z
C006031,P001,Sunset Ridge,2025-04-11,R16,63,0,22:47,D17,Southeast,2026-06-25T06:46:29.225Z,2026-06-25T06:46:49.688Z
C006043,P007,Willow Creek,2025-02-03,R18,142,0,19:48,D04,West,2026-06-25T06:46:29.225Z,2026-06-25T06:46:49.688Z
C006068,P002,Maple Court,2025-03-10,R19,111,0,14:28,D01,Midwest,2026-06-25T06:46:29.225Z,2026-06-25T06:46:49.688Z
C006074,P002,Maple Court,2025-04-13,R24,95,0,15:42,D20,Southeast,2026-06-25T06:46:29.225Z,2026-06-25T06:46:49.688Z
C006082,P001,Sunset Ridge,2025-04-02,R11,112,0,21:18,D07,Northeast,2026-06-25T06:46:29.225Z,2026-06-25T06:46:49.688Z
C006084,P001,Sunset Ridge,2025-06-12,R21,128,0,22:17,D14,Southeast,2026-06-25T06:46:29.225Z,2026-06-25T06:46:49.688Z
C006126,P007,Willow Creek,2025-03-04,R14,49,1,20:40,D06,West,2026-06-25T06:46:29.225Z,2026-06-25T06:46:49.688Z
C006134,P006,Cedar Park,2025-05-10,R16,111,0,17:14,D11,Northeast,2026-06-25T06:46:29.225Z,2026-06-25T06:46:49.688Z
C006173,P006,Cedar Park,2025-04-30,R12,135,1,15:17,D18,Midwest,2026-06-25T06:46:29.225Z,2026-06-25T06:46:49.688Z
C006186,P008,Harbor Pointe,2025-05-31,R18,99,0,14:27,D15,West,2026-06-25T06:46:29.225Z,2026-06-25T06:46:49.688Z
C006205,P007,Willow Creek,2025-01-09,R20,115,1,16:20,D08,Midwest,2026-06-25T06:46:29.225Z,2026-06-25T06:46:49.688Z
C006212,P002,Maple Court,2025-04-22,R24,50,2,14:21,D03,Midwest,2026-06-25T06:46:29.225Z,2026-06-25T06:46:49.688Z
C006214,P008,Harbor Pointe,2025-01-05,R17,103,1,22:14,D13,West,2026-06-25T06:46:29.225Z,2026-06-25T06:46:49.688Z
C006224,P006,Cedar Park,2025-04-20,R15,42,0,22:41,D01,Southeast,2026-06-25T06:46:29.225Z,2026-06-25T06:46:49.688Z
C006245,P006,Cedar Park,2025-04-21,R14,139,0,14:10,D13,Southeast,2026-06-25T06:46:29.225Z,2026-06-25T06:46:49.688Z
C006258,P006,Cedar Park,2025-04-05,R18,56,1,17:35,D11,Northeast,2026-06-25T06:46:29.225Z,2026-06-25T06:46:49.688Z
C006267,P008,Harbor Pointe,2025-05-11,R18,106,0,15:19,D16,Northeast,2026-06-25T06:46:29.225Z,2026-06-25T06:46:49.688Z
C006291,P005,Lakeview Terrace,2025-03-11,R13,43,0,16:52,D19,West,2026-06-25T06:46:29.225Z,2026-06-25T06:46:49.688Z
C006359,P008,Harbor Pointe,2025-05-31,R22,95,0,15:07,D04,Northeast,2026-06-25T06:46:29.225Z,2026-06-25T06:46:49.688Z
C006379,P005,Lakeview Terrace,2025-01-29,R16,78,0,18:11,D03,Northeast,2026-06-25T06:46:29.225Z,2026-06-25T06:46:49.688Z
C006397,P008,Harbor Pointe,2025-04-29,R15,150,0,14:33,D01,Northeast,2026-06-25T06:46:29.225Z,2026-06-25T06:46:49.688Z
C006425,P005,Lakeview Terrace,2025-06-23,R24,62,1,16:02,D16,Southeast,2026-06-25T06:46:29.225Z,2026-06-25T06:46:49.688Z
C006456,P003,Green Oaks,2025-05-26,R20,58,0,20:46,D17,Northeast,2026-06-25T06:46:29.225Z,2026-06-25T06:46:49.688Z
C006459,P006,Cedar Park,2025-05-12,R19,104,0,15:40,D14,Southeast,2026-06-25T06:46:29.225Z,2026-06-25T06:46:49.688Z
C006461,P004,Birchwood Commons,2025-01-05,R16,132,0,16:28,D05,Northeast,2026-06-25T06:46:29.225Z,2026-06-25T06:46:49.688Z
C006464,P006,Cedar Park,2025-01-27,R13,58,1,19:03,D04,West,2026-06-25T06:46:29.225Z,2026-06-25T06:46:49.688Z
C006474,P002,Maple Court,2025-06-08,R19,88,0,20:37,D15,West,2026-06-25T06:46:29.225Z,2026-06-25T06:46:49.688Z
C006478,P008,Harbor Pointe,2025-04-21,R17,100,0,18:45,D09,Midwest,2026-06-25T06:46:29.225Z,2026-06-25T06:46:49.688Z
C006491,P006,Cedar Park,2025-04-20,R14,116,1,17:06,D10,Northeast,2026-06-25T06:46:29.225Z,2026-06-25T06:46:49.688Z
C006492,P006,Cedar Park,2025-03-05,R11,65,1,17:58,D17,West,2026-06-25T06:46:29.225Z,2026-06-25T06:46:49.688Z
C006497,P005,Lakeview Terrace,2025-05-16,R23,40,1,20:39,D15,Midwest,2026-06-25T06:46:29.225Z,2026-06-25T06:46:49.688Z
C006518,P003,Green Oaks,2025-04-29,R14,156,1,16:35,D12,West,2026-06-25T06:46:29.225Z,2026-06-25T06:46:49.688Z
C006519,P001,Sunset Ridge,2025-03-08,R22,87,0,16:47,D16,West,2026-06-25T06:46:29.225Z,2026-06-25T06:46:49.688Z
C006521,P008,Harbor Pointe,2025-04-26,R19,143,1,21:20,D03,Southeast,2026-06-25T06:46:29.225Z,2026-06-25T06:46:49.688Z
C006524,P002,Maple Court,2025-03-11,R17,46,0,22:09,D19,Midwest,2026-06-25T06:46:29.225Z,2026-06-25T06:46:49.688Z
C006530,P004,Birchwood Commons,2025-04-08,R23,160,0,17:49,D18,Northeast,2026-06-25T06:46:29.225Z,2026-06-25T06:46:49.688Z
C006541,P002,Maple Court,2025-03-21,R24,48,0,17:22,D10,West,2026-06-25T06:46:29.225Z,2026-06-25T06:46:49.688Z
C006547,P007,Willow Creek,2025-05-14,R15,144,0,17:48,D10,Southeast,2026-06-25T06:46:29.225Z,2026-06-25T06:46:49.688Z
C006561,P006,Cedar Park,2025-06-13,R16,159,0,19:25,D06,Southeast,2026-06-25T06:46:29.225Z,2026-06-25T06:46:49.688Z
C006563,P005,Lakeview Terrace,2025-03-18,R17,86,0,17:48,D15,West,2026-06-25T06:46:29.225Z,2026-06-25T06:46:49.688Z
C006582,P004,Birchwood Commons,2025-06-05,R16,148,0,14:36,D18,Southeast,2026-06-25T06:46:29.225Z,2026-06-25T06:46:49.688Z
C006585,P005,Lakeview Terrace,2025-05-14,R15,116,0,18:10,D03,Southeast,2026-06-25T06:46:29.225Z,2026-06-25T06:46:49.688Z
C006612,P002,Maple Court,2025-03-04,R13,92,2,22:10,D06,Southeast,2026-06-25T06:46:29.225Z,2026-06-25T06:46:49.688Z
C006617,P003,Green Oaks,2025-02-09,R11,136,1,17:56,D11,Southeast,2026-06-25T06:46:29.225Z,2026-06-25T06:46:49.688Z
C006643,P004,Birchwood Commons,2025-01-29,R12,77,0,17:00,D17,West,2026-06-25T06:46:29.225Z,2026-06-25T06:46:49.688Z
C006667,P005,Lakeview Terrace,2025-05-17,R13,101,0,15:39,D13,Southeast,2026-06-25T06:46:29.225Z,2026-06-25T06:46:49.688Z
C006708,P007,Willow Creek,2025-06-16,R13,71,1,19:11,D08,Southeast,2026-06-25T06:46:29.225Z,2026-06-25T06:46:49.688Z
C006729,P002,Maple Court,2025-01-19,R24,86,1,21:30,D01,Southeast,2026-06-25T06:46:29.225Z,2026-06-25T06:46:49.688Z
C006770,P002,Maple Court,2025-06-25,R18,81,0,16:09,D20,Southeast,2026-06-25T06:46:29.225Z,2026-06-25T06:46:49.688Z
C006807,P002,Maple Court,2025-03-09,R10,94,2,19:49,D15,Midwest,2026-06-25T06:46:29.225Z,2026-06-25T06:46:49.688Z
C006815,P005,Lakeview Terrace,2025-04-22,R24,95,0,19:06,D17,Northeast,2026-06-25T06:46:29.225Z,2026-06-25T06:46:49.688Z
C006818,P002,Maple Court,2025-01-22,R17,157,0,18:26,D03,Southeast,2026-06-25T06:46:29.225Z,2026-06-25T06:46:49.688Z
C006823,P001,Sunset Ridge,2025-03-11,R21,96,1,20:23,D04,Midwest,2026-06-25T06:46:29.225Z,2026-06-25T06:46:49.688Z
C006829,P005,Lakeview Terrace,2025-04-14,R21,69,1,15:22,D07,Midwest,2026-06-25T06:46:29.225Z,2026-06-25T06:46:49.688Z
C006848,P005,Lakeview Terrace,2025-03-29,R21,116,1,15:42,D18,West,2026-06-25T06:46:29.225Z,2026-06-25T06:46:49.688Z
C006850,P004,Birchwood Commons,2025-06-28,R21,114,0,16:10,D13,West,2026-06-25T06:46:29.225Z,2026-06-25T06:46:49.688Z
C006864,P003,Green Oaks,2025-03-31,R13,82,0,14:31,D20,Midwest,2026-06-25T06:46:29.225Z,2026-06-25T06:46:49.688Z
C006872,P004,Birchwood Commons,2025-02-25,R21,102,0,18:02,D14,Midwest,2026-06-25T06:46:29.225Z,2026-06-25T06:46:49.688Z
C006882,P005,Lakeview Terrace,2025-04-06,R22,81,0,17:24,D10,West,2026-06-25T06:46:29.225Z,2026-06-25T06:46:49.688Z
C006891,P005,Lakeview Terrace,2025-02-06,R15,85,2,20:21,D06,Midwest,2026-06-25T06:46:29.225Z,2026-06-25T06:46:49.688Z
C006899,P003,Green Oaks,2025-01-18,R18,96,0,22:37,D20,West,2026-06-25T06:46:29.225Z,2026-06-25T06:46:49.688Z
C006918,P006,Cedar Park,2025-01-26,R12,71,3,21:34,D01,Midwest,2026-06-25T06:46:29.225Z,2026-06-25T06:46:49.688Z
C006922,P006,Cedar Park,2025-01-09,R24,111,0,19:58,D07,Southeast,2026-06-25T06:46:29.225Z,2026-06-25T06:46:49.688Z
C006935,P004,Birchwood Commons,2025-06-11,R15,95,0,15:52,D04,West,2026-06-25T06:46:29.225Z,2026-06-25T06:46:49.688Z
C006958,P001,Sunset Ridge,2025-01-01,R16,125,0,14:16,D12,Southeast,2026-06-25T06:46:29.225Z,2026-06-25T06:46:49.688Z
C006974,P005,Lakeview Terrace,2025-05-05,R19,96,0,21:22,D13,Northeast,2026-06-25T06:46:29.225Z,2026-06-25T06:46:49.688Z
C006010,P006,Cedar Park,2025-03-28,R13,143,0,20:51,D10,Southeast,2026-06-25T06:46:29.225Z,2026-06-25T06:46:49.688Z
C006013,P001,Sunset Ridge,2025-02-27,R18,138,0,14:50,D09,Southeast,2026-06-25T06:46:29.225Z,2026-06-25T06:46:49.688Z
C006014,P007,Willow Creek,2025-05-18,R24,128,2,15:06,D06,Northeast,2026-06-25T06:46:29.225Z,2026-06-25T06:46:49.688Z
C006025,P003,Green Oaks,2025-01-09,R20,123,0,17:42,D16,Southeast,2026-06-25T06:46:29.225Z,2026-06-25T06:46:49.688Z
C006026,P001,Sunset Ridge,2025-01-26,R24,118,0,19:45,D02,West,2026-06-25T06:46:29.225Z,2026-06-25T06:46:49.688Z
C006071,P008,Harbor Pointe,2025-05-24,R20,123,0,18:39,D11,Northeast,2026-06-25T06:46:29.225Z,2026-06-25T06:46:49.688Z
C006099,P004,Birchwood Commons,2025-06-14,R13,76,0,21:39,D17,Northeast,2026-06-25T06:46:29.225Z,2026-06-25T06:46:49.688Z
C006108,P002,Maple Court,2025-06-04,R14,68,0,20:36,D09,West,2026-06-25T06:46:29.225Z,2026-06-25T06:46:49.688Z
C006123,P005,Lakeview Terrace,2025-02-22,R20,155,0,14:08,D17,Southeast,2026-06-25T06:46:29.225Z,2026-06-25T06:46:49.688Z
C006137,P006,Cedar Park,2025-01-12,R17,131,2,17:52,D07,Southeast,2026-06-25T06:46:29.225Z,2026-06-25T06:46:49.688Z
C006148,P005,Lakeview Terrace,2025-03-18,R21,116,0,16:10,D10,Midwest,2026-06-25T06:46:29.225Z,2026-06-25T06:46:49.688Z
C006158,P005,Lakeview Terrace,2025-02-17,R15,143,0,22:36,D16,West,2026-06-25T06:46:29.225Z,2026-06-25T06:46:49.688Z
C006181,P005,Lakeview Terrace,2025-01-07,R23,132,0,17:08,D14,Southeast,2026-06-25T06:46:29.225Z,2026-06-25T06:46:49.688Z
C006187,P007,Willow Creek,2025-03-16,R20,159,0,17:02,D15,Southeast,2026-06-25T06:46:29.225Z,2026-06-25T06:46:49.688Z
C006209,P006,Cedar Park,2025-03-20,R21,115,1,18:39,D05,Northeast,2026-06-25T06:46:29.225Z,2026-06-25T06:46:49.688Z
C006219,P006,Cedar Park,2025-05-31,R21,54,1,16:24,D13,Southeast,2026-06-25T06:46:29.225Z,2026-06-25T06:46:49.688Z
C006225,P001,Sunset Ridge,2025-03-28,R20,117,1,14:35,D07,Southeast,2026-06-25T06:46:29.225Z,2026-06-25T06:46:49.688Z
C006250,P005,Lakeview Terrace,2025-04-16,R14,72,0,17:46,D08,West,2026-06-25T06:46:29.225Z,2026-06-25T06:46:49.688Z
C006255,P002,Maple Court,2025-04-13,R15,48,1,16:07,D14,West,2026-06-25T06:46:29.225Z,2026-06-25T06:46:49.688Z
C006256,P007,Willow Creek,2025-04-14,R10,51,1,14:24,D14,Northeast,2026-06-25T06:46:29.225Z,2026-06-25T06:46:49.688Z
C006277,P007,Willow Creek,2025-04-10,R10,50,0,21:42,D09,Southeast,2026-06-25T06:46:29.225Z,2026-06-25T06:46:49.688Z
C006282,P004,Birchwood Commons,2025-03-30,R17,74,0,14:49,D05,Midwest,2026-06-25T06:46:29.225Z,2026-06-25T06:46:49.688Z
C006289,P003,Green Oaks,2025-04-09,R23,97,1,14:17,D08,Northeast,2026-06-25T06:46:29.225Z,2026-06-25T06:46:49.688Z
C006293,P005,Lakeview Terrace,2025-02-09,R23,153,0,22:48,D01,Northeast,2026-06-25T06:46:29.225Z,2026-06-25T06:46:49.688Z
C006294,P007,Willow Creek,2025-06-28,R21,132,0,22:40,D20,Southeast,2026-06-25T06:46:29.225Z,2026-06-25T06:46:49.688Z
C006297,P002,Maple Court,2025-02-19,R15,153,0,20:07,D13,Midwest,2026-06-25T06:46:29.225Z,2026-06-25T06:46:49.688Z
C006335,P001,Sunset Ridge,2025-01-07,R24,152,2,15:26,D17,Southeast,2026-06-25T06:46:29.225Z,2026-06-25T06:46:49.688Z
C006386,P001,Sunset Ridge,2025-05-10,R17,54,0,15:39,D10,West,2026-06-25T06:46:29.225Z,2026-06-25T06:46:49.688Z
C006395,P004,Birchwood Commons,2025-04-13,R16,151,0,16:46,D10,Northeast,2026-06-25T06:46:29.225Z,2026-06-25T06:46:49.688Z
C006414,P005,Lakeview Terrace,2025-02-17,R11,40,0,20:18,D19,West,2026-06-25T06:46:29.225Z,2026-06-25T06:46:49.688Z
C006417,P004,Birchwood Commons,2025-04-06,R12,55,0,19:24,D20,Midwest,2026-06-25T06:46:29.225Z,2026-06-25T06:46:49.688Z
C006424,P006,Cedar Park,2025-05-28,R18,95,0,19:14,D03,Northeast,2026-06-25T06:46:29.225Z,2026-06-25T06:46:49.688Z
C006444,P002,Maple Court,2025-05-06,R12,84,0,16:43,D15,Midwest,2026-06-25T06:46:29.225Z,2026-06-25T06:46:49.688Z
C006470,P002,Maple Court,2025-06-24,R13,156,0,16:42,D01,West,2026-06-25T06:46:29.225Z,2026-06-25T06:46:49.688Z
C006480,P002,Maple Court,2025-02-19,R20,133,3,14:58,D08,Northeast,2026-06-25T06:46:29.225Z,2026-06-25T06:46:49.688Z
C006500,P008,Harbor Pointe,2025-05-22,R15,135,2,22:24,D09,West,2026-06-25T06:46:29.225Z,2026-06-25T06:46:49.688Z
C006529,P005,Lakeview Terrace,2025-03-30,R15,88,0,22:18,D10,Midwest,2026-06-25T06:46:29.225Z,2026-06-25T06:46:49.688Z
C006542,P007,Willow Creek,2025-06-27,R13,115,0,20:10,D10,Southeast,2026-06-25T06:46:29.225Z,2026-06-25T06:46:49.688Z
C006571,P007,Willow Creek,2025-01-02,R13,104,0,16:32,D12,Southeast,2026-06-25T06:46:29.225Z,2026-06-25T06:46:49.688Z
C006604,P002,Maple Court,2025-06-07,R13,126,0,16:11,D02,Midwest,2026-06-25T06:46:29.225Z,2026-06-25T06:46:49.688Z
C006607,P001,Sunset Ridge,2025-01-29,R22,77,1,16:42,D11,Southeast,2026-06-25T06:46:29.225Z,2026-06-25T06:46:49.688Z
C006625,P007,Willow Creek,2025-02-10,R14,88,0,19:55,D01,Midwest,2026-06-25T06:46:29.225Z,2026-06-25T06:46:49.688Z
C006661,P002,Maple Court,2025-01-20,R14,87,0,19:57,D20,Southeast,2026-06-25T06:46:29.225Z,2026-06-25T06:46:49.688Z
C006703,P002,Maple Court,2025-05-10,R16,97,0,16:06,D03,West,2026-06-25T06:46:29.225Z,2026-06-25T06:46:49.688Z
C006720,P003,Green Oaks,2025-02-07,R22,99,2,20:27,D11,Northeast,2026-06-25T06:46:29.225Z,2026-06-25T06:46:49.688Z
C006728,P001,Sunset Ridge,2025-06-29,R11,65,0,17:51,D15,West,2026-06-25T06:46:29.225Z,2026-06-25T06:46:49.688Z
C006743,P003,Green Oaks,2025-05-08,R21,109,0,19:58,D10,Southeast,2026-06-25T06:46:29.225Z,2026-06-25T06:46:49.688Z
C006746,P008,Harbor Pointe,2025-03-27,R24,112,1,22:37,D18,Midwest,2026-06-25T06:46:29.225Z,2026-06-25T06:46:49.688Z
C006772,P008,Harbor Pointe,2025-06-08,R11,122,0,18:32,D10,Northeast,2026-06-25T06:46:29.225Z,2026-06-25T06:46:49.688Z
C006776,P004,Birchwood Commons,2025-01-25,R22,62,0,19:14,D08,West,2026-06-25T06:46:29.225Z,2026-06-25T06:46:49.688Z
C006809,P008,Harbor Pointe,2025-01-11,R20,46,2,17:57,D20,Midwest,2026-06-25T06:46:29.225Z,2026-06-25T06:46:49.688Z
C006867,P006,Cedar Park,2025-03-16,R10,109,0,20:29,D05,Midwest,2026-06-25T06:46:29.225Z,2026-06-25T06:46:49.688Z
C006901,P006,Cedar Park,2025-04-03,R10,81,0,20:55,D02,Midwest,2026-06-25T06:46:29.225Z,2026-06-25T06:46:49.688Z
C006902,P003,Green Oaks,2025-01-28,R20,92,0,14:16,D18,Northeast,2026-06-25T06:46:29.225Z,2026-06-25T06:46:49.688Z
C006905,P003,Green Oaks,2025-01-18,R24,103,0,14:43,D12,Northeast,2026-06-25T06:46:29.225Z,2026-06-25T06:46:49.688Z
C006952,P006,Cedar Park,2025-03-30,R11,75,0,19:20,D18,Midwest,2026-06-25T06:46:29.225Z,2026-06-25T06:46:49.688Z
C006964,P006,Cedar Park,2025-04-18,R14,115,1,17:03,D12,Midwest,2026-06-25T06:46:29.225Z,2026-06-25T06:46:49.688Z
C006970,P003,Green Oaks,2025-01-13,R21,86,3,18:56,D06,West,2026-06-25T06:46:29.225Z,2026-06-25T06:46:49.688Z
C006998,P001,Sunset Ridge,2025-03-26,R20,114,0,17:00,D20,West,2026-06-25T06:46:29.225Z,2026-06-25T06:46:49.688Z
C006021,P005,Lakeview Terrace,2025-04-18,R11,77,3,21:56,D08,Northeast,2026-06-25T06:46:29.225Z,2026-06-25T06:46:49.688Z
C006045,P005,Lakeview Terrace,2025-06-26,R15,73,0,21:01,D11,Southeast,2026-06-25T06:46:29.225Z,2026-06-25T06:46:49.688Z
C006054,P001,Sunset Ridge,2025-05-14,R20,52,0,16:29,D16,Southeast,2026-06-25T06:46:29.225Z,2026-06-25T06:46:49.688Z
C006057,P005,Lakeview Terrace,2025-03-11,R10,156,0,22:00,D07,Southeast,2026-06-25T06:46:29.225Z,2026-06-25T06:46:49.688Z
C006072,P003,Green Oaks,2025-06-05,R22,139,0,17:15,D12,Northeast,2026-06-25T06:46:29.225Z,2026-06-25T06:46:49.688Z
C006101,P007,Willow Creek,2025-04-06,R13,137,0,17:30,D02,West,2026-06-25T06:46:29.225Z,2026-06-25T06:46:49.688Z
C006103,P008,Harbor Pointe,2025-06-15,R23,151,0,19:41,D20,Northeast,2026-06-25T06:46:29.225Z,2026-06-25T06:46:49.688Z
C006109,P004,Birchwood Commons,2025-03-06,R20,79,3,21:24,D17,Midwest,2026-06-25T06:46:29.225Z,2026-06-25T06:46:49.688Z
C006120,P006,Cedar Park,2025-02-16,R23,103,0,15:58,D04,West,2026-06-25T06:46:29.225Z,2026-06-25T06:46:49.688Z
C006127,P006,Cedar Park,2025-01-10,R12,52,1,19:46,D03,Northeast,2026-06-25T06:46:29.225Z,2026-06-25T06:46:49.688Z
C006129,P006,Cedar Park,2025-06-21,R10,73,0,18:34,D12,Midwest,2026-06-25T06:46:29.225Z,2026-06-25T06:46:49.688Z
C006130,P003,Green Oaks,2025-04-10,R23,132,0,17:21,D10,West,2026-06-25T06:46:29.225Z,2026-06-25T06:46:49.688Z
C006159,P003,Green Oaks,2025-04-27,R21,78,0,17:32,D05,Southeast,2026-06-25T06:46:29.225Z,2026-06-25T06:46:49.688Z
C006180,P005,Lakeview Terrace,2025-03-10,R23,138,0,19:48,D07,Midwest,2026-06-25T06:46:29.225Z,2026-06-25T06:46:49.688Z
C006185,P003,Green Oaks,2025-01-20,R12,86,1,16:47,D13,Northeast,2026-06-25T06:46:29.225Z,2026-06-25T06:46:49.688Z
C006190,P001,Sunset Ridge,2025-05-11,R10,75,0,18:37,D03,Southeast,2026-06-25T06:46:29.225Z,2026-06-25T06:46:49.688Z
C006237,P004,Birchwood Commons,2025-01-20,R14,124,2,21:18,D07,Midwest,2026-06-25T06:46:29.225Z,2026-06-25T06:46:49.688Z
C006257,P008,Harbor Pointe,2025-05-10,R18,126,2,16:45,D10,Midwest,2026-06-25T06:46:29.225Z,2026-06-25T06:46:49.688Z
C006270,P008,Harbor Pointe,2025-05-11,R23,82,0,19:00,D02,Northeast,2026-06-25T06:46:29.225Z,2026-06-25T06:46:49.688Z
C006275,P004,Birchwood Commons,2025-06-29,R16,78,0,22:21,D03,West,2026-06-25T06:46:29.225Z,2026-06-25T06:46:49.688Z
C006284,P008,Harbor Pointe,2025-04-03,R15,137,0,18:21,D09,Southeast,2026-06-25T06:46:29.225Z,2026-06-25T06:46:49.688Z
C006311,P004,Birchwood Commons,2025-03-18,R13,91,0,18:10,D12,Northeast,2026-06-25T06:46:29.225Z,2026-06-25T06:46:49.688Z
C006316,P001,Sunset Ridge,2025-05-22,R11,155,0,18:51,D07,Northeast,2026-06-25T06:46:29.225Z,2026-06-25T06:46:49.688Z
C006321,P005,Lakeview Terrace,2025-02-05,R12,118,2,16:48,D03,Southeast,2026-06-25T06:46:29.225Z,2026-06-25T06:46:49.688Z
C006331,P006,Cedar Park,2025-03-30,R19,120,0,16:36,D03,West,2026-06-25T06:46:29.225Z,2026-06-25T06:46:49.688Z
C006338,P003,Green Oaks,2025-06-05,R10,40,0,20:02,D04,Northeast,2026-06-25T06:46:29.225Z,2026-06-25T06:46:49.688Z
C006343,P004,Birchwood Commons,2025-01-21,R15,65,2,15:40,D01,Midwest,2026-06-25T06:46:29.225Z,2026-06-25T06:46:49.688Z
C006347,P003,Green Oaks,2025-06-01,R15,139,0,22:53,D11,West,2026-06-25T06:46:29.225Z,2026-06-25T06:46:49.688Z
C006354,P005,Lakeview Terrace,2025-05-12,R21,124,1,15:46,D05,Midwest,2026-06-25T06:46:29.225Z,2026-06-25T06:46:49.688Z
C006388,P008,Harbor Pointe,2025-02-06,R23,143,2,14:46,D10,Midwest,2026-06-25T06:46:29.225Z,2026-06-25T06:46:49.688Z
C006393,P008,Harbor Pointe,2025-01-31,R12,70,0,14:58,D07,West,2026-06-25T06:46:29.225Z,2026-06-25T06:46:49.688Z
C006434,P007,Willow Creek,2025-02-13,R21,135,0,19:20,D10,Midwest,2026-06-25T06:46:29.225Z,2026-06-25T06:46:49.688Z
C006436,P002,Maple Court,2025-03-18,R21,89,0,14:19,D16,West,2026-06-25T06:46:29.225Z,2026-06-25T06:46:49.688Z
C006475,P003,Green Oaks,2025-01-16,R13,88,1,18:19,D19,Northeast,2026-06-25T06:46:29.225Z,2026-06-25T06:46:49.688Z
C006546,P002,Maple Court,2025-06-07,R10,89,0,21:14,D08,Midwest,2026-06-25T06:46:29.225Z,2026-06-25T06:46:49.688Z
C006565,P005,Lakeview Terrace,2025-05-20,R17,95,0,20:37,D12,Northeast,2026-06-25T06:46:29.225Z,2026-06-25T06:46:49.688Z
C006594,P002,Maple Court,2025-06-03,R23,87,1,20:36,D09,Southeast,2026-06-25T06:46:29.225Z,2026-06-25T06:46:49.688Z
C006601,P008,Harbor Pointe,2025-03-01,R19,81,0,16:13,D07,Southeast,2026-06-25T06:46:29.225Z,2026-06-25T06:46:49.688Z
C006609,P002,Maple Court,2025-05-08,R18,142,0,17:54,D04,Midwest,2026-06-25T06:46:29.225Z,2026-06-25T06:46:49.688Z
C006618,P002,Maple Court,2025-06-12,R13,74,2,18:59,D20,West,2026-06-25T06:46:29.225Z,2026-06-25T06:46:49.688Z
C006630,P001,Sunset Ridge,2025-02-12,R21,66,3,22:43,D07,Northeast,2026-06-25T06:46:29.225Z,2026-06-25T06:46:49.688Z
C006632,P002,Maple Court,2025-01-12,R19,101,0,19:13,D16,Southeast,2026-06-25T06:46:29.225Z,2026-06-25T06:46:49.688Z
C006633,P007,Willow Creek,2025-06-22,R13,60,0,17:38,D20,West,2026-06-25T06:46:29.225Z,2026-06-25T06:46:49.688Z
C006635,P006,Cedar Park,2025-06-13,R20,158,0,22:57,D06,West,2026-06-25T06:46:29.225Z,2026-06-25T06:46:49.688Z
C006662,P004,Birchwood Commons,2025-02-22,R15,135,0,18:10,D07,West,2026-06-25T06:46:29.225Z,2026-06-25T06:46:49.688Z
C006666,P007,Willow Creek,2025-04-03,R14,58,0,19:18,D20,West,2026-06-25T06:46:29.225Z,2026-06-25T06:46:49.688Z
C006681,P004,Birchwood Commons,2025-04-29,R17,155,0,15:01,D01,Midwest,2026-06-25T06:46:29.225Z,2026-06-25T06:46:49.688Z
C006697,P007,Willow Creek,2025-01-30,R18,146,0,17:55,D20,Southeast,2026-06-25T06:46:29.225Z,2026-06-25T06:46:49.688Z
C006710,P001,Sunset Ridge,2025-02-09,R16,51,0,17:39,D05,Southeast,2026-06-25T06:46:29.225Z,2026-06-25T06:46:49.688Z
C006757,P005,Lakeview Terrace,2025-03-28,R14,68,0,22:31,D18,West,2026-06-25T06:46:29.225Z,2026-06-25T06:46:49.688Z
C006771,P007,Willow Creek,2025-04-20,R11,65,1,14:53,D15,Midwest,2026-06-25T06:46:29.225Z,2026-06-25T06:46:49.688Z
C006774,P008,Harbor Pointe,2025-06-22,R21,102,1,21:58,D10,Southeast,2026-06-25T06:46:29.225Z,2026-06-25T06:46:49.688Z
C006784,P003,Green Oaks,2025-01-18,R10,155,0,22:31,D04,West,2026-06-25T06:46:29.225Z,2026-06-25T06:46:49.688Z
C006786,P004,Birchwood Commons,2025-05-10,R18,147,0,15:39,D18,West,2026-06-25T06:46:29.225Z,2026-06-25T06:46:49.688Z
C006788,P008,Harbor Pointe,2025-04-30,R16,135,1,14:06,D17,Southeast,2026-06-25T06:46:29.225Z,2026-06-25T06:46:49.688Z
C006831,P001,Sunset Ridge,2025-05-14,R14,46,1,14:55,D06,Northeast,2026-06-25T06:46:29.225Z,2026-06-25T06:46:49.688Z
C006858,P004,Birchwood Commons,2025-04-23,R18,59,0,22:03,D16,Southeast,2026-06-25T06:46:29.225Z,2026-06-25T06:46:49.688Z
C006860,P004,Birchwood Commons,2025-01-29,R19,117,0,20:39,D16,Midwest,2026-06-25T06:46:29.225Z,2026-06-25T06:46:49.688Z
C006871,P005,Lakeview Terrace,2025-06-16,R24,95,0,22:50,D19,Midwest,2026-06-25T06:46:29.225Z,2026-06-25T06:46:49.688Z
C006885,P001,Sunset Ridge,2025-03-03,R10,58,0,21:00,D05,West,2026-06-25T06:46:29.225Z,2026-06-25T06:46:49.688Z
C006907,P001,Sunset Ridge,2025-01-08,R23,87,2,20:00,D19,Northeast,2026-06-25T06:46:29.225Z,2026-06-25T06:46:49.688Z
C006913,P003,Green Oaks,2025-06-30,R11,128,0,20:51,D01,Southeast,2026-06-25T06:46:29.225Z,2026-06-25T06:46:49.688Z
C006965,P004,Birchwood Commons,2025-05-25,R22,79,0,19:06,D07,Northeast,2026-06-25T06:46:29.225Z,2026-06-25T06:46:49.688Z
C006991,P008,Harbor Pointe,2025-06-08,R17,110,0,22:51,D02,Southeast,2026-06-25T06:46:29.225Z,2026-06-25T06:46:49.688Z
C006005,P004,Birchwood Commons,2025-02-27,R16,120,1,21:55,D11,Northeast,2026-06-25T06:46:29.225Z,2026-06-25T06:46:49.688Z
C006080,P001,Sunset Ridge,2025-03-11,R23,45,0,16:26,D06,West,2026-06-25T06:46:29.225Z,2026-06-25T06:46:49.688Z
C006144,P004,Birchwood Commons,2025-01-26,R16,137,1,17:21,D19,Southeast,2026-06-25T06:46:29.225Z,2026-06-25T06:46:49.688Z
C006174,P007,Willow Creek,2025-04-04,R23,86,3,14:35,D13,Midwest,2026-06-25T06:46:29.225Z,2026-06-25T06:46:49.688Z
C006178,P007,Willow Creek,2025-02-06,R17,93,0,22:01,D19,Northeast,2026-06-25T06:46:29.225Z,2026-06-25T06:46:49.688Z
C006191,P001,Sunset Ridge,2025-06-18,R17,61,3,17:44,D03,Northeast,2026-06-25T06:46:29.225Z,2026-06-25T06:46:49.688Z
C006194,P002,Maple Court,2025-06-25,R10,142,3,19:23,D01,Midwest,2026-06-25T06:46:29.225Z,2026-06-25T06:46:49.688Z
C006200,P006,Cedar Park,2025-03-07,R19,64,0,18:07,D02,West,2026-06-25T06:46:29.225Z,2026-06-25T06:46:49.688Z
C006259,P001,Sunset Ridge,2025-06-29,R20,124,0,18:46,D10,Northeast,2026-06-25T06:46:29.225Z,2026-06-25T06:46:49.688Z
C006261,P001,Sunset Ridge,2025-04-10,R18,55,0,18:18,D20,West,2026-06-25T06:46:29.225Z,2026-06-25T06:46:49.688Z
C006265,P004,Birchwood Commons,2025-01-20,R24,70,0,18:51,D11,Southeast,2026-06-25T06:46:29.225Z,2026-06-25T06:46:49.688Z
C006328,P001,Sunset Ridge,2025-01-10,R10,150,0,19:43,D09,West,2026-06-25T06:46:29.225Z,2026-06-25T06:46:49.688Z
C006365,P002,Maple Court,2025-04-10,R14,70,0,18:18,D13,Midwest,2026-06-25T06:46:29.225Z,2026-06-25T06:46:49.688Z
C006407,P001,Sunset Ridge,2025-04-28,R17,154,0,21:41,D02,Northeast,2026-06-25T06:46:29.225Z,2026-06-25T06:46:49.688Z
C006431,P006,Cedar Park,2025-02-23,R24,61,0,16:13,D15,West,2026-06-25T06:46:29.225Z,2026-06-25T06:46:49.688Z
C006485,P002,Maple Court,2025-01-20,R24,88,0,17:59,D07,Northeast,2026-06-25T06:46:29.225Z,2026-06-25T06:46:49.688Z
C006490,P007,Willow Creek,2025-04-28,R19,127,0,15:48,D19,Southeast,2026-06-25T06:46:29.225Z,2026-06-25T06:46:49.688Z
C006498,P003,Green Oaks,2025-06-02,R23,46,0,18:05,D18,West,2026-06-25T06:46:29.225Z,2026-06-25T06:46:49.688Z
C006556,P006,Cedar Park,2025-04-25,R24,54,0,16:27,D07,West,2026-06-25T06:46:29.225Z,2026-06-25T06:46:49.688Z
C006580,P001,Sunset Ridge,2025-01-21,R19,128,0,14:04,D18,Southeast,2026-06-25T06:46:29.225Z,2026-06-25T06:46:49.688Z
C006611,P003,Green Oaks,2025-06-20,R15,130,0,15:31,D08,Midwest,2026-06-25T06:46:29.225Z,2026-06-25T06:46:49.688Z
C006624,P006,Cedar Park,2025-03-08,R17,79,0,22:04,D10,Northeast,2026-06-25T06:46:29.225Z,2026-06-25T06:46:49.688Z
C006626,P002,Maple Court,2025-01-07,R17,158,0,22:18,D05,Southeast,2026-06-25T06:46:29.225Z,2026-06-25T06:46:49.688Z
C006627,P002,Maple Court,2025-03-02,R13,139,2,20:44,D20,West,2026-06-25T06:46:29.225Z,2026-06-25T06:46:49.688Z
C006634,P006,Cedar Park,2025-04-27,R12,52,0,14:33,D11,Midwest,2026-06-25T06:46:29.225Z,2026-06-25T06:46:49.688Z
C006677,P007,Willow Creek,2025-05-14,R24,142,2,21:59,D06,Northeast,2026-06-25T06:46:29.225Z,2026-06-25T06:46:49.688Z
C006680,P003,Green Oaks,2025-06-23,R22,76,2,20:30,D03,Midwest,2026-06-25T06:46:29.225Z,2026-06-25T06:46:49.688Z
C006706,P005,Lakeview Terrace,2025-03-25,R20,107,1,14:21,D15,Northeast,2026-06-25T06:46:29.225Z,2026-06-25T06:46:49.688Z
C006713,P005,Lakeview Terrace,2025-01-12,R19,95,2,17:02,D19,West,2026-06-25T06:46:29.225Z,2026-06-25T06:46:49.688Z
C006717,P005,Lakeview Terrace,2025-06-13,R21,78,0,20:22,D15,West,2026-06-25T06:46:29.225Z,2026-06-25T06:46:49.688Z
C006718,P008,Harbor Pointe,2025-01-31,R11,84,0,17:16,D06,West,2026-06-25T06:46:29.225Z,2026-06-25T06:46:49.688Z
C006762,P008,Harbor Pointe,2025-06-19,R18,77,0,16:42,D16,West,2026-06-25T06:46:29.225Z,2026-06-25T06:46:49.688Z
C006767,P002,Maple Court,2025-02-22,R11,80,0,20:48,D18,Northeast,2026-06-25T06:46:29.225Z,2026-06-25T06:46:49.688Z
C006773,P004,Birchwood Commons,2025-03-11,R10,40,0,21:41,D10,Northeast,2026-06-25T06:46:29.225Z,2026-06-25T06:46:49.688Z
C006778,P008,Harbor Pointe,2025-04-14,R10,63,2,19:01,D15,West,2026-06-25T06:46:29.225Z,2026-06-25T06:46:49.688Z
C006801,P003,Green Oaks,2025-06-07,R11,137,3,16:57,D11,Northeast,2026-06-25T06:46:29.225Z,2026-06-25T06:46:49.688Z
C006802,P008,Harbor Pointe,2025-05-11,R17,75,0,14:57,D12,Southeast,2026-06-25T06:46:29.225Z,2026-06-25T06:46:49.688Z
C006827,P007,Willow Creek,2025-02-22,R18,96,0,20:04,D05,West,2026-06-25T06:46:29.225Z,2026-06-25T06:46:49.688Z
C006832,P008,Harbor Pointe,2025-01-27,R10,67,3,20:45,D09,Midwest,2026-06-25T06:46:29.225Z,2026-06-25T06:46:49.688Z
C006840,P006,Cedar Park,2025-06-09,R11,118,2,20:25,D06,West,2026-06-25T06:46:29.225Z,2026-06-25T06:46:49.688Z
C006849,P005,Lakeview Terrace,2025-05-19,R19,123,0,22:31,D09,Midwest,2026-06-25T06:46:29.225Z,2026-06-25T06:46:49.688Z
C006852,P007,Willow Creek,2025-03-15,R24,81,0,17:00,D19,Midwest,2026-06-25T06:46:29.225Z,2026-06-25T06:46:49.688Z
C006881,P008,Harbor Pointe,2025-03-21,R21,68,0,19:46,D20,West,2026-06-25T06:46:29.225Z,2026-06-25T06:46:49.688Z
C006890,P006,Cedar Park,2025-03-31,R24,112,0,17:55,D19,Midwest,2026-06-25T06:46:29.225Z,2026-06-25T06:46:49.688Z
C006939,P005,Lakeview Terrace,2025-06-20,R20,65,2,15:13,D11,West,2026-06-25T06:46:29.225Z,2026-06-25T06:46:49.688Z
C006951,P008,Harbor Pointe,2025-01-04,R11,113,0,19:30,D04,Northeast,2026-06-25T06:46:29.225Z,2026-06-25T06:46:49.688Z
C006972,P008,Harbor Pointe,2025-02-22,R19,156,0,17:34,D20,Northeast,2026-06-25T06:46:29.225Z,2026-06-25T06:46:49.688Z
C006978,P005,Lakeview Terrace,2025-06-14,R12,49,1,18:18,D17,Midwest,2026-06-25T06:46:29.225Z,2026-06-25T06:46:49.688Z
C006979,P006,Cedar Park,2025-03-27,R22,140,0,21:18,D19,Midwest,2026-06-25T06:46:29.225Z,2026-06-25T06:46:49.688Z
C006980,P004,Birchwood Commons,2025-06-08,R18,128,0,16:23,D05,Northeast,2026-06-25T06:46:29.225Z,2026-06-25T06:46:49.688Z
C006983,P007,Willow Creek,2025-01-06,R18,132,2,16:47,D09,West,2026-06-25T06:46:29.225Z,2026-06-25T06:46:49.688Z
C006985,P002,Maple Court,2025-05-20,R10,142,0,17:52,D01,Midwest,2026-06-25T06:46:29.225Z,2026-06-25T06:46:49.688Z
C006012,P006,Cedar Park,2025-01-14,R18,60,0,15:30,D06,West,2026-06-25T06:46:29.225Z,2026-06-25T06:46:49.688Z
C006040,P008,Harbor Pointe,2025-04-07,R24,66,0,17:06,D06,Northeast,2026-06-25T06:46:29.225Z,2026-06-25T06:46:49.688Z
C006044,P008,Harbor Pointe,2025-06-01,R15,49,0,21:06,D08,Northeast,2026-06-25T06:46:29.225Z,2026-06-25T06:46:49.688Z
C006050,P002,Maple Court,2025-02-02,R16,151,0,14:42,D07,Northeast,2026-06-25T06:46:29.225Z,2026-06-25T06:46:49.688Z
C006053,P002,Maple Court,2025-05-26,R20,61,0,22:52,D08,Northeast,2026-06-25T06:46:29.225Z,2026-06-25T06:46:49.688Z
C006056,P001,Sunset Ridge,2025-02-19,R23,115,1,15:43,D15,Northeast,2026-06-25T06:46:29.225Z,2026-06-25T06:46:49.688Z
C006092,P003,Green Oaks,2025-03-09,R10,126,2,16:10,D07,Southeast,2026-06-25T06:46:29.225Z,2026-06-25T06:46:49.688Z
C006105,P002,Maple Court,2025-06-15,R19,125,0,21:54,D15,Southeast,2026-06-25T06:46:29.225Z,2026-06-25T06:46:49.688Z
C006112,P007,Willow Creek,2025-01-21,R20,80,1,16:46,D03,West,2026-06-25T06:46:29.225Z,2026-06-25T06:46:49.688Z
C006113,P001,Sunset Ridge,2025-05-25,R23,81,1,17:42,D03,Midwest,2026-06-25T06:46:29.225Z,2026-06-25T06:46:49.688Z
C006140,P007,Willow Creek,2025-03-22,R20,147,0,20:22,D11,Southeast,2026-06-25T06:46:29.225Z,2026-06-25T06:46:49.688Z
C006145,P002,Maple Court,2025-06-21,R23,78,1,16:53,D02,Midwest,2026-06-25T06:46:29.225Z,2026-06-25T06:46:49.688Z
C006150,P003,Green Oaks,2025-02-18,R18,124,0,16:16,D08,Northeast,2026-06-25T06:46:29.225Z,2026-06-25T06:46:49.688Z
C006169,P001,Sunset Ridge,2025-03-29,R19,121,0,18:21,D18,West,2026-06-25T06:46:29.225Z,2026-06-25T06:46:49.688Z
C006183,P005,Lakeview Terrace,2025-02-08,R13,141,2,15:02,D20,Southeast,2026-06-25T06:46:29.225Z,2026-06-25T06:46:49.688Z
C006184,P007,Willow Creek,2025-03-27,R18,71,0,14:39,D12,Midwest,2026-06-25T06:46:29.225Z,2026-06-25T06:46:49.688Z
C006196,P006,Cedar Park,2025-04-21,R20,54,0,18:07,D09,Midwest,2026-06-25T06:46:29.225Z,2026-06-25T06:46:49.688Z
C006198,P003,Green Oaks,2025-04-28,R11,83,0,17:34,D13,Southeast,2026-06-25T06:46:29.225Z,2026-06-25T06:46:49.688Z
C006201,P007,Willow Creek,2025-01-27,R15,41,0,18:44,D16,Midwest,2026-06-25T06:46:29.225Z,2026-06-25T06:46:49.688Z
C006206,P001,Sunset Ridge,2025-04-15,R24,159,0,17:50,D03,Southeast,2026-06-25T06:46:29.225Z,2026-06-25T06:46:49.688Z
C006230,P004,Birchwood Commons,2025-03-21,R16,103,0,22:16,D20,Southeast,2026-06-25T06:46:29.225Z,2026-06-25T06:46:49.688Z
C006234,P003,Green Oaks,2025-06-15,R24,62,2,19:03,D18,Midwest,2026-06-25T06:46:29.225Z,2026-06-25T06:46:49.688Z
C006240,P004,Birchwood Commons,2025-01-02,R14,156,0,15:52,D13,Southeast,2026-06-25T06:46:29.225Z,2026-06-25T06:46:49.688Z
C006269,P006,Cedar Park,2025-01-12,R23,126,1,14:41,D02,West,2026-06-25T06:46:29.225Z,2026-06-25T06:46:49.688Z
C006272,P004,Birchwood Commons,2025-04-11,R13,89,2,15:17,D06,Northeast,2026-06-25T06:46:29.225Z,2026-06-25T06:46:49.688Z
C006285,P004,Birchwood Commons,2025-03-01,R19,97,1,19:39,D12,Northeast,2026-06-25T06:46:29.225Z,2026-06-25T06:46:49.688Z
C006295,P007,Willow Creek,2025-05-19,R13,153,1,18:42,D06,West,2026-06-25T06:46:29.225Z,2026-06-25T06:46:49.688Z
C006320,P004,Birchwood Commons,2025-04-16,R19,57,2,14:24,D01,Northeast,2026-06-25T06:46:29.225Z,2026-06-25T06:46:49.688Z
C006322,P005,Lakeview Terrace,2025-06-07,R17,73,1,17:41,D11,Southeast,2026-06-25T06:46:29.225Z,2026-06-25T06:46:49.688Z
C006355,P002,Maple Court,2025-06-20,R10,151,0,18:43,D11,Midwest,2026-06-25T06:46:29.225Z,2026-06-25T06:46:49.688Z
C006380,P008,Harbor Pointe,2025-03-05,R18,126,0,14:54,D12,Northeast,2026-06-25T06:46:29.225Z,2026-06-25T06:46:49.688Z
C006384,P001,Sunset Ridge,2025-01-17,R23,97,0,20:50,D10,West,2026-06-25T06:46:29.225Z,2026-06-25T06:46:49.688Z
C006392,P002,Maple Court,2025-01-11,R19,107,0,19:57,D03,Southeast,2026-06-25T06:46:29.225Z,2026-06-25T06:46:49.688Z
C006394,P006,Cedar Park,2025-01-31,R24,158,0,22:25,D01,Midwest,2026-06-25T06:46:29.225Z,2026-06-25T06:46:49.688Z
C006402,P003,Green Oaks,2025-04-15,R21,102,0,21:41,D08,Northeast,2026-06-25T06:46:29.225Z,2026-06-25T06:46:49.688Z
C006426,P001,Sunset Ridge,2025-03-15,R24,98,0,21:10,D06,Midwest,2026-06-25T06:46:29.225Z,2026-06-25T06:46:49.688Z
C006429,P008,Harbor Pointe,2025-06-20,R13,155,2,22:48,D17,Southeast,2026-06-25T06:46:29.225Z,2026-06-25T06:46:49.688Z
C006441,P006,Cedar Park,2025-06-20,R22,90,0,14:18,D18,Northeast,2026-06-25T06:46:29.225Z,2026-06-25T06:46:49.688Z
C006443,P007,Willow Creek,2025-02-15,R17,117,2,15:48,D04,Southeast,2026-06-25T06:46:29.225Z,2026-06-25T06:46:49.688Z
C006449,P005,Lakeview Terrace,2025-03-02,R10,105,3,17:46,D07,West,2026-06-25T06:46:29.225Z,2026-06-25T06:46:49.688Z
C006473,P008,Harbor Pointe,2025-01-17,R24,134,3,20:41,D12,Northeast,2026-06-25T06:46:29.225Z,2026-06-25T06:46:49.688Z
C006487,P003,Green Oaks,2025-06-13,R15,78,0,15:31,D14,Midwest,2026-06-25T06:46:29.225Z,2026-06-25T06:46:49.688Z
C006495,P004,Birchwood Commons,2025-05-04,R16,100,1,15:08,D16,Northeast,2026-06-25T06:46:29.225Z,2026-06-25T06:46:49.688Z
C006512,P004,Birchwood Commons,2025-04-22,R20,83,0,19:22,D07,Northeast,2026-06-25T06:46:29.225Z,2026-06-25T06:46:49.688Z
C006514,P007,Willow Creek,2025-06-05,R13,140,0,14:38,D19,West,2026-06-25T06:46:29.225Z,2026-06-25T06:46:49.688Z
C006528,P008,Harbor Pointe,2025-03-24,R18,64,0,14:16,D20,West,2026-06-25T06:46:29.225Z,2026-06-25T06:46:49.688Z
C006543,P005,Lakeview Terrace,2025-06-19,R19,58,0,14:14,D03,West,2026-06-25T06:46:29.225Z,2026-06-25T06:46:49.688Z
C006545,P006,Cedar Park,2025-06-17,R22,101,0,16:33,D13,Midwest,2026-06-25T06:46:29.225Z,2026-06-25T06:46:49.688Z
C006548,P007,Willow Creek,2025-02-15,R16,106,0,16:15,D18,Northeast,2026-06-25T06:46:29.225Z,2026-06-25T06:46:49.688Z
C006552,P003,Green Oaks,2025-01-04,R12,53,3,21:29,D11,Southeast,2026-06-25T06:46:29.225Z,2026-06-25T06:46:49.688Z
C006577,P004,Birchwood Commons,2025-03-12,R21,109,0,19:14,D08,Northeast,2026-06-25T06:46:29.225Z,2026-06-25T06:46:49.688Z
C006581,P008,Harbor Pointe,2025-05-08,R13,138,0,15:07,D03,Northeast,2026-06-25T06:46:29.225Z,2026-06-25T06:46:49.688Z
C006623,P005,Lakeview Terrace,2025-05-31,R23,89,0,19:06,D10,Northeast,2026-06-25T06:46:29.225Z,2026-06-25T06:46:49.688Z
C006628,P004,Birchwood Commons,2025-03-29,R19,67,0,21:31,D16,Midwest,2026-06-25T06:46:29.225Z,2026-06-25T06:46:49.688Z
C006645,P003,Green Oaks,2025-02-04,R15,103,0,22:37,D14,Southeast,2026-06-25T06:46:29.225Z,2026-06-25T06:46:49.688Z
C006652,P001,Sunset Ridge,2025-04-05,R10,67,0,20:55,D14,Northeast,2026-06-25T06:46:29.225Z,2026-06-25T06:46:49.688Z
C006669,P001,Sunset Ridge,2025-01-18,R11,84,0,20:54,D11,Midwest,2026-06-25T06:46:29.225Z,2026-06-25T06:46:49.688Z
C006672,P001,Sunset Ridge,2025-06-30,R18,142,0,22:15,D11,Northeast,2026-06-25T06:46:29.225Z,2026-06-25T06:46:49.688Z
C006684,P007,Willow Creek,2025-05-25,R11,68,1,14:04,D10,Northeast,2026-06-25T06:46:29.225Z,2026-06-25T06:46:49.688Z
C006687,P004,Birchwood Commons,2025-05-26,R12,130,1,22:57,D19,Northeast,2026-06-25T06:46:29.225Z,2026-06-25T06:46:49.688Z
C006691,P003,Green Oaks,2025-04-25,R17,79,0,20:59,D02,Southeast,2026-06-25T06:46:29.225Z,2026-06-25T06:46:49.688Z
C006721,P003,Green Oaks,2025-05-17,R17,150,0,18:49,D20,Northeast,2026-06-25T06:46:29.225Z,2026-06-25T06:46:49.688Z
C006732,P002,Maple Court,2025-02-11,R15,109,0,21:56,D13,Northeast,2026-06-25T06:46:29.225Z,2026-06-25T06:46:49.688Z
C006752,P006,Cedar Park,2025-03-31,R23,124,2,16:55,D12,West,2026-06-25T06:46:29.225Z,2026-06-25T06:46:49.688Z
C006764,P006,Cedar Park,2025-06-27,R10,145,0,20:24,D20,Southeast,2026-06-25T06:46:29.225Z,2026-06-25T06:46:49.688Z
C006795,P007,Willow Creek,2025-03-24,R20,139,0,19:07,D13,Midwest,2026-06-25T06:46:29.225Z,2026-06-25T06:46:49.688Z
C006845,P008,Harbor Pointe,2025-01-01,R19,150,0,20:49,D06,Northeast,2026-06-25T06:46:29.225Z,2026-06-25T06:46:49.688Z
C006856,P006,Cedar Park,2025-05-27,R15,134,0,21:14,D04,Northeast,2026-06-25T06:46:29.225Z,2026-06-25T06:46:49.688Z
C006874,P008,Harbor Pointe,2025-05-23,R13,89,0,19:06,D17,Northeast,2026-06-25T06:46:29.225Z,2026-06-25T06:46:49.688Z
C006877,P008,Harbor Pointe,2025-06-03,R22,58,0,20:42,D17,Northeast,2026-06-25T06:46:29.225Z,2026-06-25T06:46:49.688Z
C006900,P004,Birchwood Commons,2025-02-04,R10,139,0,16:35,D10,Southeast,2026-06-25T06:46:29.225Z,2026-06-25T06:46:49.688Z
C006904,P004,Birchwood Commons,2025-03-11,R18,160,3,20:22,D10,West,2026-06-25T06:46:29.225Z,2026-06-25T06:46:49.688Z
C006924,P006,Cedar Park,2025-03-11,R17,109,0,15:35,D02,West,2026-06-25T06:46:29.225Z,2026-06-25T06:46:49.688Z
C006938,P007,Willow Creek,2025-06-06,R18,60,0,16:22,D17,Northeast,2026-06-25T06:46:29.225Z,2026-06-25T06:46:49.688Z
C006957,P005,Lakeview Terrace,2025-04-27,R21,159,2,20:17,D09,Northeast,2026-06-25T06:46:29.225Z,2026-06-25T06:46:49.688Z
C006986,P003,Green Oaks,2025-02-15,R13,114,2,19:23,D04,Midwest,2026-06-25T06:46:29.225Z,2026-06-25T06:46:49.688Z
C006009,P001,Sunset Ridge,2025-01-07,R10,43,1,16:25,D15,Northeast,2026-06-25T06:46:29.225Z,2026-06-25T06:46:49.688Z
C006029,P007,Willow Creek,2025-05-06,R11,129,0,15:23,D20,Northeast,2026-06-25T06:46:29.225Z,2026-06-25T06:46:49.688Z
C006032,P007,Willow Creek,2025-03-24,R16,46,1,17:01,D19,Southeast,2026-06-25T06:46:29.225Z,2026-06-25T06:46:49.688Z
C006059,P007,Willow Creek,2025-01-25,R15,111,0,18:02,D05,Midwest,2026-06-25T06:46:29.225Z,2026-06-25T06:46:49.688Z
C006119,P004,Birchwood Commons,2025-05-30,R12,143,1,19:44,D17,Southeast,2026-06-25T06:46:29.225Z,2026-06-25T06:46:49.688Z
C006136,P008,Harbor Pointe,2025-02-23,R14,107,0,20:37,D18,Southeast,2026-06-25T06:46:29.225Z,2026-06-25T06:46:49.688Z
C006138,P003,Green Oaks,2025-04-28,R16,120,0,20:00,D19,Northeast,2026-06-25T06:46:29.225Z,2026-06-25T06:46:49.688Z
C006141,P007,Willow Creek,2025-06-15,R23,115,0,21:55,D05,Midwest,2026-06-25T06:46:29.225Z,2026-06-25T06:46:49.688Z
C006153,P007,Willow Creek,2025-06-28,R21,102,0,20:18,D02,West,2026-06-25T06:46:29.225Z,2026-06-25T06:46:49.688Z
C006162,P001,Sunset Ridge,2025-03-28,R16,58,0,21:43,D01,Northeast,2026-06-25T06:46:29.225Z,2026-06-25T06:46:49.688Z
C006166,P003,Green Oaks,2025-03-13,R21,118,0,17:12,D15,Northeast,2026-06-25T06:46:29.225Z,2026-06-25T06:46:49.688Z
C006172,P005,Lakeview Terrace,2025-01-18,R18,145,0,18:25,D15,Northeast,2026-06-25T06:46:29.225Z,2026-06-25T06:46:49.688Z
C006193,P002,Maple Court,2025-01-15,R12,49,2,14:29,D02,Northeast,2026-06-25T06:46:29.225Z,2026-06-25T06:46:49.688Z
C006215,P001,Sunset Ridge,2025-04-28,R17,40,0,22:44,D05,Northeast,2026-06-25T06:46:29.225Z,2026-06-25T06:46:49.688Z
C006216,P004,Birchwood Commons,2025-01-14,R20,85,0,15:45,D08,Midwest,2026-06-25T06:46:29.225Z,2026-06-25T06:46:49.688Z
C006247,P006,Cedar Park,2025-01-24,R16,109,1,22:51,D13,Northeast,2026-06-25T06:46:29.225Z,2026-06-25T06:46:49.688Z
C006263,P004,Birchwood Commons,2025-01-20,R10,101,0,14:29,D20,Southeast,2026-06-25T06:46:29.225Z,2026-06-25T06:46:49.688Z
C006315,P008,Harbor Pointe,2025-01-25,R10,86,1,20:34,D05,Northeast,2026-06-25T06:46:29.225Z,2026-06-25T06:46:49.688Z
C006326,P006,Cedar Park,2025-06-20,R19,84,3,18:31,D14,Southeast,2026-06-25T06:46:29.225Z,2026-06-25T06:46:49.688Z
C006333,P008,Harbor Pointe,2025-04-08,R20,93,0,19:44,D19,Midwest,2026-06-25T06:46:29.225Z,2026-06-25T06:46:49.688Z
C006374,P003,Green Oaks,2025-05-15,R19,108,0,14:42,D06,Southeast,2026-06-25T06:46:29.225Z,2026-06-25T06:46:49.688Z
C006377,P007,Willow Creek,2025-01-28,R12,132,0,19:14,D02,Midwest,2026-06-25T06:46:29.225Z,2026-06-25T06:46:49.688Z
C006401,P007,Willow Creek,2025-01-14,R22,134,0,21:07,D04,Southeast,2026-06-25T06:46:29.225Z,2026-06-25T06:46:49.688Z
C006421,P003,Green Oaks,2025-01-09,R10,108,1,20:31,D13,Southeast,2026-06-25T06:46:29.225Z,2026-06-25T06:46:49.688Z
C006455,P004,Birchwood Commons,2025-02-06,R22,100,0,18:28,D06,West,2026-06-25T06:46:29.225Z,2026-06-25T06:46:49.688Z
C006463,P003,Green Oaks,2025-04-10,R21,130,0,21:11,D06,Midwest,2026-06-25T06:46:29.225Z,2026-06-25T06:46:49.688Z
C006472,P001,Sunset Ridge,2025-03-26,R22,92,2,17:27,D19,Northeast,2026-06-25T06:46:29.225Z,2026-06-25T06:46:49.688Z
C006488,P001,Sunset Ridge,2025-06-26,R16,158,0,22:08,D19,Northeast,2026-06-25T06:46:29.225Z,2026-06-25T06:46:49.688Z
C006496,P006,Cedar Park,2025-05-04,R13,142,0,15:11,D04,West,2026-06-25T06:46:29.225Z,2026-06-25T06:46:49.688Z
C006499,P002,Maple Court,2025-02-13,R19,136,0,15:41,D13,West,2026-06-25T06:46:29.225Z,2026-06-25T06:46:49.688Z
C006506,P001,Sunset Ridge,2025-02-20,R13,105,0,19:41,D11,Midwest,2026-06-25T06:46:29.225Z,2026-06-25T06:46:49.688Z
C006536,P003,Green Oaks,2025-05-21,R23,52,1,22:10,D03,West,2026-06-25T06:46:29.225Z,2026-06-25T06:46:49.688Z
C006564,P003,Green Oaks,2025-02-20,R15,93,1,18:49,D17,Northeast,2026-06-25T06:46:29.225Z,2026-06-25T06:46:49.688Z
C006588,P006,Cedar Park,2025-03-26,R14,55,0,19:56,D04,Southeast,2026-06-25T06:46:29.225Z,2026-06-25T06:46:49.688Z
C006593,P001,Sunset Ridge,2025-05-05,R21,92,0,16:56,D05,West,2026-06-25T06:46:29.225Z,2026-06-25T06:46:49.688Z
C006613,P006,Cedar Park,2025-01-21,R23,59,0,21:39,D14,Northeast,2026-06-25T06:46:29.225Z,2026-06-25T06:46:49.688Z
C006659,P003,Green Oaks,2025-06-22,R20,84,0,16:55,D05,Midwest,2026-06-25T06:46:29.225Z,2026-06-25T06:46:49.688Z
C006665,P006,Cedar Park,2025-03-13,R12,136,1,16:18,D06,Southeast,2026-06-25T06:46:29.225Z,2026-06-25T06:46:49.688Z
C006671,P002,Maple Court,2025-02-16,R15,42,0,18:13,D15,Southeast,2026-06-25T06:46:29.225Z,2026-06-25T06:46:49.688Z
C006796,P003,Green Oaks,2025-06-02,R17,52,0,19:16,D18,Midwest,2026-06-25T06:46:29.225Z,2026-06-25T06:46:49.688Z
C006798,P004,Birchwood Commons,2025-03-27,R14,91,0,14:45,D16,Northeast,2026-06-25T06:46:29.225Z,2026-06-25T06:46:49.688Z
C006806,P003,Green Oaks,2025-02-28,R15,135,0,17:41,D17,Midwest,2026-06-25T06:46:29.225Z,2026-06-25T06:46:49.688Z
C006811,P005,Lakeview Terrace,2025-01-25,R13,114,0,21:57,D04,Southeast,2026-06-25T06:46:29.225Z,2026-06-25T06:46:49.688Z
C006813,P006,Cedar Park,2025-06-09,R21,136,1,22:11,D16,Southeast,2026-06-25T06:46:29.225Z,2026-06-25T06:46:49.688Z
C006833,P004,Birchwood Commons,2025-03-04,R13,49,1,17:19,D05,Northeast,2026-06-25T06:46:29.225Z,2026-06-25T06:46:49.688Z
C006863,P008,Harbor Pointe,2025-03-30,R13,111,0,20:34,D04,West,2026-06-25T06:46:29.225Z,2026-06-25T06:46:49.688Z
C006868,P007,Willow Creek,2025-04-15,R12,108,0,15:57,D02,West,2026-06-25T06:46:29.225Z,2026-06-25T06:46:49.688Z
C006884,P007,Willow Creek,2025-02-11,R14,151,0,20:46,D03,Northeast,2026-06-25T06:46:29.225Z,2026-06-25T06:46:49.688Z
C006887,P006,Cedar Park,2025-05-18,R11,72,0,19:15,D18,West,2026-06-25T06:46:29.225Z,2026-06-25T06:46:49.688Z
C006909,P006,Cedar Park,2025-01-14,R23,88,0,20:53,D02,Northeast,2026-06-25T06:46:29.225Z,2026-06-25T06:46:49.688Z
C006929,P007,Willow Creek,2025-06-20,R13,103,0,21:27,D14,Northeast,2026-06-25T06:46:29.225Z,2026-06-25T06:46:49.688Z
C006930,P006,Cedar Park,2025-06-04,R19,116,0,14:10,D08,Northeast,2026-06-25T06:46:29.225Z,2026-06-25T06:46:49.688Z
C006948,P005,Lakeview Terrace,2025-04-08,R16,160,0,15:24,D10,Southeast,2026-06-25T06:46:29.225Z,2026-06-25T06:46:49.688Z
C006950,P002,Maple Court,2025-01-02,R13,74,1,15:40,D16,Southeast,2026-06-25T06:46:29.225Z,2026-06-25T06:46:49.688Z
C006962,P003,Green Oaks,2025-03-09,R24,123,1,20:56,D02,Northeast,2026-06-25T06:46:29.225Z,2026-06-25T06:46:49.688Z
C006977,P002,Maple Court,2025-02-12,R13,68,0,22:31,D12,Midwest,2026-06-25T06:46:29.225Z,2026-06-25T06:46:49.688Z
C006989,P007,Willow Creek,2025-03-01,R21,135,0,16:07,D10,Northeast,2026-06-25T06:46:29.225Z,2026-06-25T06:46:49.688Z
C006994,P001,Sunset Ridge,2025-03-10,R13,64,0,20:52,D19,Midwest,2026-06-25T06:46:29.225Z,2026-06-25T06:46:49.688Z
C006003,P001,Sunset Ridge,2025-06-17,R21,84,0,20:17,D15,West,2026-06-25T06:46:29.225Z,2026-06-25T06:46:49.688Z
C006016,P008,Harbor Pointe,2025-06-24,R24,101,1,16:05,D04,Midwest,2026-06-25T06:46:29.225Z,2026-06-25T06:46:49.688Z
C006023,P006,Cedar Park,2025-02-17,R17,96,0,20:34,D19,West,2026-06-25T06:46:29.225Z,2026-06-25T06:46:49.688Z
C006046,P008,Harbor Pointe,2025-06-10,R14,127,0,19:45,D17,Southeast,2026-06-25T06:46:29.225Z,2026-06-25T06:46:49.688Z
C006051,P008,Harbor Pointe,2025-03-05,R16,129,0,19:19,D14,Southeast,2026-06-25T06:46:29.225Z,2026-06-25T06:46:49.688Z
C006060,P006,Cedar Park,2025-04-29,R12,145,0,20:40,D11,West,2026-06-25T06:46:29.225Z,2026-06-25T06:46:49.688Z
C006062,P001,Sunset Ridge,2025-04-16,R18,41,0,19:37,D18,Southeast,2026-06-25T06:46:29.225Z,2026-06-25T06:46:49.688Z
C006070,P004,Birchwood Commons,2025-02-25,R14,114,0,16:45,D13,Midwest,2026-06-25T06:46:29.225Z,2026-06-25T06:46:49.688Z
C006075,P008,Harbor Pointe,2025-03-31,R15,66,0,14:44,D05,West,2026-06-25T06:46:29.225Z,2026-06-25T06:46:49.688Z
C006077,P003,Green Oaks,2025-05-25,R20,45,0,16:29,D20,Southeast,2026-06-25T06:46:29.225Z,2026-06-25T06:46:49.688Z
C006089,P008,Harbor Pointe,2025-02-10,R17,76,1,21:24,D08,Southeast,2026-06-25T06:46:29.225Z,2026-06-25T06:46:49.688Z
C006095,P006,Cedar Park,2025-04-03,R12,82,1,22:26,D18,Northeast,2026-06-25T06:46:29.225Z,2026-06-25T06:46:49.688Z
C006111,P006,Cedar Park,2025-04-28,R18,126,0,14:34,D10,Midwest,2026-06-25T06:46:29.225Z,2026-06-25T06:46:49.688Z
C006155,P008,Harbor Pointe,2025-05-22,R10,116,0,14:25,D08,Midwest,2026-06-25T06:46:29.225Z,2026-06-25T06:46:49.688Z
C006163,P002,Maple Court,2025-01-11,R14,78,2,15:10,D10,Northeast,2026-06-25T06:46:29.225Z,2026-06-25T06:46:49.688Z
C006199,P002,Maple Court,2025-01-27,R11,50,3,20:11,D16,Southeast,2026-06-25T06:46:29.225Z,2026-06-25T06:46:49.688Z
C006238,P002,Maple Court,2025-05-08,R12,47,0,21:34,D02,Southeast,2026-06-25T06:46:29.225Z,2026-06-25T06:46:49.688Z
C006254,P008,Harbor Pointe,2025-06-01,R18,159,0,19:10,D07,Northeast,2026-06-25T06:46:29.225Z,2026-06-25T06:46:49.688Z
C006278,P001,Sunset Ridge,2025-06-02,R24,132,0,14:03,D19,Midwest,2026-06-25T06:46:29.225Z,2026-06-25T06:46:49.688Z
C006298,P004,Birchwood Commons,2025-01-17,R16,159,1,21:54,D03,Midwest,2026-06-25T06:46:29.225Z,2026-06-25T06:46:49.688Z
C006301,P007,Willow Creek,2025-02-13,R19,132,0,22:33,D19,West,2026-06-25T06:46:29.225Z,2026-06-25T06:46:49.688Z
C006305,P006,Cedar Park,2025-04-28,R17,108,0,19:44,D06,Midwest,2026-06-25T06:46:29.225Z,2026-06-25T06:46:49.688Z
C006307,P006,Cedar Park,2025-04-24,R14,56,0,18:30,D04,Southeast,2026-06-25T06:46:29.225Z,2026-06-25T06:46:49.688Z
C006348,P001,Sunset Ridge,2025-05-12,R13,101,1,14:13,D15,West,2026-06-25T06:46:29.225Z,2026-06-25T06:46:49.688Z
C006357,P005,Lakeview Terrace,2025-04-21,R11,159,0,16:42,D19,West,2026-06-25T06:46:29.225Z,2026-06-25T06:46:49.688Z
C006375,P008,Harbor Pointe,2025-02-09,R12,89,0,19:49,D04,Midwest,2026-06-25T06:46:29.225Z,2026-06-25T06:46:49.688Z
C006398,P002,Maple Court,2025-06-15,R11,153,0,21:33,D09,Northeast,2026-06-25T06:46:29.225Z,2026-06-25T06:46:49.688Z
C006409,P005,Lakeview Terrace,2025-01-27,R11,59,1,21:11,D12,Midwest,2026-06-25T06:46:29.225Z,2026-06-25T06:46:49.688Z
C006422,P007,Willow Creek,2025-03-18,R12,71,0,16:06,D12,Southeast,2026-06-25T06:46:29.225Z,2026-06-25T06:46:49.688Z
C006430,P004,Birchwood Commons,2025-01-31,R10,123,0,19:11,D19,Midwest,2026-06-25T06:46:29.225Z,2026-06-25T06:46:49.688Z
C006448,P004,Birchwood Commons,2025-05-14,R16,95,2,14:31,D19,Midwest,2026-06-25T06:46:29.225Z,2026-06-25T06:46:49.688Z
C006453,P004,Birchwood Commons,2025-04-04,R21,92,0,14:17,D16,Southeast,2026-06-25T06:46:29.225Z,2026-06-25T06:46:49.688Z
C006458,P004,Birchwood Commons,2025-03-05,R12,136,2,18:01,D16,Midwest,2026-06-25T06:46:29.225Z,2026-06-25T06:46:49.688Z
C006479,P003,Green Oaks,2025-02-16,R20,78,0,16:41,D04,West,2026-06-25T06:46:29.225Z,2026-06-25T06:46:49.688Z
C006482,P006,Cedar Park,2025-05-19,R10,104,0,17:15,D06,West,2026-06-25T06:46:29.225Z,2026-06-25T06:46:49.688Z
C006505,P005,Lakeview Terrace,2025-05-29,R12,85,0,14:39,D12,West,2026-06-25T06:46:29.225Z,2026-06-25T06:46:49.688Z
C006522,P006,Cedar Park,2025-05-30,R22,144,0,15:39,D10,Southeast,2026-06-25T06:46:29.225Z,2026-06-25T06:46:49.688Z
C006537,P007,Willow Creek,2025-06-21,R20,64,0,16:14,D03,West,2026-06-25T06:46:29.225Z,2026-06-25T06:46:49.688Z
C006538,P002,Maple Court,2025-04-29,R20,50,3,14:34,D02,Midwest,2026-06-25T06:46:29.225Z,2026-06-25T06:46:49.688Z
C006540,P008,Harbor Pointe,2025-06-21,R19,152,1,19:15,D12,West,2026-06-25T06:46:29.225Z,2026-06-25T06:46:49.688Z
C006558,P003,Green Oaks,2025-06-29,R12,84,0,15:29,D13,West,2026-06-25T06:46:29.225Z,2026-06-25T06:46:49.688Z
C006576,P002,Maple Court,2025-06-01,R15,125,2,15:08,D20,Northeast,2026-06-25T06:46:29.225Z,2026-06-25T06:46:49.688Z
C006587,P001,Sunset Ridge,2025-03-24,R23,99,0,22:28,D06,Northeast,2026-06-25T06:46:29.225Z,2026-06-25T06:46:49.688Z
C006602,P005,Lakeview Terrace,2025-03-10,R11,120,0,21:00,D15,Southeast,2026-06-25T06:46:29.225Z,2026-06-25T06:46:49.688Z
C006608,P003,Green Oaks,2025-01-04,R18,77,1,16:08,D09,Southeast,2026-06-25T06:46:29.225Z,2026-06-25T06:46:49.688Z
C006653,P004,Birchwood Commons,2025-05-01,R19,139,2,21:41,D08,Northeast,2026-06-25T06:46:29.225Z,2026-06-25T06:46:49.688Z
C006670,P003,Green Oaks,2025-05-25,R24,51,0,15:49,D11,Northeast,2026-06-25T06:46:29.225Z,2026-06-25T06:46:49.688Z
C006674,P008,Harbor Pointe,2025-04-06,R19,112,1,21:16,D05,Northeast,2026-06-25T06:46:29.225Z,2026-06-25T06:46:49.688Z
C006682,P006,Cedar Park,2025-06-09,R23,118,3,20:12,D11,Southeast,2026-06-25T06:46:29.225Z,2026-06-25T06:46:49.688Z
C006694,P007,Willow Creek,2025-06-11,R16,135,0,15:34,D01,West,2026-06-25T06:46:29.225Z,2026-06-25T06:46:49.688Z
C006709,P006,Cedar Park,2025-06-18,R14,104,0,21:31,D04,Midwest,2026-06-25T06:46:29.225Z,2026-06-25T06:46:49.688Z
C006716,P007,Willow Creek,2025-05-07,R14,145,0,19:55,D09,Northeast,2026-06-25T06:46:29.225Z,2026-06-25T06:46:49.688Z
C006726,P003,Green Oaks,2025-05-12,R22,137,1,22:38,D14,Northeast,2026-06-25T06:46:29.225Z,2026-06-25T06:46:49.688Z
C006731,P003,Green Oaks,2025-06-12,R13,48,0,19:15,D20,Northeast,2026-06-25T06:46:29.225Z,2026-06-25T06:46:49.688Z
C006735,P005,Lakeview Terrace,2025-01-16,R14,68,0,14:02,D05,West,2026-06-25T06:46:29.225Z,2026-06-25T06:46:49.688Z
C006794,P004,Birchwood Commons,2025-03-30,R17,94,0,19:04,D03,Midwest,2026-06-25T06:46:29.225Z,2026-06-25T06:46:49.688Z
C006838,P008,Harbor Pointe,2025-03-28,R20,112,3,20:15,D03,Midwest,2026-06-25T06:46:29.225Z,2026-06-25T06:46:49.688Z
C006855,P007,Willow Creek,2025-02-05,R14,136,0,17:44,D12,Southeast,2026-06-25T06:46:29.225Z,2026-06-25T06:46:49.688Z
C006866,P005,Lakeview Terrace,2025-04-07,R24,157,2,20:01,D07,Midwest,2026-06-25T06:46:29.225Z,2026-06-25T06:46:49.688Z
C006880,P006,Cedar Park,2025-06-28,R21,42,3,19:04,D09,Southeast,2026-06-25T06:46:29.225Z,2026-06-25T06:46:49.688Z
C006914,P007,Willow Creek,2025-01-07,R24,140,0,18:31,D03,Northeast,2026-06-25T06:46:29.225Z,2026-06-25T06:46:49.688Z
C006927,P002,Maple Court,2025-03-06,R10,40,0,20:58,D12,West,2026-06-25T06:46:29.225Z,2026-06-25T06:46:49.688Z
C006932,P005,Lakeview Terrace,2025-02-17,R18,148,0,18:39,D04,West,2026-06-25T06:46:29.225Z,2026-06-25T06:46:49.688Z
C006969,P002,Maple Court,2025-06-05,R21,65,0,20:23,D14,Northeast,2026-06-25T06:46:29.225Z,2026-06-25T06:46:49.688Z
C006018,P007,Willow Creek,2025-06-18,R24,94,2,17:58,D12,Midwest,2026-06-25T06:46:29.225Z,2026-06-25T06:46:49.688Z
C006019,P007,Willow Creek,2025-01-22,R17,65,0,21:07,D03,Southeast,2026-06-25T06:46:29.225Z,2026-06-25T06:46:49.688Z
C006038,P001,Sunset Ridge,2025-03-19,R19,132,0,16:37,D11,Southeast,2026-06-25T06:46:29.225Z,2026-06-25T06:46:49.688Z
C006052,P002,Maple Court,2025-03-09,R10,123,0,15:18,D15,Midwest,2026-06-25T06:46:29.225Z,2026-06-25T06:46:49.688Z
C006116,P002,Maple Court,2025-05-27,R20,61,0,20:33,D03,Midwest,2026-06-25T06:46:29.225Z,2026-06-25T06:46:49.688Z
C006146,P003,Green Oaks,2025-05-21,R23,58,0,17:10,D18,West,2026-06-25T06:46:29.225Z,2026-06-25T06:46:49.688Z
C006154,P006,Cedar Park,2025-04-28,R13,88,0,15:57,D09,Southeast,2026-06-25T06:46:29.225Z,2026-06-25T06:46:49.688Z
C006160,P003,Green Oaks,2025-03-13,R12,63,0,16:33,D08,Midwest,2026-06-25T06:46:29.225Z,2026-06-25T06:46:49.688Z
C006229,P001,Sunset Ridge,2025-01-04,R17,91,0,15:37,D04,Southeast,2026-06-25T06:46:29.225Z,2026-06-25T06:46:49.688Z
C006232,P006,Cedar Park,2025-05-03,R15,42,0,14:17,D07,West,2026-06-25T06:46:29.225Z,2026-06-25T06:46:49.688Z
C006248,P004,Birchwood Commons,2025-06-09,R23,64,0,21:17,D12,Midwest,2026-06-25T06:46:29.225Z,2026-06-25T06:46:49.688Z
C006249,P001,Sunset Ridge,2025-06-05,R12,69,3,22:18,D18,West,2026-06-25T06:46:29.225Z,2026-06-25T06:46:49.688Z
C006253,P005,Lakeview Terrace,2025-05-16,R12,130,1,14:00,D06,Northeast,2026-06-25T06:46:29.225Z,2026-06-25T06:46:49.688Z
C006266,P003,Green Oaks,2025-02-15,R19,122,0,18:22,D09,Southeast,2026-06-25T06:46:29.225Z,2026-06-25T06:46:49.688Z
C006325,P004,Birchwood Commons,2025-06-01,R19,136,0,14:06,D12,Southeast,2026-06-25T06:46:29.225Z,2026-06-25T06:46:49.688Z
C006370,P002,Maple Court,2025-03-15,R10,146,3,19:37,D03,Northeast,2026-06-25T06:46:29.225Z,2026-06-25T06:46:49.688Z
C006373,P008,Harbor Pointe,2025-02-05,R13,56,0,22:19,D05,Northeast,2026-06-25T06:46:29.225Z,2026-06-25T06:46:49.688Z
C006406,P006,Cedar Park,2025-03-12,R15,124,0,21:38,D15,Southeast,2026-06-25T06:46:29.225Z,2026-06-25T06:46:49.688Z
C006416,P001,Sunset Ridge,2025-05-12,R19,92,0,21:14,D15,Midwest,2026-06-25T06:46:29.225Z,2026-06-25T06:46:49.688Z
C006454,P001,Sunset Ridge,2025-06-08,R13,154,0,17:28,D03,Northeast,2026-06-25T06:46:29.225Z,2026-06-25T06:46:49.688Z
C006493,P007,Willow Creek,2025-01-29,R17,128,1,18:54,D13,Southeast,2026-06-25T06:46:29.225Z,2026-06-25T06:46:49.688Z
C006525,P003,Green Oaks,2025-02-05,R23,80,0,15:48,D07,Southeast,2026-06-25T06:46:29.225Z,2026-06-25T06:46:49.688Z
C006527,P008,Harbor Pointe,2025-06-22,R12,118,1,14:45,D12,Northeast,2026-06-25T06:46:29.225Z,2026-06-25T06:46:49.688Z
C006544,P002,Maple Court,2025-06-12,R14,81,0,14:38,D02,Southeast,2026-06-25T06:46:29.225Z,2026-06-25T06:46:49.688Z
C006557,P008,Harbor Pointe,2025-01-15,R22,117,0,20:49,D07,Midwest,2026-06-25T06:46:29.225Z,2026-06-25T06:46:49.688Z
C006600,P001,Sunset Ridge,2025-06-30,R11,111,0,22:05,D03,Southeast,2026-06-25T06:46:29.225Z,2026-06-25T06:46:49.688Z
C006619,P006,Cedar Park,2025-05-19,R10,115,2,16:52,D19,Southeast,2026-06-25T06:46:29.225Z,2026-06-25T06:46:49.688Z
C006621,P008,Harbor Pointe,2025-02-06,R23,58,0,14:18,D16,Northeast,2026-06-25T06:46:29.225Z,2026-06-25T06:46:49.688Z
C006637,P006,Cedar Park,2025-01-16,R22,104,0,22:45,D03,Southeast,2026-06-25T06:46:29.225Z,2026-06-25T06:46:49.688Z
C006640,P005,Lakeview Terrace,2025-03-28,R13,64,0,18:36,D15,Southeast,2026-06-25T06:46:29.225Z,2026-06-25T06:46:49.688Z
C006641,P001,Sunset Ridge,2025-06-02,R14,46,0,17:11,D10,Midwest,2026-06-25T06:46:29.225Z,2026-06-25T06:46:49.688Z
C006642,P001,Sunset Ridge,2025-03-12,R23,43,1,15:43,D15,Midwest,2026-06-25T06:46:29.225Z,2026-06-25T06:46:49.688Z
C006644,P008,Harbor Pointe,2025-02-13,R18,70,0,14:59,D16,Southeast,2026-06-25T06:46:29.225Z,2026-06-25T06:46:49.688Z
C006699,P005,Lakeview Terrace,2025-04-07,R21,115,0,15:00,D13,West,2026-06-25T06:46:29.225Z,2026-06-25T06:46:49.688Z
C006719,P004,Birchwood Commons,2025-05-09,R20,147,1,16:33,D15,Midwest,2026-06-25T06:46:29.225Z,2026-06-25T06:46:49.688Z
C006742,P004,Birchwood Commons,2025-03-14,R23,155,2,22:55,D03,West,2026-06-25T06:46:29.225Z,2026-06-25T06:46:49.688Z
C006751,P006,Cedar Park,2025-02-25,R22,70,0,14:02,D05,Northeast,2026-06-25T06:46:29.225Z,2026-06-25T06:46:49.688Z
C006758,P002,Maple Court,2025-01-18,R13,81,0,17:22,D17,Southeast,2026-06-25T06:46:29.225Z,2026-06-25T06:46:49.688Z
C006759,P005,Lakeview Terrace,2025-01-15,R18,154,2,16:21,D14,Midwest,2026-06-25T06:46:29.225Z,2026-06-25T06:46:49.688Z
C006777,P008,Harbor Pointe,2025-02-20,R21,85,0,21:44,D17,West,2026-06-25T06:46:29.225Z,2026-06-25T06:46:49.688Z
C006800,P005,Lakeview Terrace,2025-06-29,R18,58,0,15:32,D16,Midwest,2026-06-25T06:46:29.225Z,2026-06-25T06:46:49.688Z
C006842,P004,Birchwood Commons,2025-05-10,R17,105,0,19:44,D15,West,2026-06-25T06:46:29.225Z,2026-06-25T06:46:49.688Z
C006870,P008,Harbor Pointe,2025-06-21,R11,108,1,15:38,D02,Northeast,2026-06-25T06:46:29.225Z,2026-06-25T06:46:49.688Z
C006888,P001,Sunset Ridge,2025-06-16,R11,159,0,20:33,D03,Midwest,2026-06-25T06:46:29.225Z,2026-06-25T06:46:49.688Z
C006897,P005,Lakeview Terrace,2025-05-13,R10,130,2,22:41,D04,Southeast,2026-06-25T06:46:29.225Z,2026-06-25T06:46:49.688Z
C006946,P007,Willow Creek,2025-01-13,R14,117,2,15:19,D10,Northeast,2026-06-25T06:46:29.225Z,2026-06-25T06:46:49.688Z
C006001,P002,Maple Court,2025-01-19,R10,47,0,21:10,D20,Southeast,2026-06-25T06:46:29.225Z,2026-06-25T06:46:49.688Z
C006002,P008,Harbor Pointe,2025-05-09,R19,143,0,22:46,D02,Southeast,2026-06-25T06:46:29.225Z,2026-06-25T06:46:49.688Z
C006017,P007,Willow Creek,2025-04-24,R18,53,0,14:36,D17,Southeast,2026-06-25T06:46:29.225Z,2026-06-25T06:46:49.688Z
C006030,P004,Birchwood Commons,2025-06-25,R13,142,0,22:49,D10,Southeast,2026-06-25T06:46:29.225Z,2026-06-25T06:46:49.688Z
C006033,P004,Birchwood Commons,2025-03-31,R14,159,2,17:17,D19,Midwest,2026-06-25T06:46:29.225Z,2026-06-25T06:46:49.688Z
C006042,P005,Lakeview Terrace,2025-01-27,R14,157,0,21:27,D11,Midwest,2026-06-25T06:46:29.225Z,2026-06-25T06:46:49.688Z
C006049,P005,Lakeview Terrace,2025-02-20,R18,62,0,16:58,D09,Northeast,2026-06-25T06:46:29.225Z,2026-06-25T06:46:49.688Z
C006058,P003,Green Oaks,2025-05-18,R12,112,0,14:55,D13,Northeast,2026-06-25T06:46:29.225Z,2026-06-25T06:46:49.688Z
C006066,P002,Maple Court,2025-01-16,R24,137,3,20:36,D06,Midwest,2026-06-25T06:46:29.225Z,2026-06-25T06:46:49.688Z
C006087,P001,Sunset Ridge,2025-01-30,R16,154,0,21:57,D05,Northeast,2026-06-25T06:46:29.225Z,2026-06-25T06:46:49.688Z
C006100,P005,Lakeview Terrace,2025-02-04,R14,98,0,14:18,D04,Northeast,2026-06-25T06:46:29.225Z,2026-06-25T06:46:49.688Z
C006107,P005,Lakeview Terrace,2025-02-19,R18,119,0,14:55,D19,Northeast,2026-06-25T06:46:29.225Z,2026-06-25T06:46:49.688Z
C006117,P004,Birchwood Commons,2025-01-09,R17,150,0,17:06,D17,Midwest,2026-06-25T06:46:29.225Z,2026-06-25T06:46:49.688Z
C006118,P005,Lakeview Terrace,2025-03-31,R11,61,0,17:48,D09,Northeast,2026-06-25T06:46:29.225Z,2026-06-25T06:46:49.688Z
C006133,P003,Green Oaks,2025-06-17,R17,86,0,16:12,D09,Southeast,2026-06-25T06:46:29.225Z,2026-06-25T06:46:49.688Z
C006139,P008,Harbor Pointe,2025-01-03,R24,156,0,19:01,D04,West,2026-06-25T06:46:29.225Z,2026-06-25T06:46:49.688Z
C006143,P002,Maple Court,2025-03-03,R23,44,0,20:54,D19,West,2026-06-25T06:46:29.225Z,2026-06-25T06:46:49.688Z
C006176,P006,Cedar Park,2025-02-03,R22,142,0,18:57,D04,Southeast,2026-06-25T06:46:29.225Z,2026-06-25T06:46:49.688Z
C006177,P006,Cedar Park,2025-06-20,R15,134,0,20:11,D10,Southeast,2026-06-25T06:46:29.225Z,2026-06-25T06:46:49.688Z
C006220,P007,Willow Creek,2025-06-24,R19,94,0,15:05,D01,Northeast,2026-06-25T06:46:29.225Z,2026-06-25T06:46:49.688Z
C006236,P006,Cedar Park,2025-05-23,R24,90,0,21:23,D07,Northeast,2026-06-25T06:46:29.225Z,2026-06-25T06:46:49.688Z
C006283,P007,Willow Creek,2025-04-18,R15,63,1,17:58,D13,West,2026-06-25T06:46:29.225Z,2026-06-25T06:46:49.688Z
C006287,P005,Lakeview Terrace,2025-04-23,R24,73,0,21:55,D13,Northeast,2026-06-25T06:46:29.225Z,2026-06-25T06:46:49.688Z
C006306,P001,Sunset Ridge,2025-03-22,R10,140,3,17:18,D03,Midwest,2026-06-25T06:46:29.225Z,2026-06-25T06:46:49.688Z
C006314,P006,Cedar Park,2025-03-16,R23,113,0,21:30,D02,Midwest,2026-06-25T06:46:29.225Z,2026-06-25T06:46:49.688Z
C006336,P006,Cedar Park,2025-01-28,R24,145,1,17:47,D14,Southeast,2026-06-25T06:46:29.225Z,2026-06-25T06:46:49.688Z
C006342,P001,Sunset Ridge,2025-02-11,R23,82,1,21:48,D10,Southeast,2026-06-25T06:46:29.225Z,2026-06-25T06:46:49.688Z
C006352,P005,Lakeview Terrace,2025-06-26,R10,80,0,14:47,D03,Southeast,2026-06-25T06:46:29.225Z,2026-06-25T06:46:49.688Z
C006362,P002,Maple Court,2025-05-25,R24,129,0,14:00,D03,Southeast,2026-06-25T06:46:29.225Z,2026-06-25T06:46:49.688Z
C006368,P002,Maple Court,2025-02-11,R16,109,0,17:25,D05,Northeast,2026-06-25T06:46:29.225Z,2026-06-25T06:46:49.688Z
C006387,P006,Cedar Park,2025-03-22,R20,63,0,16:02,D04,Southeast,2026-06-25T06:46:29.225Z,2026-06-25T06:46:49.688Z
C006412,P007,Willow Creek,2025-06-12,R15,59,0,20:19,D05,Northeast,2026-06-25T06:46:29.225Z,2026-06-25T06:46:49.688Z
C006415,P007,Willow Creek,2025-01-11,R15,60,0,14:53,D04,Northeast,2026-06-25T06:46:29.225Z,2026-06-25T06:46:49.688Z
C006428,P007,Willow Creek,2025-03-17,R10,50,0,21:49,D13,West,2026-06-25T06:46:29.225Z,2026-06-25T06:46:49.688Z
C006442,P001,Sunset Ridge,2025-01-23,R24,91,0,19:48,D13,Midwest,2026-06-25T06:46:29.225Z,2026-06-25T06:46:49.688Z
C006465,P004,Birchwood Commons,2025-06-08,R22,151,2,16:36,D15,Northeast,2026-06-25T06:46:29.225Z,2026-06-25T06:46:49.688Z
C006467,P005,Lakeview Terrace,2025-02-14,R23,115,1,19:56,D04,Midwest,2026-06-25T06:46:29.225Z,2026-06-25T06:46:49.688Z
C006483,P006,Cedar Park,2025-01-26,R13,134,0,19:05,D07,Northeast,2026-06-25T06:46:29.225Z,2026-06-25T06:46:49.688Z
C006489,P001,Sunset Ridge,2025-03-29,R12,158,1,22:59,D10,Northeast,2026-06-25T06:46:29.225Z,2026-06-25T06:46:49.688Z
C006555,P002,Maple Court,2025-06-13,R10,59,0,21:11,D20,Northeast,2026-06-25T06:46:29.225Z,2026-06-25T06:46:49.688Z
C006568,P006,Cedar Park,2025-05-30,R19,57,0,19:26,D17,West,2026-06-25T06:46:29.225Z,2026-06-25T06:46:49.688Z
C006575,P002,Maple Court,2025-04-07,R24,151,0,18:32,D15,Northeast,2026-06-25T06:46:29.225Z,2026-06-25T06:46:49.688Z
C006595,P003,Green Oaks,2025-04-22,R17,94,2,15:01,D01,Midwest,2026-06-25T06:46:29.225Z,2026-06-25T06:46:49.688Z
C006598,P005,Lakeview Terrace,2025-06-30,R24,64,0,22:22,D14,Midwest,2026-06-25T06:46:29.225Z,2026-06-25T06:46:49.688Z
C006599,P005,Lakeview Terrace,2025-02-22,R19,128,0,15:15,D18,West,2026-06-25T06:46:29.225Z,2026-06-25T06:46:49.688Z
C006679,P005,Lakeview Terrace,2025-05-14,R15,53,0,15:54,D20,Midwest,2026-06-25T06:46:29.225Z,2026-06-25T06:46:49.688Z
C006696,P002,Maple Court,2025-01-16,R10,157,1,16:48,D05,Midwest,2026-06-25T06:46:29.225Z,2026-06-25T06:46:49.688Z
C006712,P008,Harbor Pointe,2025-02-15,R18,41,0,21:58,D07,Southeast,2026-06-25T06:46:29.225Z,2026-06-25T06:46:49.688Z
C006748,P002,Maple Court,2025-02-01,R14,121,0,20:07,D04,West,2026-06-25T06:46:29.225Z,2026-06-25T06:46:49.688Z
C006753,P008,Harbor Pointe,2025-06-27,R20,135,0,17:06,D06,Northeast,2026-06-25T06:46:29.225Z,2026-06-25T06:46:49.688Z
C006754,P008,Harbor Pointe,2025-02-10,R22,44,0,15:14,D04,Southeast,2026-06-25T06:46:29.225Z,2026-06-25T06:46:49.688Z
C006760,P007,Willow Creek,2025-05-04,R22,75,0,17:43,D07,Southeast,2026-06-25T06:46:29.225Z,2026-06-25T06:46:49.688Z
C006761,P003,Green Oaks,2025-04-21,R10,122,0,16:59,D18,West,2026-06-25T06:46:29.225Z,2026-06-25T06:46:49.688Z
C006763,P004,Birchwood Commons,2025-03-26,R16,124,0,21:50,D05,Southeast,2026-06-25T06:46:29.225Z,2026-06-25T06:46:49.688Z
C006779,P007,Willow Creek,2025-04-20,R19,122,0,19:01,D17,Northeast,2026-06-25T06:46:29.225Z,2026-06-25T06:46:49.688Z
C006782,P001,Sunset Ridge,2025-02-16,R20,136,0,18:12,D19,West,2026-06-25T06:46:29.225Z,2026-06-25T06:46:49.688Z
C006791,P007,Willow Creek,2025-05-11,R23,95,0,19:50,D03,West,2026-06-25T06:46:29.225Z,2026-06-25T06:46:49.688Z
C006810,P008,Harbor Pointe,2025-02-24,R23,127,3,21:29,D09,Northeast,2026-06-25T06:46:29.225Z,2026-06-25T06:46:49.688Z
C006824,P005,Lakeview Terrace,2025-02-25,R19,87,0,21:27,D02,Midwest,2026-06-25T06:46:29.225Z,2026-06-25T06:46:49.688Z
C006834,P008,Harbor Pointe,2025-01-17,R11,142,0,22:36,D16,West,2026-06-25T06:46:29.225Z,2026-06-25T06:46:49.688Z
C006836,P002,Maple Court,2025-06-14,R10,144,0,15:31,D05,West,2026-06-25T06:46:29.225Z,2026-06-25T06:46:49.688Z
C006837,P003,Green Oaks,2025-03-10,R11,130,0,19:57,D03,West,2026-06-25T06:46:29.225Z,2026-06-25T06:46:49.688Z
C006846,P008,Harbor Pointe,2025-03-20,R18,148,0,18:12,D01,Southeast,2026-06-25T06:46:29.225Z,2026-06-25T06:46:49.688Z
C006912,P005,Lakeview Terrace,2025-06-04,R13,99,0,16:56,D19,Southeast,2026-06-25T06:46:29.225Z,2026-06-25T06:46:49.688Z
C006928,P007,Willow Creek,2025-02-06,R16,108,2,22:23,D10,Northeast,2026-06-25T06:46:29.225Z,2026-06-25T06:46:49.688Z
C006940,P008,Harbor Pointe,2025-03-19,R14,97,0,18:01,D15,Midwest,2026-06-25T06:46:29.225Z,2026-06-25T06:46:49.688Z
C006999,P002,Maple Court,2025-05-11,R19,132,0,19:00,D16,West,2026-06-25T06:46:29.225Z,2026-06-25T06:46:49.688Z
C007000,P007,Willow Creek,2025-05-07,R19,113,2,17:42,D17,Southeast,2026-06-25T06:46:29.225Z,2026-06-25T06:46:49.688Z
C006039,P001,Sunset Ridge,2025-04-18,R18,79,0,19:16,D17,Midwest,2026-06-25T06:46:29.225Z,2026-06-25T06:46:49.688Z
C006085,P002,Maple Court,2025-01-01,R12,139,0,17:24,D05,Northeast,2026-06-25T06:46:29.225Z,2026-06-25T06:46:49.688Z
C006102,P002,Maple Court,2025-06-04,R23,48,2,22:06,D19,West,2026-06-25T06:46:29.225Z,2026-06-25T06:46:49.688Z
C006122,P007,Willow Creek,2025-06-02,R13,57,0,21:44,D02,Midwest,2026-06-25T06:46:29.225Z,2026-06-25T06:46:49.688Z
C006124,P001,Sunset Ridge,2025-01-12,R22,120,3,21:24,D08,Northeast,2026-06-25T06:46:29.225Z,2026-06-25T06:46:49.688Z
C006161,P002,Maple Court,2025-05-14,R13,104,1,19:11,D06,Midwest,2026-06-25T06:46:29.225Z,2026-06-25T06:46:49.688Z
C006164,P003,Green Oaks,2025-02-11,R14,143,0,19:24,D15,Southeast,2026-06-25T06:46:29.225Z,2026-06-25T06:46:49.688Z
C006208,P003,Green Oaks,2025-01-29,R20,129,3,16:33,D17,West,2026-06-25T06:46:29.225Z,2026-06-25T06:46:49.688Z
C006210,P005,Lakeview Terrace,2025-03-09,R21,82,0,14:09,D13,West,2026-06-25T06:46:29.225Z,2026-06-25T06:46:49.688Z
C006218,P007,Willow Creek,2025-04-21,R20,60,0,14:05,D15,Midwest,2026-06-25T06:46:29.225Z,2026-06-25T06:46:49.688Z
C006244,P003,Green Oaks,2025-04-22,R12,128,3,16:29,D15,Midwest,2026-06-25T06:46:29.225Z,2026-06-25T06:46:49.688Z
C006251,P001,Sunset Ridge,2025-03-01,R19,148,0,14:32,D11,West,2026-06-25T06:46:29.225Z,2026-06-25T06:46:49.688Z
C006273,P006,Cedar Park,2025-05-01,R22,146,0,15:53,D14,Midwest,2026-06-25T06:46:29.225Z,2026-06-25T06:46:49.688Z
C006276,P008,Harbor Pointe,2025-05-16,R20,86,0,21:30,D07,Southeast,2026-06-25T06:46:29.225Z,2026-06-25T06:46:49.688Z
C006296,P008,Harbor Pointe,2025-02-12,R11,54,0,19:28,D18,West,2026-06-25T06:46:29.225Z,2026-06-25T06:46:49.688Z
C006299,P004,Birchwood Commons,2025-05-16,R11,77,1,14:44,D07,Southeast,2026-06-25T06:46:29.225Z,2026-06-25T06:46:49.688Z
C006356,P004,Birchwood Commons,2025-03-23,R21,113,0,20:09,D11,Northeast,2026-06-25T06:46:29.225Z,2026-06-25T06:46:49.688Z
C006369,P002,Maple Court,2025-04-25,R10,129,0,22:31,D06,West,2026-06-25T06:46:29.225Z,2026-06-25T06:46:49.688Z
C006372,P006,Cedar Park,2025-06-01,R12,119,0,20:16,D08,Northeast,2026-06-25T06:46:29.225Z,2026-06-25T06:46:49.688Z
C006383,P007,Willow Creek,2025-06-28,R20,115,0,20:41,D10,Southeast,2026-06-25T06:46:29.225Z,2026-06-25T06:46:49.688Z
C006399,P003,Green Oaks,2025-03-13,R21,102,0,18:49,D17,Northeast,2026-06-25T06:46:29.225Z,2026-06-25T06:46:49.688Z
C006420,P005,Lakeview Terrace,2025-02-02,R19,156,0,18:04,D04,Southeast,2026-06-25T06:46:29.225Z,2026-06-25T06:46:49.688Z
C006439,P008,Harbor Pointe,2025-06-08,R24,152,0,14:21,D01,Midwest,2026-06-25T06:46:29.225Z,2026-06-25T06:46:49.688Z
C006484,P004,Birchwood Commons,2025-06-16,R20,130,0,18:14,D03,West,2026-06-25T06:46:29.225Z,2026-06-25T06:46:49.688Z
C006494,P001,Sunset Ridge,2025-04-21,R15,74,0,17:14,D15,Southeast,2026-06-25T06:46:29.225Z,2026-06-25T06:46:49.688Z
C006507,P003,Green Oaks,2025-05-10,R13,54,1,17:09,D20,West,2026-06-25T06:46:29.225Z,2026-06-25T06:46:49.688Z
C006520,P005,Lakeview Terrace,2025-01-06,R24,99,0,20:24,D08,Southeast,2026-06-25T06:46:29.225Z,2026-06-25T06:46:49.688Z
C006559,P003,Green Oaks,2025-04-22,R11,155,1,16:31,D10,West,2026-06-25T06:46:29.225Z,2026-06-25T06:46:49.688Z
C006560,P004,Birchwood Commons,2025-02-11,R13,78,0,19:36,D12,Midwest,2026-06-25T06:46:29.225Z,2026-06-25T06:46:49.688Z
C006567,P007,Willow Creek,2025-04-12,R24,75,0,19:04,D04,Northeast,2026-06-25T06:46:29.225Z,2026-06-25T06:46:49.688Z
C006569,P003,Green Oaks,2025-01-01,R16,73,0,20:39,D16,Northeast,2026-06-25T06:46:29.225Z,2026-06-25T06:46:49.688Z
C006584,P005,Lakeview Terrace,2025-06-08,R10,43,0,19:39,D16,Northeast,2026-06-25T06:46:29.225Z,2026-06-25T06:46:49.688Z
C006597,P007,Willow Creek,2025-04-04,R19,54,3,19:49,D16,Midwest,2026-06-25T06:46:29.225Z,2026-06-25T06:46:49.688Z
C006603,P008,Harbor Pointe,2025-02-07,R22,117,0,20:15,D08,West,2026-06-25T06:46:29.225Z,2026-06-25T06:46:49.688Z
C006620,P005,Lakeview Terrace,2025-05-15,R15,74,0,18:47,D20,West,2026-06-25T06:46:29.225Z,2026-06-25T06:46:49.688Z
C006636,P002,Maple Court,2025-02-27,R18,117,0,18:51,D12,Southeast,2026-06-25T06:46:29.225Z,2026-06-25T06:46:49.688Z
C006651,P003,Green Oaks,2025-01-16,R13,52,0,20:08,D11,West,2026-06-25T06:46:29.225Z,2026-06-25T06:46:49.688Z
C006683,P006,Cedar Park,2025-05-24,R17,47,1,19:13,D06,Southeast,2026-06-25T06:46:29.225Z,2026-06-25T06:46:49.688Z
C006686,P004,Birchwood Commons,2025-01-19,R16,103,0,19:33,D01,West,2026-06-25T06:46:29.225Z,2026-06-25T06:46:49.688Z
C006698,P001,Sunset Ridge,2025-03-23,R11,158,0,15:48,D18,Southeast,2026-06-25T06:46:29.225Z,2026-06-25T06:46:49.688Z
C006724,P004,Birchwood Commons,2025-04-02,R18,110,2,16:13,D05,Midwest,2026-06-25T06:46:29.225Z,2026-06-25T06:46:49.688Z
C006756,P005,Lakeview Terrace,2025-04-16,R23,112,0,16:07,D11,Southeast,2026-06-25T06:46:29.225Z,2026-06-25T06:46:49.688Z
C006765,P003,Green Oaks,2025-06-25,R21,109,2,19:54,D13,Northeast,2026-06-25T06:46:29.225Z,2026-06-25T06:46:49.688Z
C006797,P002,Maple Court,2025-04-16,R23,134,0,17:18,D04,Midwest,2026-06-25T06:46:29.225Z,2026-06-25T06:46:49.688Z
C006799,P008,Harbor Pointe,2025-06-01,R15,97,0,18:41,D10,West,2026-06-25T06:46:29.225Z,2026-06-25T06:46:49.688Z
C006808,P008,Harbor Pointe,2025-06-06,R16,147,1,20:23,D14,Midwest,2026-06-25T06:46:29.225Z,2026-06-25T06:46:49.688Z
C006816,P008,Harbor Pointe,2025-05-02,R21,155,0,21:33,D18,Northeast,2026-06-25T06:46:29.225Z,2026-06-25T06:46:49.688Z
C006817,P008,Harbor Pointe,2025-03-31,R19,133,2,19:29,D19,West,2026-06-25T06:46:29.225Z,2026-06-25T06:46:49.688Z
C006825,P007,Willow Creek,2025-06-11,R23,128,1,15:01,D18,Northeast,2026-06-25T06:46:29.225Z,2026-06-25T06:46:49.688Z
C006841,P008,Harbor Pointe,2025-01-24,R10,94,0,19:59,D18,West,2026-06-25T06:46:29.225Z,2026-06-25T06:46:49.688Z
C006847,P008,Harbor Pointe,2025-02-26,R18,121,0,14:26,D10,West,2026-06-25T06:46:29.225Z,2026-06-25T06:46:49.688Z
C006878,P003,Green Oaks,2025-01-09,R18,158,0,18:53,D08,Northeast,2026-06-25T06:46:29.225Z,2026-06-25T06:46:49.688Z
C006883,P008,Harbor Pointe,2025-01-26,R17,132,1,21:29,D05,Midwest,2026-06-25T06:46:29.225Z,2026-06-25T06:46:49.688Z
C006889,P001,Sunset Ridge,2025-01-10,R10,43,0,20:39,D20,Southeast,2026-06-25T06:46:29.225Z,2026-06-25T06:46:49.688Z
C006903,P006,Cedar Park,2025-05-16,R14,118,0,22:04,D18,Northeast,2026-06-25T06:46:29.225Z,2026-06-25T06:46:49.688Z
C006923,P006,Cedar Park,2025-03-25,R23,154,0,14:58,D03,Northeast,2026-06-25T06:46:29.225Z,2026-06-25T06:46:49.688Z
C006947,P008,Harbor Pointe,2025-02-24,R21,84,3,16:01,D04,Northeast,2026-06-25T06:46:29.225Z,2026-06-25T06:46:49.688Z
C006956,P004,Birchwood Commons,2025-04-30,R20,153,1,14:52,D20,Southeast,2026-06-25T06:46:29.225Z,2026-06-25T06:46:49.688Z
C006963,P008,Harbor Pointe,2025-05-30,R13,85,0,17:20,D05,Midwest,2026-06-25T06:46:29.225Z,2026-06-25T06:46:49.688Z
C006966,P005,Lakeview Terrace,2025-06-07,R12,93,0,14:40,D13,Southeast,2026-06-25T06:46:29.225Z,2026-06-25T06:46:49.688Z
C006967,P008,Harbor Pointe,2025-01-07,R12,99,0,18:56,D01,Northeast,2026-06-25T06:46:29.225Z,2026-06-25T06:46:49.688Z
C006008,P004,Birchwood Commons,2025-03-15,R13,73,0,17:01,D09,Midwest,2026-06-25T06:46:29.225Z,2026-06-25T06:46:49.688Z
C006011,P003,Green Oaks,2025-04-19,R15,50,0,15:30,D05,Midwest,2026-06-25T06:46:29.225Z,2026-06-25T06:46:49.688Z
C006020,P007,Willow Creek,2025-04-26,R18,92,1,22:41,D14,Northeast,2026-06-25T06:46:29.225Z,2026-06-25T06:46:49.688Z
C006048,P002,Maple Court,2025-05-20,R12,98,0,20:02,D16,Midwest,2026-06-25T06:46:29.225Z,2026-06-25T06:46:49.688Z
C006091,P007,Willow Creek,2025-06-22,R13,74,0,21:19,D03,Southeast,2026-06-25T06:46:29.225Z,2026-06-25T06:46:49.688Z
C006104,P003,Green Oaks,2025-03-25,R12,113,0,22:06,D07,Midwest,2026-06-25T06:46:29.225Z,2026-06-25T06:46:49.688Z
C006115,P005,Lakeview Terrace,2025-06-10,R24,83,3,19:34,D15,West,2026-06-25T06:46:29.225Z,2026-06-25T06:46:49.688Z
C006128,P004,Birchwood Commons,2025-06-23,R15,149,0,15:30,D05,Midwest,2026-06-25T06:46:29.225Z,2026-06-25T06:46:49.688Z
C006151,P008,Harbor Pointe,2025-01-16,R19,52,0,17:21,D08,Midwest,2026-06-25T06:46:29.225Z,2026-06-25T06:46:49.688Z
C006197,P006,Cedar Park,2025-03-30,R16,42,2,19:07,D09,Midwest,2026-06-25T06:46:29.225Z,2026-06-25T06:46:49.688Z
C006203,P001,Sunset Ridge,2025-01-20,R17,58,0,19:46,D02,Northeast,2026-06-25T06:46:29.225Z,2026-06-25T06:46:49.688Z
C006226,P003,Green Oaks,2025-04-17,R15,46,0,22:53,D02,Northeast,2026-06-25T06:46:29.225Z,2026-06-25T06:46:49.688Z
C006235,P004,Birchwood Commons,2025-05-24,R19,47,0,17:27,D16,Northeast,2026-06-25T06:46:29.225Z,2026-06-25T06:46:49.688Z
C006264,P005,Lakeview Terrace,2025-06-08,R21,107,0,21:33,D14,Southeast,2026-06-25T06:46:29.225Z,2026-06-25T06:46:49.688Z
C006288,P004,Birchwood Commons,2025-05-10,R19,124,2,14:04,D18,West,2026-06-25T06:46:29.225Z,2026-06-25T06:46:49.688Z
C006304,P008,Harbor Pointe,2025-04-23,R11,90,0,21:05,D09,Northeast,2026-06-25T06:46:29.225Z,2026-06-25T06:46:49.688Z
C006308,P003,Green Oaks,2025-03-30,R23,63,2,15:35,D04,Northeast,2026-06-25T06:46:29.225Z,2026-06-25T06:46:49.688Z
C006318,P004,Birchwood Commons,2025-04-22,R16,120,0,18:42,D10,Northeast,2026-06-25T06:46:29.225Z,2026-06-25T06:46:49.688Z
C006329,P004,Birchwood Commons,2025-05-14,R11,144,0,18:13,D08,West,2026-06-25T06:46:29.225Z,2026-06-25T06:46:49.688Z
C006334,P006,Cedar Park,2025-01-05,R19,78,2,22:40,D07,West,2026-06-25T06:46:29.225Z,2026-06-25T06:46:49.688Z
C006344,P002,Maple Court,2025-05-12,R21,90,0,20:31,D15,Southeast,2026-06-25T06:46:29.225Z,2026-06-25T06:46:49.688Z
C006346,P001,Sunset Ridge,2025-05-16,R14,128,2,17:38,D09,Midwest,2026-06-25T06:46:29.225Z,2026-06-25T06:46:49.688Z
C006353,P007,Willow Creek,2025-03-04,R11,103,1,14:00,D02,Northeast,2026-06-25T06:46:29.225Z,2026-06-25T06:46:49.688Z
C006360,P003,Green Oaks,2025-05-12,R14,136,3,14:38,D13,Northeast,2026-06-25T06:46:29.225Z,2026-06-25T06:46:49.688Z
C006376,P005,Lakeview Terrace,2025-03-09,R20,82,0,21:33,D04,Midwest,2026-06-25T06:46:29.225Z,2026-06-25T06:46:49.688Z
C006381,P003,Green Oaks,2025-06-19,R21,57,2,21:30,D01,Midwest,2026-06-25T06:46:29.225Z,2026-06-25T06:46:49.688Z
C006391,P008,Harbor Pointe,2025-04-14,R14,126,1,18:58,D14,West,2026-06-25T06:46:29.225Z,2026-06-25T06:46:49.688Z
C006403,P007,Willow Creek,2025-04-25,R17,106,0,18:23,D05,West,2026-06-25T06:46:29.225Z,2026-06-25T06:46:49.688Z
C006433,P007,Willow Creek,2025-03-09,R18,72,0,20:02,D09,Southeast,2026-06-25T06:46:29.225Z,2026-06-25T06:46:49.688Z
C006446,P005,Lakeview Terrace,2025-03-31,R11,110,0,21:21,D16,West,2026-06-25T06:46:29.225Z,2026-06-25T06:46:49.688Z
C006450,P002,Maple Court,2025-05-11,R15,146,0,16:54,D13,West,2026-06-25T06:46:29.225Z,2026-06-25T06:46:49.688Z
C006466,P007,Willow Creek,2025-04-03,R15,144,0,15:27,D01,West,2026-06-25T06:46:29.225Z,2026-06-25T06:46:49.688Z
C006469,P007,Willow Creek,2025-03-24,R16,135,1,18:58,D16,Southeast,2026-06-25T06:46:29.225Z,2026-06-25T06:46:49.688Z
C006476,P005,Lakeview Terrace,2025-06-25,R13,97,0,14:47,D09,Midwest,2026-06-25T06:46:29.225Z,2026-06-25T06:46:49.688Z
C006486,P002,Maple Court,2025-03-08,R21,85,0,18:55,D07,Midwest,2026-06-25T06:46:29.225Z,2026-06-25T06:46:49.688Z
C006501,P002,Maple Court,2025-03-08,R19,145,0,16:40,D12,Northeast,2026-06-25T06:46:29.225Z,2026-06-25T06:46:49.688Z
C006510,P003,Green Oaks,2025-06-30,R12,82,1,18:14,D16,West,2026-06-25T06:46:29.225Z,2026-06-25T06:46:49.688Z
C006516,P005,Lakeview Terrace,2025-06-29,R24,68,1,15:19,D19,Southeast,2026-06-25T06:46:29.225Z,2026-06-25T06:46:49.688Z
C006531,P001,Sunset Ridge,2025-04-17,R13,131,0,18:35,D07,Southeast,2026-06-25T06:46:29.225Z,2026-06-25T06:46:49.688Z
C006534,P004,Birchwood Commons,2025-02-21,R23,77,0,15:31,D16,Midwest,2026-06-25T06:46:29.225Z,2026-06-25T06:46:49.688Z
C006550,P006,Cedar Park,2025-06-12,R20,79,0,18:49,D10,Northeast,2026-06-25T06:46:29.225Z,2026-06-25T06:46:49.688Z
C006562,P006,Cedar Park,2025-05-29,R23,116,3,14:37,D19,Northeast,2026-06-25T06:46:29.225Z,2026-06-25T06:46:49.688Z
C006578,P005,Lakeview Terrace,2025-05-09,R19,117,2,15:27,D19,Northeast,2026-06-25T06:46:29.225Z,2026-06-25T06:46:49.688Z
C006589,P006,Cedar Park,2025-05-27,R23,97,0,21:00,D15,West,2026-06-25T06:46:29.225Z,2026-06-25T06:46:49.688Z
C006622,P002,Maple Court,2025-03-20,R17,147,3,19:26,D08,Northeast,2026-06-25T06:46:29.225Z,2026-06-25T06:46:49.688Z
C006658,P004,Birchwood Commons,2025-02-09,R17,43,0,19:02,D13,West,2026-06-25T06:46:29.225Z,2026-06-25T06:46:49.688Z
C006701,P002,Maple Court,2025-06-07,R22,142,0,20:14,D06,Midwest,2026-06-25T06:46:29.225Z,2026-06-25T06:46:49.688Z
C006736,P001,Sunset Ridge,2025-05-05,R20,88,0,19:25,D19,Northeast,2026-06-25T06:46:29.225Z,2026-06-25T06:46:49.688Z
C006803,P006,Cedar Park,2025-02-25,R11,66,1,18:48,D13,Northeast,2026-06-25T06:46:29.225Z,2026-06-25T06:46:49.688Z
C006812,P001,Sunset Ridge,2025-05-14,R24,41,0,17:42,D09,Southeast,2026-06-25T06:46:29.225Z,2026-06-25T06:46:49.688Z
C006821,P004,Birchwood Commons,2025-02-07,R12,160,0,20:51,D11,Southeast,2026-06-25T06:46:29.225Z,2026-06-25T06:46:49.688Z
C006828,P003,Green Oaks,2025-04-16,R11,121,0,17:21,D10,Northeast,2026-06-25T06:46:29.225Z,2026-06-25T06:46:49.688Z
C006898,P001,Sunset Ridge,2025-04-27,R20,88,1,17:53,D17,Midwest,2026-06-25T06:46:29.225Z,2026-06-25T06:46:49.688Z
C006908,P002,Maple Court,2025-03-11,R15,41,0,15:08,D08,Northeast,2026-06-25T06:46:29.225Z,2026-06-25T06:46:49.688Z
C006921,P001,Sunset Ridge,2025-04-16,R21,124,1,19:58,D18,Southeast,2026-06-25T06:46:29.225Z,2026-06-25T06:46:49.688Z
C006925,P005,Lakeview Terrace,2025-04-27,R19,158,0,15:51,D10,Southeast,2026-06-25T06:46:29.225Z,2026-06-25T06:46:49.688Z
C006936,P005,Lakeview Terrace,2025-01-02,R17,64,0,18:19,D15,Midwest,2026-06-25T06:46:29.225Z,2026-06-25T06:46:49.688Z
C006953,P004,Birchwood Commons,2025-05-19,R16,110,0,14:55,D15,Midwest,2026-06-25T06:46:29.225Z,2026-06-25T06:46:49.688Z
C006968,P004,Birchwood Commons,2025-01-23,R11,157,0,20:18,D03,Southeast,2026-06-25T06:46:29.225Z,2026-06-25T06:46:49.688Z
C006981,P004,Birchwood Commons,2025-03-15,R15,128,0,17:59,D11,Midwest,2026-06-25T06:46:29.225Z,2026-06-25T06:46:49.688Z
C006984,P008,Harbor Pointe,2025-01-27,R22,81,3,20:57,D04,Southeast,2026-06-25T06:46:29.225Z,2026-06-25T06:46:49.688Z
C006996,P006,Cedar Park,2025-06-30,R14,83,0,19:08,D15,West,2026-06-25T06:46:29.225Z,2026-06-25T06:46:49.688Z
C006997,P003,Green Oaks,2025-04-22,R20,88,0,14:56,D06,Midwest,2026-06-25T06:46:29.225Z,2026-06-25T06:46:49.688Z
C002009,P001,Sunset Ridge,2025-04-17,R20,86,0,19:51,D20,Northeast,2026-06-25T06:46:29.225Z,2026-06-25T06:46:49.688Z
C002033,P008,Harbor Pointe,2025-06-01,R18,110,0,19:07,D20,Southeast,2026-06-25T06:46:29.225Z,2026-06-25T06:46:49.688Z
C002035,P003,Green Oaks,2025-01-15,R21,73,2,20:09,D09,Northeast,2026-06-25T06:46:29.225Z,2026-06-25T06:46:49.688Z
C002046,P001,Sunset Ridge,2025-05-07,R16,67,0,20:12,D17,Northeast,2026-06-25T06:46:29.225Z,2026-06-25T06:46:49.688Z
C002065,P005,Lakeview Terrace,2025-03-06,R19,65,0,20:42,D20,Northeast,2026-06-25T06:46:29.225Z,2026-06-25T06:46:49.688Z
C002074,P007,Willow Creek,2025-05-28,R21,84,0,19:48,D15,Midwest,2026-06-25T06:46:29.225Z,2026-06-25T06:46:49.688Z
C002080,P004,Birchwood Commons,2025-01-22,R11,59,1,20:06,D14,Midwest,2026-06-25T06:46:29.225Z,2026-06-25T06:46:49.688Z
C002107,P001,Sunset Ridge,2025-04-15,R13,152,0,20:48,D05,Northeast,2026-06-25T06:46:29.225Z,2026-06-25T06:46:49.688Z
C002108,P002,Maple Court,2025-05-16,R14,139,0,18:05,D15,Southeast,2026-06-25T06:46:29.225Z,2026-06-25T06:46:49.688Z
C002135,P005,Lakeview Terrace,2025-01-11,R24,110,0,14:50,D17,West,2026-06-25T06:46:29.225Z,2026-06-25T06:46:49.688Z
C002138,P001,Sunset Ridge,2025-04-26,R19,145,0,14:32,D12,Southeast,2026-06-25T06:46:29.225Z,2026-06-25T06:46:49.688Z
C002141,P005,Lakeview Terrace,2025-01-23,R12,108,2,19:37,D13,Midwest,2026-06-25T06:46:29.225Z,2026-06-25T06:46:49.688Z
C002163,P002,Maple Court,2025-01-13,R22,139,3,18:01,D13,Northeast,2026-06-25T06:46:29.225Z,2026-06-25T06:46:49.688Z
C002181,P006,Cedar Park,2025-04-11,R10,139,0,19:34,D15,Southeast,2026-06-25T06:46:29.225Z,2026-06-25T06:46:49.688Z
C002184,P005,Lakeview Terrace,2025-03-02,R22,109,0,14:10,D05,Southeast,2026-06-25T06:46:29.225Z,2026-06-25T06:46:49.688Z
C002204,P002,Maple Court,2025-01-02,R24,126,0,22:52,D19,Southeast,2026-06-25T06:46:29.225Z,2026-06-25T06:46:49.688Z
C002248,P003,Green Oaks,2025-03-30,R13,151,1,15:01,D05,Midwest,2026-06-25T06:46:29.225Z,2026-06-25T06:46:49.688Z
C002249,P001,Sunset Ridge,2025-05-31,R11,78,1,17:30,D09,Midwest,2026-06-25T06:46:29.225Z,2026-06-25T06:46:49.688Z
C002274,P002,Maple Court,2025-06-21,R12,115,0,14:55,D04,Northeast,2026-06-25T06:46:29.225Z,2026-06-25T06:46:49.688Z
C002282,P004,Birchwood Commons,2025-04-01,R23,57,0,21:01,D02,Southeast,2026-06-25T06:46:29.225Z,2026-06-25T06:46:49.688Z
C002299,P002,Maple Court,2025-05-17,R17,152,0,19:33,D17,Midwest,2026-06-25T06:46:29.225Z,2026-06-25T06:46:49.688Z
C002346,P006,Cedar Park,2025-03-29,R21,115,0,20:55,D18,Southeast,2026-06-25T06:46:29.225Z,2026-06-25T06:46:49.688Z
C002347,P003,Green Oaks,2025-04-29,R15,73,0,22:11,D10,Midwest,2026-06-25T06:46:29.225Z,2026-06-25T06:46:49.688Z
C002380,P005,Lakeview Terrace,2025-04-13,R22,119,0,21:02,D17,Southeast,2026-06-25T06:46:29.225Z,2026-06-25T06:46:49.688Z
C002396,P003,Green Oaks,2025-04-28,R14,148,0,21:11,D17,Midwest,2026-06-25T06:46:29.225Z,2026-06-25T06:46:49.688Z
C002398,P008,Harbor Pointe,2025-02-11,R13,51,0,16:26,D03,West,2026-06-25T06:46:29.225Z,2026-06-25T06:46:49.688Z
C002425,P006,Cedar Park,2025-04-23,R10,96,0,18:02,D16,Southeast,2026-06-25T06:46:29.225Z,2026-06-25T06:46:49.688Z
C002479,P004,Birchwood Commons,2025-05-17,R14,65,0,14:51,D08,Southeast,2026-06-25T06:46:29.225Z,2026-06-25T06:46:49.688Z
C002484,P007,Willow Creek,2025-04-09,R22,48,2,20:13,D09,Midwest,2026-06-25T06:46:29.225Z,2026-06-25T06:46:49.688Z
C002518,P006,Cedar Park,2025-02-16,R13,87,1,14:57,D13,Midwest,2026-06-25T06:46:29.225Z,2026-06-25T06:46:49.688Z
C002523,P008,Harbor Pointe,2025-02-28,R20,86,0,20:04,D11,Northeast,2026-06-25T06:46:29.225Z,2026-06-25T06:46:49.688Z
C002529,P002,Maple Court,2025-01-25,R12,79,0,15:12,D19,Midwest,2026-06-25T06:46:29.225Z,2026-06-25T06:46:49.688Z
C002535,P006,Cedar Park,2025-01-08,R12,69,3,15:09,D02,Midwest,2026-06-25T06:46:29.225Z,2026-06-25T06:46:49.688Z
C002552,P008,Harbor Pointe,2025-02-02,R21,159,0,17:36,D18,Northeast,2026-06-25T06:46:29.225Z,2026-06-25T06:46:49.688Z
C002562,P006,Cedar Park,2025-01-19,R10,153,0,17:18,D06,Midwest,2026-06-25T06:46:29.225Z,2026-06-25T06:46:49.688Z
C002646,P007,Willow Creek,2025-04-28,R14,110,0,14:01,D18,Midwest,2026-06-25T06:46:29.225Z,2026-06-25T06:46:49.688Z
C002653,P005,Lakeview Terrace,2025-03-16,R22,112,0,17:52,D15,Northeast,2026-06-25T06:46:29.225Z,2026-06-25T06:46:49.688Z
C002657,P001,Sunset Ridge,2025-03-06,R16,101,0,18:42,D11,West,2026-06-25T06:46:29.225Z,2026-06-25T06:46:49.688Z
C002676,P002,Maple Court,2025-05-16,R23,140,0,15:44,D07,Midwest,2026-06-25T06:46:29.225Z,2026-06-25T06:46:49.688Z
C002706,P008,Harbor Pointe,2025-04-13,R11,67,0,19:32,D20,West,2026-06-25T06:46:29.225Z,2026-06-25T06:46:49.688Z
C002733,P008,Harbor Pointe,2025-05-31,R12,135,1,20:16,D19,West,2026-06-25T06:46:29.225Z,2026-06-25T06:46:49.688Z
C002752,P003,Green Oaks,2025-05-23,R14,84,0,19:37,D18,Northeast,2026-06-25T06:46:29.225Z,2026-06-25T06:46:49.688Z
C002760,P005,Lakeview Terrace,2025-02-28,R18,95,0,18:28,D02,Midwest,2026-06-25T06:46:29.225Z,2026-06-25T06:46:49.688Z
C002772,P006,Cedar Park,2025-05-14,R11,124,2,22:41,D12,Northeast,2026-06-25T06:46:29.225Z,2026-06-25T06:46:49.688Z
C002810,P001,Sunset Ridge,2025-01-27,R11,51,0,18:02,D01,Midwest,2026-06-25T06:46:29.225Z,2026-06-25T06:46:49.688Z
C002817,P004,Birchwood Commons,2025-06-03,R17,54,1,20:06,D14,Southeast,2026-06-25T06:46:29.225Z,2026-06-25T06:46:49.688Z
C002859,P006,Cedar Park,2025-01-20,R20,153,1,21:27,D20,Southeast,2026-06-25T06:46:29.225Z,2026-06-25T06:46:49.688Z
C002872,P007,Willow Creek,2025-05-27,R13,84,0,14:19,D19,West,2026-06-25T06:46:29.225Z,2026-06-25T06:46:49.688Z
C002907,P007,Willow Creek,2025-01-21,R12,111,1,16:11,D06,Northeast,2026-06-25T06:46:29.225Z,2026-06-25T06:46:49.688Z
C002910,P003,Green Oaks,2025-01-24,R22,60,2,17:59,D09,Southeast,2026-06-25T06:46:29.225Z,2026-06-25T06:46:49.688Z
C002918,P007,Willow Creek,2025-04-13,R23,147,0,14:30,D14,Midwest,2026-06-25T06:46:29.225Z,2026-06-25T06:46:49.688Z
C002928,P005,Lakeview Terrace,2025-01-11,R18,68,2,21:19,D09,Northeast,2026-06-25T06:46:29.225Z,2026-06-25T06:46:49.688Z
C002948,P007,Willow Creek,2025-05-12,R15,67,0,22:48,D11,Southeast,2026-06-25T06:46:29.225Z,2026-06-25T06:46:49.688Z
C002971,P002,Maple Court,2025-04-19,R21,116,2,20:54,D04,Midwest,2026-06-25T06:46:29.225Z,2026-06-25T06:46:49.688Z
C002980,P005,Lakeview Terrace,2025-02-04,R10,85,1,19:14,D14,Northeast,2026-06-25T06:46:29.225Z,2026-06-25T06:46:49.688Z
C002023,P002,Maple Court,2025-05-19,R11,59,0,15:54,D01,Midwest,2026-06-25T06:46:29.225Z,2026-06-25T06:46:49.688Z
C002026,P004,Birchwood Commons,2025-02-15,R18,160,0,18:46,D01,Southeast,2026-06-25T06:46:29.225Z,2026-06-25T06:46:49.688Z
C002032,P008,Harbor Pointe,2025-01-02,R11,57,3,15:38,D17,Southeast,2026-06-25T06:46:29.225Z,2026-06-25T06:46:49.688Z
C002039,P002,Maple Court,2025-05-28,R13,46,0,18:19,D18,Southeast,2026-06-25T06:46:29.225Z,2026-06-25T06:46:49.688Z
C002071,P008,Harbor Pointe,2025-01-31,R24,66,3,15:21,D08,Southeast,2026-06-25T06:46:29.225Z,2026-06-25T06:46:49.688Z
C002078,P005,Lakeview Terrace,2025-06-10,R23,127,1,20:09,D03,Midwest,2026-06-25T06:46:29.225Z,2026-06-25T06:46:49.688Z
C002085,P002,Maple Court,2025-02-28,R18,101,1,20:58,D19,Midwest,2026-06-25T06:46:29.225Z,2026-06-25T06:46:49.688Z
C002125,P008,Harbor Pointe,2025-02-27,R15,147,0,14:37,D05,West,2026-06-25T06:46:29.225Z,2026-06-25T06:46:49.688Z
C002147,P003,Green Oaks,2025-06-16,R20,154,0,22:48,D01,Northeast,2026-06-25T06:46:29.225Z,2026-06-25T06:46:49.688Z
C002155,P001,Sunset Ridge,2025-04-10,R11,146,0,20:32,D07,Southeast,2026-06-25T06:46:29.225Z,2026-06-25T06:46:49.688Z
C002169,P005,Lakeview Terrace,2025-06-20,R14,115,0,14:46,D06,Northeast,2026-06-25T06:46:29.225Z,2026-06-25T06:46:49.688Z
C002207,P002,Maple Court,2025-03-25,R15,145,0,19:12,D04,Midwest,2026-06-25T06:46:29.225Z,2026-06-25T06:46:49.688Z
C002210,P002,Maple Court,2025-02-08,R14,138,0,15:02,D12,Midwest,2026-06-25T06:46:29.225Z,2026-06-25T06:46:49.688Z
C002223,P003,Green Oaks,2025-03-16,R21,40,0,16:23,D17,Midwest,2026-06-25T06:46:29.225Z,2026-06-25T06:46:49.688Z
C002225,P002,Maple Court,2025-02-04,R12,65,0,16:56,D01,Northeast,2026-06-25T06:46:29.225Z,2026-06-25T06:46:49.688Z
C002235,P002,Maple Court,2025-06-18,R20,78,2,17:35,D18,Midwest,2026-06-25T06:46:29.225Z,2026-06-25T06:46:49.688Z
C002237,P005,Lakeview Terrace,2025-03-23,R14,93,0,15:31,D15,West,2026-06-25T06:46:29.225Z,2026-06-25T06:46:49.688Z
C002259,P004,Birchwood Commons,2025-04-07,R21,148,0,19:22,D13,Southeast,2026-06-25T06:46:29.225Z,2026-06-25T06:46:49.688Z
C002260,P004,Birchwood Commons,2025-06-17,R21,125,0,19:08,D19,West,2026-06-25T06:46:29.225Z,2026-06-25T06:46:49.688Z
C002281,P007,Willow Creek,2025-04-23,R24,90,2,20:52,D05,Southeast,2026-06-25T06:46:29.225Z,2026-06-25T06:46:49.688Z
C002320,P001,Sunset Ridge,2025-06-28,R22,112,0,20:25,D03,West,2026-06-25T06:46:29.225Z,2026-06-25T06:46:49.688Z
C002327,P003,Green Oaks,2025-02-01,R10,148,0,21:23,D08,West,2026-06-25T06:46:29.225Z,2026-06-25T06:46:49.688Z
C002338,P006,Cedar Park,2025-06-11,R13,158,0,14:00,D14,Midwest,2026-06-25T06:46:29.225Z,2026-06-25T06:46:49.688Z
C002342,P001,Sunset Ridge,2025-01-16,R11,100,0,22:25,D16,West,2026-06-25T06:46:29.225Z,2026-06-25T06:46:49.688Z
C002385,P004,Birchwood Commons,2025-04-07,R12,42,0,15:08,D14,Northeast,2026-06-25T06:46:29.225Z,2026-06-25T06:46:49.688Z
C002400,P006,Cedar Park,2025-01-24,R10,118,0,16:54,D15,Southeast,2026-06-25T06:46:29.225Z,2026-06-25T06:46:49.688Z
C002406,P002,Maple Court,2025-03-13,R16,147,3,15:39,D17,Midwest,2026-06-25T06:46:29.225Z,2026-06-25T06:46:49.688Z
C002423,P007,Willow Creek,2025-01-16,R22,143,0,14:05,D11,Southeast,2026-06-25T06:46:29.225Z,2026-06-25T06:46:49.688Z
C002424,P003,Green Oaks,2025-03-28,R24,152,0,19:51,D19,Northeast,2026-06-25T06:46:29.225Z,2026-06-25T06:46:49.688Z
C002448,P001,Sunset Ridge,2025-02-11,R12,64,0,20:44,D06,Southeast,2026-06-25T06:46:29.225Z,2026-06-25T06:46:49.688Z
C002466,P004,Birchwood Commons,2025-02-10,R11,160,0,14:16,D08,Northeast,2026-06-25T06:46:29.225Z,2026-06-25T06:46:49.688Z
C002487,P006,Cedar Park,2025-03-24,R19,88,1,20:19,D15,Midwest,2026-06-25T06:46:29.225Z,2026-06-25T06:46:49.688Z
C002492,P008,Harbor Pointe,2025-02-26,R13,53,0,14:01,D18,Southeast,2026-06-25T06:46:29.225Z,2026-06-25T06:46:49.688Z
C002495,P005,Lakeview Terrace,2025-02-23,R21,154,0,16:27,D17,West,2026-06-25T06:46:29.225Z,2026-06-25T06:46:49.688Z
C002503,P002,Maple Court,2025-06-04,R22,157,0,17:48,D13,Southeast,2026-06-25T06:46:29.225Z,2026-06-25T06:46:49.688Z
C002515,P004,Birchwood Commons,2025-02-07,R21,59,0,16:10,D17,Southeast,2026-06-25T06:46:29.225Z,2026-06-25T06:46:49.688Z
C002517,P003,Green Oaks,2025-06-20,R12,133,3,19:25,D02,West,2026-06-25T06:46:29.225Z,2026-06-25T06:46:49.688Z
C002527,P006,Cedar Park,2025-04-26,R22,63,0,14:30,D01,Midwest,2026-06-25T06:46:29.225Z,2026-06-25T06:46:49.688Z
C002578,P001,Sunset Ridge,2025-05-29,R11,98,1,16:10,D05,Northeast,2026-06-25T06:46:29.225Z,2026-06-25T06:46:49.688Z
C002582,P008,Harbor Pointe,2025-05-18,R12,140,2,21:40,D05,Northeast,2026-06-25T06:46:29.225Z,2026-06-25T06:46:49.688Z
C002586,P001,Sunset Ridge,2025-02-03,R11,107,0,21:32,D02,Midwest,2026-06-25T06:46:29.225Z,2026-06-25T06:46:49.688Z
C002590,P003,Green Oaks,2025-05-07,R12,155,0,21:24,D09,Midwest,2026-06-25T06:46:29.225Z,2026-06-25T06:46:49.688Z
C002606,P004,Birchwood Commons,2025-03-11,R21,149,0,16:04,D03,Midwest,2026-06-25T06:46:29.225Z,2026-06-25T06:46:49.688Z
C002618,P004,Birchwood Commons,2025-05-21,R24,95,0,20:26,D01,Midwest,2026-06-25T06:46:29.225Z,2026-06-25T06:46:49.688Z
C002621,P004,Birchwood Commons,2025-02-15,R18,130,0,14:59,D12,Midwest,2026-06-25T06:46:29.225Z,2026-06-25T06:46:49.688Z
C002639,P005,Lakeview Terrace,2025-04-19,R11,137,0,21:36,D20,West,2026-06-25T06:46:29.225Z,2026-06-25T06:46:49.688Z
C002642,P004,Birchwood Commons,2025-01-29,R14,147,0,21:33,D11,Midwest,2026-06-25T06:46:29.225Z,2026-06-25T06:46:49.688Z
C002645,P002,Maple Court,2025-03-25,R23,153,3,14:10,D13,Midwest,2026-06-25T06:46:29.225Z,2026-06-25T06:46:49.688Z
C002656,P002,Maple Court,2025-04-20,R10,69,0,18:58,D10,Northeast,2026-06-25T06:46:29.225Z,2026-06-25T06:46:49.688Z
C002665,P001,Sunset Ridge,2025-01-27,R10,134,0,17:25,D05,Midwest,2026-06-25T06:46:29.225Z,2026-06-25T06:46:49.688Z
C002674,P008,Harbor Pointe,2025-06-29,R13,73,1,18:54,D20,Midwest,2026-06-25T06:46:29.225Z,2026-06-25T06:46:49.688Z
C002689,P008,Harbor Pointe,2025-06-08,R19,87,1,21:10,D18,Northeast,2026-06-25T06:46:29.225Z,2026-06-25T06:46:49.688Z
C002701,P002,Maple Court,2025-05-28,R10,71,0,22:08,D19,West,2026-06-25T06:46:29.225Z,2026-06-25T06:46:49.688Z
C002713,P007,Willow Creek,2025-02-15,R22,72,0,18:04,D14,Southeast,2026-06-25T06:46:29.225Z,2026-06-25T06:46:49.688Z
C002715,P001,Sunset Ridge,2025-04-15,R15,55,1,14:12,D18,Southeast,2026-06-25T06:46:29.225Z,2026-06-25T06:46:49.688Z
C002718,P004,Birchwood Commons,2025-01-30,R19,80,0,17:59,D01,West,2026-06-25T06:46:29.225Z,2026-06-25T06:46:49.688Z
C002727,P007,Willow Creek,2025-03-31,R10,63,0,22:08,D13,Midwest,2026-06-25T06:46:29.225Z,2026-06-25T06:46:49.688Z
C002729,P006,Cedar Park,2025-01-22,R17,99,0,16:00,D09,Northeast,2026-06-25T06:46:29.225Z,2026-06-25T06:46:49.688Z
C002734,P006,Cedar Park,2025-02-22,R11,103,0,18:50,D05,Midwest,2026-06-25T06:46:29.225Z,2026-06-25T06:46:49.688Z
C002770,P001,Sunset Ridge,2025-04-10,R10,157,0,22:17,D08,Midwest,2026-06-25T06:46:29.225Z,2026-06-25T06:46:49.688Z
C002773,P005,Lakeview Terrace,2025-03-26,R12,42,0,17:40,D09,Southeast,2026-06-25T06:46:29.225Z,2026-06-25T06:46:49.688Z
C002776,P001,Sunset Ridge,2025-04-24,R11,47,0,22:08,D09,Southeast,2026-06-25T06:46:29.225Z,2026-06-25T06:46:49.688Z
C002787,P005,Lakeview Terrace,2025-02-02,R18,131,0,19:00,D16,West,2026-06-25T06:46:29.225Z,2026-06-25T06:46:49.688Z
C002814,P006,Cedar Park,2025-06-12,R23,86,0,14:40,D04,Southeast,2026-06-25T06:46:29.225Z,2026-06-25T06:46:49.688Z
C002820,P004,Birchwood Commons,2025-05-05,R10,97,0,20:35,D04,Southeast,2026-06-25T06:46:29.225Z,2026-06-25T06:46:49.688Z
C002874,P005,Lakeview Terrace,2025-04-27,R15,66,2,21:16,D20,Northeast,2026-06-25T06:46:29.225Z,2026-06-25T06:46:49.688Z
C002884,P003,Green Oaks,2025-03-05,R19,94,0,16:00,D18,Southeast,2026-06-25T06:46:29.225Z,2026-06-25T06:46:49.688Z
C002888,P008,Harbor Pointe,2025-02-20,R14,115,0,19:17,D06,Southeast,2026-06-25T06:46:29.225Z,2026-06-25T06:46:49.688Z
C002904,P006,Cedar Park,2025-06-12,R21,107,0,22:12,D18,Midwest,2026-06-25T06:46:29.225Z,2026-06-25T06:46:49.688Z
C002922,P007,Willow Creek,2025-03-14,R14,57,1,17:45,D04,West,2026-06-25T06:46:29.225Z,2026-06-25T06:46:49.688Z
C002953,P001,Sunset Ridge,2025-02-22,R22,48,0,20:48,D06,Southeast,2026-06-25T06:46:29.225Z,2026-06-25T06:46:49.688Z
C002959,P007,Willow Creek,2025-01-29,R17,43,0,20:38,D06,Southeast,2026-06-25T06:46:29.225Z,2026-06-25T06:46:49.688Z
C002969,P001,Sunset Ridge,2025-01-08,R17,58,0,22:32,D19,Northeast,2026-06-25T06:46:29.225Z,2026-06-25T06:46:49.688Z
C002977,P001,Sunset Ridge,2025-02-25,R19,51,0,16:14,D15,Northeast,2026-06-25T06:46:29.225Z,2026-06-25T06:46:49.688Z
C002024,P005,Lakeview Terrace,2025-01-17,R12,54,1,21:21,D04,West,2026-06-25T06:46:29.225Z,2026-06-25T06:46:49.688Z
C002067,P006,Cedar Park,2025-05-01,R17,69,1,20:35,D01,Southeast,2026-06-25T06:46:29.225Z,2026-06-25T06:46:49.688Z
C002079,P003,Green Oaks,2025-05-02,R15,44,0,22:11,D14,Southeast,2026-06-25T06:46:29.225Z,2026-06-25T06:46:49.688Z
C002082,P004,Birchwood Commons,2025-04-26,R17,94,0,16:39,D15,Northeast,2026-06-25T06:46:29.225Z,2026-06-25T06:46:49.688Z
C002091,P001,Sunset Ridge,2025-06-20,R11,81,0,16:48,D19,Southeast,2026-06-25T06:46:29.225Z,2026-06-25T06:46:49.688Z
C002100,P001,Sunset Ridge,2025-05-28,R18,131,0,14:40,D16,Southeast,2026-06-25T06:46:29.225Z,2026-06-25T06:46:49.688Z
C002106,P003,Green Oaks,2025-02-09,R21,91,0,18:46,D06,Northeast,2026-06-25T06:46:29.225Z,2026-06-25T06:46:49.688Z
C002154,P004,Birchwood Commons,2025-02-12,R10,40,0,22:27,D20,West,2026-06-25T06:46:29.225Z,2026-06-25T06:46:49.688Z
C002162,P002,Maple Court,2025-03-30,R21,151,0,21:46,D16,West,2026-06-25T06:46:29.225Z,2026-06-25T06:46:49.688Z
C002171,P001,Sunset Ridge,2025-03-12,R13,97,0,17:43,D09,Southeast,2026-06-25T06:46:29.225Z,2026-06-25T06:46:49.688Z
C002175,P008,Harbor Pointe,2025-05-06,R13,137,1,20:55,D08,Midwest,2026-06-25T06:46:29.225Z,2026-06-25T06:46:49.688Z
C002202,P008,Harbor Pointe,2025-04-05,R18,73,0,20:54,D18,Northeast,2026-06-25T06:46:29.225Z,2026-06-25T06:46:49.688Z
C002218,P001,Sunset Ridge,2025-01-07,R24,45,0,14:09,D10,Northeast,2026-06-25T06:46:29.225Z,2026-06-25T06:46:49.688Z
C002222,P008,Harbor Pointe,2025-04-09,R12,103,0,17:27,D15,West,2026-06-25T06:46:29.225Z,2026-06-25T06:46:49.688Z
C002227,P004,Birchwood Commons,2025-03-09,R21,110,0,21:22,D01,Midwest,2026-06-25T06:46:29.225Z,2026-06-25T06:46:49.688Z
C002239,P008,Harbor Pointe,2025-03-06,R19,131,0,15:11,D15,West,2026-06-25T06:46:29.225Z,2026-06-25T06:46:49.688Z
C002250,P004,Birchwood Commons,2025-01-15,R24,40,0,20:30,D03,Midwest,2026-06-25T06:46:29.225Z,2026-06-25T06:46:49.688Z
C002269,P005,Lakeview Terrace,2025-04-05,R19,48,0,19:28,D19,Northeast,2026-06-25T06:46:29.225Z,2026-06-25T06:46:49.688Z
C002279,P007,Willow Creek,2025-04-25,R19,72,0,21:01,D07,Southeast,2026-06-25T06:46:29.225Z,2026-06-25T06:46:49.688Z
C002316,P002,Maple Court,2025-02-22,R13,67,1,21:46,D14,Southeast,2026-06-25T06:46:29.225Z,2026-06-25T06:46:49.688Z
C002319,P002,Maple Court,2025-05-07,R19,52,0,20:20,D02,Midwest,2026-06-25T06:46:29.225Z,2026-06-25T06:46:49.688Z
C002328,P002,Maple Court,2025-06-27,R11,100,0,15:27,D02,Midwest,2026-06-25T06:46:29.225Z,2026-06-25T06:46:49.688Z
C002378,P007,Willow Creek,2025-01-19,R24,87,0,18:55,D03,Southeast,2026-06-25T06:46:29.225Z,2026-06-25T06:46:49.688Z
C002382,P007,Willow Creek,2025-04-07,R12,89,0,21:50,D01,Midwest,2026-06-25T06:46:29.225Z,2026-06-25T06:46:49.688Z
C002395,P007,Willow Creek,2025-01-13,R13,158,0,19:26,D09,Southeast,2026-06-25T06:46:29.225Z,2026-06-25T06:46:49.688Z
C002411,P007,Willow Creek,2025-04-14,R10,135,2,20:28,D07,Midwest,2026-06-25T06:46:29.225Z,2026-06-25T06:46:49.688Z
C002417,P001,Sunset Ridge,2025-06-11,R20,116,0,15:56,D08,Southeast,2026-06-25T06:46:29.225Z,2026-06-25T06:46:49.688Z
C002451,P002,Maple Court,2025-05-18,R21,115,0,19:36,D15,West,2026-06-25T06:46:29.225Z,2026-06-25T06:46:49.688Z
C002486,P005,Lakeview Terrace,2025-06-08,R18,51,2,19:11,D13,Midwest,2026-06-25T06:46:29.225Z,2026-06-25T06:46:49.688Z
C002494,P008,Harbor Pointe,2025-04-05,R11,157,1,22:17,D11,Midwest,2026-06-25T06:46:29.225Z,2026-06-25T06:46:49.688Z
C002496,P008,Harbor Pointe,2025-03-08,R10,54,0,21:12,D06,Southeast,2026-06-25T06:46:29.225Z,2026-06-25T06:46:49.688Z
C002499,P005,Lakeview Terrace,2025-04-30,R24,47,0,14:59,D12,Midwest,2026-06-25T06:46:29.225Z,2026-06-25T06:46:49.688Z
C002543,P006,Cedar Park,2025-01-29,R12,112,2,20:14,D11,Midwest,2026-06-25T06:46:29.225Z,2026-06-25T06:46:49.688Z
C002547,P005,Lakeview Terrace,2025-06-06,R16,124,0,20:15,D10,Northeast,2026-06-25T06:46:29.225Z,2026-06-25T06:46:49.688Z
C002549,P007,Willow Creek,2025-03-20,R19,158,0,17:48,D20,Midwest,2026-06-25T06:46:29.225Z,2026-06-25T06:46:49.688Z
C002593,P001,Sunset Ridge,2025-02-19,R21,109,2,17:12,D10,Northeast,2026-06-25T06:46:29.225Z,2026-06-25T06:46:49.688Z
C002599,P003,Green Oaks,2025-02-10,R10,93,2,15:56,D13,Northeast,2026-06-25T06:46:29.225Z,2026-06-25T06:46:49.688Z
C002623,P003,Green Oaks,2025-05-17,R23,98,0,20:59,D08,Midwest,2026-06-25T06:46:29.225Z,2026-06-25T06:46:49.688Z
C002626,P007,Willow Creek,2025-06-11,R12,90,3,21:06,D08,West,2026-06-25T06:46:29.225Z,2026-06-25T06:46:49.688Z
C002644,P003,Green Oaks,2025-03-22,R20,121,0,22:51,D13,Southeast,2026-06-25T06:46:29.225Z,2026-06-25T06:46:49.688Z
C002649,P004,Birchwood Commons,2025-06-20,R19,116,1,21:16,D04,Northeast,2026-06-25T06:46:29.225Z,2026-06-25T06:46:49.688Z
C002681,P001,Sunset Ridge,2025-05-04,R11,105,1,15:22,D14,West,2026-06-25T06:46:29.225Z,2026-06-25T06:46:49.688Z
C002682,P007,Willow Creek,2025-02-18,R17,51,0,21:28,D13,Midwest,2026-06-25T06:46:29.225Z,2026-06-25T06:46:49.688Z
C002691,P008,Harbor Pointe,2025-02-15,R21,114,0,21:46,D18,Southeast,2026-06-25T06:46:29.225Z,2026-06-25T06:46:49.688Z
C002721,P004,Birchwood Commons,2025-03-31,R23,146,0,19:34,D15,Midwest,2026-06-25T06:46:29.225Z,2026-06-25T06:46:49.688Z
C002735,P004,Birchwood Commons,2025-03-16,R12,93,0,15:06,D18,Southeast,2026-06-25T06:46:29.225Z,2026-06-25T06:46:49.688Z
C002779,P008,Harbor Pointe,2025-05-09,R14,128,2,19:57,D05,West,2026-06-25T06:46:29.225Z,2026-06-25T06:46:49.688Z
C002782,P006,Cedar Park,2025-05-24,R11,110,3,15:43,D14,Southeast,2026-06-25T06:46:29.225Z,2026-06-25T06:46:49.688Z
C002788,P004,Birchwood Commons,2025-04-22,R23,138,1,18:19,D13,Southeast,2026-06-25T06:46:29.225Z,2026-06-25T06:46:49.688Z
C002792,P003,Green Oaks,2025-05-06,R12,160,3,19:48,D04,Midwest,2026-06-25T06:46:29.225Z,2026-06-25T06:46:49.688Z
C002798,P003,Green Oaks,2025-03-19,R13,80,3,18:51,D07,Northeast,2026-06-25T06:46:29.225Z,2026-06-25T06:46:49.688Z
C002804,P003,Green Oaks,2025-05-09,R21,48,2,22:33,D09,West,2026-06-25T06:46:29.225Z,2026-06-25T06:46:49.688Z
C002813,P001,Sunset Ridge,2025-04-01,R21,104,0,18:06,D19,Northeast,2026-06-25T06:46:29.225Z,2026-06-25T06:46:49.688Z
C002826,P006,Cedar Park,2025-03-04,R21,135,0,16:05,D11,Southeast,2026-06-25T06:46:29.225Z,2026-06-25T06:46:49.688Z
C002840,P006,Cedar Park,2025-03-16,R22,75,0,20:49,D15,West,2026-06-25T06:46:29.225Z,2026-06-25T06:46:49.688Z
C002847,P005,Lakeview Terrace,2025-05-23,R10,97,0,20:27,D09,Midwest,2026-06-25T06:46:29.225Z,2026-06-25T06:46:49.688Z
C002860,P003,Green Oaks,2025-05-06,R10,139,0,18:10,D20,Northeast,2026-06-25T06:46:29.225Z,2026-06-25T06:46:49.688Z
C002887,P003,Green Oaks,2025-03-22,R10,55,2,16:15,D16,West,2026-06-25T06:46:29.225Z,2026-06-25T06:46:49.688Z
C002900,P001,Sunset Ridge,2025-06-01,R14,138,0,22:30,D16,Southeast,2026-06-25T06:46:29.225Z,2026-06-25T06:46:49.688Z
C002927,P008,Harbor Pointe,2025-01-06,R19,118,3,17:11,D10,Midwest,2026-06-25T06:46:29.225Z,2026-06-25T06:46:49.688Z
C002967,P001,Sunset Ridge,2025-02-22,R18,121,0,15:29,D06,West,2026-06-25T06:46:29.225Z,2026-06-25T06:46:49.688Z
C002979,P008,Harbor Pointe,2025-06-06,R10,56,0,18:15,D13,Northeast,2026-06-25T06:46:29.225Z,2026-06-25T06:46:49.688Z
C002986,P003,Green Oaks,2025-05-26,R12,135,1,14:16,D06,West,2026-06-25T06:46:29.225Z,2026-06-25T06:46:49.688Z
C002988,P008,Harbor Pointe,2025-04-12,R24,112,0,20:11,D07,Northeast,2026-06-25T06:46:29.225Z,2026-06-25T06:46:49.688Z
C002005,P005,Lakeview Terrace,2025-01-13,R16,63,0,21:29,D13,Northeast,2026-06-25T06:46:29.225Z,2026-06-25T06:46:49.688Z
C002006,P006,Cedar Park,2025-04-26,R21,130,0,20:42,D11,Midwest,2026-06-25T06:46:29.225Z,2026-06-25T06:46:49.688Z
C002014,P006,Cedar Park,2025-06-05,R23,115,0,17:28,D09,Northeast,2026-06-25T06:46:29.225Z,2026-06-25T06:46:49.688Z
C002019,P007,Willow Creek,2025-01-30,R18,132,2,19:11,D18,Midwest,2026-06-25T06:46:29.225Z,2026-06-25T06:46:49.688Z
C002029,P008,Harbor Pointe,2025-02-24,R22,115,0,15:47,D08,West,2026-06-25T06:46:29.225Z,2026-06-25T06:46:49.688Z
C002049,P003,Green Oaks,2025-06-26,R23,122,0,15:42,D08,Midwest,2026-06-25T06:46:29.225Z,2026-06-25T06:46:49.688Z
C002058,P004,Birchwood Commons,2025-03-31,R17,65,0,18:53,D16,West,2026-06-25T06:46:29.225Z,2026-06-25T06:46:49.688Z
C002075,P001,Sunset Ridge,2025-01-07,R20,75,1,17:11,D06,Midwest,2026-06-25T06:46:29.225Z,2026-06-25T06:46:49.688Z
C002090,P005,Lakeview Terrace,2025-03-24,R23,83,0,14:02,D01,Southeast,2026-06-25T06:46:29.225Z,2026-06-25T06:46:49.688Z
C002098,P007,Willow Creek,2025-05-16,R19,55,0,17:26,D05,Northeast,2026-06-25T06:46:29.225Z,2026-06-25T06:46:49.688Z
C002105,P004,Birchwood Commons,2025-04-07,R18,122,1,15:25,D09,Midwest,2026-06-25T06:46:29.225Z,2026-06-25T06:46:49.688Z
C002117,P004,Birchwood Commons,2025-03-03,R17,67,0,16:25,D11,Midwest,2026-06-25T06:46:29.225Z,2026-06-25T06:46:49.688Z
C002146,P004,Birchwood Commons,2025-02-25,R18,117,0,17:20,D20,Northeast,2026-06-25T06:46:29.225Z,2026-06-25T06:46:49.688Z
C002167,P007,Willow Creek,2025-04-08,R13,145,0,22:42,D11,Midwest,2026-06-25T06:46:29.225Z,2026-06-25T06:46:49.688Z
C002180,P003,Green Oaks,2025-05-19,R12,68,0,19:20,D06,Southeast,2026-06-25T06:46:29.225Z,2026-06-25T06:46:49.688Z
C002192,P008,Harbor Pointe,2025-05-13,R21,44,0,22:20,D17,Southeast,2026-06-25T06:46:29.225Z,2026-06-25T06:46:49.688Z
C002199,P005,Lakeview Terrace,2025-03-29,R11,127,0,19:11,D18,Northeast,2026-06-25T06:46:29.225Z,2026-06-25T06:46:49.688Z
C002216,P007,Willow Creek,2025-05-19,R15,141,0,19:50,D20,Northeast,2026-06-25T06:46:29.225Z,2026-06-25T06:46:49.688Z
C002253,P002,Maple Court,2025-01-14,R11,54,0,20:25,D04,Midwest,2026-06-25T06:46:29.225Z,2026-06-25T06:46:49.688Z
C002254,P001,Sunset Ridge,2025-02-16,R17,57,0,19:42,D17,West,2026-06-25T06:46:29.225Z,2026-06-25T06:46:49.688Z
C002262,P006,Cedar Park,2025-04-02,R16,79,0,16:13,D01,Northeast,2026-06-25T06:46:29.225Z,2026-06-25T06:46:49.688Z
C002268,P001,Sunset Ridge,2025-03-05,R19,86,0,20:31,D19,West,2026-06-25T06:46:29.225Z,2026-06-25T06:46:49.688Z
C002278,P007,Willow Creek,2025-01-07,R12,84,0,22:55,D17,Northeast,2026-06-25T06:46:29.225Z,2026-06-25T06:46:49.688Z
C002292,P005,Lakeview Terrace,2025-02-16,R19,112,0,15:39,D15,Southeast,2026-06-25T06:46:29.225Z,2026-06-25T06:46:49.688Z
C002350,P002,Maple Court,2025-02-07,R11,57,2,17:09,D15,Northeast,2026-06-25T06:46:29.225Z,2026-06-25T06:46:49.688Z
C002410,P004,Birchwood Commons,2025-03-07,R15,151,0,16:26,D17,Southeast,2026-06-25T06:46:29.225Z,2026-06-25T06:46:49.688Z
C002413,P005,Lakeview Terrace,2025-06-11,R16,157,3,16:34,D02,Northeast,2026-06-25T06:46:29.225Z,2026-06-25T06:46:49.688Z
C002429,P003,Green Oaks,2025-01-01,R10,152,0,17:27,D02,Northeast,2026-06-25T06:46:29.225Z,2026-06-25T06:46:49.688Z
C002439,P003,Green Oaks,2025-02-17,R20,113,0,16:14,D08,Northeast,2026-06-25T06:46:29.225Z,2026-06-25T06:46:49.688Z
C002455,P008,Harbor Pointe,2025-05-12,R12,40,0,14:11,D18,Midwest,2026-06-25T06:46:29.225Z,2026-06-25T06:46:49.688Z
C002472,P006,Cedar Park,2025-02-27,R10,78,0,20:10,D15,Midwest,2026-06-25T06:46:29.225Z,2026-06-25T06:46:49.688Z
C002476,P002,Maple Court,2025-06-02,R21,119,3,20:09,D08,Northeast,2026-06-25T06:46:29.225Z,2026-06-25T06:46:49.688Z
C002482,P008,Harbor Pointe,2025-05-08,R16,115,0,18:46,D11,Midwest,2026-06-25T06:46:29.225Z,2026-06-25T06:46:49.688Z
C002489,P005,Lakeview Terrace,2025-05-31,R12,89,3,15:59,D10,Southeast,2026-06-25T06:46:29.225Z,2026-06-25T06:46:49.688Z
C002490,P004,Birchwood Commons,2025-06-20,R13,141,3,16:26,D04,Northeast,2026-06-25T06:46:29.225Z,2026-06-25T06:46:49.688Z
C002509,P007,Willow Creek,2025-02-03,R11,104,0,19:02,D16,West,2026-06-25T06:46:29.225Z,2026-06-25T06:46:49.688Z
C002542,P005,Lakeview Terrace,2025-05-31,R19,94,1,16:29,D15,Southeast,2026-06-25T06:46:29.225Z,2026-06-25T06:46:49.688Z
C002554,P001,Sunset Ridge,2025-01-30,R17,81,2,18:57,D17,Northeast,2026-06-25T06:46:29.225Z,2026-06-25T06:46:49.688Z
C002576,P005,Lakeview Terrace,2025-02-14,R23,102,2,16:15,D01,Midwest,2026-06-25T06:46:29.225Z,2026-06-25T06:46:49.688Z
C002584,P005,Lakeview Terrace,2025-04-09,R21,72,0,22:46,D05,Midwest,2026-06-25T06:46:29.225Z,2026-06-25T06:46:49.688Z
C002605,P002,Maple Court,2025-01-25,R13,123,0,22:48,D02,Southeast,2026-06-25T06:46:29.225Z,2026-06-25T06:46:49.688Z
C002612,P007,Willow Creek,2025-05-14,R20,91,0,18:55,D13,Northeast,2026-06-25T06:46:29.225Z,2026-06-25T06:46:49.688Z
C002613,P003,Green Oaks,2025-01-31,R13,77,0,16:07,D20,Midwest,2026-06-25T06:46:29.225Z,2026-06-25T06:46:49.688Z
C002635,P007,Willow Creek,2025-04-07,R18,89,0,16:39,D12,Southeast,2026-06-25T06:46:29.225Z,2026-06-25T06:46:49.688Z
C002641,P005,Lakeview Terrace,2025-05-24,R16,75,0,15:32,D07,Northeast,2026-06-25T06:46:29.225Z,2026-06-25T06:46:49.688Z
C002663,P007,Willow Creek,2025-06-02,R15,61,0,15:54,D08,Midwest,2026-06-25T06:46:29.225Z,2026-06-25T06:46:49.688Z
C002679,P006,Cedar Park,2025-05-23,R20,48,0,19:11,D04,West,2026-06-25T06:46:29.225Z,2026-06-25T06:46:49.688Z
C002687,P007,Willow Creek,2025-01-25,R20,106,1,18:57,D10,Midwest,2026-06-25T06:46:29.225Z,2026-06-25T06:46:49.688Z
C002695,P004,Birchwood Commons,2025-02-25,R18,104,0,19:48,D14,Southeast,2026-06-25T06:46:29.225Z,2026-06-25T06:46:49.688Z
C002739,P004,Birchwood Commons,2025-01-18,R16,109,0,14:00,D11,West,2026-06-25T06:46:29.225Z,2026-06-25T06:46:49.688Z
C002754,P007,Willow Creek,2025-02-13,R22,129,1,18:46,D20,West,2026-06-25T06:46:29.225Z,2026-06-25T06:46:49.688Z
C002781,P001,Sunset Ridge,2025-03-30,R10,77,3,15:10,D20,Southeast,2026-06-25T06:46:29.225Z,2026-06-25T06:46:49.688Z
C002803,P007,Willow Creek,2025-04-29,R13,79,0,17:21,D19,Northeast,2026-06-25T06:46:29.225Z,2026-06-25T06:46:49.688Z
C002808,P007,Willow Creek,2025-03-21,R10,145,0,17:31,D05,Southeast,2026-06-25T06:46:29.225Z,2026-06-25T06:46:49.688Z
C002823,P003,Green Oaks,2025-04-12,R23,55,3,20:37,D02,West,2026-06-25T06:46:29.225Z,2026-06-25T06:46:49.688Z
C002839,P008,Harbor Pointe,2025-06-21,R12,69,1,20:01,D05,Northeast,2026-06-25T06:46:29.225Z,2026-06-25T06:46:49.688Z
C002878,P006,Cedar Park,2025-02-17,R22,145,1,18:56,D08,Southeast,2026-06-25T06:46:29.225Z,2026-06-25T06:46:49.688Z
C002881,P006,Cedar Park,2025-02-09,R15,149,1,14:07,D20,Midwest,2026-06-25T06:46:29.225Z,2026-06-25T06:46:49.688Z
C002913,P001,Sunset Ridge,2025-03-29,R19,86,1,20:12,D06,Southeast,2026-06-25T06:46:29.225Z,2026-06-25T06:46:49.688Z
C002939,P003,Green Oaks,2025-04-17,R20,152,1,20:48,D08,West,2026-06-25T06:46:29.225Z,2026-06-25T06:46:49.688Z
C002956,P004,Birchwood Commons,2025-02-22,R17,51,1,21:47,D01,West,2026-06-25T06:46:29.225Z,2026-06-25T06:46:49.688Z
C002966,P003,Green Oaks,2025-05-02,R16,120,0,18:02,D15,Southeast,2026-06-25T06:46:29.225Z,2026-06-25T06:46:49.688Z
C002975,P005,Lakeview Terrace,2025-06-11,R15,106,0,21:57,D01,Southeast,2026-06-25T06:46:29.225Z,2026-06-25T06:46:49.688Z
C002004,P001,Sunset Ridge,2025-02-23,R15,60,2,20:12,D12,Southeast,2026-06-25T06:46:29.225Z,2026-06-25T06:46:49.688Z
C002008,P004,Birchwood Commons,2025-01-11,R18,117,2,21:17,D07,Midwest,2026-06-25T06:46:29.225Z,2026-06-25T06:46:49.688Z
C002017,P005,Lakeview Terrace,2025-01-13,R18,144,3,22:26,D01,Northeast,2026-06-25T06:46:29.225Z,2026-06-25T06:46:49.688Z
C002021,P005,Lakeview Terrace,2025-02-03,R12,124,2,18:42,D09,West,2026-06-25T06:46:29.225Z,2026-06-25T06:46:49.688Z
C002044,P002,Maple Court,2025-03-27,R20,143,0,14:30,D07,Midwest,2026-06-25T06:46:29.225Z,2026-06-25T06:46:49.688Z
C002073,P004,Birchwood Commons,2025-05-06,R22,92,1,19:06,D03,Midwest,2026-06-25T06:46:29.225Z,2026-06-25T06:46:49.688Z
C002111,P001,Sunset Ridge,2025-03-17,R20,50,0,21:24,D10,West,2026-06-25T06:46:29.225Z,2026-06-25T06:46:49.688Z
C002129,P007,Willow Creek,2025-03-02,R16,95,0,14:33,D04,Southeast,2026-06-25T06:46:29.225Z,2026-06-25T06:46:49.688Z
C002156,P006,Cedar Park,2025-01-21,R23,145,0,14:03,D03,West,2026-06-25T06:46:29.225Z,2026-06-25T06:46:49.688Z
C002191,P007,Willow Creek,2025-04-09,R18,103,0,16:53,D05,Northeast,2026-06-25T06:46:29.225Z,2026-06-25T06:46:49.688Z
C002196,P007,Willow Creek,2025-03-06,R17,115,0,20:12,D05,Northeast,2026-06-25T06:46:29.225Z,2026-06-25T06:46:49.688Z
C002198,P004,Birchwood Commons,2025-04-11,R23,160,1,17:34,D19,Southeast,2026-06-25T06:46:29.225Z,2026-06-25T06:46:49.688Z
C002203,P008,Harbor Pointe,2025-01-05,R22,127,0,18:52,D09,Midwest,2026-06-25T06:46:29.225Z,2026-06-25T06:46:49.688Z
C002264,P003,Green Oaks,2025-02-01,R17,69,0,22:31,D09,Southeast,2026-06-25T06:46:29.225Z,2026-06-25T06:46:49.688Z
C002277,P008,Harbor Pointe,2025-05-16,R14,65,3,20:11,D04,Midwest,2026-06-25T06:46:29.225Z,2026-06-25T06:46:49.688Z
C002283,P007,Willow Creek,2025-03-10,R11,79,0,19:40,D19,Southeast,2026-06-25T06:46:29.225Z,2026-06-25T06:46:49.688Z
C002286,P005,Lakeview Terrace,2025-05-25,R19,40,1,19:15,D03,Northeast,2026-06-25T06:46:29.225Z,2026-06-25T06:46:49.688Z
C002287,P001,Sunset Ridge,2025-02-14,R22,115,0,18:41,D20,West,2026-06-25T06:46:29.225Z,2026-06-25T06:46:49.688Z
C002309,P007,Willow Creek,2025-06-29,R16,109,0,17:46,D09,West,2026-06-25T06:46:29.225Z,2026-06-25T06:46:49.688Z
C002343,P002,Maple Court,2025-05-24,R12,113,0,19:28,D01,Northeast,2026-06-25T06:46:29.225Z,2026-06-25T06:46:49.688Z
C002348,P004,Birchwood Commons,2025-02-01,R18,81,0,18:23,D09,Southeast,2026-06-25T06:46:29.225Z,2026-06-25T06:46:49.688Z
C002391,P006,Cedar Park,2025-06-04,R18,115,2,15:28,D02,Northeast,2026-06-25T06:46:29.225Z,2026-06-25T06:46:49.688Z
C002404,P005,Lakeview Terrace,2025-05-24,R13,143,1,16:51,D19,West,2026-06-25T06:46:29.225Z,2026-06-25T06:46:49.688Z
C002416,P006,Cedar Park,2025-01-03,R24,138,0,19:06,D02,West,2026-06-25T06:46:29.225Z,2026-06-25T06:46:49.688Z
C002420,P003,Green Oaks,2025-06-25,R20,43,1,20:45,D20,Northeast,2026-06-25T06:46:29.225Z,2026-06-25T06:46:49.688Z
C002433,P001,Sunset Ridge,2025-05-27,R11,109,0,20:45,D15,West,2026-06-25T06:46:29.225Z,2026-06-25T06:46:49.688Z
C002437,P006,Cedar Park,2025-02-25,R23,41,0,15:31,D07,West,2026-06-25T06:46:29.225Z,2026-06-25T06:46:49.688Z
C002440,P002,Maple Court,2025-03-26,R10,134,2,14:36,D02,West,2026-06-25T06:46:29.225Z,2026-06-25T06:46:49.688Z
C002454,P005,Lakeview Terrace,2025-02-14,R15,152,1,18:55,D02,Southeast,2026-06-25T06:46:29.225Z,2026-06-25T06:46:49.688Z
C002500,P002,Maple Court,2025-04-23,R10,158,2,19:20,D17,Southeast,2026-06-25T06:46:29.225Z,2026-06-25T06:46:49.688Z
C002501,P003,Green Oaks,2025-01-10,R17,149,0,16:46,D05,Southeast,2026-06-25T06:46:29.225Z,2026-06-25T06:46:49.688Z
C002528,P007,Willow Creek,2025-01-05,R12,125,0,14:04,D20,West,2026-06-25T06:46:29.225Z,2026-06-25T06:46:49.688Z
C002533,P006,Cedar Park,2025-06-16,R13,147,0,17:40,D19,Northeast,2026-06-25T06:46:29.225Z,2026-06-25T06:46:49.688Z
C002564,P007,Willow Creek,2025-03-16,R13,123,0,15:01,D10,Midwest,2026-06-25T06:46:29.225Z,2026-06-25T06:46:49.688Z
C002594,P001,Sunset Ridge,2025-03-19,R14,104,0,22:31,D17,Northeast,2026-06-25T06:46:29.225Z,2026-06-25T06:46:49.688Z
C002596,P002,Maple Court,2025-05-10,R19,138,0,19:12,D15,West,2026-06-25T06:46:29.225Z,2026-06-25T06:46:49.688Z
C002603,P005,Lakeview Terrace,2025-02-14,R20,137,1,16:02,D14,West,2026-06-25T06:46:29.225Z,2026-06-25T06:46:49.688Z
C002607,P003,Green Oaks,2025-02-08,R22,49,0,19:47,D10,Southeast,2026-06-25T06:46:29.225Z,2026-06-25T06:46:49.688Z
C002609,P002,Maple Court,2025-01-03,R18,81,0,18:35,D18,Southeast,2026-06-25T06:46:29.225Z,2026-06-25T06:46:49.688Z
C002629,P008,Harbor Pointe,2025-03-31,R21,116,2,15:33,D16,Northeast,2026-06-25T06:46:29.225Z,2026-06-25T06:46:49.688Z
C002632,P003,Green Oaks,2025-03-05,R17,117,1,21:26,D04,West,2026-06-25T06:46:29.225Z,2026-06-25T06:46:49.688Z
C002655,P007,Willow Creek,2025-05-16,R24,122,0,14:01,D04,Midwest,2026-06-25T06:46:29.225Z,2026-06-25T06:46:49.688Z
C002692,P004,Birchwood Commons,2025-02-05,R20,117,0,21:57,D03,West,2026-06-25T06:46:29.225Z,2026-06-25T06:46:49.688Z
C002697,P003,Green Oaks,2025-01-06,R23,53,1,21:29,D19,Southeast,2026-06-25T06:46:29.225Z,2026-06-25T06:46:49.688Z
C002711,P004,Birchwood Commons,2025-06-18,R17,102,0,16:29,D01,Midwest,2026-06-25T06:46:29.225Z,2026-06-25T06:46:49.688Z
C002720,P005,Lakeview Terrace,2025-05-26,R19,105,0,21:48,D09,Northeast,2026-06-25T06:46:29.225Z,2026-06-25T06:46:49.688Z
C002724,P002,Maple Court,2025-06-01,R18,103,0,17:35,D16,West,2026-06-25T06:46:29.225Z,2026-06-25T06:46:49.688Z
C002748,P004,Birchwood Commons,2025-02-06,R24,115,0,18:48,D03,Midwest,2026-06-25T06:46:29.225Z,2026-06-25T06:46:49.688Z
C002783,P006,Cedar Park,2025-06-10,R15,112,0,14:18,D13,Southeast,2026-06-25T06:46:29.225Z,2026-06-25T06:46:49.688Z
C002785,P004,Birchwood Commons,2025-01-14,R18,58,0,21:05,D01,Southeast,2026-06-25T06:46:29.225Z,2026-06-25T06:46:49.688Z
C002809,P007,Willow Creek,2025-06-14,R10,47,2,17:10,D02,Midwest,2026-06-25T06:46:29.225Z,2026-06-25T06:46:49.688Z
C002850,P007,Willow Creek,2025-02-25,R21,104,2,21:38,D02,West,2026-06-25T06:46:29.225Z,2026-06-25T06:46:49.688Z
C002885,P004,Birchwood Commons,2025-03-30,R11,56,0,18:48,D09,Southeast,2026-06-25T06:46:29.225Z,2026-06-25T06:46:49.688Z
C002891,P008,Harbor Pointe,2025-06-29,R15,69,0,20:08,D14,Northeast,2026-06-25T06:46:29.225Z,2026-06-25T06:46:49.688Z
C002893,P008,Harbor Pointe,2025-06-08,R22,138,0,17:01,D01,Midwest,2026-06-25T06:46:29.225Z,2026-06-25T06:46:49.688Z
C002916,P008,Harbor Pointe,2025-02-04,R11,51,0,17:24,D01,Southeast,2026-06-25T06:46:29.225Z,2026-06-25T06:46:49.688Z
C002930,P005,Lakeview Terrace,2025-05-09,R17,112,1,14:10,D12,Northeast,2026-06-25T06:46:29.225Z,2026-06-25T06:46:49.688Z
C002931,P004,Birchwood Commons,2025-05-18,R16,147,0,16:26,D18,Southeast,2026-06-25T06:46:29.225Z,2026-06-25T06:46:49.688Z
C002943,P004,Birchwood Commons,2025-01-06,R15,92,0,20:02,D11,Southeast,2026-06-25T06:46:29.225Z,2026-06-25T06:46:49.688Z
C002978,P005,Lakeview Terrace,2025-03-05,R19,97,0,20:52,D02,Midwest,2026-06-25T06:46:29.225Z,2026-06-25T06:46:49.688Z
C002991,P007,Willow Creek,2025-06-06,R10,78,0,15:15,D09,Midwest,2026-06-25T06:46:29.225Z,2026-06-25T06:46:49.688Z
C002047,P007,Willow Creek,2025-03-30,R24,114,0,18:17,D08,Southeast,2026-06-25T06:46:29.225Z,2026-06-25T06:46:49.688Z
C002059,P004,Birchwood Commons,2025-03-11,R17,155,0,16:01,D08,West,2026-06-25T06:46:29.225Z,2026-06-25T06:46:49.688Z
C002064,P008,Harbor Pointe,2025-05-26,R13,63,0,15:46,D10,West,2026-06-25T06:46:29.225Z,2026-06-25T06:46:49.688Z
C002081,P005,Lakeview Terrace,2025-06-29,R21,106,1,22:56,D17,Northeast,2026-06-25T06:46:29.225Z,2026-06-25T06:46:49.688Z
C002114,P001,Sunset Ridge,2025-03-16,R23,77,0,17:13,D07,Midwest,2026-06-25T06:46:29.225Z,2026-06-25T06:46:49.688Z
C002116,P008,Harbor Pointe,2025-01-27,R18,99,0,15:34,D02,Midwest,2026-06-25T06:46:29.225Z,2026-06-25T06:46:49.688Z
C002137,P004,Birchwood Commons,2025-04-15,R20,87,0,15:03,D04,Northeast,2026-06-25T06:46:29.225Z,2026-06-25T06:46:49.688Z
C002189,P004,Birchwood Commons,2025-04-25,R18,138,0,16:01,D20,West,2026-06-25T06:46:29.225Z,2026-06-25T06:46:49.688Z
C002208,P004,Birchwood Commons,2025-02-14,R23,93,0,21:46,D17,Southeast,2026-06-25T06:46:29.225Z,2026-06-25T06:46:49.688Z
C002209,P008,Harbor Pointe,2025-03-02,R23,80,1,14:01,D20,Northeast,2026-06-25T06:46:29.225Z,2026-06-25T06:46:49.688Z
C002211,P002,Maple Court,2025-04-27,R21,115,0,22:30,D18,Southeast,2026-06-25T06:46:29.225Z,2026-06-25T06:46:49.688Z
C002252,P003,Green Oaks,2025-02-08,R11,150,0,21:26,D15,Midwest,2026-06-25T06:46:29.225Z,2026-06-25T06:46:49.688Z
C002255,P004,Birchwood Commons,2025-03-05,R10,77,0,17:27,D13,Northeast,2026-06-25T06:46:29.225Z,2026-06-25T06:46:49.688Z
C002273,P007,Willow Creek,2025-01-24,R18,45,0,22:00,D17,Southeast,2026-06-25T06:46:29.225Z,2026-06-25T06:46:49.688Z
C002291,P004,Birchwood Commons,2025-05-03,R13,146,0,16:48,D11,West,2026-06-25T06:46:29.225Z,2026-06-25T06:46:49.688Z
C002297,P002,Maple Court,2025-02-07,R17,42,2,22:32,D19,Northeast,2026-06-25T06:46:29.225Z,2026-06-25T06:46:49.688Z
C002298,P002,Maple Court,2025-06-19,R18,158,0,20:57,D09,Northeast,2026-06-25T06:46:29.225Z,2026-06-25T06:46:49.688Z
C002311,P003,Green Oaks,2025-01-27,R24,85,0,17:52,D14,Northeast,2026-06-25T06:46:29.225Z,2026-06-25T06:46:49.688Z
C002322,P001,Sunset Ridge,2025-05-20,R23,91,0,21:53,D18,Midwest,2026-06-25T06:46:29.225Z,2026-06-25T06:46:49.688Z
C002390,P007,Willow Creek,2025-03-13,R12,95,0,18:11,D06,Midwest,2026-06-25T06:46:29.225Z,2026-06-25T06:46:49.688Z
C002407,P005,Lakeview Terrace,2025-05-02,R22,108,0,15:13,D03,Southeast,2026-06-25T06:46:29.225Z,2026-06-25T06:46:49.688Z
C002446,P006,Cedar Park,2025-06-27,R15,106,0,16:04,D09,West,2026-06-25T06:46:29.225Z,2026-06-25T06:46:49.688Z
C002453,P004,Birchwood Commons,2025-03-02,R11,110,0,20:38,D05,West,2026-06-25T06:46:29.225Z,2026-06-25T06:46:49.688Z
C002461,P004,Birchwood Commons,2025-03-04,R10,155,0,16:32,D03,West,2026-06-25T06:46:29.225Z,2026-06-25T06:46:49.688Z
C002463,P008,Harbor Pointe,2025-06-02,R17,98,0,19:25,D19,Southeast,2026-06-25T06:46:29.225Z,2026-06-25T06:46:49.688Z
C002473,P007,Willow Creek,2025-02-03,R12,95,1,15:05,D10,Midwest,2026-06-25T06:46:29.225Z,2026-06-25T06:46:49.688Z
C002511,P003,Green Oaks,2025-01-31,R23,149,1,17:24,D02,Southeast,2026-06-25T06:46:29.225Z,2026-06-25T06:46:49.688Z
C002540,P006,Cedar Park,2025-02-21,R16,128,0,14:16,D11,Southeast,2026-06-25T06:46:29.225Z,2026-06-25T06:46:49.688Z
C002545,P008,Harbor Pointe,2025-02-11,R16,126,0,17:27,D10,Midwest,2026-06-25T06:46:29.225Z,2026-06-25T06:46:49.688Z
C002550,P005,Lakeview Terrace,2025-06-30,R14,114,2,21:18,D08,Northeast,2026-06-25T06:46:29.225Z,2026-06-25T06:46:49.688Z
C002558,P006,Cedar Park,2025-02-06,R11,57,2,15:13,D15,Northeast,2026-06-25T06:46:29.225Z,2026-06-25T06:46:49.688Z
C002565,P007,Willow Creek,2025-06-19,R18,134,0,20:50,D18,Southeast,2026-06-25T06:46:29.225Z,2026-06-25T06:46:49.688Z
C002568,P005,Lakeview Terrace,2025-03-15,R13,44,0,18:13,D11,Southeast,2026-06-25T06:46:29.225Z,2026-06-25T06:46:49.688Z
C002595,P001,Sunset Ridge,2025-01-04,R22,61,0,14:55,D12,West,2026-06-25T06:46:29.225Z,2026-06-25T06:46:49.688Z
C002610,P005,Lakeview Terrace,2025-04-10,R22,57,0,14:02,D13,Midwest,2026-06-25T06:46:29.225Z,2026-06-25T06:46:49.688Z
C002615,P005,Lakeview Terrace,2025-01-12,R18,67,0,15:18,D16,Southeast,2026-06-25T06:46:29.225Z,2026-06-25T06:46:49.688Z
C002652,P006,Cedar Park,2025-06-01,R20,66,2,14:58,D12,West,2026-06-25T06:46:29.225Z,2026-06-25T06:46:49.688Z
C002683,P002,Maple Court,2025-06-01,R14,68,1,17:52,D13,Midwest,2026-06-25T06:46:29.225Z,2026-06-25T06:46:49.688Z
C002699,P006,Cedar Park,2025-06-10,R21,104,1,22:48,D01,West,2026-06-25T06:46:29.225Z,2026-06-25T06:46:49.688Z
C002707,P006,Cedar Park,2025-05-26,R13,142,0,14:45,D01,Northeast,2026-06-25T06:46:29.225Z,2026-06-25T06:46:49.688Z
C002726,P005,Lakeview Terrace,2025-04-26,R11,69,0,14:38,D01,Southeast,2026-06-25T06:46:29.225Z,2026-06-25T06:46:49.688Z
C002738,P001,Sunset Ridge,2025-02-08,R19,82,1,17:25,D14,Midwest,2026-06-25T06:46:29.225Z,2026-06-25T06:46:49.688Z
C002749,P005,Lakeview Terrace,2025-06-20,R14,134,1,21:51,D16,Midwest,2026-06-25T06:46:29.225Z,2026-06-25T06:46:49.688Z
C002757,P004,Birchwood Commons,2025-04-27,R17,145,0,22:05,D19,Southeast,2026-06-25T06:46:29.225Z,2026-06-25T06:46:49.688Z
C002795,P008,Harbor Pointe,2025-01-20,R24,92,3,22:28,D17,Northeast,2026-06-25T06:46:29.225Z,2026-06-25T06:46:49.688Z
C002800,P007,Willow Creek,2025-02-08,R23,72,0,19:10,D12,Northeast,2026-06-25T06:46:29.225Z,2026-06-25T06:46:49.688Z
C002807,P003,Green Oaks,2025-01-22,R13,150,1,14:07,D13,Southeast,2026-06-25T06:46:29.225Z,2026-06-25T06:46:49.688Z
C002816,P008,Harbor Pointe,2025-05-01,R18,135,2,14:30,D05,West,2026-06-25T06:46:29.225Z,2026-06-25T06:46:49.688Z
C002843,P001,Sunset Ridge,2025-05-04,R13,52,0,21:20,D10,Midwest,2026-06-25T06:46:29.225Z,2026-06-25T06:46:49.688Z
C002864,P001,Sunset Ridge,2025-05-07,R16,109,1,14:55,D03,West,2026-06-25T06:46:29.225Z,2026-06-25T06:46:49.688Z
C002867,P005,Lakeview Terrace,2025-04-28,R16,113,0,17:54,D04,West,2026-06-25T06:46:29.225Z,2026-06-25T06:46:49.688Z
C002896,P005,Lakeview Terrace,2025-01-03,R13,132,0,16:06,D19,Southeast,2026-06-25T06:46:29.225Z,2026-06-25T06:46:49.688Z
C002898,P008,Harbor Pointe,2025-06-13,R19,56,0,19:44,D09,Midwest,2026-06-25T06:46:29.225Z,2026-06-25T06:46:49.688Z
C002915,P004,Birchwood Commons,2025-01-22,R15,137,0,17:34,D20,Midwest,2026-06-25T06:46:29.225Z,2026-06-25T06:46:49.688Z
C002926,P008,Harbor Pointe,2025-04-20,R15,149,1,19:06,D17,West,2026-06-25T06:46:29.225Z,2026-06-25T06:46:49.688Z
C002941,P001,Sunset Ridge,2025-05-13,R10,59,1,21:30,D06,Southeast,2026-06-25T06:46:29.225Z,2026-06-25T06:46:49.688Z
C002951,P002,Maple Court,2025-05-27,R21,98,0,14:16,D18,West,2026-06-25T06:46:29.225Z,2026-06-25T06:46:49.688Z
C002954,P003,Green Oaks,2025-05-02,R22,147,0,22:53,D20,Southeast,2026-06-25T06:46:29.225Z,2026-06-25T06:46:49.688Z
C002961,P005,Lakeview Terrace,2025-03-11,R20,140,0,17:51,D02,Midwest,2026-06-25T06:46:29.225Z,2026-06-25T06:46:49.688Z
C002963,P001,Sunset Ridge,2025-05-09,R16,121,2,20:41,D09,Midwest,2026-06-25T06:46:29.225Z,2026-06-25T06:46:49.688Z
C002981,P008,Harbor Pointe,2025-05-09,R22,87,1,18:43,D01,Midwest,2026-06-25T06:46:29.225Z,2026-06-25T06:46:49.688Z
C002985,P007,Willow Creek,2025-04-29,R14,114,0,15:08,D12,Northeast,2026-06-25T06:46:29.225Z,2026-06-25T06:46:49.688Z
C002992,P005,Lakeview Terrace,2025-01-13,R24,117,0,17:06,D11,Midwest,2026-06-25T06:46:29.225Z,2026-06-25T06:46:49.688Z
C002013,P001,Sunset Ridge,2025-01-12,R16,115,0,15:30,D14,West,2026-06-25T06:46:29.225Z,2026-06-25T06:46:49.688Z
C002018,P008,Harbor Pointe,2025-06-03,R19,67,0,22:42,D18,Northeast,2026-06-25T06:46:29.225Z,2026-06-25T06:46:49.688Z
C002028,P007,Willow Creek,2025-01-08,R22,136,0,20:06,D17,West,2026-06-25T06:46:29.225Z,2026-06-25T06:46:49.688Z
C002040,P005,Lakeview Terrace,2025-05-21,R24,110,2,18:06,D13,Southeast,2026-06-25T06:46:29.225Z,2026-06-25T06:46:49.688Z
C002057,P001,Sunset Ridge,2025-02-15,R17,140,0,22:04,D19,West,2026-06-25T06:46:29.225Z,2026-06-25T06:46:49.688Z
C002084,P008,Harbor Pointe,2025-04-07,R24,51,1,15:50,D05,Southeast,2026-06-25T06:46:29.225Z,2026-06-25T06:46:49.688Z
C002118,P001,Sunset Ridge,2025-01-11,R21,49,2,15:58,D20,West,2026-06-25T06:46:29.225Z,2026-06-25T06:46:49.688Z
C002122,P008,Harbor Pointe,2025-06-26,R20,129,0,21:16,D10,Southeast,2026-06-25T06:46:29.225Z,2026-06-25T06:46:49.688Z
C002133,P003,Green Oaks,2025-01-14,R16,113,1,15:31,D16,West,2026-06-25T06:46:29.225Z,2026-06-25T06:46:49.688Z
C002148,P007,Willow Creek,2025-01-01,R24,124,2,15:09,D19,West,2026-06-25T06:46:29.225Z,2026-06-25T06:46:49.688Z
C002149,P003,Green Oaks,2025-03-29,R16,115,0,19:34,D05,West,2026-06-25T06:46:29.225Z,2026-06-25T06:46:49.688Z
C002165,P003,Green Oaks,2025-04-02,R13,84,1,20:06,D15,Southeast,2026-06-25T06:46:29.225Z,2026-06-25T06:46:49.688Z
C002179,P003,Green Oaks,2025-04-14,R23,141,0,14:23,D01,West,2026-06-25T06:46:29.225Z,2026-06-25T06:46:49.688Z
C002200,P006,Cedar Park,2025-05-04,R16,61,0,16:25,D19,Midwest,2026-06-25T06:46:29.225Z,2026-06-25T06:46:49.688Z
C002232,P003,Green Oaks,2025-01-31,R11,98,0,17:12,D15,Midwest,2026-06-25T06:46:29.225Z,2026-06-25T06:46:49.688Z
C002247,P007,Willow Creek,2025-03-19,R20,50,0,19:07,D15,Southeast,2026-06-25T06:46:29.225Z,2026-06-25T06:46:49.688Z
C002257,P005,Lakeview Terrace,2025-02-08,R12,52,1,15:18,D01,West,2026-06-25T06:46:29.225Z,2026-06-25T06:46:49.688Z
C002307,P004,Birchwood Commons,2025-05-05,R15,132,0,20:22,D04,West,2026-06-25T06:46:29.225Z,2026-06-25T06:46:49.688Z
C002331,P005,Lakeview Terrace,2025-01-13,R22,57,0,18:33,D19,Northeast,2026-06-25T06:46:29.225Z,2026-06-25T06:46:49.688Z
C002356,P004,Birchwood Commons,2025-03-10,R15,148,0,17:56,D10,Southeast,2026-06-25T06:46:29.225Z,2026-06-25T06:46:49.688Z
C002386,P003,Green Oaks,2025-04-27,R16,41,1,18:05,D18,Southeast,2026-06-25T06:46:29.225Z,2026-06-25T06:46:49.688Z
C002397,P005,Lakeview Terrace,2025-05-24,R10,47,0,15:31,D17,Midwest,2026-06-25T06:46:29.225Z,2026-06-25T06:46:49.688Z
C002436,P008,Harbor Pointe,2025-01-01,R16,137,0,16:21,D11,Southeast,2026-06-25T06:46:29.225Z,2026-06-25T06:46:49.688Z
C002438,P007,Willow Creek,2025-03-22,R12,76,0,15:29,D18,Northeast,2026-06-25T06:46:29.225Z,2026-06-25T06:46:49.688Z
C002465,P002,Maple Court,2025-04-17,R17,78,0,20:55,D20,Southeast,2026-06-25T06:46:29.225Z,2026-06-25T06:46:49.688Z
C002491,P004,Birchwood Commons,2025-03-23,R21,143,2,14:28,D19,West,2026-06-25T06:46:29.225Z,2026-06-25T06:46:49.688Z
C002497,P006,Cedar Park,2025-06-27,R24,134,0,16:14,D15,West,2026-06-25T06:46:29.225Z,2026-06-25T06:46:49.688Z
C002508,P008,Harbor Pointe,2025-01-01,R21,128,0,17:50,D12,Midwest,2026-06-25T06:46:29.225Z,2026-06-25T06:46:49.688Z
C002521,P005,Lakeview Terrace,2025-02-28,R22,55,2,22:20,D05,Southeast,2026-06-25T06:46:29.225Z,2026-06-25T06:46:49.688Z
C002532,P007,Willow Creek,2025-02-03,R20,137,0,14:29,D11,West,2026-06-25T06:46:29.225Z,2026-06-25T06:46:49.688Z
C002544,P008,Harbor Pointe,2025-01-13,R21,41,0,16:23,D12,Southeast,2026-06-25T06:46:29.225Z,2026-06-25T06:46:49.688Z
C002570,P003,Green Oaks,2025-04-19,R17,136,0,19:46,D06,Midwest,2026-06-25T06:46:29.225Z,2026-06-25T06:46:49.688Z
C002585,P004,Birchwood Commons,2025-05-05,R17,113,0,15:50,D06,Southeast,2026-06-25T06:46:29.225Z,2026-06-25T06:46:49.688Z
C002592,P003,Green Oaks,2025-02-06,R16,126,0,19:43,D09,West,2026-06-25T06:46:29.225Z,2026-06-25T06:46:49.688Z
C002622,P003,Green Oaks,2025-04-17,R20,139,1,14:03,D15,West,2026-06-25T06:46:29.225Z,2026-06-25T06:46:49.688Z
C002631,P003,Green Oaks,2025-06-11,R10,121,1,22:33,D04,Northeast,2026-06-25T06:46:29.225Z,2026-06-25T06:46:49.688Z
C002634,P003,Green Oaks,2025-03-31,R21,126,0,14:45,D05,West,2026-06-25T06:46:29.225Z,2026-06-25T06:46:49.688Z
C002658,P007,Willow Creek,2025-05-24,R23,157,2,19:10,D10,Southeast,2026-06-25T06:46:29.225Z,2026-06-25T06:46:49.688Z
C002669,P006,Cedar Park,2025-02-13,R12,131,0,19:06,D13,Southeast,2026-06-25T06:46:29.225Z,2026-06-25T06:46:49.688Z
C002671,P001,Sunset Ridge,2025-01-14,R15,79,0,15:16,D15,West,2026-06-25T06:46:29.225Z,2026-06-25T06:46:49.688Z
C002675,P008,Harbor Pointe,2025-01-10,R18,108,0,14:14,D07,Southeast,2026-06-25T06:46:29.225Z,2026-06-25T06:46:49.688Z
C002686,P001,Sunset Ridge,2025-05-03,R18,155,0,17:53,D11,Midwest,2026-06-25T06:46:29.225Z,2026-06-25T06:46:49.688Z
C002700,P006,Cedar Park,2025-01-04,R13,56,1,20:01,D04,Southeast,2026-06-25T06:46:29.225Z,2026-06-25T06:46:49.688Z
C002703,P006,Cedar Park,2025-05-27,R23,108,0,15:54,D17,Southeast,2026-06-25T06:46:29.225Z,2026-06-25T06:46:49.688Z
C002709,P007,Willow Creek,2025-06-16,R23,88,0,17:37,D16,Midwest,2026-06-25T06:46:29.225Z,2026-06-25T06:46:49.688Z
C002710,P002,Maple Court,2025-04-02,R11,88,0,18:15,D13,Southeast,2026-06-25T06:46:29.225Z,2026-06-25T06:46:49.688Z
C002714,P008,Harbor Pointe,2025-01-09,R15,121,2,17:21,D18,Northeast,2026-06-25T06:46:29.225Z,2026-06-25T06:46:49.688Z
C002740,P001,Sunset Ridge,2025-05-02,R10,52,0,21:15,D05,Northeast,2026-06-25T06:46:29.225Z,2026-06-25T06:46:49.688Z
C002811,P008,Harbor Pointe,2025-03-18,R23,54,2,17:06,D16,Southeast,2026-06-25T06:46:29.225Z,2026-06-25T06:46:49.688Z
C002829,P002,Maple Court,2025-03-14,R19,108,1,17:36,D05,Northeast,2026-06-25T06:46:29.225Z,2026-06-25T06:46:49.688Z
C002830,P002,Maple Court,2025-05-19,R13,43,2,14:19,D04,West,2026-06-25T06:46:29.225Z,2026-06-25T06:46:49.688Z
C002866,P001,Sunset Ridge,2025-01-11,R10,77,2,17:13,D06,West,2026-06-25T06:46:29.225Z,2026-06-25T06:46:49.688Z
C002869,P007,Willow Creek,2025-05-25,R22,158,0,19:16,D02,Midwest,2026-06-25T06:46:29.225Z,2026-06-25T06:46:49.688Z
C002880,P003,Green Oaks,2025-02-19,R10,61,0,17:22,D03,Southeast,2026-06-25T06:46:29.225Z,2026-06-25T06:46:49.688Z
C002883,P004,Birchwood Commons,2025-06-27,R22,139,1,17:12,D06,Northeast,2026-06-25T06:46:29.225Z,2026-06-25T06:46:49.688Z
C002897,P001,Sunset Ridge,2025-03-18,R18,148,0,21:31,D19,West,2026-06-25T06:46:29.225Z,2026-06-25T06:46:49.688Z
C002912,P008,Harbor Pointe,2025-02-13,R10,57,1,20:25,D01,Northeast,2026-06-25T06:46:29.225Z,2026-06-25T06:46:49.688Z
C002976,P005,Lakeview Terrace,2025-02-15,R22,124,0,16:19,D06,Northeast,2026-06-25T06:46:29.225Z,2026-06-25T06:46:49.688Z
C002990,P007,Willow Creek,2025-05-22,R18,105,1,21:45,D16,West,2026-06-25T06:46:29.225Z,2026-06-25T06:46:49.688Z
C002995,P002,Maple Court,2025-02-07,R22,79,1,17:54,D02,Northeast,2026-06-25T06:46:29.225Z,2026-06-25T06:46:49.688Z
C002997,P008,Harbor Pointe,2025-03-24,R12,44,0,22:27,D11,West,2026-06-25T06:46:29.225Z,2026-06-25T06:46:49.688Z
C003000,P002,Maple Court,2025-04-20,R19,160,0,18:35,D20,West,2026-06-25T06:46:29.225Z,2026-06-25T06:46:49.688Z
C002027,P006,Cedar Park,2025-01-17,R12,106,0,22:12,D16,Northeast,2026-06-25T06:46:29.225Z,2026-06-25T06:46:49.688Z
C002041,P007,Willow Creek,2025-03-21,R11,124,2,19:17,D02,Midwest,2026-06-25T06:46:29.225Z,2026-06-25T06:46:49.688Z
C002045,P004,Birchwood Commons,2025-02-13,R16,40,1,22:56,D09,Midwest,2026-06-25T06:46:29.225Z,2026-06-25T06:46:49.688Z
C002048,P008,Harbor Pointe,2025-06-30,R10,54,0,20:37,D07,Northeast,2026-06-25T06:46:29.225Z,2026-06-25T06:46:49.688Z
C002053,P007,Willow Creek,2025-03-25,R20,106,3,18:28,D07,Midwest,2026-06-25T06:46:29.225Z,2026-06-25T06:46:49.688Z
C002083,P004,Birchwood Commons,2025-03-22,R24,133,0,14:12,D13,Northeast,2026-06-25T06:46:29.225Z,2026-06-25T06:46:49.688Z
C002110,P004,Birchwood Commons,2025-02-17,R21,126,0,19:21,D18,Midwest,2026-06-25T06:46:29.225Z,2026-06-25T06:46:49.688Z
C002139,P003,Green Oaks,2025-03-16,R24,42,0,21:16,D19,Midwest,2026-06-25T06:46:29.225Z,2026-06-25T06:46:49.688Z
C002159,P003,Green Oaks,2025-06-14,R10,133,0,19:14,D09,Northeast,2026-06-25T06:46:29.225Z,2026-06-25T06:46:49.688Z
C002172,P002,Maple Court,2025-04-12,R24,58,0,21:47,D16,Midwest,2026-06-25T06:46:29.225Z,2026-06-25T06:46:49.688Z
C002173,P003,Green Oaks,2025-02-17,R20,51,0,21:57,D19,Midwest,2026-06-25T06:46:29.225Z,2026-06-25T06:46:49.688Z
C002178,P002,Maple Court,2025-04-14,R17,101,0,14:25,D16,Midwest,2026-06-25T06:46:29.225Z,2026-06-25T06:46:49.688Z
C002241,P008,Harbor Pointe,2025-06-20,R22,107,2,21:46,D04,Midwest,2026-06-25T06:46:29.225Z,2026-06-25T06:46:49.688Z
C002242,P006,Cedar Park,2025-05-06,R12,114,1,22:58,D17,Midwest,2026-06-25T06:46:29.225Z,2026-06-25T06:46:49.688Z
C002284,P001,Sunset Ridge,2025-01-18,R17,115,1,21:42,D15,Southeast,2026-06-25T06:46:29.225Z,2026-06-25T06:46:49.688Z
C002289,P007,Willow Creek,2025-06-25,R16,117,0,22:47,D10,Southeast,2026-06-25T06:46:29.225Z,2026-06-25T06:46:49.688Z
C002290,P002,Maple Court,2025-04-16,R12,67,2,21:18,D02,West,2026-06-25T06:46:29.225Z,2026-06-25T06:46:49.688Z
C002330,P005,Lakeview Terrace,2025-01-26,R15,87,0,14:24,D16,Southeast,2026-06-25T06:46:29.225Z,2026-06-25T06:46:49.688Z
C002358,P007,Willow Creek,2025-05-12,R15,62,2,18:16,D09,Northeast,2026-06-25T06:46:29.225Z,2026-06-25T06:46:49.688Z
C002360,P004,Birchwood Commons,2025-06-26,R17,130,0,22:06,D01,Northeast,2026-06-25T06:46:29.225Z,2026-06-25T06:46:49.688Z
C002363,P006,Cedar Park,2025-03-20,R17,114,3,16:53,D16,Southeast,2026-06-25T06:46:29.225Z,2026-06-25T06:46:49.688Z
C002371,P002,Maple Court,2025-02-01,R23,77,0,17:23,D13,Southeast,2026-06-25T06:46:29.225Z,2026-06-25T06:46:49.688Z
C002388,P008,Harbor Pointe,2025-01-31,R14,130,0,15:42,D05,West,2026-06-25T06:46:29.225Z,2026-06-25T06:46:49.688Z
C002409,P002,Maple Court,2025-02-26,R17,154,0,18:13,D12,West,2026-06-25T06:46:29.225Z,2026-06-25T06:46:49.688Z
C002430,P005,Lakeview Terrace,2025-01-17,R20,118,0,15:14,D11,Midwest,2026-06-25T06:46:29.225Z,2026-06-25T06:46:49.688Z
C002444,P008,Harbor Pointe,2025-05-25,R15,149,0,16:05,D06,West,2026-06-25T06:46:29.225Z,2026-06-25T06:46:49.688Z
C002449,P003,Green Oaks,2025-06-15,R11,85,1,22:50,D04,West,2026-06-25T06:46:29.225Z,2026-06-25T06:46:49.688Z
C002475,P002,Maple Court,2025-03-10,R20,105,0,22:40,D02,West,2026-06-25T06:46:29.225Z,2026-06-25T06:46:49.688Z
C002504,P001,Sunset Ridge,2025-05-07,R13,55,3,17:24,D20,Northeast,2026-06-25T06:46:29.225Z,2026-06-25T06:46:49.688Z
C002546,P005,Lakeview Terrace,2025-01-21,R24,107,2,22:53,D19,Northeast,2026-06-25T06:46:29.225Z,2026-06-25T06:46:49.688Z
C002551,P003,Green Oaks,2025-04-15,R12,68,0,14:37,D11,West,2026-06-25T06:46:29.225Z,2026-06-25T06:46:49.688Z
C002553,P002,Maple Court,2025-01-26,R10,154,0,21:08,D02,Midwest,2026-06-25T06:46:29.225Z,2026-06-25T06:46:49.688Z
C002557,P003,Green Oaks,2025-04-08,R21,118,2,17:36,D02,Southeast,2026-06-25T06:46:29.225Z,2026-06-25T06:46:49.688Z
C002600,P003,Green Oaks,2025-05-19,R10,123,0,19:36,D06,Midwest,2026-06-25T06:46:29.225Z,2026-06-25T06:46:49.688Z
C002630,P008,Harbor Pointe,2025-06-29,R17,89,0,15:41,D02,West,2026-06-25T06:46:29.225Z,2026-06-25T06:46:49.688Z
C002666,P002,Maple Court,2025-01-24,R24,131,2,21:15,D05,West,2026-06-25T06:46:29.225Z,2026-06-25T06:46:49.688Z
C002685,P001,Sunset Ridge,2025-06-06,R21,44,0,15:03,D18,Northeast,2026-06-25T06:46:29.225Z,2026-06-25T06:46:49.688Z
C002708,P007,Willow Creek,2025-05-20,R11,86,0,18:28,D08,Southeast,2026-06-25T06:46:29.225Z,2026-06-25T06:46:49.688Z
C002737,P003,Green Oaks,2025-01-13,R18,91,0,21:44,D06,Southeast,2026-06-25T06:46:29.225Z,2026-06-25T06:46:49.688Z
C002746,P005,Lakeview Terrace,2025-01-02,R13,92,0,14:09,D08,Northeast,2026-06-25T06:46:29.225Z,2026-06-25T06:46:49.688Z
C002756,P001,Sunset Ridge,2025-02-24,R24,41,0,22:33,D09,Northeast,2026-06-25T06:46:29.225Z,2026-06-25T06:46:49.688Z
C002767,P003,Green Oaks,2025-05-26,R23,70,1,16:43,D16,Midwest,2026-06-25T06:46:29.225Z,2026-06-25T06:46:49.688Z
C002769,P002,Maple Court,2025-03-18,R23,150,0,22:27,D16,Northeast,2026-06-25T06:46:29.225Z,2026-06-25T06:46:49.688Z
C002778,P005,Lakeview Terrace,2025-05-12,R10,59,0,20:09,D02,Northeast,2026-06-25T06:46:29.225Z,2026-06-25T06:46:49.688Z
C002794,P006,Cedar Park,2025-06-30,R24,129,1,20:09,D05,Northeast,2026-06-25T06:46:29.225Z,2026-06-25T06:46:49.688Z
C002801,P001,Sunset Ridge,2025-05-28,R16,124,1,18:51,D10,Southeast,2026-06-25T06:46:29.225Z,2026-06-25T06:46:49.688Z
C002818,P002,Maple Court,2025-05-22,R22,118,0,21:53,D05,Midwest,2026-06-25T06:46:29.225Z,2026-06-25T06:46:49.688Z
C002853,P003,Green Oaks,2025-01-07,R17,65,0,20:47,D03,Northeast,2026-06-25T06:46:29.225Z,2026-06-25T06:46:49.688Z
C002877,P002,Maple Court,2025-06-20,R19,147,1,16:38,D02,Midwest,2026-06-25T06:46:29.225Z,2026-06-25T06:46:49.688Z
C002889,P005,Lakeview Terrace,2025-01-04,R20,51,0,17:57,D15,Northeast,2026-06-25T06:46:29.225Z,2026-06-25T06:46:49.688Z
C002890,P002,Maple Court,2025-06-09,R19,56,3,16:25,D15,Southeast,2026-06-25T06:46:29.225Z,2026-06-25T06:46:49.688Z
C002908,P003,Green Oaks,2025-01-03,R15,133,1,20:10,D10,West,2026-06-25T06:46:29.225Z,2026-06-25T06:46:49.688Z
C002933,P001,Sunset Ridge,2025-06-17,R19,83,0,17:32,D11,Northeast,2026-06-25T06:46:29.225Z,2026-06-25T06:46:49.688Z
C002972,P003,Green Oaks,2025-05-01,R10,111,0,14:33,D05,Southeast,2026-06-25T06:46:29.225Z,2026-06-25T06:46:49.688Z
C002974,P005,Lakeview Terrace,2025-06-22,R14,74,2,17:20,D20,West,2026-06-25T06:46:29.225Z,2026-06-25T06:46:49.688Z
C002989,P003,Green Oaks,2025-04-07,R19,157,0,22:15,D07,Northeast,2026-06-25T06:46:29.225Z,2026-06-25T06:46:49.688Z
C002994,P002,Maple Court,2025-01-03,R14,78,0,14:41,D15,West,2026-06-25T06:46:29.225Z,2026-06-25T06:46:49.688Z
C002011,P005,Lakeview Terrace,2025-03-27,R18,90,0,22:37,D20,Midwest,2026-06-25T06:46:29.225Z,2026-06-25T06:46:49.688Z
C002038,P005,Lakeview Terrace,2025-04-03,R22,82,0,19:56,D04,Midwest,2026-06-25T06:46:29.225Z,2026-06-25T06:46:49.688Z
C002050,P004,Birchwood Commons,2025-01-11,R21,45,0,15:43,D13,Midwest,2026-06-25T06:46:29.225Z,2026-06-25T06:46:49.688Z
C002097,P004,Birchwood Commons,2025-01-01,R16,84,0,19:05,D12,Northeast,2026-06-25T06:46:29.225Z,2026-06-25T06:46:49.688Z
C002123,P004,Birchwood Commons,2025-04-17,R16,87,2,19:08,D02,Southeast,2026-06-25T06:46:29.225Z,2026-06-25T06:46:49.688Z
C002143,P002,Maple Court,2025-02-14,R12,147,2,17:18,D05,West,2026-06-25T06:46:29.225Z,2026-06-25T06:46:49.688Z
C002168,P006,Cedar Park,2025-04-30,R16,55,0,17:13,D15,Southeast,2026-06-25T06:46:29.225Z,2026-06-25T06:46:49.688Z
C002197,P004,Birchwood Commons,2025-06-06,R20,57,0,22:47,D19,Northeast,2026-06-25T06:46:29.225Z,2026-06-25T06:46:49.688Z
C002206,P002,Maple Court,2025-03-10,R23,86,1,17:25,D10,Southeast,2026-06-25T06:46:29.225Z,2026-06-25T06:46:49.688Z
C002234,P004,Birchwood Commons,2025-02-09,R21,92,0,16:06,D14,Northeast,2026-06-25T06:46:29.225Z,2026-06-25T06:46:49.688Z
C002236,P006,Cedar Park,2025-03-02,R20,86,2,17:50,D19,Midwest,2026-06-25T06:46:29.225Z,2026-06-25T06:46:49.688Z
C002293,P005,Lakeview Terrace,2025-01-18,R12,153,1,20:54,D05,Southeast,2026-06-25T06:46:29.225Z,2026-06-25T06:46:49.688Z
C002300,P006,Cedar Park,2025-05-27,R17,159,3,14:34,D06,Southeast,2026-06-25T06:46:29.225Z,2026-06-25T06:46:49.688Z
C002303,P005,Lakeview Terrace,2025-05-11,R22,61,2,20:35,D17,Midwest,2026-06-25T06:46:29.225Z,2026-06-25T06:46:49.688Z
C002304,P007,Willow Creek,2025-04-29,R19,160,1,21:42,D02,Northeast,2026-06-25T06:46:29.225Z,2026-06-25T06:46:49.688Z
C002321,P002,Maple Court,2025-05-04,R22,106,2,16:44,D09,Southeast,2026-06-25T06:46:29.225Z,2026-06-25T06:46:49.688Z
C002323,P008,Harbor Pointe,2025-01-25,R14,92,0,22:54,D04,Midwest,2026-06-25T06:46:29.225Z,2026-06-25T06:46:49.688Z
C002329,P007,Willow Creek,2025-06-02,R13,93,0,19:15,D14,Midwest,2026-06-25T06:46:29.225Z,2026-06-25T06:46:49.688Z
C002337,P007,Willow Creek,2025-06-12,R15,129,0,18:03,D04,West,2026-06-25T06:46:29.225Z,2026-06-25T06:46:49.688Z
C002352,P005,Lakeview Terrace,2025-02-22,R20,122,0,16:31,D06,Southeast,2026-06-25T06:46:29.225Z,2026-06-25T06:46:49.688Z
C002355,P004,Birchwood Commons,2025-01-11,R10,89,0,17:20,D18,Midwest,2026-06-25T06:46:29.225Z,2026-06-25T06:46:49.688Z
C002357,P002,Maple Court,2025-01-10,R18,48,2,20:28,D16,Northeast,2026-06-25T06:46:29.225Z,2026-06-25T06:46:49.688Z
C002362,P007,Willow Creek,2025-05-18,R19,107,1,22:49,D05,Southeast,2026-06-25T06:46:29.225Z,2026-06-25T06:46:49.688Z
C002375,P001,Sunset Ridge,2025-01-01,R17,146,0,20:58,D06,Southeast,2026-06-25T06:46:29.225Z,2026-06-25T06:46:49.688Z
C002387,P003,Green Oaks,2025-05-27,R11,140,0,21:23,D11,Northeast,2026-06-25T06:46:29.225Z,2026-06-25T06:46:49.688Z
C002393,P001,Sunset Ridge,2025-05-05,R15,95,1,22:08,D01,Midwest,2026-06-25T06:46:29.225Z,2026-06-25T06:46:49.688Z
C002405,P004,Birchwood Commons,2025-04-16,R23,149,0,20:22,D05,Northeast,2026-06-25T06:46:29.225Z,2026-06-25T06:46:49.688Z
C002428,P004,Birchwood Commons,2025-03-15,R14,138,3,14:13,D19,Southeast,2026-06-25T06:46:29.225Z,2026-06-25T06:46:49.688Z
C002434,P004,Birchwood Commons,2025-03-09,R17,104,0,18:44,D05,Midwest,2026-06-25T06:46:29.225Z,2026-06-25T06:46:49.688Z
C002445,P001,Sunset Ridge,2025-03-21,R13,147,0,17:26,D06,Southeast,2026-06-25T06:46:29.225Z,2026-06-25T06:46:49.688Z
C002457,P005,Lakeview Terrace,2025-03-06,R17,75,0,17:46,D05,Southeast,2026-06-25T06:46:29.225Z,2026-06-25T06:46:49.688Z
C002464,P003,Green Oaks,2025-06-06,R22,49,0,14:41,D06,Southeast,2026-06-25T06:46:29.225Z,2026-06-25T06:46:49.688Z
C002477,P007,Willow Creek,2025-01-22,R14,68,0,17:35,D11,Midwest,2026-06-25T06:46:29.225Z,2026-06-25T06:46:49.688Z
C002512,P003,Green Oaks,2025-01-04,R16,52,0,19:41,D18,Midwest,2026-06-25T06:46:29.225Z,2026-06-25T06:46:49.688Z
C002516,P005,Lakeview Terrace,2025-06-12,R14,59,0,19:35,D19,Midwest,2026-06-25T06:46:29.225Z,2026-06-25T06:46:49.688Z
C002534,P002,Maple Court,2025-02-21,R20,138,0,20:21,D10,Midwest,2026-06-25T06:46:29.225Z,2026-06-25T06:46:49.688Z
C002575,P001,Sunset Ridge,2025-03-22,R12,75,0,19:13,D02,Southeast,2026-06-25T06:46:29.225Z,2026-06-25T06:46:49.688Z
C002583,P002,Maple Court,2025-05-10,R12,59,2,19:38,D02,Northeast,2026-06-25T06:46:29.225Z,2026-06-25T06:46:49.688Z
C002604,P005,Lakeview Terrace,2025-01-20,R19,105,0,14:41,D18,Northeast,2026-06-25T06:46:29.225Z,2026-06-25T06:46:49.688Z
C002664,P002,Maple Court,2025-03-22,R12,76,0,19:46,D12,Midwest,2026-06-25T06:46:29.225Z,2026-06-25T06:46:49.688Z
C002672,P004,Birchwood Commons,2025-03-20,R22,86,0,17:22,D05,Northeast,2026-06-25T06:46:29.225Z,2026-06-25T06:46:49.688Z
C002725,P004,Birchwood Commons,2025-06-16,R21,69,1,17:25,D10,West,2026-06-25T06:46:29.225Z,2026-06-25T06:46:49.688Z
C002728,P003,Green Oaks,2025-03-31,R10,158,0,18:04,D06,Midwest,2026-06-25T06:46:29.225Z,2026-06-25T06:46:49.688Z
C002731,P004,Birchwood Commons,2025-02-10,R23,110,0,15:03,D20,West,2026-06-25T06:46:29.225Z,2026-06-25T06:46:49.688Z
C002736,P007,Willow Creek,2025-01-10,R18,95,0,15:44,D13,Midwest,2026-06-25T06:46:29.225Z,2026-06-25T06:46:49.688Z
C002744,P002,Maple Court,2025-05-07,R10,142,0,18:20,D09,West,2026-06-25T06:46:29.225Z,2026-06-25T06:46:49.688Z
C002745,P002,Maple Court,2025-01-29,R19,61,3,22:51,D03,West,2026-06-25T06:46:29.225Z,2026-06-25T06:46:49.688Z
C002751,P003,Green Oaks,2025-01-25,R17,92,0,15:41,D15,Northeast,2026-06-25T06:46:29.225Z,2026-06-25T06:46:49.688Z
C002762,P003,Green Oaks,2025-02-13,R13,135,0,21:43,D05,Southeast,2026-06-25T06:46:29.225Z,2026-06-25T06:46:49.688Z
C002797,P007,Willow Creek,2025-04-03,R24,53,0,22:19,D17,West,2026-06-25T06:46:29.225Z,2026-06-25T06:46:49.688Z
C002802,P008,Harbor Pointe,2025-02-01,R22,65,0,22:35,D03,Midwest,2026-06-25T06:46:29.225Z,2026-06-25T06:46:49.688Z
C002812,P007,Willow Creek,2025-05-31,R10,139,1,15:56,D13,Midwest,2026-06-25T06:46:29.225Z,2026-06-25T06:46:49.688Z
C002815,P006,Cedar Park,2025-02-22,R13,83,3,22:10,D04,Southeast,2026-06-25T06:46:29.225Z,2026-06-25T06:46:49.688Z
C002832,P002,Maple Court,2025-02-07,R16,100,0,19:48,D18,West,2026-06-25T06:46:29.225Z,2026-06-25T06:46:49.688Z
C002833,P004,Birchwood Commons,2025-06-28,R13,125,0,19:14,D10,Southeast,2026-06-25T06:46:29.225Z,2026-06-25T06:46:49.688Z
C002834,P001,Sunset Ridge,2025-01-24,R23,55,0,18:58,D16,West,2026-06-25T06:46:29.225Z,2026-06-25T06:46:49.688Z
C002837,P006,Cedar Park,2025-04-25,R22,52,2,16:14,D19,Northeast,2026-06-25T06:46:29.225Z,2026-06-25T06:46:49.688Z
C002863,P001,Sunset Ridge,2025-04-16,R11,153,3,18:11,D13,Northeast,2026-06-25T06:46:29.225Z,2026-06-25T06:46:49.688Z
C002871,P003,Green Oaks,2025-02-02,R22,103,0,16:34,D03,Midwest,2026-06-25T06:46:29.225Z,2026-06-25T06:46:49.688Z
C002892,P007,Willow Creek,2025-05-02,R14,89,0,15:57,D05,Southeast,2026-06-25T06:46:29.225Z,2026-06-25T06:46:49.688Z
C002946,P002,Maple Court,2025-06-29,R18,159,1,16:11,D06,West,2026-06-25T06:46:29.225Z,2026-06-25T06:46:49.688Z
C002949,P004,Birchwood Commons,2025-04-10,R19,93,0,17:19,D06,West,2026-06-25T06:46:29.225Z,2026-06-25T06:46:49.688Z
C002968,P007,Willow Creek,2025-02-08,R18,62,0,18:53,D10,Northeast,2026-06-25T06:46:29.225Z,2026-06-25T06:46:49.688Z
C002034,P005,Lakeview Terrace,2025-06-13,R18,145,0,20:18,D02,Southeast,2026-06-25T06:46:29.225Z,2026-06-25T06:46:49.688Z
C002092,P008,Harbor Pointe,2025-01-22,R22,52,0,21:50,D18,Northeast,2026-06-25T06:46:29.225Z,2026-06-25T06:46:49.688Z
C002093,P001,Sunset Ridge,2025-01-15,R21,59,1,19:20,D13,Southeast,2026-06-25T06:46:29.225Z,2026-06-25T06:46:49.688Z
C002112,P001,Sunset Ridge,2025-03-13,R22,68,2,15:23,D08,Midwest,2026-06-25T06:46:29.225Z,2026-06-25T06:46:49.688Z
C002134,P003,Green Oaks,2025-05-24,R19,66,0,22:53,D09,Northeast,2026-06-25T06:46:29.225Z,2026-06-25T06:46:49.688Z
C002140,P007,Willow Creek,2025-04-14,R22,119,1,20:55,D10,West,2026-06-25T06:46:29.225Z,2026-06-25T06:46:49.688Z
C002160,P008,Harbor Pointe,2025-01-05,R17,116,2,18:25,D06,Southeast,2026-06-25T06:46:29.225Z,2026-06-25T06:46:49.688Z
C002161,P007,Willow Creek,2025-04-25,R22,150,2,20:42,D05,Midwest,2026-06-25T06:46:29.225Z,2026-06-25T06:46:49.688Z
C002186,P003,Green Oaks,2025-05-10,R14,152,3,19:54,D20,Southeast,2026-06-25T06:46:29.225Z,2026-06-25T06:46:49.688Z
C002195,P003,Green Oaks,2025-03-13,R22,135,2,19:54,D12,Northeast,2026-06-25T06:46:29.225Z,2026-06-25T06:46:49.688Z
C002229,P005,Lakeview Terrace,2025-05-03,R21,86,0,22:40,D09,West,2026-06-25T06:46:29.225Z,2026-06-25T06:46:49.688Z
C002244,P001,Sunset Ridge,2025-02-14,R14,137,0,22:31,D20,West,2026-06-25T06:46:29.225Z,2026-06-25T06:46:49.688Z
C002265,P001,Sunset Ridge,2025-02-12,R17,132,0,15:27,D14,Southeast,2026-06-25T06:46:29.225Z,2026-06-25T06:46:49.688Z
C002272,P007,Willow Creek,2025-01-10,R18,69,0,15:28,D13,Northeast,2026-06-25T06:46:29.225Z,2026-06-25T06:46:49.688Z
C002285,P005,Lakeview Terrace,2025-03-06,R19,70,0,22:49,D18,Southeast,2026-06-25T06:46:29.225Z,2026-06-25T06:46:49.688Z
C002288,P008,Harbor Pointe,2025-04-12,R20,68,1,15:12,D15,West,2026-06-25T06:46:29.225Z,2026-06-25T06:46:49.688Z
C002296,P002,Maple Court,2025-05-20,R13,87,2,22:38,D17,West,2026-06-25T06:46:29.225Z,2026-06-25T06:46:49.688Z
C002305,P004,Birchwood Commons,2025-01-12,R21,55,0,18:57,D03,West,2026-06-25T06:46:29.225Z,2026-06-25T06:46:49.688Z
C002341,P002,Maple Court,2025-02-15,R11,87,0,22:52,D09,West,2026-06-25T06:46:29.225Z,2026-06-25T06:46:49.688Z
C002369,P001,Sunset Ridge,2025-02-17,R10,48,0,22:24,D15,West,2026-06-25T06:46:29.225Z,2026-06-25T06:46:49.688Z
C002408,P003,Green Oaks,2025-03-08,R15,139,0,22:42,D20,West,2026-06-25T06:46:29.225Z,2026-06-25T06:46:49.688Z
C002414,P008,Harbor Pointe,2025-03-27,R24,75,0,14:25,D12,West,2026-06-25T06:46:29.225Z,2026-06-25T06:46:49.688Z
C002418,P008,Harbor Pointe,2025-01-22,R22,104,3,20:06,D20,Southeast,2026-06-25T06:46:29.225Z,2026-06-25T06:46:49.688Z
C002435,P005,Lakeview Terrace,2025-06-19,R14,114,0,19:55,D08,Southeast,2026-06-25T06:46:29.225Z,2026-06-25T06:46:49.688Z
C002467,P007,Willow Creek,2025-01-18,R12,59,0,15:51,D07,Southeast,2026-06-25T06:46:29.225Z,2026-06-25T06:46:49.688Z
C002488,P004,Birchwood Commons,2025-01-29,R10,98,2,18:08,D08,Northeast,2026-06-25T06:46:29.225Z,2026-06-25T06:46:49.688Z
C002498,P007,Willow Creek,2025-04-26,R16,127,0,19:26,D07,Midwest,2026-06-25T06:46:29.225Z,2026-06-25T06:46:49.688Z
C002510,P008,Harbor Pointe,2025-01-24,R10,105,2,16:24,D20,West,2026-06-25T06:46:29.225Z,2026-06-25T06:46:49.688Z
C002522,P007,Willow Creek,2025-06-18,R12,91,0,14:32,D10,West,2026-06-25T06:46:29.225Z,2026-06-25T06:46:49.688Z
C002531,P007,Willow Creek,2025-02-25,R17,154,0,21:14,D03,Midwest,2026-06-25T06:46:29.225Z,2026-06-25T06:46:49.688Z
C002555,P007,Willow Creek,2025-02-19,R15,83,0,21:51,D19,Midwest,2026-06-25T06:46:29.225Z,2026-06-25T06:46:49.688Z
C002559,P007,Willow Creek,2025-04-11,R13,82,2,19:40,D16,Southeast,2026-06-25T06:46:29.225Z,2026-06-25T06:46:49.688Z
C002566,P006,Cedar Park,2025-01-09,R21,130,0,16:36,D09,West,2026-06-25T06:46:29.225Z,2026-06-25T06:46:49.688Z
C002572,P002,Maple Court,2025-02-04,R13,66,0,14:14,D01,Midwest,2026-06-25T06:46:29.225Z,2026-06-25T06:46:49.688Z
C002577,P003,Green Oaks,2025-03-11,R10,56,1,22:18,D15,Southeast,2026-06-25T06:46:29.225Z,2026-06-25T06:46:49.688Z
C002580,P008,Harbor Pointe,2025-01-27,R20,121,1,21:20,D09,West,2026-06-25T06:46:29.225Z,2026-06-25T06:46:49.688Z
C002627,P002,Maple Court,2025-05-22,R10,49,0,17:09,D17,Midwest,2026-06-25T06:46:29.225Z,2026-06-25T06:46:49.688Z
C002628,P003,Green Oaks,2025-02-21,R11,126,2,22:54,D17,Midwest,2026-06-25T06:46:29.225Z,2026-06-25T06:46:49.688Z
C002633,P006,Cedar Park,2025-05-09,R19,93,0,22:41,D08,Northeast,2026-06-25T06:46:29.225Z,2026-06-25T06:46:49.688Z
C002637,P005,Lakeview Terrace,2025-03-29,R20,95,0,14:48,D15,Northeast,2026-06-25T06:46:29.225Z,2026-06-25T06:46:49.688Z
C002640,P001,Sunset Ridge,2025-05-05,R18,140,0,21:19,D16,Northeast,2026-06-25T06:46:29.225Z,2026-06-25T06:46:49.688Z
C002647,P005,Lakeview Terrace,2025-03-11,R15,106,0,15:49,D08,Southeast,2026-06-25T06:46:29.225Z,2026-06-25T06:46:49.688Z
C002648,P004,Birchwood Commons,2025-05-23,R23,125,2,14:21,D16,Northeast,2026-06-25T06:46:29.225Z,2026-06-25T06:46:49.688Z
C002678,P003,Green Oaks,2025-05-23,R17,109,0,21:12,D01,Northeast,2026-06-25T06:46:29.225Z,2026-06-25T06:46:49.688Z
C002732,P003,Green Oaks,2025-06-07,R12,136,0,18:34,D15,Southeast,2026-06-25T06:46:29.225Z,2026-06-25T06:46:49.688Z
C002761,P007,Willow Creek,2025-01-31,R15,75,0,20:11,D05,Southeast,2026-06-25T06:46:29.225Z,2026-06-25T06:46:49.688Z
C002775,P005,Lakeview Terrace,2025-04-25,R14,114,0,18:55,D13,West,2026-06-25T06:46:29.225Z,2026-06-25T06:46:49.688Z
C002805,P007,Willow Creek,2025-05-18,R16,73,0,14:22,D04,Southeast,2026-06-25T06:46:29.225Z,2026-06-25T06:46:49.688Z
C002824,P007,Willow Creek,2025-06-04,R18,85,0,21:16,D13,West,2026-06-25T06:46:29.225Z,2026-06-25T06:46:49.688Z
C002831,P002,Maple Court,2025-06-03,R23,41,1,19:54,D08,Southeast,2026-06-25T06:46:29.225Z,2026-06-25T06:46:49.688Z
C002835,P003,Green Oaks,2025-03-08,R17,104,1,20:54,D04,Northeast,2026-06-25T06:46:29.225Z,2026-06-25T06:46:49.688Z
C002844,P003,Green Oaks,2025-05-16,R24,96,0,18:52,D03,Northeast,2026-06-25T06:46:29.225Z,2026-06-25T06:46:49.688Z
C002846,P007,Willow Creek,2025-03-27,R20,107,0,20:09,D15,Midwest,2026-06-25T06:46:29.225Z,2026-06-25T06:46:49.688Z
C002862,P001,Sunset Ridge,2025-01-27,R13,114,1,16:11,D01,Midwest,2026-06-25T06:46:29.225Z,2026-06-25T06:46:49.688Z
C002865,P001,Sunset Ridge,2025-04-29,R24,67,2,15:25,D07,West,2026-06-25T06:46:29.225Z,2026-06-25T06:46:49.688Z
C002870,P006,Cedar Park,2025-03-31,R11,129,0,17:47,D20,Midwest,2026-06-25T06:46:29.225Z,2026-06-25T06:46:49.688Z
C002873,P007,Willow Creek,2025-01-16,R21,93,0,21:25,D11,Midwest,2026-06-25T06:46:29.225Z,2026-06-25T06:46:49.688Z
C002899,P004,Birchwood Commons,2025-02-09,R21,144,3,18:40,D11,Southeast,2026-06-25T06:46:29.225Z,2026-06-25T06:46:49.688Z
C002923,P005,Lakeview Terrace,2025-03-31,R11,157,0,17:29,D06,West,2026-06-25T06:46:29.225Z,2026-06-25T06:46:49.688Z
C002935,P001,Sunset Ridge,2025-03-24,R23,142,1,14:37,D08,West,2026-06-25T06:46:29.225Z,2026-06-25T06:46:49.688Z
C002945,P008,Harbor Pointe,2025-02-24,R20,96,0,17:01,D13,West,2026-06-25T06:46:29.225Z,2026-06-25T06:46:49.688Z
C002947,P008,Harbor Pointe,2025-04-16,R24,113,2,18:49,D03,Southeast,2026-06-25T06:46:29.225Z,2026-06-25T06:46:49.688Z
C002957,P003,Green Oaks,2025-03-20,R16,115,0,18:10,D01,Midwest,2026-06-25T06:46:29.225Z,2026-06-25T06:46:49.688Z
C002984,P004,Birchwood Commons,2025-04-16,R12,69,0,20:02,D13,West,2026-06-25T06:46:29.225Z,2026-06-25T06:46:49.688Z
C002025,P005,Lakeview Terrace,2025-05-11,R22,50,0,19:50,D03,Northeast,2026-06-25T06:46:29.225Z,2026-06-25T06:46:49.688Z
C002036,P006,Cedar Park,2025-04-16,R11,103,3,18:47,D10,West,2026-06-25T06:46:29.225Z,2026-06-25T06:46:49.688Z
C002043,P005,Lakeview Terrace,2025-04-14,R12,115,0,22:57,D08,Southeast,2026-06-25T06:46:29.225Z,2026-06-25T06:46:49.688Z
C002077,P004,Birchwood Commons,2025-01-16,R19,57,0,14:07,D07,Northeast,2026-06-25T06:46:29.225Z,2026-06-25T06:46:49.688Z
C002086,P004,Birchwood Commons,2025-01-14,R22,56,0,17:58,D02,Southeast,2026-06-25T06:46:29.225Z,2026-06-25T06:46:49.688Z
C002087,P002,Maple Court,2025-03-03,R15,107,0,22:05,D09,Northeast,2026-06-25T06:46:29.225Z,2026-06-25T06:46:49.688Z
C002094,P005,Lakeview Terrace,2025-05-10,R14,60,0,15:34,D05,West,2026-06-25T06:46:29.225Z,2026-06-25T06:46:49.688Z
C002113,P003,Green Oaks,2025-03-12,R17,118,0,14:43,D11,Southeast,2026-06-25T06:46:29.225Z,2026-06-25T06:46:49.688Z
C002127,P006,Cedar Park,2025-04-26,R16,49,0,15:16,D02,Northeast,2026-06-25T06:46:29.225Z,2026-06-25T06:46:49.688Z
C002130,P001,Sunset Ridge,2025-02-02,R10,160,0,17:55,D02,Midwest,2026-06-25T06:46:29.225Z,2026-06-25T06:46:49.688Z
C002151,P007,Willow Creek,2025-01-04,R11,126,0,16:49,D07,Northeast,2026-06-25T06:46:29.225Z,2026-06-25T06:46:49.688Z
C002166,P003,Green Oaks,2025-04-29,R20,53,0,15:38,D06,Southeast,2026-06-25T06:46:29.225Z,2026-06-25T06:46:49.688Z
C002170,P007,Willow Creek,2025-01-13,R14,105,0,14:52,D04,West,2026-06-25T06:46:29.225Z,2026-06-25T06:46:49.688Z
C002201,P006,Cedar Park,2025-06-27,R11,68,0,22:06,D18,West,2026-06-25T06:46:29.225Z,2026-06-25T06:46:49.688Z
C002205,P008,Harbor Pointe,2025-01-29,R12,46,2,17:33,D11,Midwest,2026-06-25T06:46:29.225Z,2026-06-25T06:46:49.688Z
C002214,P006,Cedar Park,2025-04-17,R23,138,0,22:26,D15,West,2026-06-25T06:46:29.225Z,2026-06-25T06:46:49.688Z
C002230,P001,Sunset Ridge,2025-02-04,R15,58,0,15:32,D15,West,2026-06-25T06:46:29.225Z,2026-06-25T06:46:49.688Z
C002246,P007,Willow Creek,2025-02-17,R24,47,0,14:12,D01,Northeast,2026-06-25T06:46:29.225Z,2026-06-25T06:46:49.688Z
C002266,P003,Green Oaks,2025-04-16,R23,76,0,22:41,D04,Northeast,2026-06-25T06:46:29.225Z,2026-06-25T06:46:49.688Z
C002276,P004,Birchwood Commons,2025-03-05,R15,50,0,14:52,D10,Northeast,2026-06-25T06:46:29.225Z,2026-06-25T06:46:49.688Z
C002294,P008,Harbor Pointe,2025-02-24,R23,155,0,22:54,D06,Southeast,2026-06-25T06:46:29.225Z,2026-06-25T06:46:49.688Z
C002315,P004,Birchwood Commons,2025-01-23,R23,54,0,17:22,D20,Midwest,2026-06-25T06:46:29.225Z,2026-06-25T06:46:49.688Z
C002332,P007,Willow Creek,2025-02-15,R16,127,0,18:50,D18,West,2026-06-25T06:46:29.225Z,2026-06-25T06:46:49.688Z
C002334,P006,Cedar Park,2025-03-21,R17,136,0,21:21,D18,Southeast,2026-06-25T06:46:29.225Z,2026-06-25T06:46:49.688Z
C002336,P006,Cedar Park,2025-04-19,R14,142,0,20:56,D13,Midwest,2026-06-25T06:46:29.225Z,2026-06-25T06:46:49.688Z
C002344,P007,Willow Creek,2025-04-25,R22,73,0,16:40,D14,Southeast,2026-06-25T06:46:29.225Z,2026-06-25T06:46:49.688Z
C002345,P003,Green Oaks,2025-02-07,R10,66,1,22:16,D08,West,2026-06-25T06:46:29.225Z,2026-06-25T06:46:49.688Z
C002361,P002,Maple Court,2025-03-03,R12,108,0,21:32,D17,Northeast,2026-06-25T06:46:29.225Z,2026-06-25T06:46:49.688Z
C002364,P003,Green Oaks,2025-03-12,R14,88,1,17:02,D03,West,2026-06-25T06:46:29.225Z,2026-06-25T06:46:49.688Z
C002366,P004,Birchwood Commons,2025-02-11,R19,141,0,15:09,D04,West,2026-06-25T06:46:29.225Z,2026-06-25T06:46:49.688Z
C002368,P004,Birchwood Commons,2025-05-28,R12,58,0,15:02,D04,Southeast,2026-06-25T06:46:29.225Z,2026-06-25T06:46:49.688Z
C002370,P001,Sunset Ridge,2025-04-08,R18,147,0,22:58,D16,West,2026-06-25T06:46:29.225Z,2026-06-25T06:46:49.688Z
C002376,P005,Lakeview Terrace,2025-04-05,R15,135,1,20:28,D03,Northeast,2026-06-25T06:46:29.225Z,2026-06-25T06:46:49.688Z
C002377,P001,Sunset Ridge,2025-01-06,R16,95,2,20:27,D09,Southeast,2026-06-25T06:46:29.225Z,2026-06-25T06:46:49.688Z
C002412,P004,Birchwood Commons,2025-03-06,R18,78,2,16:20,D08,West,2026-06-25T06:46:29.225Z,2026-06-25T06:46:49.688Z
C002415,P002,Maple Court,2025-06-08,R15,90,0,16:13,D19,Midwest,2026-06-25T06:46:29.225Z,2026-06-25T06:46:49.688Z
C002419,P005,Lakeview Terrace,2025-02-06,R21,160,0,21:43,D13,Southeast,2026-06-25T06:46:29.225Z,2026-06-25T06:46:49.688Z
C002421,P005,Lakeview Terrace,2025-03-01,R21,160,0,15:43,D06,Southeast,2026-06-25T06:46:29.225Z,2026-06-25T06:46:49.688Z
C002422,P003,Green Oaks,2025-01-22,R17,155,0,19:50,D19,Northeast,2026-06-25T06:46:29.225Z,2026-06-25T06:46:49.688Z
C002456,P003,Green Oaks,2025-06-07,R20,158,0,17:08,D05,Southeast,2026-06-25T06:46:29.225Z,2026-06-25T06:46:49.688Z
C002462,P007,Willow Creek,2025-03-27,R14,90,2,17:00,D02,Northeast,2026-06-25T06:46:29.225Z,2026-06-25T06:46:49.688Z
C002469,P001,Sunset Ridge,2025-04-11,R16,69,0,20:59,D05,Southeast,2026-06-25T06:46:29.225Z,2026-06-25T06:46:49.688Z
C002471,P001,Sunset Ridge,2025-03-07,R17,95,0,20:12,D10,Midwest,2026-06-25T06:46:29.225Z,2026-06-25T06:46:49.688Z
C002480,P006,Cedar Park,2025-01-21,R23,125,1,22:31,D13,Southeast,2026-06-25T06:46:29.225Z,2026-06-25T06:46:49.688Z
C002513,P003,Green Oaks,2025-05-23,R21,51,0,21:42,D14,Northeast,2026-06-25T06:46:29.225Z,2026-06-25T06:46:49.688Z
C002526,P002,Maple Court,2025-01-05,R19,132,0,20:37,D07,Northeast,2026-06-25T06:46:29.225Z,2026-06-25T06:46:49.688Z
C002539,P008,Harbor Pointe,2025-04-13,R19,97,0,18:56,D03,West,2026-06-25T06:46:29.225Z,2026-06-25T06:46:49.688Z
C002567,P003,Green Oaks,2025-05-30,R24,143,3,15:41,D16,West,2026-06-25T06:46:29.225Z,2026-06-25T06:46:49.688Z
C002614,P003,Green Oaks,2025-04-22,R11,64,1,16:01,D10,Southeast,2026-06-25T06:46:29.225Z,2026-06-25T06:46:49.688Z
C002619,P001,Sunset Ridge,2025-06-30,R15,159,0,17:47,D06,Northeast,2026-06-25T06:46:29.225Z,2026-06-25T06:46:49.688Z
C002651,P001,Sunset Ridge,2025-01-13,R20,84,0,20:48,D13,Southeast,2026-06-25T06:46:29.225Z,2026-06-25T06:46:49.688Z
C002667,P005,Lakeview Terrace,2025-05-07,R18,122,0,22:46,D08,Northeast,2026-06-25T06:46:29.225Z,2026-06-25T06:46:49.688Z
C002673,P005,Lakeview Terrace,2025-04-23,R11,146,2,21:07,D12,Northeast,2026-06-25T06:46:29.225Z,2026-06-25T06:46:49.688Z
C002688,P005,Lakeview Terrace,2025-06-16,R21,160,0,22:49,D17,Northeast,2026-06-25T06:46:29.225Z,2026-06-25T06:46:49.688Z
C002690,P006,Cedar Park,2025-05-06,R22,106,0,16:33,D04,Southeast,2026-06-25T06:46:29.225Z,2026-06-25T06:46:49.688Z
C002698,P007,Willow Creek,2025-04-05,R24,94,0,17:14,D12,Southeast,2026-06-25T06:46:29.225Z,2026-06-25T06:46:49.688Z
C002722,P005,Lakeview Terrace,2025-05-06,R24,65,0,14:41,D14,Southeast,2026-06-25T06:46:29.225Z,2026-06-25T06:46:49.688Z
C002742,P001,Sunset Ridge,2025-02-18,R20,97,1,16:10,D03,Southeast,2026-06-25T06:46:29.225Z,2026-06-25T06:46:49.688Z
C002747,P003,Green Oaks,2025-03-17,R12,86,2,16:05,D13,Southeast,2026-06-25T06:46:29.225Z,2026-06-25T06:46:49.688Z
C002750,P004,Birchwood Commons,2025-04-07,R20,63,0,20:41,D12,Northeast,2026-06-25T06:46:29.225Z,2026-06-25T06:46:49.688Z
C002755,P007,Willow Creek,2025-03-07,R22,152,0,22:43,D14,Midwest,2026-06-25T06:46:29.225Z,2026-06-25T06:46:49.688Z
C002758,P005,Lakeview Terrace,2025-05-27,R19,148,0,16:05,D14,Northeast,2026-06-25T06:46:29.225Z,2026-06-25T06:46:49.688Z
C002789,P003,Green Oaks,2025-03-20,R17,93,0,17:54,D10,West,2026-06-25T06:46:29.225Z,2026-06-25T06:46:49.688Z
C002791,P003,Green Oaks,2025-03-21,R14,70,0,19:35,D14,Southeast,2026-06-25T06:46:29.225Z,2026-06-25T06:46:49.688Z
C002845,P008,Harbor Pointe,2025-05-09,R20,63,1,20:03,D06,Midwest,2026-06-25T06:46:29.225Z,2026-06-25T06:46:49.688Z
C002852,P006,Cedar Park,2025-02-15,R22,87,0,17:16,D01,Northeast,2026-06-25T06:46:29.225Z,2026-06-25T06:46:49.688Z
C002861,P007,Willow Creek,2025-01-30,R19,110,0,17:02,D12,Midwest,2026-06-25T06:46:29.225Z,2026-06-25T06:46:49.688Z
C002886,P001,Sunset Ridge,2025-02-11,R17,139,2,19:48,D20,West,2026-06-25T06:46:29.225Z,2026-06-25T06:46:49.688Z
C002894,P005,Lakeview Terrace,2025-06-18,R15,151,1,16:17,D02,Midwest,2026-06-25T06:46:29.225Z,2026-06-25T06:46:49.688Z
C002936,P007,Willow Creek,2025-05-17,R10,79,0,21:54,D14,Southeast,2026-06-25T06:46:29.225Z,2026-06-25T06:46:49.688Z
C002940,P002,Maple Court,2025-05-22,R15,124,2,18:56,D03,Northeast,2026-06-25T06:46:29.225Z,2026-06-25T06:46:49.688Z
C002944,P008,Harbor Pointe,2025-02-28,R14,157,1,20:37,D17,Midwest,2026-06-25T06:46:29.225Z,2026-06-25T06:46:49.688Z
C002952,P007,Willow Creek,2025-06-29,R20,132,1,21:01,D14,West,2026-06-25T06:46:29.225Z,2026-06-25T06:46:49.688Z
C002955,P003,Green Oaks,2025-06-22,R17,55,3,22:09,D14,Northeast,2026-06-25T06:46:29.225Z,2026-06-25T06:46:49.688Z
C002960,P008,Harbor Pointe,2025-06-07,R13,40,0,19:16,D20,Midwest,2026-06-25T06:46:29.225Z,2026-06-25T06:46:49.688Z
C002982,P005,Lakeview Terrace,2025-04-13,R23,152,1,22:34,D05,Southeast,2026-06-25T06:46:29.225Z,2026-06-25T06:46:49.688Z
C002001,P004,Birchwood Commons,2025-06-20,R17,59,0,16:02,D03,Southeast,2026-06-25T06:46:29.225Z,2026-06-25T06:46:49.688Z
C002002,P003,Green Oaks,2025-05-31,R11,97,2,16:09,D03,Northeast,2026-06-25T06:46:29.225Z,2026-06-25T06:46:49.688Z
C002010,P008,Harbor Pointe,2025-03-28,R22,145,0,22:12,D07,Midwest,2026-06-25T06:46:29.225Z,2026-06-25T06:46:49.688Z
C002051,P002,Maple Court,2025-02-25,R19,40,0,17:45,D04,Southeast,2026-06-25T06:46:29.225Z,2026-06-25T06:46:49.688Z
C002063,P001,Sunset Ridge,2025-06-10,R12,42,0,19:49,D18,West,2026-06-25T06:46:29.225Z,2026-06-25T06:46:49.688Z
C002076,P004,Birchwood Commons,2025-01-12,R23,66,1,17:08,D10,West,2026-06-25T06:46:29.225Z,2026-06-25T06:46:49.688Z
C002095,P002,Maple Court,2025-03-15,R12,62,0,18:32,D20,Southeast,2026-06-25T06:46:29.225Z,2026-06-25T06:46:49.688Z
C002164,P004,Birchwood Commons,2025-01-18,R13,98,3,17:05,D05,Northeast,2026-06-25T06:46:29.225Z,2026-06-25T06:46:49.688Z
C002174,P005,Lakeview Terrace,2025-01-27,R18,159,0,20:10,D19,Northeast,2026-06-25T06:46:29.225Z,2026-06-25T06:46:49.688Z
C002177,P008,Harbor Pointe,2025-02-28,R21,42,0,21:50,D19,West,2026-06-25T06:46:29.225Z,2026-06-25T06:46:49.688Z
C002188,P002,Maple Court,2025-06-27,R15,158,0,16:15,D18,West,2026-06-25T06:46:29.225Z,2026-06-25T06:46:49.688Z
C002215,P003,Green Oaks,2025-03-13,R12,103,0,19:32,D11,Northeast,2026-06-25T06:46:29.225Z,2026-06-25T06:46:49.688Z
C002228,P002,Maple Court,2025-05-01,R20,98,0,16:50,D06,Northeast,2026-06-25T06:46:29.225Z,2026-06-25T06:46:49.688Z
C002256,P003,Green Oaks,2025-02-23,R17,123,0,18:49,D17,Southeast,2026-06-25T06:46:29.225Z,2026-06-25T06:46:49.688Z
C002280,P004,Birchwood Commons,2025-05-24,R20,142,0,17:38,D13,Midwest,2026-06-25T06:46:29.225Z,2026-06-25T06:46:49.688Z
C002317,P004,Birchwood Commons,2025-03-29,R10,157,0,18:20,D18,Southeast,2026-06-25T06:46:29.225Z,2026-06-25T06:46:49.688Z
C002349,P007,Willow Creek,2025-01-09,R14,79,0,19:18,D15,Northeast,2026-06-25T06:46:29.225Z,2026-06-25T06:46:49.688Z
C002373,P001,Sunset Ridge,2025-06-14,R22,101,2,18:26,D18,Midwest,2026-06-25T06:46:29.225Z,2026-06-25T06:46:49.688Z
C002389,P003,Green Oaks,2025-03-17,R22,49,0,15:34,D18,Midwest,2026-06-25T06:46:29.225Z,2026-06-25T06:46:49.688Z
C002431,P004,Birchwood Commons,2025-05-20,R24,87,0,19:09,D02,Northeast,2026-06-25T06:46:29.225Z,2026-06-25T06:46:49.688Z
C002452,P002,Maple Court,2025-02-12,R16,111,1,22:02,D02,Northeast,2026-06-25T06:46:29.225Z,2026-06-25T06:46:49.688Z
C002458,P006,Cedar Park,2025-01-17,R19,117,0,17:44,D01,Midwest,2026-06-25T06:46:29.225Z,2026-06-25T06:46:49.688Z
C002470,P007,Willow Creek,2025-05-27,R15,86,0,14:19,D19,Northeast,2026-06-25T06:46:29.225Z,2026-06-25T06:46:49.688Z
C002474,P007,Willow Creek,2025-03-07,R20,57,0,19:41,D18,Northeast,2026-06-25T06:46:29.225Z,2026-06-25T06:46:49.688Z
C002485,P005,Lakeview Terrace,2025-01-21,R15,42,0,22:44,D01,Northeast,2026-06-25T06:46:29.225Z,2026-06-25T06:46:49.688Z
C002502,P008,Harbor Pointe,2025-03-21,R20,148,0,17:07,D14,Southeast,2026-06-25T06:46:29.225Z,2026-06-25T06:46:49.688Z
C002530,P007,Willow Creek,2025-04-21,R17,108,2,21:25,D02,West,2026-06-25T06:46:29.225Z,2026-06-25T06:46:49.688Z
C002537,P008,Harbor Pointe,2025-03-14,R22,157,0,18:30,D01,Southeast,2026-06-25T06:46:29.225Z,2026-06-25T06:46:49.688Z
C002538,P008,Harbor Pointe,2025-01-01,R16,79,0,18:34,D14,West,2026-06-25T06:46:29.225Z,2026-06-25T06:46:49.688Z
C002571,P003,Green Oaks,2025-02-21,R19,141,0,17:00,D05,Southeast,2026-06-25T06:46:29.225Z,2026-06-25T06:46:49.688Z
C002579,P001,Sunset Ridge,2025-01-14,R17,144,2,20:58,D09,West,2026-06-25T06:46:29.225Z,2026-06-25T06:46:49.688Z
C002588,P008,Harbor Pointe,2025-01-13,R14,128,2,14:51,D08,Midwest,2026-06-25T06:46:29.225Z,2026-06-25T06:46:49.688Z
C002617,P002,Maple Court,2025-05-28,R20,60,0,22:44,D07,Southeast,2026-06-25T06:46:29.225Z,2026-06-25T06:46:49.688Z
C002624,P004,Birchwood Commons,2025-02-15,R24,151,1,22:39,D13,Midwest,2026-06-25T06:46:29.225Z,2026-06-25T06:46:49.688Z
C002625,P007,Willow Creek,2025-02-24,R24,135,1,15:32,D11,Southeast,2026-06-25T06:46:29.225Z,2026-06-25T06:46:49.688Z
C002643,P002,Maple Court,2025-04-13,R16,77,1,22:01,D09,Northeast,2026-06-25T06:46:29.225Z,2026-06-25T06:46:49.688Z
C002654,P001,Sunset Ridge,2025-04-21,R18,137,0,21:58,D01,Southeast,2026-06-25T06:46:29.225Z,2026-06-25T06:46:49.688Z
C002670,P006,Cedar Park,2025-05-09,R19,50,0,21:04,D02,Northeast,2026-06-25T06:46:29.225Z,2026-06-25T06:46:49.688Z
C002696,P008,Harbor Pointe,2025-01-21,R23,108,0,15:17,D11,Southeast,2026-06-25T06:46:29.225Z,2026-06-25T06:46:49.688Z
C002704,P001,Sunset Ridge,2025-01-11,R24,57,0,18:13,D15,Midwest,2026-06-25T06:46:29.225Z,2026-06-25T06:46:49.688Z
C002705,P006,Cedar Park,2025-04-13,R24,129,0,22:31,D07,West,2026-06-25T06:46:29.225Z,2026-06-25T06:46:49.688Z
C002743,P007,Willow Creek,2025-02-22,R19,45,0,22:30,D03,West,2026-06-25T06:46:29.225Z,2026-06-25T06:46:49.688Z
C002790,P002,Maple Court,2025-01-07,R15,70,0,14:23,D16,Midwest,2026-06-25T06:46:29.225Z,2026-06-25T06:46:49.688Z
C002806,P003,Green Oaks,2025-01-12,R23,152,0,19:19,D07,Northeast,2026-06-25T06:46:29.225Z,2026-06-25T06:46:49.688Z
C002821,P001,Sunset Ridge,2025-02-16,R20,132,1,22:23,D12,West,2026-06-25T06:46:29.225Z,2026-06-25T06:46:49.688Z
C002827,P005,Lakeview Terrace,2025-01-30,R23,58,1,20:04,D01,West,2026-06-25T06:46:29.225Z,2026-06-25T06:46:49.688Z
C002848,P007,Willow Creek,2025-01-03,R20,66,0,16:30,D03,Midwest,2026-06-25T06:46:29.225Z,2026-06-25T06:46:49.688Z
C002857,P008,Harbor Pointe,2025-02-07,R13,150,1,20:47,D05,West,2026-06-25T06:46:29.225Z,2026-06-25T06:46:49.688Z
C002868,P008,Harbor Pointe,2025-02-10,R16,70,0,22:00,D18,Midwest,2026-06-25T06:46:29.225Z,2026-06-25T06:46:49.688Z
C002879,P001,Sunset Ridge,2025-03-13,R19,68,0,16:57,D06,Northeast,2026-06-25T06:46:29.225Z,2026-06-25T06:46:49.688Z
C002882,P001,Sunset Ridge,2025-03-28,R13,149,0,20:37,D17,Northeast,2026-06-25T06:46:29.225Z,2026-06-25T06:46:49.688Z
C002905,P008,Harbor Pointe,2025-03-24,R12,91,0,16:01,D17,Northeast,2026-06-25T06:46:29.225Z,2026-06-25T06:46:49.688Z
C002909,P004,Birchwood Commons,2025-02-14,R19,137,0,18:56,D06,Southeast,2026-06-25T06:46:29.225Z,2026-06-25T06:46:49.688Z
C002917,P003,Green Oaks,2025-04-18,R17,102,3,14:20,D13,Northeast,2026-06-25T06:46:29.225Z,2026-06-25T06:46:49.688Z
C002937,P005,Lakeview Terrace,2025-03-17,R14,67,0,21:03,D13,West,2026-06-25T06:46:29.225Z,2026-06-25T06:46:49.688Z
C002950,P006,Cedar Park,2025-04-13,R22,121,0,19:54,D01,Northeast,2026-06-25T06:46:29.225Z,2026-06-25T06:46:49.688Z
C002958,P004,Birchwood Commons,2025-06-28,R24,51,0,17:20,D10,Southeast,2026-06-25T06:46:29.225Z,2026-06-25T06:46:49.688Z
C002970,P008,Harbor Pointe,2025-05-25,R20,75,0,15:04,D14,Southeast,2026-06-25T06:46:29.225Z,2026-06-25T06:46:49.688Z
C002007,P003,Green Oaks,2025-01-02,R14,93,2,15:31,D11,Midwest,2026-06-25T06:46:29.225Z,2026-06-25T06:46:49.688Z
C002020,P002,Maple Court,2025-01-04,R15,122,0,17:30,D01,Southeast,2026-06-25T06:46:29.225Z,2026-06-25T06:46:49.688Z
C002031,P006,Cedar Park,2025-04-26,R10,125,0,19:41,D11,West,2026-06-25T06:46:29.225Z,2026-06-25T06:46:49.688Z
C002037,P005,Lakeview Terrace,2025-01-06,R15,63,0,15:55,D05,Southeast,2026-06-25T06:46:29.225Z,2026-06-25T06:46:49.688Z
C002061,P005,Lakeview Terrace,2025-03-11,R21,91,2,14:04,D19,Southeast,2026-06-25T06:46:29.225Z,2026-06-25T06:46:49.688Z
C002089,P002,Maple Court,2025-02-26,R18,58,0,21:04,D14,Southeast,2026-06-25T06:46:29.225Z,2026-06-25T06:46:49.688Z
C002096,P001,Sunset Ridge,2025-03-22,R18,95,0,21:01,D02,Southeast,2026-06-25T06:46:29.225Z,2026-06-25T06:46:49.688Z
C002101,P007,Willow Creek,2025-04-15,R19,149,0,22:29,D20,Northeast,2026-06-25T06:46:29.225Z,2026-06-25T06:46:49.688Z
C002102,P003,Green Oaks,2025-01-05,R12,48,1,14:17,D02,Southeast,2026-06-25T06:46:29.225Z,2026-06-25T06:46:49.688Z
C002121,P003,Green Oaks,2025-04-17,R23,116,0,22:59,D01,Midwest,2026-06-25T06:46:29.225Z,2026-06-25T06:46:49.688Z
C002128,P007,Willow Creek,2025-02-03,R21,45,0,19:40,D01,Northeast,2026-06-25T06:46:29.225Z,2026-06-25T06:46:49.688Z
C002131,P002,Maple Court,2025-04-03,R23,151,0,14:24,D05,West,2026-06-25T06:46:29.225Z,2026-06-25T06:46:49.688Z
C002145,P008,Harbor Pointe,2025-04-12,R22,93,0,14:41,D15,Midwest,2026-06-25T06:46:29.225Z,2026-06-25T06:46:49.688Z
C002150,P007,Willow Creek,2025-06-19,R19,88,0,19:26,D03,Midwest,2026-06-25T06:46:29.225Z,2026-06-25T06:46:49.688Z
C002152,P002,Maple Court,2025-05-27,R14,147,0,17:49,D09,West,2026-06-25T06:46:29.225Z,2026-06-25T06:46:49.688Z
C002176,P003,Green Oaks,2025-01-30,R18,127,1,19:26,D01,Northeast,2026-06-25T06:46:29.225Z,2026-06-25T06:46:49.688Z
C002226,P007,Willow Creek,2025-06-09,R21,41,0,15:33,D08,West,2026-06-25T06:46:29.225Z,2026-06-25T06:46:49.688Z
C002243,P002,Maple Court,2025-02-03,R12,141,0,19:25,D02,Midwest,2026-06-25T06:46:29.225Z,2026-06-25T06:46:49.688Z
C002245,P008,Harbor Pointe,2025-05-13,R15,127,0,17:44,D12,Northeast,2026-06-25T06:46:29.225Z,2026-06-25T06:46:49.688Z
C002258,P006,Cedar Park,2025-06-10,R23,41,0,19:08,D05,Northeast,2026-06-25T06:46:29.225Z,2026-06-25T06:46:49.688Z
C002263,P003,Green Oaks,2025-01-20,R10,58,2,21:59,D02,West,2026-06-25T06:46:29.225Z,2026-06-25T06:46:49.688Z
C002267,P003,Green Oaks,2025-03-23,R23,152,0,14:14,D10,Southeast,2026-06-25T06:46:29.225Z,2026-06-25T06:46:49.688Z
C002324,P007,Willow Creek,2025-03-25,R20,88,0,18:34,D14,Midwest,2026-06-25T06:46:29.225Z,2026-06-25T06:46:49.688Z
C002359,P001,Sunset Ridge,2025-03-08,R23,108,0,17:52,D18,Northeast,2026-06-25T06:46:29.225Z,2026-06-25T06:46:49.688Z
C002374,P007,Willow Creek,2025-02-19,R23,115,0,19:53,D04,Southeast,2026-06-25T06:46:29.225Z,2026-06-25T06:46:49.688Z
C002379,P004,Birchwood Commons,2025-06-30,R14,40,1,21:34,D11,Southeast,2026-06-25T06:46:29.225Z,2026-06-25T06:46:49.688Z
C002384,P007,Willow Creek,2025-04-04,R12,86,0,21:54,D03,West,2026-06-25T06:46:29.225Z,2026-06-25T06:46:49.688Z
C002392,P003,Green Oaks,2025-04-04,R11,145,0,22:22,D10,Northeast,2026-06-25T06:46:29.225Z,2026-06-25T06:46:49.688Z
C002399,P006,Cedar Park,2025-05-19,R10,101,2,15:03,D12,Southeast,2026-06-25T06:46:29.225Z,2026-06-25T06:46:49.688Z
C002426,P003,Green Oaks,2025-04-24,R17,116,1,22:03,D12,Northeast,2026-06-25T06:46:29.225Z,2026-06-25T06:46:49.688Z
C002427,P004,Birchwood Commons,2025-06-14,R20,136,0,15:03,D01,West,2026-06-25T06:46:29.225Z,2026-06-25T06:46:49.688Z
C002507,P008,Harbor Pointe,2025-02-13,R13,129,0,17:57,D17,Midwest,2026-06-25T06:46:29.225Z,2026-06-25T06:46:49.688Z
C002519,P008,Harbor Pointe,2025-06-12,R23,142,1,17:04,D04,Southeast,2026-06-25T06:46:29.225Z,2026-06-25T06:46:49.688Z
C002560,P002,Maple Court,2025-05-23,R24,113,2,17:04,D09,Northeast,2026-06-25T06:46:29.225Z,2026-06-25T06:46:49.688Z
C002573,P008,Harbor Pointe,2025-02-20,R17,48,0,15:42,D14,West,2026-06-25T06:46:29.225Z,2026-06-25T06:46:49.688Z
C002587,P007,Willow Creek,2025-06-28,R22,157,0,14:42,D03,West,2026-06-25T06:46:29.225Z,2026-06-25T06:46:49.688Z
C002591,P003,Green Oaks,2025-02-26,R12,42,0,19:54,D10,Midwest,2026-06-25T06:46:29.225Z,2026-06-25T06:46:49.688Z
C002597,P003,Green Oaks,2025-03-07,R16,94,0,17:10,D20,Northeast,2026-06-25T06:46:29.225Z,2026-06-25T06:46:49.688Z
C002601,P002,Maple Court,2025-06-01,R15,158,0,20:13,D02,Midwest,2026-06-25T06:46:29.225Z,2026-06-25T06:46:49.688Z
C002638,P001,Sunset Ridge,2025-02-04,R17,74,0,21:09,D20,West,2026-06-25T06:46:29.225Z,2026-06-25T06:46:49.688Z
C002650,P004,Birchwood Commons,2025-04-17,R10,59,3,21:50,D12,Southeast,2026-06-25T06:46:29.225Z,2026-06-25T06:46:49.688Z
C002659,P003,Green Oaks,2025-04-07,R11,81,0,19:39,D20,West,2026-06-25T06:46:29.225Z,2026-06-25T06:46:49.688Z
C002662,P007,Willow Creek,2025-05-08,R14,109,0,18:43,D11,Northeast,2026-06-25T06:46:29.225Z,2026-06-25T06:46:49.688Z
C002668,P006,Cedar Park,2025-05-23,R18,81,0,16:11,D19,Northeast,2026-06-25T06:46:29.225Z,2026-06-25T06:46:49.688Z
C002723,P005,Lakeview Terrace,2025-01-28,R22,132,1,14:12,D10,Midwest,2026-06-25T06:46:29.225Z,2026-06-25T06:46:49.688Z
C002741,P001,Sunset Ridge,2025-05-25,R22,99,3,17:39,D15,Southeast,2026-06-25T06:46:29.225Z,2026-06-25T06:46:49.688Z
C002753,P003,Green Oaks,2025-01-29,R11,53,0,15:20,D18,Southeast,2026-06-25T06:46:29.225Z,2026-06-25T06:46:49.688Z
C002765,P001,Sunset Ridge,2025-03-03,R10,106,0,22:36,D19,Southeast,2026-06-25T06:46:29.225Z,2026-06-25T06:46:49.688Z
C002780,P006,Cedar Park,2025-02-28,R20,64,1,20:19,D06,Midwest,2026-06-25T06:46:29.225Z,2026-06-25T06:46:49.688Z
C002793,P003,Green Oaks,2025-04-28,R16,97,0,14:32,D13,West,2026-06-25T06:46:29.225Z,2026-06-25T06:46:49.688Z
C002796,P008,Harbor Pointe,2025-06-09,R23,50,0,16:37,D02,Midwest,2026-06-25T06:46:29.225Z,2026-06-25T06:46:49.688Z
C002799,P007,Willow Creek,2025-01-14,R24,134,0,20:35,D05,Southeast,2026-06-25T06:46:29.225Z,2026-06-25T06:46:49.688Z
C002822,P003,Green Oaks,2025-05-09,R20,72,0,18:12,D05,Midwest,2026-06-25T06:46:29.225Z,2026-06-25T06:46:49.688Z
C002828,P006,Cedar Park,2025-01-03,R10,160,0,22:49,D09,Midwest,2026-06-25T06:46:29.225Z,2026-06-25T06:46:49.688Z
C002849,P007,Willow Creek,2025-03-28,R17,93,0,16:22,D20,Midwest,2026-06-25T06:46:29.225Z,2026-06-25T06:46:49.688Z
C002854,P007,Willow Creek,2025-06-02,R14,139,2,14:20,D07,Northeast,2026-06-25T06:46:29.225Z,2026-06-25T06:46:49.688Z
C002858,P003,Green Oaks,2025-02-22,R12,160,0,16:30,D04,Southeast,2026-06-25T06:46:29.225Z,2026-06-25T06:46:49.688Z
C002875,P001,Sunset Ridge,2025-01-06,R18,149,0,22:27,D10,Southeast,2026-06-25T06:46:29.225Z,2026-06-25T06:46:49.688Z
C002895,P002,Maple Court,2025-02-12,R15,128,1,17:55,D11,Northeast,2026-06-25T06:46:29.225Z,2026-06-25T06:46:49.688Z
C002902,P007,Willow Creek,2025-05-31,R15,52,0,19:55,D20,Southeast,2026-06-25T06:46:29.225Z,2026-06-25T06:46:49.688Z
C002921,P004,Birchwood Commons,2025-06-22,R22,92,0,15:00,D20,Northeast,2026-06-25T06:46:29.225Z,2026-06-25T06:46:49.688Z
C002965,P006,Cedar Park,2025-06-17,R10,65,0,21:49,D02,Southeast,2026-06-25T06:46:29.225Z,2026-06-25T06:46:49.688Z
C002973,P008,Harbor Pointe,2025-03-03,R10,121,0,16:59,D14,Midwest,2026-06-25T06:46:29.225Z,2026-06-25T06:46:49.688Z
C002987,P007,Willow Creek,2025-02-17,R19,119,0,16:00,D13,West,2026-06-25T06:46:29.225Z,2026-06-25T06:46:49.688Z
C002996,P005,Lakeview Terrace,2025-05-25,R11,42,0,17:33,D19,West,2026-06-25T06:46:29.225Z,2026-06-25T06:46:49.688Z
C002998,P003,Green Oaks,2025-03-18,R14,156,0,14:21,D20,Midwest,2026-06-25T06:46:29.225Z,2026-06-25T06:46:49.688Z
C002016,P004,Birchwood Commons,2025-05-16,R23,97,0,17:25,D01,West,2026-06-25T06:46:29.225Z,2026-06-25T06:46:49.688Z
C002022,P004,Birchwood Commons,2025-02-11,R21,60,2,19:06,D10,Northeast,2026-06-25T06:46:29.225Z,2026-06-25T06:46:49.688Z
C002030,P007,Willow Creek,2025-05-23,R15,122,1,19:12,D02,Southeast,2026-06-25T06:46:29.225Z,2026-06-25T06:46:49.688Z
C002052,P004,Birchwood Commons,2025-04-16,R17,58,0,16:46,D04,Northeast,2026-06-25T06:46:29.225Z,2026-06-25T06:46:49.688Z
C002056,P007,Willow Creek,2025-05-15,R11,152,0,18:09,D10,Northeast,2026-06-25T06:46:29.225Z,2026-06-25T06:46:49.688Z
C002060,P003,Green Oaks,2025-04-09,R11,74,0,19:33,D09,Southeast,2026-06-25T06:46:29.225Z,2026-06-25T06:46:49.688Z
C002062,P005,Lakeview Terrace,2025-03-03,R22,71,2,22:54,D20,Midwest,2026-06-25T06:46:29.225Z,2026-06-25T06:46:49.688Z
C002066,P004,Birchwood Commons,2025-01-25,R24,71,0,19:02,D11,Northeast,2026-06-25T06:46:29.225Z,2026-06-25T06:46:49.688Z
C002069,P002,Maple Court,2025-05-17,R11,127,3,22:28,D05,Midwest,2026-06-25T06:46:29.225Z,2026-06-25T06:46:49.688Z
C002088,P003,Green Oaks,2025-03-27,R10,94,0,21:54,D07,Midwest,2026-06-25T06:46:29.225Z,2026-06-25T06:46:49.688Z
C002099,P006,Cedar Park,2025-05-11,R15,124,0,14:23,D10,Midwest,2026-06-25T06:46:29.225Z,2026-06-25T06:46:49.688Z
C002120,P004,Birchwood Commons,2025-01-03,R23,43,2,14:37,D04,Northeast,2026-06-25T06:46:29.225Z,2026-06-25T06:46:49.688Z
C002124,P002,Maple Court,2025-03-21,R23,107,0,18:06,D18,Northeast,2026-06-25T06:46:29.225Z,2026-06-25T06:46:49.688Z
C002132,P004,Birchwood Commons,2025-01-19,R11,62,0,17:16,D11,Northeast,2026-06-25T06:46:29.225Z,2026-06-25T06:46:49.688Z
C002142,P002,Maple Court,2025-02-07,R14,42,0,22:56,D10,Midwest,2026-06-25T06:46:29.225Z,2026-06-25T06:46:49.688Z
C002144,P001,Sunset Ridge,2025-04-14,R16,119,0,14:35,D16,Midwest,2026-06-25T06:46:29.225Z,2026-06-25T06:46:49.688Z
C002183,P007,Willow Creek,2025-05-27,R17,136,0,14:35,D19,Northeast,2026-06-25T06:46:29.225Z,2026-06-25T06:46:49.688Z
C002185,P004,Birchwood Commons,2025-03-26,R20,147,1,22:27,D20,Northeast,2026-06-25T06:46:29.225Z,2026-06-25T06:46:49.688Z
C002190,P002,Maple Court,2025-03-12,R19,48,0,21:31,D20,West,2026-06-25T06:46:29.225Z,2026-06-25T06:46:49.688Z
C002224,P002,Maple Court,2025-04-05,R18,67,0,16:45,D18,Southeast,2026-06-25T06:46:29.225Z,2026-06-25T06:46:49.688Z
C002231,P002,Maple Court,2025-06-18,R16,46,0,22:55,D06,West,2026-06-25T06:46:29.225Z,2026-06-25T06:46:49.688Z
C002238,P007,Willow Creek,2025-02-26,R14,71,0,14:36,D11,Northeast,2026-06-25T06:46:29.225Z,2026-06-25T06:46:49.688Z
C002240,P003,Green Oaks,2025-01-01,R17,48,0,16:03,D11,Midwest,2026-06-25T06:46:29.225Z,2026-06-25T06:46:49.688Z
C002251,P002,Maple Court,2025-06-25,R19,54,0,16:25,D02,Midwest,2026-06-25T06:46:29.225Z,2026-06-25T06:46:49.688Z
C002270,P003,Green Oaks,2025-04-06,R13,72,0,21:53,D04,Midwest,2026-06-25T06:46:29.225Z,2026-06-25T06:46:49.688Z
C002295,P003,Green Oaks,2025-01-23,R20,125,0,14:40,D09,Southeast,2026-06-25T06:46:29.225Z,2026-06-25T06:46:49.688Z
C002313,P004,Birchwood Commons,2025-05-17,R19,45,0,20:08,D09,West,2026-06-25T06:46:29.225Z,2026-06-25T06:46:49.688Z
C002314,P008,Harbor Pointe,2025-05-03,R19,113,0,15:27,D01,Southeast,2026-06-25T06:46:29.225Z,2026-06-25T06:46:49.688Z
C002333,P001,Sunset Ridge,2025-04-21,R15,141,0,20:16,D06,Southeast,2026-06-25T06:46:29.225Z,2026-06-25T06:46:49.688Z
C002340,P006,Cedar Park,2025-03-21,R19,48,0,20:01,D04,Southeast,2026-06-25T06:46:29.225Z,2026-06-25T06:46:49.688Z
C002365,P003,Green Oaks,2025-03-06,R24,66,0,22:41,D08,West,2026-06-25T06:46:29.225Z,2026-06-25T06:46:49.688Z
C002381,P004,Birchwood Commons,2025-04-05,R16,93,1,22:12,D10,Midwest,2026-06-25T06:46:29.225Z,2026-06-25T06:46:49.688Z
C002383,P002,Maple Court,2025-05-19,R17,107,0,21:50,D20,Southeast,2026-06-25T06:46:29.225Z,2026-06-25T06:46:49.688Z
C002401,P003,Green Oaks,2025-06-18,R16,50,0,14:47,D12,Midwest,2026-06-25T06:46:29.225Z,2026-06-25T06:46:49.688Z
C002402,P003,Green Oaks,2025-04-23,R13,45,0,14:29,D03,West,2026-06-25T06:46:29.225Z,2026-06-25T06:46:49.688Z
C002403,P001,Sunset Ridge,2025-06-01,R10,101,0,18:57,D03,Northeast,2026-06-25T06:46:29.225Z,2026-06-25T06:46:49.688Z
C002432,P001,Sunset Ridge,2025-04-10,R16,102,0,14:41,D01,West,2026-06-25T06:46:29.225Z,2026-06-25T06:46:49.688Z
C002460,P003,Green Oaks,2025-02-26,R21,96,2,21:22,D05,Southeast,2026-06-25T06:46:29.225Z,2026-06-25T06:46:49.688Z
C002481,P005,Lakeview Terrace,2025-04-06,R15,150,3,21:49,D13,Northeast,2026-06-25T06:46:29.225Z,2026-06-25T06:46:49.688Z
C002524,P006,Cedar Park,2025-05-02,R14,112,0,15:51,D06,Southeast,2026-06-25T06:46:29.225Z,2026-06-25T06:46:49.688Z
C002536,P006,Cedar Park,2025-01-31,R23,43,0,19:31,D13,Northeast,2026-06-25T06:46:29.225Z,2026-06-25T06:46:49.688Z
C002541,P006,Cedar Park,2025-01-06,R15,129,0,17:30,D07,Southeast,2026-06-25T06:46:29.225Z,2026-06-25T06:46:49.688Z
C002561,P005,Lakeview Terrace,2025-05-22,R21,81,0,20:24,D08,Southeast,2026-06-25T06:46:29.225Z,2026-06-25T06:46:49.688Z
C002574,P001,Sunset Ridge,2025-04-04,R17,149,2,20:09,D16,Northeast,2026-06-25T06:46:29.225Z,2026-06-25T06:46:49.688Z
C002611,P008,Harbor Pointe,2025-05-26,R17,121,2,22:30,D08,Northeast,2026-06-25T06:46:29.225Z,2026-06-25T06:46:49.688Z
C002616,P008,Harbor Pointe,2025-01-24,R12,145,0,20:37,D20,Northeast,2026-06-25T06:46:29.225Z,2026-06-25T06:46:49.688Z
C002693,P005,Lakeview Terrace,2025-01-04,R24,73,2,19:51,D04,Northeast,2026-06-25T06:46:29.225Z,2026-06-25T06:46:49.688Z
C002702,P006,Cedar Park,2025-03-20,R15,55,0,17:46,D14,Southeast,2026-06-25T06:46:29.225Z,2026-06-25T06:46:49.688Z
C002716,P004,Birchwood Commons,2025-02-04,R10,73,0,16:31,D14,Midwest,2026-06-25T06:46:29.225Z,2026-06-25T06:46:49.688Z
C002730,P008,Harbor Pointe,2025-01-17,R21,115,0,18:06,D19,Midwest,2026-06-25T06:46:29.225Z,2026-06-25T06:46:49.688Z
C002764,P007,Willow Creek,2025-01-05,R13,141,0,18:47,D13,West,2026-06-25T06:46:29.225Z,2026-06-25T06:46:49.688Z
C002771,P002,Maple Court,2025-04-22,R21,146,0,17:28,D03,Southeast,2026-06-25T06:46:29.225Z,2026-06-25T06:46:49.688Z
C002774,P006,Cedar Park,2025-01-18,R22,70,0,18:26,D14,Southeast,2026-06-25T06:46:29.225Z,2026-06-25T06:46:49.688Z
C002842,P006,Cedar Park,2025-05-09,R16,143,0,18:48,D16,Midwest,2026-06-25T06:46:29.225Z,2026-06-25T06:46:49.688Z
C002851,P005,Lakeview Terrace,2025-06-21,R18,157,0,22:25,D19,Midwest,2026-06-25T06:46:29.225Z,2026-06-25T06:46:49.688Z
C002855,P008,Harbor Pointe,2025-04-16,R18,116,0,21:31,D11,Northeast,2026-06-25T06:46:29.225Z,2026-06-25T06:46:49.688Z
C002901,P007,Willow Creek,2025-04-21,R23,113,0,17:13,D08,Midwest,2026-06-25T06:46:29.225Z,2026-06-25T06:46:49.688Z
C002903,P005,Lakeview Terrace,2025-02-12,R16,75,0,14:56,D17,Northeast,2026-06-25T06:46:29.225Z,2026-06-25T06:46:49.688Z
C002920,P002,Maple Court,2025-02-21,R17,145,0,20:42,D05,Midwest,2026-06-25T06:46:29.225Z,2026-06-25T06:46:49.688Z
C002932,P003,Green Oaks,2025-03-13,R13,106,0,20:46,D09,Southeast,2026-06-25T06:46:29.225Z,2026-06-25T06:46:49.688Z
C002934,P005,Lakeview Terrace,2025-05-04,R12,51,1,20:46,D09,Midwest,2026-06-25T06:46:29.225Z,2026-06-25T06:46:49.688Z
C002962,P002,Maple Court,2025-06-27,R17,132,0,22:07,D14,West,2026-06-25T06:46:29.225Z,2026-06-25T06:46:49.688Z
C002964,P001,Sunset Ridge,2025-06-23,R11,88,0,18:56,D19,Midwest,2026-06-25T06:46:29.225Z,2026-06-25T06:46:49.688Z
C002999,P004,Birchwood Commons,2025-01-15,R15,146,0,17:01,D19,West,2026-06-25T06:46:29.225Z,2026-06-25T06:46:49.688Z
C002003,P004,Birchwood Commons,2025-03-27,R21,101,0,20:26,D04,Northeast,2026-06-25T06:46:29.225Z,2026-06-25T06:46:49.688Z
C002012,P001,Sunset Ridge,2025-04-22,R17,132,1,22:18,D18,West,2026-06-25T06:46:29.225Z,2026-06-25T06:46:49.688Z
C002042,P001,Sunset Ridge,2025-01-18,R11,154,0,21:02,D16,Northeast,2026-06-25T06:46:29.225Z,2026-06-25T06:46:49.688Z
C002054,P004,Birchwood Commons,2025-02-22,R23,125,0,17:31,D16,Northeast,2026-06-25T06:46:29.225Z,2026-06-25T06:46:49.688Z
C002068,P003,Green Oaks,2025-01-27,R13,92,0,14:13,D15,West,2026-06-25T06:46:29.225Z,2026-06-25T06:46:49.688Z
C002070,P002,Maple Court,2025-02-24,R10,72,0,14:58,D19,West,2026-06-25T06:46:29.225Z,2026-06-25T06:46:49.688Z
C002072,P004,Birchwood Commons,2025-01-24,R10,100,1,18:34,D06,Southeast,2026-06-25T06:46:29.225Z,2026-06-25T06:46:49.688Z
C002104,P003,Green Oaks,2025-06-10,R18,100,1,21:56,D08,Midwest,2026-06-25T06:46:29.225Z,2026-06-25T06:46:49.688Z
C002109,P007,Willow Creek,2025-04-10,R12,85,0,19:48,D10,Southeast,2026-06-25T06:46:29.225Z,2026-06-25T06:46:49.688Z
C002126,P003,Green Oaks,2025-02-19,R13,117,0,22:09,D03,Midwest,2026-06-25T06:46:29.225Z,2026-06-25T06:46:49.688Z
C002136,P004,Birchwood Commons,2025-02-19,R17,150,0,22:47,D17,Midwest,2026-06-25T06:46:29.225Z,2026-06-25T06:46:49.688Z
C002153,P005,Lakeview Terrace,2025-05-19,R23,105,0,18:40,D02,Southeast,2026-06-25T06:46:29.225Z,2026-06-25T06:46:49.688Z
C002157,P005,Lakeview Terrace,2025-05-16,R11,77,0,15:54,D11,Southeast,2026-06-25T06:46:29.225Z,2026-06-25T06:46:49.688Z
C002194,P006,Cedar Park,2025-04-10,R20,98,0,14:01,D04,Midwest,2026-06-25T06:46:29.225Z,2026-06-25T06:46:49.688Z
C002221,P003,Green Oaks,2025-06-12,R20,52,0,18:19,D10,West,2026-06-25T06:46:29.225Z,2026-06-25T06:46:49.688Z
C002271,P001,Sunset Ridge,2025-03-06,R11,45,0,22:03,D04,Southeast,2026-06-25T06:46:29.225Z,2026-06-25T06:46:49.688Z
C002301,P001,Sunset Ridge,2025-01-07,R16,100,0,19:30,D03,Midwest,2026-06-25T06:46:29.225Z,2026-06-25T06:46:49.688Z
C002302,P002,Maple Court,2025-02-18,R14,116,0,20:05,D03,Midwest,2026-06-25T06:46:29.225Z,2026-06-25T06:46:49.688Z
C002306,P001,Sunset Ridge,2025-01-29,R17,155,0,22:41,D08,Midwest,2026-06-25T06:46:29.225Z,2026-06-25T06:46:49.688Z
C002308,P007,Willow Creek,2025-05-29,R12,77,1,14:56,D20,West,2026-06-25T06:46:29.225Z,2026-06-25T06:46:49.688Z
C002310,P005,Lakeview Terrace,2025-01-07,R12,48,0,21:00,D05,Northeast,2026-06-25T06:46:29.225Z,2026-06-25T06:46:49.688Z
C002312,P001,Sunset Ridge,2025-05-19,R18,113,0,17:17,D18,West,2026-06-25T06:46:29.225Z,2026-06-25T06:46:49.688Z
C002318,P001,Sunset Ridge,2025-04-13,R24,61,0,19:58,D09,Northeast,2026-06-25T06:46:29.225Z,2026-06-25T06:46:49.688Z
C002326,P002,Maple Court,2025-05-26,R15,83,0,18:20,D02,Southeast,2026-06-25T06:46:29.225Z,2026-06-25T06:46:49.688Z
C002354,P001,Sunset Ridge,2025-01-04,R22,148,0,15:38,D13,Midwest,2026-06-25T06:46:29.225Z,2026-06-25T06:46:49.688Z
C002367,P003,Green Oaks,2025-01-08,R24,112,0,17:11,D17,Southeast,2026-06-25T06:46:29.225Z,2026-06-25T06:46:49.688Z
C002394,P006,Cedar Park,2025-02-02,R17,146,1,14:45,D19,Southeast,2026-06-25T06:46:29.225Z,2026-06-25T06:46:49.688Z
C002447,P003,Green Oaks,2025-04-29,R10,156,2,21:07,D03,Northeast,2026-06-25T06:46:29.225Z,2026-06-25T06:46:49.688Z
C002459,P003,Green Oaks,2025-06-10,R10,121,1,17:03,D09,Midwest,2026-06-25T06:46:29.225Z,2026-06-25T06:46:49.688Z
C002468,P001,Sunset Ridge,2025-04-18,R15,91,0,22:56,D12,West,2026-06-25T06:46:29.225Z,2026-06-25T06:46:49.688Z
C002478,P005,Lakeview Terrace,2025-02-04,R17,63,1,19:42,D02,Northeast,2026-06-25T06:46:29.225Z,2026-06-25T06:46:49.688Z
C002505,P007,Willow Creek,2025-03-31,R12,156,1,14:38,D06,West,2026-06-25T06:46:29.225Z,2026-06-25T06:46:49.688Z
C002548,P005,Lakeview Terrace,2025-03-09,R21,68,2,18:45,D09,Southeast,2026-06-25T06:46:29.225Z,2026-06-25T06:46:49.688Z
C002556,P001,Sunset Ridge,2025-02-02,R10,78,0,18:36,D14,Northeast,2026-06-25T06:46:29.225Z,2026-06-25T06:46:49.688Z
C002563,P003,Green Oaks,2025-04-15,R10,149,0,17:12,D10,West,2026-06-25T06:46:29.225Z,2026-06-25T06:46:49.688Z
C002589,P005,Lakeview Terrace,2025-04-01,R21,85,0,16:38,D11,Southeast,2026-06-25T06:46:29.225Z,2026-06-25T06:46:49.688Z
C002660,P007,Willow Creek,2025-05-03,R22,62,0,16:54,D06,Southeast,2026-06-25T06:46:29.225Z,2026-06-25T06:46:49.688Z
C002661,P004,Birchwood Commons,2025-06-05,R13,159,0,18:28,D01,Northeast,2026-06-25T06:46:29.225Z,2026-06-25T06:46:49.688Z
C002717,P002,Maple Court,2025-04-19,R14,121,0,18:43,D09,West,2026-06-25T06:46:29.225Z,2026-06-25T06:46:49.688Z
C002719,P007,Willow Creek,2025-05-28,R17,91,1,18:44,D20,Southeast,2026-06-25T06:46:29.225Z,2026-06-25T06:46:49.688Z
C002759,P004,Birchwood Commons,2025-01-12,R16,117,0,16:53,D07,Northeast,2026-06-25T06:46:29.225Z,2026-06-25T06:46:49.688Z
C002777,P002,Maple Court,2025-02-05,R21,104,1,16:58,D05,Midwest,2026-06-25T06:46:29.225Z,2026-06-25T06:46:49.688Z
C002784,P003,Green Oaks,2025-01-09,R13,47,0,18:27,D14,Southeast,2026-06-25T06:46:29.225Z,2026-06-25T06:46:49.688Z
C002825,P008,Harbor Pointe,2025-01-06,R20,127,0,19:04,D14,Southeast,2026-06-25T06:46:29.225Z,2026-06-25T06:46:49.688Z
C002836,P006,Cedar Park,2025-05-01,R15,135,0,15:08,D18,Southeast,2026-06-25T06:46:29.225Z,2026-06-25T06:46:49.688Z
C002838,P002,Maple Court,2025-05-25,R15,86,0,18:09,D13,Southeast,2026-06-25T06:46:29.225Z,2026-06-25T06:46:49.688Z
C002841,P002,Maple Court,2025-02-06,R17,53,0,14:29,D07,Southeast,2026-06-25T06:46:29.225Z,2026-06-25T06:46:49.688Z
C002876,P006,Cedar Park,2025-04-18,R22,92,1,14:10,D02,Southeast,2026-06-25T06:46:29.225Z,2026-06-25T06:46:49.688Z
C002914,P001,Sunset Ridge,2025-05-03,R10,131,1,17:39,D03,Southeast,2026-06-25T06:46:29.225Z,2026-06-25T06:46:49.688Z
C002924,P007,Willow Creek,2025-05-01,R18,86,0,21:26,D02,West,2026-06-25T06:46:29.225Z,2026-06-25T06:46:49.688Z
C002929,P003,Green Oaks,2025-01-20,R13,74,1,19:27,D11,Midwest,2026-06-25T06:46:29.225Z,2026-06-25T06:46:49.688Z
C002942,P005,Lakeview Terrace,2025-01-03,R15,45,1,21:41,D18,West,2026-06-25T06:46:29.225Z,2026-06-25T06:46:49.688Z
C002983,P008,Harbor Pointe,2025-04-01,R17,71,2,22:23,D09,West,2026-06-25T06:46:29.225Z,2026-06-25T06:46:49.688Z
C002015,P004,Birchwood Commons,2025-06-16,R20,155,2,18:25,D09,Southeast,2026-06-25T06:46:29.225Z,2026-06-25T06:46:49.688Z
C002055,P001,Sunset Ridge,2025-04-22,R16,99,0,16:03,D02,West,2026-06-25T06:46:29.225Z,2026-06-25T06:46:49.688Z
C002103,P002,Maple Court,2025-04-11,R24,111,0,22:47,D01,Northeast,2026-06-25T06:46:29.225Z,2026-06-25T06:46:49.688Z
C002115,P005,Lakeview Terrace,2025-04-01,R19,80,0,15:25,D08,Midwest,2026-06-25T06:46:29.225Z,2026-06-25T06:46:49.688Z
C002119,P002,Maple Court,2025-03-25,R17,104,3,20:49,D18,Southeast,2026-06-25T06:46:29.225Z,2026-06-25T06:46:49.688Z
C002158,P003,Green Oaks,2025-04-27,R23,120,0,22:12,D19,West,2026-06-25T06:46:29.225Z,2026-06-25T06:46:49.688Z
C002182,P003,Green Oaks,2025-06-25,R21,49,0,22:41,D06,Southeast,2026-06-25T06:46:29.225Z,2026-06-25T06:46:49.688Z
C002187,P006,Cedar Park,2025-06-15,R17,120,0,22:32,D15,Southeast,2026-06-25T06:46:29.225Z,2026-06-25T06:46:49.688Z
C002193,P004,Birchwood Commons,2025-04-13,R15,46,0,18:56,D01,Northeast,2026-06-25T06:46:29.225Z,2026-06-25T06:46:49.688Z
C002212,P003,Green Oaks,2025-06-04,R22,101,1,14:17,D12,Midwest,2026-06-25T06:46:29.225Z,2026-06-25T06:46:49.688Z
C002213,P006,Cedar Park,2025-03-02,R16,60,1,16:59,D11,West,2026-06-25T06:46:29.225Z,2026-06-25T06:46:49.688Z
C002217,P005,Lakeview Terrace,2025-02-15,R19,156,0,15:05,D14,Northeast,2026-06-25T06:46:29.225Z,2026-06-25T06:46:49.688Z
C002219,P004,Birchwood Commons,2025-06-13,R11,70,0,16:41,D04,Northeast,2026-06-25T06:46:29.225Z,2026-06-25T06:46:49.688Z
C002220,P001,Sunset Ridge,2025-03-23,R15,83,0,21:02,D17,Midwest,2026-06-25T06:46:29.225Z,2026-06-25T06:46:49.688Z
C002233,P003,Green Oaks,2025-05-25,R23,158,0,14:20,D06,Midwest,2026-06-25T06:46:29.225Z,2026-06-25T06:46:49.688Z
C002261,P004,Birchwood Commons,2025-01-05,R17,55,1,16:17,D07,West,2026-06-25T06:46:29.225Z,2026-06-25T06:46:49.688Z
C002275,P002,Maple Court,2025-06-30,R13,105,0,14:26,D15,Southeast,2026-06-25T06:46:29.225Z,2026-06-25T06:46:49.688Z
C002325,P007,Willow Creek,2025-06-28,R21,119,3,22:28,D10,West,2026-06-25T06:46:29.225Z,2026-06-25T06:46:49.688Z
C002335,P005,Lakeview Terrace,2025-05-27,R22,80,0,17:12,D17,Southeast,2026-06-25T06:46:29.225Z,2026-06-25T06:46:49.688Z
C002339,P003,Green Oaks,2025-02-17,R14,63,0,21:27,D16,West,2026-06-25T06:46:29.225Z,2026-06-25T06:46:49.688Z
C002351,P008,Harbor Pointe,2025-05-18,R20,160,0,15:28,D15,West,2026-06-25T06:46:29.225Z,2026-06-25T06:46:49.688Z
C002353,P007,Willow Creek,2025-02-19,R20,61,2,15:57,D16,Northeast,2026-06-25T06:46:29.225Z,2026-06-25T06:46:49.688Z
C002372,P004,Birchwood Commons,2025-03-15,R24,110,0,18:59,D11,Midwest,2026-06-25T06:46:29.225Z,2026-06-25T06:46:49.688Z
C002441,P004,Birchwood Commons,2025-06-23,R10,121,0,22:35,D14,Northeast,2026-06-25T06:46:29.225Z,2026-06-25T06:46:49.688Z
C002442,P002,Maple Court,2025-03-04,R11,89,0,20:28,D08,Midwest,2026-06-25T06:46:29.225Z,2026-06-25T06:46:49.688Z
C002443,P005,Lakeview Terrace,2025-06-07,R24,126,2,19:59,D15,Northeast,2026-06-25T06:46:29.225Z,2026-06-25T06:46:49.688Z
C002450,P002,Maple Court,2025-01-02,R16,53,0,15:32,D14,Midwest,2026-06-25T06:46:29.225Z,2026-06-25T06:46:49.688Z
C002483,P007,Willow Creek,2025-04-03,R15,112,3,21:54,D09,West,2026-06-25T06:46:29.225Z,2026-06-25T06:46:49.688Z
C002493,P006,Cedar Park,2025-05-07,R24,61,2,16:59,D04,Southeast,2026-06-25T06:46:29.225Z,2026-06-25T06:46:49.688Z
C002506,P006,Cedar Park,2025-03-05,R19,85,0,17:58,D08,Midwest,2026-06-25T06:46:29.225Z,2026-06-25T06:46:49.688Z
C002514,P007,Willow Creek,2025-05-17,R17,65,2,19:28,D09,Midwest,2026-06-25T06:46:29.225Z,2026-06-25T06:46:49.688Z
C002520,P008,Harbor Pointe,2025-03-11,R14,53,0,17:00,D16,Northeast,2026-06-25T06:46:29.225Z,2026-06-25T06:46:49.688Z
C002525,P005,Lakeview Terrace,2025-04-05,R11,49,0,19:21,D14,Northeast,2026-06-25T06:46:29.225Z,2026-06-25T06:46:49.688Z
C002569,P006,Cedar Park,2025-02-09,R10,60,0,16:52,D18,Northeast,2026-06-25T06:46:29.225Z,2026-06-25T06:46:49.688Z
C002581,P003,Green Oaks,2025-01-28,R24,73,0,14:24,D12,Midwest,2026-06-25T06:46:29.225Z,2026-06-25T06:46:49.688Z
C002598,P003,Green Oaks,2025-04-17,R17,157,0,21:30,D11,Midwest,2026-06-25T06:46:29.225Z,2026-06-25T06:46:49.688Z
C002602,P007,Willow Creek,2025-06-01,R13,95,0,17:29,D05,West,2026-06-25T06:46:29.225Z,2026-06-25T06:46:49.688Z
C002608,P007,Willow Creek,2025-04-06,R18,93,0,22:31,D13,Northeast,2026-06-25T06:46:29.225Z,2026-06-25T06:46:49.688Z
C002620,P004,Birchwood Commons,2025-02-19,R23,52,0,14:20,D02,Northeast,2026-06-25T06:46:29.225Z,2026-06-25T06:46:49.688Z
C002636,P004,Birchwood Commons,2025-02-05,R14,118,0,22:37,D19,Midwest,2026-06-25T06:46:29.225Z,2026-06-25T06:46:49.688Z
C002677,P003,Green Oaks,2025-06-14,R16,159,0,14:32,D16,Midwest,2026-06-25T06:46:29.225Z,2026-06-25T06:46:49.688Z
C002680,P006,Cedar Park,2025-06-27,R23,124,0,17:59,D11,Midwest,2026-06-25T06:46:29.225Z,2026-06-25T06:46:49.688Z
C002684,P005,Lakeview Terrace,2025-05-31,R24,88,0,20:16,D11,Southeast,2026-06-25T06:46:29.225Z,2026-06-25T06:46:49.688Z
C002694,P003,Green Oaks,2025-02-22,R18,90,0,22:06,D03,Midwest,2026-06-25T06:46:29.225Z,2026-06-25T06:46:49.688Z
C002712,P007,Willow Creek,2025-05-20,R16,40,0,19:58,D08,Northeast,2026-06-25T06:46:29.225Z,2026-06-25T06:46:49.688Z
C002763,P001,Sunset Ridge,2025-04-02,R24,66,2,17:00,D02,Southeast,2026-06-25T06:46:29.225Z,2026-06-25T06:46:49.688Z
C002766,P007,Willow Creek,2025-02-01,R22,40,0,14:37,D03,West,2026-06-25T06:46:29.225Z,2026-06-25T06:46:49.688Z
C002768,P008,Harbor Pointe,2025-04-27,R21,131,1,14:24,D01,Northeast,2026-06-25T06:46:29.225Z,2026-06-25T06:46:49.688Z
C002786,P003,Green Oaks,2025-02-14,R19,134,0,20:04,D12,Southeast,2026-06-25T06:46:29.225Z,2026-06-25T06:46:49.688Z
C002819,P007,Willow Creek,2025-02-21,R14,101,0,21:49,D04,Midwest,2026-06-25T06:46:29.225Z,2026-06-25T06:46:49.688Z
C002856,P002,Maple Court,2025-03-07,R19,130,0,14:15,D17,Northeast,2026-06-25T06:46:29.225Z,2026-06-25T06:46:49.688Z
C002906,P003,Green Oaks,2025-04-12,R15,79,0,17:55,D11,Northeast,2026-06-25T06:46:29.225Z,2026-06-25T06:46:49.688Z
C002911,P003,Green Oaks,2025-03-15,R19,41,0,14:38,D14,West,2026-06-25T06:46:29.225Z,2026-06-25T06:46:49.688Z
C002919,P006,Cedar Park,2025-04-11,R10,41,0,19:14,D15,Midwest,2026-06-25T06:46:29.225Z,2026-06-25T06:46:49.688Z
C002925,P005,Lakeview Terrace,2025-06-27,R19,77,0,16:39,D02,Northeast,2026-06-25T06:46:29.225Z,2026-06-25T06:46:49.688Z
C002938,P008,Harbor Pointe,2025-01-22,R23,123,0,19:56,D14,Northeast,2026-06-25T06:46:29.225Z,2026-06-25T06:46:49.688Z
C002993,P004,Birchwood Commons,2025-06-04,R22,116,0,15:09,D05,West,2026-06-25T06:46:29.225Z,2026-06-25T06:46:49.688Z
C007011,P004,Birchwood Commons,2025-06-06,R15,151,0,22:19,D07,Northeast,2026-06-25T06:46:29.225Z,2026-06-25T06:46:49.688Z
C007034,P001,Sunset Ridge,2025-06-01,R13,122,2,18:44,D19,Southeast,2026-06-25T06:46:29.225Z,2026-06-25T06:46:49.688Z
C007046,P002,Maple Court,2025-04-29,R12,156,2,20:16,D11,Northeast,2026-06-25T06:46:29.225Z,2026-06-25T06:46:49.688Z
C007054,P003,Green Oaks,2025-01-08,R23,60,1,22:29,D19,Northeast,2026-06-25T06:46:29.225Z,2026-06-25T06:46:49.688Z
C007068,P005,Lakeview Terrace,2025-03-21,R22,112,0,15:37,D17,West,2026-06-25T06:46:29.225Z,2026-06-25T06:46:49.688Z
C007077,P006,Cedar Park,2025-05-06,R17,131,0,18:04,D02,Midwest,2026-06-25T06:46:29.225Z,2026-06-25T06:46:49.688Z
C007078,P003,Green Oaks,2025-05-02,R12,93,0,19:38,D09,Southeast,2026-06-25T06:46:29.225Z,2026-06-25T06:46:49.688Z
C007085,P006,Cedar Park,2025-01-12,R13,153,0,19:40,D19,West,2026-06-25T06:46:29.225Z,2026-06-25T06:46:49.688Z
C007101,P002,Maple Court,2025-02-02,R18,53,0,22:24,D19,West,2026-06-25T06:46:29.225Z,2026-06-25T06:46:49.688Z
C007117,P003,Green Oaks,2025-03-06,R12,115,0,21:34,D12,Midwest,2026-06-25T06:46:29.225Z,2026-06-25T06:46:49.688Z
C007127,P007,Willow Creek,2025-04-28,R21,158,0,18:59,D06,West,2026-06-25T06:46:29.225Z,2026-06-25T06:46:49.688Z
C007129,P002,Maple Court,2025-06-21,R21,57,0,18:20,D06,West,2026-06-25T06:46:29.225Z,2026-06-25T06:46:49.688Z
C007131,P005,Lakeview Terrace,2025-03-24,R14,147,0,22:05,D18,West,2026-06-25T06:46:29.225Z,2026-06-25T06:46:49.688Z
C007152,P008,Harbor Pointe,2025-02-06,R24,158,0,21:58,D12,West,2026-06-25T06:46:29.225Z,2026-06-25T06:46:49.688Z
C007167,P006,Cedar Park,2025-03-23,R13,50,1,16:04,D10,Southeast,2026-06-25T06:46:29.225Z,2026-06-25T06:46:49.688Z
C007183,P007,Willow Creek,2025-03-08,R23,118,2,22:17,D12,Southeast,2026-06-25T06:46:29.225Z,2026-06-25T06:46:49.688Z
C007190,P002,Maple Court,2025-02-05,R15,123,0,15:08,D17,Northeast,2026-06-25T06:46:29.225Z,2026-06-25T06:46:49.688Z
C007199,P005,Lakeview Terrace,2025-05-20,R13,51,0,16:43,D03,Midwest,2026-06-25T06:46:29.225Z,2026-06-25T06:46:49.688Z
C007221,P001,Sunset Ridge,2025-04-29,R12,99,1,17:07,D14,Southeast,2026-06-25T06:46:29.225Z,2026-06-25T06:46:49.688Z
C007222,P006,Cedar Park,2025-03-03,R10,59,1,18:57,D11,Southeast,2026-06-25T06:46:29.225Z,2026-06-25T06:46:49.688Z
C007262,P001,Sunset Ridge,2025-05-09,R10,141,0,14:01,D01,Southeast,2026-06-25T06:46:29.225Z,2026-06-25T06:46:49.688Z
C007278,P004,Birchwood Commons,2025-03-02,R19,70,1,18:29,D10,Southeast,2026-06-25T06:46:29.225Z,2026-06-25T06:46:49.688Z
C007280,P006,Cedar Park,2025-01-14,R14,147,0,20:00,D12,Midwest,2026-06-25T06:46:29.225Z,2026-06-25T06:46:49.688Z
C007281,P004,Birchwood Commons,2025-01-21,R12,48,3,17:13,D01,Northeast,2026-06-25T06:46:29.225Z,2026-06-25T06:46:49.688Z
C007298,P006,Cedar Park,2025-02-22,R15,115,2,15:26,D10,Southeast,2026-06-25T06:46:29.225Z,2026-06-25T06:46:49.688Z
C007315,P002,Maple Court,2025-02-14,R18,67,2,16:17,D12,Southeast,2026-06-25T06:46:29.225Z,2026-06-25T06:46:49.688Z
C007318,P006,Cedar Park,2025-02-28,R19,55,2,17:46,D07,Northeast,2026-06-25T06:46:29.225Z,2026-06-25T06:46:49.688Z
C007326,P004,Birchwood Commons,2025-04-21,R16,105,0,15:10,D11,Northeast,2026-06-25T06:46:29.225Z,2026-06-25T06:46:49.688Z
C007329,P005,Lakeview Terrace,2025-04-19,R14,49,0,14:22,D15,Northeast,2026-06-25T06:46:29.225Z,2026-06-25T06:46:49.688Z
C007342,P008,Harbor Pointe,2025-01-13,R23,139,1,16:37,D19,Southeast,2026-06-25T06:46:29.225Z,2026-06-25T06:46:49.688Z
C007364,P002,Maple Court,2025-04-19,R14,68,0,15:13,D15,Northeast,2026-06-25T06:46:29.225Z,2026-06-25T06:46:49.688Z
C007365,P001,Sunset Ridge,2025-01-06,R21,51,3,22:03,D04,Southeast,2026-06-25T06:46:29.225Z,2026-06-25T06:46:49.688Z
C007369,P004,Birchwood Commons,2025-03-30,R16,114,0,22:57,D02,Midwest,2026-06-25T06:46:29.225Z,2026-06-25T06:46:49.688Z
C007379,P006,Cedar Park,2025-04-09,R14,153,1,17:16,D15,Southeast,2026-06-25T06:46:29.225Z,2026-06-25T06:46:49.688Z
C007395,P005,Lakeview Terrace,2025-01-27,R15,136,3,14:50,D16,West,2026-06-25T06:46:29.225Z,2026-06-25T06:46:49.688Z
C007404,P006,Cedar Park,2025-04-27,R13,69,0,15:48,D03,Northeast,2026-06-25T06:46:29.225Z,2026-06-25T06:46:49.688Z
C007429,P004,Birchwood Commons,2025-04-13,R19,85,0,16:35,D19,Southeast,2026-06-25T06:46:29.225Z,2026-06-25T06:46:49.688Z
C007449,P001,Sunset Ridge,2025-03-29,R11,77,0,18:24,D07,Midwest,2026-06-25T06:46:29.225Z,2026-06-25T06:46:49.688Z
C007456,P001,Sunset Ridge,2025-06-25,R19,160,2,21:31,D08,Northeast,2026-06-25T06:46:29.225Z,2026-06-25T06:46:49.688Z
C007478,P001,Sunset Ridge,2025-06-11,R20,48,1,20:35,D17,Northeast,2026-06-25T06:46:29.225Z,2026-06-25T06:46:49.688Z
C007479,P008,Harbor Pointe,2025-06-22,R23,91,0,17:14,D01,Northeast,2026-06-25T06:46:29.225Z,2026-06-25T06:46:49.688Z
C007488,P005,Lakeview Terrace,2025-06-27,R19,125,0,15:17,D03,Southeast,2026-06-25T06:46:29.225Z,2026-06-25T06:46:49.688Z
C007497,P003,Green Oaks,2025-05-04,R19,98,1,16:08,D08,Southeast,2026-06-25T06:46:29.225Z,2026-06-25T06:46:49.688Z
C007527,P007,Willow Creek,2025-04-29,R12,75,0,22:02,D19,Northeast,2026-06-25T06:46:29.225Z,2026-06-25T06:46:49.688Z
C007534,P001,Sunset Ridge,2025-02-26,R24,41,0,22:13,D08,Northeast,2026-06-25T06:46:29.225Z,2026-06-25T06:46:49.688Z
C007537,P002,Maple Court,2025-04-05,R23,157,0,17:28,D08,Southeast,2026-06-25T06:46:29.225Z,2026-06-25T06:46:49.688Z
C007571,P004,Birchwood Commons,2025-01-27,R15,93,0,16:51,D17,Northeast,2026-06-25T06:46:29.225Z,2026-06-25T06:46:49.688Z
C007588,P008,Harbor Pointe,2025-05-25,R15,154,0,15:26,D07,Southeast,2026-06-25T06:46:29.225Z,2026-06-25T06:46:49.688Z
C007621,P005,Lakeview Terrace,2025-01-01,R24,137,0,16:22,D02,Southeast,2026-06-25T06:46:29.225Z,2026-06-25T06:46:49.688Z
C007626,P005,Lakeview Terrace,2025-04-23,R14,90,0,14:34,D08,Northeast,2026-06-25T06:46:29.225Z,2026-06-25T06:46:49.688Z
C007645,P007,Willow Creek,2025-06-08,R22,113,0,14:29,D01,West,2026-06-25T06:46:29.225Z,2026-06-25T06:46:49.688Z
C007647,P006,Cedar Park,2025-05-24,R11,99,0,19:40,D05,Southeast,2026-06-25T06:46:29.225Z,2026-06-25T06:46:49.688Z
C007652,P003,Green Oaks,2025-04-27,R24,69,0,14:04,D09,West,2026-06-25T06:46:29.225Z,2026-06-25T06:46:49.688Z
C007659,P005,Lakeview Terrace,2025-04-06,R12,60,0,19:11,D15,West,2026-06-25T06:46:29.225Z,2026-06-25T06:46:49.688Z
C007678,P004,Birchwood Commons,2025-02-17,R20,54,2,19:48,D13,Midwest,2026-06-25T06:46:29.225Z,2026-06-25T06:46:49.688Z
C007763,P003,Green Oaks,2025-01-15,R11,47,2,17:31,D20,Midwest,2026-06-25T06:46:29.225Z,2026-06-25T06:46:49.688Z
C007769,P002,Maple Court,2025-05-01,R24,50,1,17:38,D05,Midwest,2026-06-25T06:46:29.225Z,2026-06-25T06:46:49.688Z
C007773,P001,Sunset Ridge,2025-01-18,R14,103,0,20:04,D20,Northeast,2026-06-25T06:46:29.225Z,2026-06-25T06:46:49.688Z
C007786,P003,Green Oaks,2025-01-24,R23,78,0,16:22,D02,Northeast,2026-06-25T06:46:29.225Z,2026-06-25T06:46:49.688Z
C007793,P006,Cedar Park,2025-04-16,R24,55,0,19:56,D05,Southeast,2026-06-25T06:46:29.225Z,2026-06-25T06:46:49.688Z
C007808,P001,Sunset Ridge,2025-06-04,R21,135,0,18:39,D03,Northeast,2026-06-25T06:46:29.225Z,2026-06-25T06:46:49.688Z
C007810,P006,Cedar Park,2025-06-28,R15,91,0,22:21,D02,Midwest,2026-06-25T06:46:29.225Z,2026-06-25T06:46:49.688Z
C007821,P002,Maple Court,2025-03-27,R18,69,2,19:02,D02,Midwest,2026-06-25T06:46:29.225Z,2026-06-25T06:46:49.688Z
C007836,P004,Birchwood Commons,2025-05-12,R18,58,0,22:40,D18,Southeast,2026-06-25T06:46:29.225Z,2026-06-25T06:46:49.688Z
C007860,P005,Lakeview Terrace,2025-03-14,R19,65,0,20:25,D16,Midwest,2026-06-25T06:46:29.225Z,2026-06-25T06:46:49.688Z
C007873,P003,Green Oaks,2025-04-18,R11,53,0,22:29,D18,Southeast,2026-06-25T06:46:29.225Z,2026-06-25T06:46:49.688Z
C007876,P005,Lakeview Terrace,2025-01-01,R17,118,0,18:29,D19,Midwest,2026-06-25T06:46:29.225Z,2026-06-25T06:46:49.688Z
C007888,P003,Green Oaks,2025-04-12,R23,91,0,19:31,D02,Northeast,2026-06-25T06:46:29.225Z,2026-06-25T06:46:49.688Z
C007903,P007,Willow Creek,2025-01-25,R15,93,0,22:14,D14,Northeast,2026-06-25T06:46:29.225Z,2026-06-25T06:46:49.688Z
C007906,P001,Sunset Ridge,2025-06-27,R16,52,0,18:15,D06,Northeast,2026-06-25T06:46:29.225Z,2026-06-25T06:46:49.688Z
C007930,P007,Willow Creek,2025-06-29,R10,103,0,16:39,D10,Midwest,2026-06-25T06:46:29.225Z,2026-06-25T06:46:49.688Z
C007933,P004,Birchwood Commons,2025-05-19,R11,88,0,14:41,D05,West,2026-06-25T06:46:29.225Z,2026-06-25T06:46:49.688Z
C007950,P004,Birchwood Commons,2025-02-06,R12,129,0,19:33,D18,Northeast,2026-06-25T06:46:29.225Z,2026-06-25T06:46:49.688Z
C007965,P004,Birchwood Commons,2025-05-02,R24,119,0,16:17,D13,West,2026-06-25T06:46:29.225Z,2026-06-25T06:46:49.688Z
C007978,P007,Willow Creek,2025-04-19,R10,72,0,20:19,D08,Southeast,2026-06-25T06:46:29.225Z,2026-06-25T06:46:49.688Z
C007019,P007,Willow Creek,2025-06-03,R10,148,2,18:08,D09,Southeast,2026-06-25T06:46:29.225Z,2026-06-25T06:46:49.688Z
C007071,P008,Harbor Pointe,2025-01-20,R19,92,1,17:57,D07,Southeast,2026-06-25T06:46:29.225Z,2026-06-25T06:46:49.688Z
C007099,P007,Willow Creek,2025-06-29,R20,132,2,20:35,D09,West,2026-06-25T06:46:29.225Z,2026-06-25T06:46:49.688Z
C007106,P001,Sunset Ridge,2025-02-19,R11,96,0,14:44,D13,West,2026-06-25T06:46:29.225Z,2026-06-25T06:46:49.688Z
C007111,P008,Harbor Pointe,2025-04-12,R11,82,0,21:49,D04,Southeast,2026-06-25T06:46:29.225Z,2026-06-25T06:46:49.688Z
C007115,P004,Birchwood Commons,2025-01-08,R13,84,1,22:41,D09,Southeast,2026-06-25T06:46:29.225Z,2026-06-25T06:46:49.688Z
C007121,P001,Sunset Ridge,2025-01-28,R24,83,2,20:21,D01,Midwest,2026-06-25T06:46:29.225Z,2026-06-25T06:46:49.688Z
C007132,P006,Cedar Park,2025-04-24,R23,43,0,15:14,D19,Southeast,2026-06-25T06:46:29.225Z,2026-06-25T06:46:49.688Z
C007135,P003,Green Oaks,2025-05-22,R18,124,3,15:59,D10,Southeast,2026-06-25T06:46:29.225Z,2026-06-25T06:46:49.688Z
C007153,P005,Lakeview Terrace,2025-05-06,R24,88,0,20:55,D18,Northeast,2026-06-25T06:46:29.225Z,2026-06-25T06:46:49.688Z
C007168,P003,Green Oaks,2025-06-23,R20,118,2,22:41,D16,Southeast,2026-06-25T06:46:29.225Z,2026-06-25T06:46:49.688Z
C007180,P006,Cedar Park,2025-06-09,R19,105,0,14:33,D09,West,2026-06-25T06:46:29.225Z,2026-06-25T06:46:49.688Z
C007185,P001,Sunset Ridge,2025-05-15,R23,93,0,16:59,D14,Northeast,2026-06-25T06:46:29.225Z,2026-06-25T06:46:49.688Z
C007201,P008,Harbor Pointe,2025-06-26,R18,55,0,18:07,D05,Northeast,2026-06-25T06:46:29.225Z,2026-06-25T06:46:49.688Z
C007213,P005,Lakeview Terrace,2025-06-19,R13,135,0,17:22,D14,Midwest,2026-06-25T06:46:29.225Z,2026-06-25T06:46:49.688Z
C007223,P004,Birchwood Commons,2025-04-11,R12,134,1,21:50,D02,Northeast,2026-06-25T06:46:29.225Z,2026-06-25T06:46:49.688Z
C007255,P004,Birchwood Commons,2025-04-14,R14,135,0,18:39,D04,Southeast,2026-06-25T06:46:29.225Z,2026-06-25T06:46:49.688Z
C007265,P002,Maple Court,2025-01-28,R19,59,0,21:49,D16,Midwest,2026-06-25T06:46:29.225Z,2026-06-25T06:46:49.688Z
C007292,P001,Sunset Ridge,2025-04-12,R11,126,0,15:32,D15,Southeast,2026-06-25T06:46:29.225Z,2026-06-25T06:46:49.688Z
C007312,P003,Green Oaks,2025-05-26,R20,71,0,20:08,D11,Midwest,2026-06-25T06:46:29.225Z,2026-06-25T06:46:49.688Z
C007321,P005,Lakeview Terrace,2025-05-28,R22,97,0,21:05,D14,Midwest,2026-06-25T06:46:29.225Z,2026-06-25T06:46:49.688Z
C007322,P003,Green Oaks,2025-05-17,R11,108,0,16:18,D10,West,2026-06-25T06:46:29.225Z,2026-06-25T06:46:49.688Z
C007332,P002,Maple Court,2025-03-13,R19,115,1,19:20,D01,West,2026-06-25T06:46:29.225Z,2026-06-25T06:46:49.688Z
C007383,P003,Green Oaks,2025-02-02,R15,82,0,22:34,D04,Southeast,2026-06-25T06:46:29.225Z,2026-06-25T06:46:49.688Z
C007398,P006,Cedar Park,2025-06-05,R12,155,0,20:00,D03,West,2026-06-25T06:46:29.225Z,2026-06-25T06:46:49.688Z
C007399,P003,Green Oaks,2025-06-11,R23,93,3,19:21,D17,Southeast,2026-06-25T06:46:29.225Z,2026-06-25T06:46:49.688Z
C007426,P004,Birchwood Commons,2025-02-04,R23,113,0,16:47,D20,Southeast,2026-06-25T06:46:29.225Z,2026-06-25T06:46:49.688Z
C007460,P008,Harbor Pointe,2025-04-30,R20,82,0,20:19,D10,Southeast,2026-06-25T06:46:29.225Z,2026-06-25T06:46:49.688Z
C007471,P006,Cedar Park,2025-06-18,R10,63,2,18:51,D01,West,2026-06-25T06:46:29.225Z,2026-06-25T06:46:49.688Z
C007475,P002,Maple Court,2025-06-12,R22,79,0,21:06,D09,Southeast,2026-06-25T06:46:29.225Z,2026-06-25T06:46:49.688Z
C007483,P007,Willow Creek,2025-04-23,R13,127,0,21:06,D13,Northeast,2026-06-25T06:46:29.225Z,2026-06-25T06:46:49.688Z
C007496,P005,Lakeview Terrace,2025-06-11,R16,91,0,20:38,D05,Southeast,2026-06-25T06:46:29.225Z,2026-06-25T06:46:49.688Z
C007500,P001,Sunset Ridge,2025-05-26,R21,65,2,22:46,D11,West,2026-06-25T06:46:29.225Z,2026-06-25T06:46:49.688Z
C007508,P003,Green Oaks,2025-02-08,R11,56,0,22:35,D04,West,2026-06-25T06:46:29.225Z,2026-06-25T06:46:49.688Z
C007526,P003,Green Oaks,2025-01-27,R17,160,3,22:07,D05,Southeast,2026-06-25T06:46:29.225Z,2026-06-25T06:46:49.688Z
C007540,P008,Harbor Pointe,2025-06-14,R18,44,0,16:58,D17,Midwest,2026-06-25T06:46:29.225Z,2026-06-25T06:46:49.688Z
C007581,P007,Willow Creek,2025-01-11,R18,77,0,19:40,D19,Midwest,2026-06-25T06:46:29.225Z,2026-06-25T06:46:49.688Z
C007583,P003,Green Oaks,2025-06-05,R12,150,0,19:30,D11,Southeast,2026-06-25T06:46:29.225Z,2026-06-25T06:46:49.688Z
C007595,P006,Cedar Park,2025-06-01,R24,48,0,15:42,D16,Northeast,2026-06-25T06:46:29.225Z,2026-06-25T06:46:49.688Z
C007601,P007,Willow Creek,2025-01-27,R15,46,1,22:34,D20,West,2026-06-25T06:46:29.225Z,2026-06-25T06:46:49.688Z
C007616,P004,Birchwood Commons,2025-04-20,R14,103,0,21:58,D03,Southeast,2026-06-25T06:46:29.225Z,2026-06-25T06:46:49.688Z
C007627,P005,Lakeview Terrace,2025-05-24,R19,54,2,21:47,D11,Southeast,2026-06-25T06:46:29.225Z,2026-06-25T06:46:49.688Z
C007630,P001,Sunset Ridge,2025-05-06,R23,136,0,17:28,D12,Southeast,2026-06-25T06:46:29.225Z,2026-06-25T06:46:49.688Z
C007635,P002,Maple Court,2025-06-18,R14,158,0,19:08,D11,Midwest,2026-06-25T06:46:29.225Z,2026-06-25T06:46:49.688Z
C007636,P004,Birchwood Commons,2025-03-28,R10,50,0,20:23,D09,West,2026-06-25T06:46:29.225Z,2026-06-25T06:46:49.688Z
C007648,P001,Sunset Ridge,2025-03-19,R10,79,0,22:12,D01,West,2026-06-25T06:46:29.225Z,2026-06-25T06:46:49.688Z
C007686,P002,Maple Court,2025-04-24,R21,47,0,18:53,D13,Midwest,2026-06-25T06:46:29.225Z,2026-06-25T06:46:49.688Z
C007728,P003,Green Oaks,2025-03-28,R19,46,0,22:59,D08,Southeast,2026-06-25T06:46:29.225Z,2026-06-25T06:46:49.688Z
C007729,P007,Willow Creek,2025-01-21,R17,128,1,18:56,D09,West,2026-06-25T06:46:29.225Z,2026-06-25T06:46:49.688Z
C007741,P006,Cedar Park,2025-02-28,R10,105,0,15:00,D18,West,2026-06-25T06:46:29.225Z,2026-06-25T06:46:49.688Z
C007743,P001,Sunset Ridge,2025-06-25,R13,81,0,18:42,D02,West,2026-06-25T06:46:29.225Z,2026-06-25T06:46:49.688Z
C007745,P008,Harbor Pointe,2025-05-17,R16,119,0,15:34,D14,Northeast,2026-06-25T06:46:29.225Z,2026-06-25T06:46:49.688Z
C007776,P002,Maple Court,2025-02-12,R21,119,2,21:47,D17,Northeast,2026-06-25T06:46:29.225Z,2026-06-25T06:46:49.688Z
C007782,P005,Lakeview Terrace,2025-02-05,R11,143,0,21:32,D11,Northeast,2026-06-25T06:46:29.225Z,2026-06-25T06:46:49.688Z
C007785,P008,Harbor Pointe,2025-03-16,R22,113,0,16:59,D08,Northeast,2026-06-25T06:46:29.225Z,2026-06-25T06:46:49.688Z
C007802,P004,Birchwood Commons,2025-05-02,R12,104,2,20:54,D02,Northeast,2026-06-25T06:46:29.225Z,2026-06-25T06:46:49.688Z
C007816,P004,Birchwood Commons,2025-01-26,R22,54,1,21:51,D08,Northeast,2026-06-25T06:46:29.225Z,2026-06-25T06:46:49.688Z
C007826,P003,Green Oaks,2025-04-30,R17,122,0,20:39,D07,Midwest,2026-06-25T06:46:29.225Z,2026-06-25T06:46:49.688Z
C007827,P002,Maple Court,2025-01-02,R23,142,0,19:47,D15,Southeast,2026-06-25T06:46:29.225Z,2026-06-25T06:46:49.688Z
C007848,P007,Willow Creek,2025-03-17,R12,153,1,15:46,D10,West,2026-06-25T06:46:29.225Z,2026-06-25T06:46:49.688Z
C007856,P004,Birchwood Commons,2025-05-02,R16,76,1,17:23,D08,West,2026-06-25T06:46:29.225Z,2026-06-25T06:46:49.688Z
C007886,P003,Green Oaks,2025-05-24,R24,62,0,18:18,D13,West,2026-06-25T06:46:29.225Z,2026-06-25T06:46:49.688Z
C007891,P005,Lakeview Terrace,2025-04-27,R19,111,0,19:28,D15,Northeast,2026-06-25T06:46:29.225Z,2026-06-25T06:46:49.688Z
C007907,P005,Lakeview Terrace,2025-05-16,R17,45,0,14:26,D20,Southeast,2026-06-25T06:46:29.225Z,2026-06-25T06:46:49.688Z
C007915,P001,Sunset Ridge,2025-03-01,R23,43,2,18:57,D03,Northeast,2026-06-25T06:46:29.225Z,2026-06-25T06:46:49.688Z
C007918,P007,Willow Creek,2025-01-09,R15,109,2,20:11,D07,Midwest,2026-06-25T06:46:29.225Z,2026-06-25T06:46:49.688Z
C007919,P002,Maple Court,2025-03-08,R19,69,0,18:54,D06,Southeast,2026-06-25T06:46:29.225Z,2026-06-25T06:46:49.688Z
C007921,P006,Cedar Park,2025-02-26,R11,130,0,18:06,D11,West,2026-06-25T06:46:29.225Z,2026-06-25T06:46:49.688Z
C007936,P003,Green Oaks,2025-03-23,R24,55,1,15:02,D20,Northeast,2026-06-25T06:46:29.225Z,2026-06-25T06:46:49.688Z
C007992,P003,Green Oaks,2025-05-29,R24,42,0,16:42,D08,Midwest,2026-06-25T06:46:29.225Z,2026-06-25T06:46:49.688Z
C007995,P006,Cedar Park,2025-03-17,R20,159,2,15:10,D19,Southeast,2026-06-25T06:46:29.225Z,2026-06-25T06:46:49.688Z
C007031,P005,Lakeview Terrace,2025-03-11,R24,155,0,15:12,D08,Southeast,2026-06-25T06:46:29.225Z,2026-06-25T06:46:49.688Z
C007053,P004,Birchwood Commons,2025-04-17,R18,76,1,19:44,D05,West,2026-06-25T06:46:29.225Z,2026-06-25T06:46:49.688Z
C007061,P003,Green Oaks,2025-01-10,R13,45,0,17:15,D12,Midwest,2026-06-25T06:46:29.225Z,2026-06-25T06:46:49.688Z
C007116,P007,Willow Creek,2025-05-13,R20,137,0,22:47,D07,Southeast,2026-06-25T06:46:29.225Z,2026-06-25T06:46:49.688Z
C007119,P004,Birchwood Commons,2025-05-30,R10,112,0,14:17,D01,Southeast,2026-06-25T06:46:29.225Z,2026-06-25T06:46:49.688Z
C007160,P004,Birchwood Commons,2025-05-04,R14,120,0,15:17,D10,West,2026-06-25T06:46:29.225Z,2026-06-25T06:46:49.688Z
C007178,P004,Birchwood Commons,2025-03-05,R12,111,0,16:14,D20,Southeast,2026-06-25T06:46:29.225Z,2026-06-25T06:46:49.688Z
C007187,P005,Lakeview Terrace,2025-02-15,R22,78,3,20:58,D08,Southeast,2026-06-25T06:46:29.225Z,2026-06-25T06:46:49.688Z
C007188,P005,Lakeview Terrace,2025-02-06,R22,57,1,14:37,D06,West,2026-06-25T06:46:29.225Z,2026-06-25T06:46:49.688Z
C007189,P001,Sunset Ridge,2025-03-20,R19,106,0,15:43,D03,Midwest,2026-06-25T06:46:29.225Z,2026-06-25T06:46:49.688Z
C007229,P004,Birchwood Commons,2025-05-10,R12,58,1,19:54,D18,Midwest,2026-06-25T06:46:29.225Z,2026-06-25T06:46:49.688Z
C007234,P008,Harbor Pointe,2025-06-14,R19,136,1,17:39,D07,Midwest,2026-06-25T06:46:29.225Z,2026-06-25T06:46:49.688Z
C007238,P004,Birchwood Commons,2025-06-26,R21,132,0,22:08,D07,West,2026-06-25T06:46:29.225Z,2026-06-25T06:46:49.688Z
C007256,P004,Birchwood Commons,2025-05-10,R14,111,0,22:15,D03,Midwest,2026-06-25T06:46:29.225Z,2026-06-25T06:46:49.688Z
C007257,P003,Green Oaks,2025-04-23,R24,97,1,21:32,D07,Northeast,2026-06-25T06:46:29.225Z,2026-06-25T06:46:49.688Z
C007288,P003,Green Oaks,2025-06-30,R14,118,0,22:40,D11,West,2026-06-25T06:46:29.225Z,2026-06-25T06:46:49.688Z
C007323,P002,Maple Court,2025-05-21,R16,64,0,20:08,D20,West,2026-06-25T06:46:29.225Z,2026-06-25T06:46:49.688Z
C007339,P008,Harbor Pointe,2025-05-11,R20,104,0,14:38,D17,Midwest,2026-06-25T06:46:29.225Z,2026-06-25T06:46:49.688Z
C007370,P005,Lakeview Terrace,2025-03-11,R18,116,0,17:01,D10,Northeast,2026-06-25T06:46:29.225Z,2026-06-25T06:46:49.688Z
C007384,P002,Maple Court,2025-06-15,R12,134,1,21:29,D14,Southeast,2026-06-25T06:46:29.225Z,2026-06-25T06:46:49.688Z
C007390,P007,Willow Creek,2025-03-21,R12,123,2,19:09,D04,West,2026-06-25T06:46:29.225Z,2026-06-25T06:46:49.688Z
C007458,P006,Cedar Park,2025-02-06,R15,157,0,17:03,D04,Midwest,2026-06-25T06:46:29.225Z,2026-06-25T06:46:49.688Z
C007484,P002,Maple Court,2025-03-02,R11,91,0,22:23,D19,Northeast,2026-06-25T06:46:29.225Z,2026-06-25T06:46:49.688Z
C007493,P001,Sunset Ridge,2025-01-03,R21,103,0,14:37,D06,West,2026-06-25T06:46:29.225Z,2026-06-25T06:46:49.688Z
C007502,P007,Willow Creek,2025-04-26,R21,56,0,20:35,D09,Northeast,2026-06-25T06:46:29.225Z,2026-06-25T06:46:49.688Z
C007538,P006,Cedar Park,2025-02-08,R22,128,2,14:50,D09,Southeast,2026-06-25T06:46:29.225Z,2026-06-25T06:46:49.688Z
C007539,P006,Cedar Park,2025-06-07,R19,148,0,21:14,D05,Midwest,2026-06-25T06:46:29.225Z,2026-06-25T06:46:49.688Z
C007551,P004,Birchwood Commons,2025-04-09,R18,60,0,20:29,D15,Northeast,2026-06-25T06:46:29.225Z,2026-06-25T06:46:49.688Z
C007556,P002,Maple Court,2025-06-07,R22,103,0,21:48,D07,West,2026-06-25T06:46:29.225Z,2026-06-25T06:46:49.688Z
C007564,P008,Harbor Pointe,2025-03-16,R23,126,0,21:59,D03,West,2026-06-25T06:46:29.225Z,2026-06-25T06:46:49.688Z
C007586,P008,Harbor Pointe,2025-03-05,R19,80,0,22:08,D11,Northeast,2026-06-25T06:46:29.225Z,2026-06-25T06:46:49.688Z
C007589,P007,Willow Creek,2025-04-13,R22,101,0,18:00,D20,Southeast,2026-06-25T06:46:29.225Z,2026-06-25T06:46:49.688Z
C007592,P002,Maple Court,2025-06-23,R24,160,1,19:24,D11,Southeast,2026-06-25T06:46:29.225Z,2026-06-25T06:46:49.688Z
C007602,P006,Cedar Park,2025-04-03,R13,153,3,21:37,D20,West,2026-06-25T06:46:29.225Z,2026-06-25T06:46:49.688Z
C007611,P006,Cedar Park,2025-01-07,R14,90,0,17:52,D04,West,2026-06-25T06:46:29.225Z,2026-06-25T06:46:49.688Z
C007637,P005,Lakeview Terrace,2025-01-15,R14,86,0,15:16,D11,Midwest,2026-06-25T06:46:29.225Z,2026-06-25T06:46:49.688Z
C007657,P004,Birchwood Commons,2025-05-29,R23,72,0,14:42,D19,West,2026-06-25T06:46:29.225Z,2026-06-25T06:46:49.688Z
C007660,P008,Harbor Pointe,2025-04-10,R15,86,0,20:53,D10,Northeast,2026-06-25T06:46:29.225Z,2026-06-25T06:46:49.688Z
C007668,P004,Birchwood Commons,2025-02-25,R20,78,1,21:29,D14,Midwest,2026-06-25T06:46:29.225Z,2026-06-25T06:46:49.688Z
C007684,P002,Maple Court,2025-06-09,R12,70,1,14:51,D07,Northeast,2026-06-25T06:46:29.225Z,2026-06-25T06:46:49.688Z
C007698,P005,Lakeview Terrace,2025-03-14,R15,153,0,15:45,D19,Southeast,2026-06-25T06:46:29.225Z,2026-06-25T06:46:49.688Z
C007711,P007,Willow Creek,2025-05-20,R16,112,0,18:40,D07,West,2026-06-25T06:46:29.225Z,2026-06-25T06:46:49.688Z
C007714,P007,Willow Creek,2025-06-28,R17,103,0,17:31,D11,Northeast,2026-06-25T06:46:29.225Z,2026-06-25T06:46:49.688Z
C007718,P008,Harbor Pointe,2025-03-17,R17,40,0,19:43,D09,Southeast,2026-06-25T06:46:29.225Z,2026-06-25T06:46:49.688Z
C007737,P004,Birchwood Commons,2025-05-09,R20,98,0,14:35,D04,Southeast,2026-06-25T06:46:29.225Z,2026-06-25T06:46:49.688Z
C007760,P007,Willow Creek,2025-01-11,R15,78,0,19:24,D11,West,2026-06-25T06:46:29.225Z,2026-06-25T06:46:49.688Z
C007770,P007,Willow Creek,2025-02-20,R19,94,2,18:39,D08,Midwest,2026-06-25T06:46:29.225Z,2026-06-25T06:46:49.688Z
C007791,P005,Lakeview Terrace,2025-01-15,R11,46,2,14:33,D05,Northeast,2026-06-25T06:46:29.225Z,2026-06-25T06:46:49.688Z
C007803,P005,Lakeview Terrace,2025-01-25,R13,83,0,18:14,D10,Southeast,2026-06-25T06:46:29.225Z,2026-06-25T06:46:49.688Z
C007830,P008,Harbor Pointe,2025-06-26,R14,77,0,17:15,D16,Midwest,2026-06-25T06:46:29.225Z,2026-06-25T06:46:49.688Z
C007832,P001,Sunset Ridge,2025-05-20,R13,117,0,15:04,D04,Northeast,2026-06-25T06:46:29.225Z,2026-06-25T06:46:49.688Z
C007840,P008,Harbor Pointe,2025-02-24,R12,46,1,17:55,D06,Midwest,2026-06-25T06:46:29.225Z,2026-06-25T06:46:49.688Z
C007880,P004,Birchwood Commons,2025-06-09,R23,87,0,16:30,D08,West,2026-06-25T06:46:29.225Z,2026-06-25T06:46:49.688Z
C007905,P008,Harbor Pointe,2025-04-05,R12,47,0,17:45,D04,Northeast,2026-06-25T06:46:29.225Z,2026-06-25T06:46:49.688Z
C007976,P001,Sunset Ridge,2025-03-11,R14,133,0,18:03,D10,Midwest,2026-06-25T06:46:29.225Z,2026-06-25T06:46:49.688Z
C007005,P007,Willow Creek,2025-04-15,R22,153,3,22:23,D18,Northeast,2026-06-25T06:46:29.225Z,2026-06-25T06:46:49.688Z
C007033,P007,Willow Creek,2025-02-06,R13,51,0,19:19,D07,Southeast,2026-06-25T06:46:29.225Z,2026-06-25T06:46:49.688Z
C007056,P004,Birchwood Commons,2025-06-07,R12,133,0,19:28,D17,Southeast,2026-06-25T06:46:29.225Z,2026-06-25T06:46:49.688Z
C007086,P001,Sunset Ridge,2025-05-11,R11,140,0,18:03,D18,Southeast,2026-06-25T06:46:29.225Z,2026-06-25T06:46:49.688Z
C007087,P006,Cedar Park,2025-02-05,R16,69,0,15:25,D16,West,2026-06-25T06:46:29.225Z,2026-06-25T06:46:49.688Z
C007120,P007,Willow Creek,2025-03-05,R15,110,0,18:53,D19,Southeast,2026-06-25T06:46:29.225Z,2026-06-25T06:46:49.688Z
C007137,P003,Green Oaks,2025-04-23,R13,92,2,16:30,D08,Midwest,2026-06-25T06:46:29.225Z,2026-06-25T06:46:49.688Z
C007144,P007,Willow Creek,2025-02-11,R12,48,0,14:46,D20,Southeast,2026-06-25T06:46:29.225Z,2026-06-25T06:46:49.688Z
C007159,P008,Harbor Pointe,2025-03-30,R24,66,0,19:06,D03,West,2026-06-25T06:46:29.225Z,2026-06-25T06:46:49.688Z
C007161,P005,Lakeview Terrace,2025-06-20,R17,160,0,20:49,D07,West,2026-06-25T06:46:29.225Z,2026-06-25T06:46:49.688Z
C007186,P006,Cedar Park,2025-04-14,R18,154,1,22:59,D19,West,2026-06-25T06:46:29.225Z,2026-06-25T06:46:49.688Z
C007202,P007,Willow Creek,2025-04-30,R17,155,0,14:29,D16,Midwest,2026-06-25T06:46:29.225Z,2026-06-25T06:46:49.688Z
C007217,P001,Sunset Ridge,2025-01-13,R14,94,0,20:04,D15,Southeast,2026-06-25T06:46:29.225Z,2026-06-25T06:46:49.688Z
C007258,P004,Birchwood Commons,2025-01-13,R12,160,0,22:05,D18,Southeast,2026-06-25T06:46:29.225Z,2026-06-25T06:46:49.688Z
C007263,P003,Green Oaks,2025-02-28,R21,55,0,18:52,D18,Southeast,2026-06-25T06:46:29.225Z,2026-06-25T06:46:49.688Z
C007293,P005,Lakeview Terrace,2025-04-29,R22,82,0,16:45,D02,West,2026-06-25T06:46:29.225Z,2026-06-25T06:46:49.688Z
C007303,P007,Willow Creek,2025-06-16,R23,143,0,21:31,D17,Southeast,2026-06-25T06:46:29.225Z,2026-06-25T06:46:49.688Z
C007306,P005,Lakeview Terrace,2025-05-27,R13,84,0,15:53,D17,Northeast,2026-06-25T06:46:29.225Z,2026-06-25T06:46:49.688Z
C007317,P002,Maple Court,2025-01-03,R11,100,0,16:39,D05,Midwest,2026-06-25T06:46:29.225Z,2026-06-25T06:46:49.688Z
C007331,P003,Green Oaks,2025-02-15,R14,78,0,18:42,D18,Midwest,2026-06-25T06:46:29.225Z,2026-06-25T06:46:49.688Z
C007416,P008,Harbor Pointe,2025-02-01,R15,88,0,19:55,D20,Midwest,2026-06-25T06:46:29.225Z,2026-06-25T06:46:49.688Z
C007459,P004,Birchwood Commons,2025-03-28,R16,133,0,18:24,D14,Midwest,2026-06-25T06:46:29.225Z,2026-06-25T06:46:49.688Z
C007473,P006,Cedar Park,2025-01-13,R19,52,2,19:49,D20,Southeast,2026-06-25T06:46:29.225Z,2026-06-25T06:46:49.688Z
C007490,P002,Maple Court,2025-04-30,R15,127,0,21:36,D14,Southeast,2026-06-25T06:46:29.225Z,2026-06-25T06:46:49.688Z
C007520,P004,Birchwood Commons,2025-04-23,R12,133,1,14:48,D02,West,2026-06-25T06:46:29.225Z,2026-06-25T06:46:49.688Z
C007521,P004,Birchwood Commons,2025-06-18,R10,121,0,21:31,D08,West,2026-06-25T06:46:29.225Z,2026-06-25T06:46:49.688Z
C007530,P006,Cedar Park,2025-01-29,R15,128,0,20:29,D15,Northeast,2026-06-25T06:46:29.225Z,2026-06-25T06:46:49.688Z
C007542,P007,Willow Creek,2025-02-15,R23,98,0,22:26,D07,Southeast,2026-06-25T06:46:29.225Z,2026-06-25T06:46:49.688Z
C007543,P007,Willow Creek,2025-02-26,R19,48,0,18:34,D13,West,2026-06-25T06:46:29.225Z,2026-06-25T06:46:49.688Z
C007545,P002,Maple Court,2025-03-11,R11,109,1,19:05,D02,Southeast,2026-06-25T06:46:29.225Z,2026-06-25T06:46:49.688Z
C007573,P002,Maple Court,2025-01-08,R23,61,1,19:56,D05,Southeast,2026-06-25T06:46:29.225Z,2026-06-25T06:46:49.688Z
C007577,P004,Birchwood Commons,2025-05-02,R17,93,0,22:51,D09,Southeast,2026-06-25T06:46:29.225Z,2026-06-25T06:46:49.688Z
C007582,P002,Maple Court,2025-06-27,R10,146,0,21:23,D06,West,2026-06-25T06:46:29.225Z,2026-06-25T06:46:49.688Z
C007600,P002,Maple Court,2025-04-12,R22,153,0,18:28,D19,West,2026-06-25T06:46:29.225Z,2026-06-25T06:46:49.688Z
C007604,P008,Harbor Pointe,2025-03-26,R14,122,0,18:45,D16,Midwest,2026-06-25T06:46:29.225Z,2026-06-25T06:46:49.688Z
C007618,P007,Willow Creek,2025-02-22,R16,92,2,15:29,D18,Southeast,2026-06-25T06:46:29.225Z,2026-06-25T06:46:49.688Z
C007646,P008,Harbor Pointe,2025-03-06,R12,131,0,17:21,D17,Midwest,2026-06-25T06:46:29.225Z,2026-06-25T06:46:49.688Z
C007649,P004,Birchwood Commons,2025-04-11,R24,61,0,19:21,D07,Midwest,2026-06-25T06:46:29.225Z,2026-06-25T06:46:49.688Z
C007656,P004,Birchwood Commons,2025-03-12,R13,44,1,19:48,D02,Southeast,2026-06-25T06:46:29.225Z,2026-06-25T06:46:49.688Z
C007661,P008,Harbor Pointe,2025-02-06,R17,83,0,14:05,D20,Midwest,2026-06-25T06:46:29.225Z,2026-06-25T06:46:49.688Z
C007685,P001,Sunset Ridge,2025-05-11,R15,92,0,18:51,D07,Southeast,2026-06-25T06:46:29.225Z,2026-06-25T06:46:49.688Z
C007694,P008,Harbor Pointe,2025-05-22,R23,57,0,14:52,D15,Northeast,2026-06-25T06:46:29.225Z,2026-06-25T06:46:49.688Z
C007721,P004,Birchwood Commons,2025-04-28,R15,52,0,17:32,D08,Northeast,2026-06-25T06:46:29.225Z,2026-06-25T06:46:49.688Z
C007727,P002,Maple Court,2025-04-06,R22,76,0,17:59,D16,Midwest,2026-06-25T06:46:29.225Z,2026-06-25T06:46:49.688Z
C007738,P005,Lakeview Terrace,2025-03-02,R13,156,0,15:35,D19,Southeast,2026-06-25T06:46:29.225Z,2026-06-25T06:46:49.688Z
C007751,P005,Lakeview Terrace,2025-05-08,R18,103,1,14:47,D02,West,2026-06-25T06:46:29.225Z,2026-06-25T06:46:49.688Z
C007775,P007,Willow Creek,2025-06-15,R21,118,0,18:42,D05,Midwest,2026-06-25T06:46:29.225Z,2026-06-25T06:46:49.688Z
C007799,P003,Green Oaks,2025-05-22,R20,158,0,15:03,D07,West,2026-06-25T06:46:29.225Z,2026-06-25T06:46:49.688Z
C007812,P003,Green Oaks,2025-06-22,R17,116,0,19:04,D07,Midwest,2026-06-25T06:46:29.225Z,2026-06-25T06:46:49.688Z
C007838,P003,Green Oaks,2025-05-06,R24,102,0,15:19,D13,Midwest,2026-06-25T06:46:29.225Z,2026-06-25T06:46:49.688Z
C007842,P003,Green Oaks,2025-03-03,R17,128,2,18:01,D06,West,2026-06-25T06:46:29.225Z,2026-06-25T06:46:49.688Z
C007871,P007,Willow Creek,2025-06-18,R13,44,2,14:29,D19,Midwest,2026-06-25T06:46:29.225Z,2026-06-25T06:46:49.688Z
C007894,P003,Green Oaks,2025-06-26,R19,92,0,21:45,D20,Northeast,2026-06-25T06:46:29.225Z,2026-06-25T06:46:49.688Z
C007896,P002,Maple Court,2025-03-01,R21,160,2,14:01,D03,West,2026-06-25T06:46:29.225Z,2026-06-25T06:46:49.688Z
C007899,P004,Birchwood Commons,2025-05-11,R15,80,0,16:09,D01,Northeast,2026-06-25T06:46:29.225Z,2026-06-25T06:46:49.688Z
C007963,P004,Birchwood Commons,2025-05-10,R11,153,1,14:44,D17,West,2026-06-25T06:46:29.225Z,2026-06-25T06:46:49.688Z
C007964,P005,Lakeview Terrace,2025-01-09,R16,54,0,22:30,D02,Midwest,2026-06-25T06:46:29.225Z,2026-06-25T06:46:49.688Z
C007009,P001,Sunset Ridge,2025-04-23,R24,66,0,14:42,D05,West,2026-06-25T06:46:29.225Z,2026-06-25T06:46:49.688Z
C007021,P007,Willow Creek,2025-05-27,R18,123,0,19:48,D06,West,2026-06-25T06:46:29.225Z,2026-06-25T06:46:49.688Z
C007027,P008,Harbor Pointe,2025-02-22,R10,108,0,20:03,D10,Midwest,2026-06-25T06:46:29.225Z,2026-06-25T06:46:49.688Z
C007030,P004,Birchwood Commons,2025-02-28,R24,151,0,16:21,D13,West,2026-06-25T06:46:29.225Z,2026-06-25T06:46:49.688Z
C007036,P007,Willow Creek,2025-05-08,R14,93,0,17:21,D03,Northeast,2026-06-25T06:46:29.225Z,2026-06-25T06:46:49.688Z
C007047,P007,Willow Creek,2025-02-21,R18,122,0,21:39,D14,West,2026-06-25T06:46:29.225Z,2026-06-25T06:46:49.688Z
C007051,P002,Maple Court,2025-06-20,R19,112,2,20:04,D10,Northeast,2026-06-25T06:46:29.225Z,2026-06-25T06:46:49.688Z
C007066,P005,Lakeview Terrace,2025-01-27,R22,105,0,20:21,D15,Northeast,2026-06-25T06:46:29.225Z,2026-06-25T06:46:49.688Z
C007067,P007,Willow Creek,2025-02-20,R12,144,0,14:24,D17,Southeast,2026-06-25T06:46:29.225Z,2026-06-25T06:46:49.688Z
C007096,P004,Birchwood Commons,2025-06-01,R13,75,0,19:00,D02,Northeast,2026-06-25T06:46:29.225Z,2026-06-25T06:46:49.688Z
C007110,P006,Cedar Park,2025-03-23,R16,149,0,18:06,D14,Northeast,2026-06-25T06:46:29.225Z,2026-06-25T06:46:49.688Z
C007126,P007,Willow Creek,2025-04-16,R17,125,1,21:56,D03,West,2026-06-25T06:46:29.225Z,2026-06-25T06:46:49.688Z
C007154,P005,Lakeview Terrace,2025-02-22,R11,137,1,18:32,D10,Midwest,2026-06-25T06:46:29.225Z,2026-06-25T06:46:49.688Z
C007166,P005,Lakeview Terrace,2025-01-18,R22,92,0,19:05,D18,West,2026-06-25T06:46:29.225Z,2026-06-25T06:46:49.688Z
C007175,P008,Harbor Pointe,2025-02-10,R21,55,1,15:13,D03,Southeast,2026-06-25T06:46:29.225Z,2026-06-25T06:46:49.688Z
C007191,P005,Lakeview Terrace,2025-01-21,R10,81,0,18:53,D04,West,2026-06-25T06:46:29.225Z,2026-06-25T06:46:49.688Z
C007193,P002,Maple Court,2025-05-08,R19,46,0,14:13,D06,Midwest,2026-06-25T06:46:29.225Z,2026-06-25T06:46:49.688Z
C007197,P007,Willow Creek,2025-03-04,R24,101,0,17:03,D12,Northeast,2026-06-25T06:46:29.225Z,2026-06-25T06:46:49.688Z
C007208,P003,Green Oaks,2025-05-09,R16,64,1,16:44,D16,Northeast,2026-06-25T06:46:29.225Z,2026-06-25T06:46:49.688Z
C007244,P008,Harbor Pointe,2025-03-17,R11,63,1,21:36,D08,Southeast,2026-06-25T06:46:29.225Z,2026-06-25T06:46:49.688Z
C007253,P003,Green Oaks,2025-02-14,R15,139,0,19:33,D08,Southeast,2026-06-25T06:46:29.225Z,2026-06-25T06:46:49.688Z
C007260,P001,Sunset Ridge,2025-01-02,R12,46,0,21:55,D08,West,2026-06-25T06:46:29.225Z,2026-06-25T06:46:49.688Z
C007266,P008,Harbor Pointe,2025-03-10,R21,93,0,18:20,D13,Southeast,2026-06-25T06:46:29.225Z,2026-06-25T06:46:49.688Z
C007308,P004,Birchwood Commons,2025-04-04,R12,157,0,21:05,D02,Southeast,2026-06-25T06:46:29.225Z,2026-06-25T06:46:49.688Z
C007313,P007,Willow Creek,2025-02-04,R15,102,2,15:07,D20,Midwest,2026-06-25T06:46:29.225Z,2026-06-25T06:46:49.688Z
C007327,P003,Green Oaks,2025-01-27,R24,106,0,21:52,D18,Northeast,2026-06-25T06:46:29.225Z,2026-06-25T06:46:49.688Z
C007359,P006,Cedar Park,2025-02-21,R22,120,0,15:23,D11,West,2026-06-25T06:46:29.225Z,2026-06-25T06:46:49.688Z
C007388,P006,Cedar Park,2025-04-23,R11,116,0,20:04,D09,Southeast,2026-06-25T06:46:29.225Z,2026-06-25T06:46:49.688Z
C007411,P003,Green Oaks,2025-06-22,R22,136,0,19:06,D06,Southeast,2026-06-25T06:46:29.225Z,2026-06-25T06:46:49.688Z
C007433,P005,Lakeview Terrace,2025-06-23,R14,98,0,18:34,D10,Northeast,2026-06-25T06:46:29.225Z,2026-06-25T06:46:49.688Z
C007451,P005,Lakeview Terrace,2025-02-05,R18,52,0,17:05,D05,Southeast,2026-06-25T06:46:29.225Z,2026-06-25T06:46:49.688Z
C007469,P002,Maple Court,2025-03-07,R16,146,2,17:41,D15,Southeast,2026-06-25T06:46:29.225Z,2026-06-25T06:46:49.688Z
C007487,P002,Maple Court,2025-03-25,R23,50,0,14:10,D18,Midwest,2026-06-25T06:46:29.225Z,2026-06-25T06:46:49.688Z
C007498,P001,Sunset Ridge,2025-05-14,R18,152,0,20:44,D08,Midwest,2026-06-25T06:46:29.225Z,2026-06-25T06:46:49.688Z
C007501,P001,Sunset Ridge,2025-06-29,R12,111,2,18:17,D01,Midwest,2026-06-25T06:46:29.225Z,2026-06-25T06:46:49.688Z
C007511,P004,Birchwood Commons,2025-04-11,R18,107,1,15:16,D18,Northeast,2026-06-25T06:46:29.225Z,2026-06-25T06:46:49.688Z
C007614,P002,Maple Court,2025-02-27,R14,114,0,17:41,D05,Northeast,2026-06-25T06:46:29.225Z,2026-06-25T06:46:49.688Z
C007617,P003,Green Oaks,2025-05-26,R23,108,0,15:00,D02,Southeast,2026-06-25T06:46:29.225Z,2026-06-25T06:46:49.688Z
C007658,P008,Harbor Pointe,2025-06-28,R24,91,0,22:18,D17,West,2026-06-25T06:46:29.225Z,2026-06-25T06:46:49.688Z
C007667,P004,Birchwood Commons,2025-02-24,R11,157,0,21:21,D12,Midwest,2026-06-25T06:46:29.225Z,2026-06-25T06:46:49.688Z
C007674,P002,Maple Court,2025-03-23,R24,131,0,19:49,D12,Northeast,2026-06-25T06:46:29.225Z,2026-06-25T06:46:49.688Z
C007704,P008,Harbor Pointe,2025-02-16,R14,123,0,20:40,D19,Southeast,2026-06-25T06:46:29.225Z,2026-06-25T06:46:49.688Z
C007795,P005,Lakeview Terrace,2025-04-06,R20,122,1,19:42,D03,West,2026-06-25T06:46:29.225Z,2026-06-25T06:46:49.688Z
C007813,P002,Maple Court,2025-03-13,R18,64,0,19:56,D20,Southeast,2026-06-25T06:46:29.225Z,2026-06-25T06:46:49.688Z
C007814,P003,Green Oaks,2025-03-07,R10,54,0,18:02,D15,Midwest,2026-06-25T06:46:29.225Z,2026-06-25T06:46:49.688Z
C007825,P004,Birchwood Commons,2025-01-19,R24,130,0,18:56,D10,West,2026-06-25T06:46:29.225Z,2026-06-25T06:46:49.688Z
C007834,P004,Birchwood Commons,2025-01-19,R14,104,2,18:47,D10,Midwest,2026-06-25T06:46:29.225Z,2026-06-25T06:46:49.688Z
C007843,P006,Cedar Park,2025-04-01,R19,63,0,18:23,D18,Southeast,2026-06-25T06:46:29.225Z,2026-06-25T06:46:49.688Z
C007852,P003,Green Oaks,2025-03-06,R22,124,0,17:39,D14,West,2026-06-25T06:46:29.225Z,2026-06-25T06:46:49.688Z
C007853,P006,Cedar Park,2025-04-03,R21,53,0,18:06,D19,Southeast,2026-06-25T06:46:29.225Z,2026-06-25T06:46:49.688Z
C007861,P002,Maple Court,2025-03-25,R16,42,2,22:15,D10,Southeast,2026-06-25T06:46:29.225Z,2026-06-25T06:46:49.688Z
C007869,P004,Birchwood Commons,2025-03-13,R17,133,0,20:37,D15,Southeast,2026-06-25T06:46:29.225Z,2026-06-25T06:46:49.688Z
C007874,P008,Harbor Pointe,2025-04-09,R17,68,0,19:47,D04,Southeast,2026-06-25T06:46:29.225Z,2026-06-25T06:46:49.688Z
C007914,P004,Birchwood Commons,2025-06-14,R19,135,3,21:46,D16,Midwest,2026-06-25T06:46:29.225Z,2026-06-25T06:46:49.688Z
C007920,P008,Harbor Pointe,2025-01-17,R20,76,2,20:29,D11,West,2026-06-25T06:46:29.225Z,2026-06-25T06:46:49.688Z
C007928,P003,Green Oaks,2025-05-22,R12,118,2,22:12,D02,Midwest,2026-06-25T06:46:29.225Z,2026-06-25T06:46:49.688Z
C007949,P003,Green Oaks,2025-01-26,R24,147,1,21:37,D04,Midwest,2026-06-25T06:46:29.225Z,2026-06-25T06:46:49.688Z
C007955,P008,Harbor Pointe,2025-01-27,R17,126,0,21:14,D01,Northeast,2026-06-25T06:46:29.225Z,2026-06-25T06:46:49.688Z
C007967,P003,Green Oaks,2025-01-08,R13,58,0,18:40,D07,West,2026-06-25T06:46:29.225Z,2026-06-25T06:46:49.688Z
C007014,P005,Lakeview Terrace,2025-05-22,R10,123,0,15:20,D04,Northeast,2026-06-25T06:46:29.225Z,2026-06-25T06:46:49.688Z
C007050,P003,Green Oaks,2025-06-07,R22,52,1,21:00,D06,West,2026-06-25T06:46:29.225Z,2026-06-25T06:46:49.688Z
C007072,P001,Sunset Ridge,2025-06-10,R17,136,0,18:36,D11,Southeast,2026-06-25T06:46:29.225Z,2026-06-25T06:46:49.688Z
C007082,P001,Sunset Ridge,2025-06-25,R22,155,2,15:49,D02,Midwest,2026-06-25T06:46:29.225Z,2026-06-25T06:46:49.688Z
C007097,P002,Maple Court,2025-01-27,R20,51,0,17:40,D02,Midwest,2026-06-25T06:46:29.225Z,2026-06-25T06:46:49.688Z
C007102,P005,Lakeview Terrace,2025-06-04,R14,154,0,18:03,D11,Northeast,2026-06-25T06:46:29.225Z,2026-06-25T06:46:49.688Z
C007103,P005,Lakeview Terrace,2025-04-23,R17,136,0,21:10,D03,Midwest,2026-06-25T06:46:29.225Z,2026-06-25T06:46:49.688Z
C007125,P004,Birchwood Commons,2025-03-10,R16,57,0,20:37,D14,Southeast,2026-06-25T06:46:29.225Z,2026-06-25T06:46:49.688Z
C007141,P004,Birchwood Commons,2025-05-05,R10,140,0,21:36,D01,Southeast,2026-06-25T06:46:29.225Z,2026-06-25T06:46:49.688Z
C007171,P007,Willow Creek,2025-05-26,R17,44,0,15:57,D11,Northeast,2026-06-25T06:46:29.225Z,2026-06-25T06:46:49.688Z
C007198,P007,Willow Creek,2025-05-18,R24,135,0,18:48,D11,West,2026-06-25T06:46:29.225Z,2026-06-25T06:46:49.688Z
C007205,P001,Sunset Ridge,2025-02-23,R12,78,0,16:24,D10,Northeast,2026-06-25T06:46:29.225Z,2026-06-25T06:46:49.688Z
C007218,P005,Lakeview Terrace,2025-01-04,R17,150,2,22:11,D09,West,2026-06-25T06:46:29.225Z,2026-06-25T06:46:49.688Z
C007249,P004,Birchwood Commons,2025-03-19,R10,114,0,21:20,D08,Midwest,2026-06-25T06:46:29.225Z,2026-06-25T06:46:49.688Z
C007250,P002,Maple Court,2025-06-26,R14,114,0,16:32,D19,West,2026-06-25T06:46:29.225Z,2026-06-25T06:46:49.688Z
C007254,P006,Cedar Park,2025-01-03,R18,47,0,22:49,D15,Northeast,2026-06-25T06:46:29.225Z,2026-06-25T06:46:49.688Z
C007272,P003,Green Oaks,2025-05-20,R16,91,2,20:43,D20,Southeast,2026-06-25T06:46:29.225Z,2026-06-25T06:46:49.688Z
C007325,P003,Green Oaks,2025-02-06,R13,155,3,16:08,D09,Midwest,2026-06-25T06:46:29.225Z,2026-06-25T06:46:49.688Z
C007343,P001,Sunset Ridge,2025-02-12,R10,141,0,16:10,D16,Midwest,2026-06-25T06:46:29.225Z,2026-06-25T06:46:49.688Z
C007361,P002,Maple Court,2025-01-15,R15,78,0,16:54,D04,Southeast,2026-06-25T06:46:29.225Z,2026-06-25T06:46:49.688Z
C007367,P005,Lakeview Terrace,2025-02-10,R24,112,0,19:05,D17,Southeast,2026-06-25T06:46:29.225Z,2026-06-25T06:46:49.688Z
C007371,P002,Maple Court,2025-01-13,R10,40,0,20:37,D11,West,2026-06-25T06:46:29.225Z,2026-06-25T06:46:49.688Z
C007378,P004,Birchwood Commons,2025-06-26,R19,64,0,15:33,D12,West,2026-06-25T06:46:29.225Z,2026-06-25T06:46:49.688Z
C007402,P003,Green Oaks,2025-06-15,R20,120,1,14:03,D06,Northeast,2026-06-25T06:46:29.225Z,2026-06-25T06:46:49.688Z
C007407,P003,Green Oaks,2025-04-07,R11,84,0,16:52,D19,West,2026-06-25T06:46:29.225Z,2026-06-25T06:46:49.688Z
C007420,P003,Green Oaks,2025-01-17,R19,60,0,21:48,D01,Midwest,2026-06-25T06:46:29.225Z,2026-06-25T06:46:49.688Z
C007435,P008,Harbor Pointe,2025-01-31,R12,119,0,15:16,D05,West,2026-06-25T06:46:29.225Z,2026-06-25T06:46:49.688Z
C007455,P003,Green Oaks,2025-06-28,R16,130,0,20:28,D10,Southeast,2026-06-25T06:46:29.225Z,2026-06-25T06:46:49.688Z
C007467,P006,Cedar Park,2025-01-26,R22,153,0,16:33,D12,Northeast,2026-06-25T06:46:29.225Z,2026-06-25T06:46:49.688Z
C007529,P008,Harbor Pointe,2025-03-04,R12,46,2,15:30,D01,Southeast,2026-06-25T06:46:29.225Z,2026-06-25T06:46:49.688Z
C007555,P008,Harbor Pointe,2025-06-10,R11,94,0,18:48,D13,Midwest,2026-06-25T06:46:29.225Z,2026-06-25T06:46:49.688Z
C007559,P003,Green Oaks,2025-05-13,R21,92,1,17:30,D09,Southeast,2026-06-25T06:46:29.225Z,2026-06-25T06:46:49.688Z
C007560,P001,Sunset Ridge,2025-05-31,R13,156,0,16:11,D11,Southeast,2026-06-25T06:46:29.225Z,2026-06-25T06:46:49.688Z
C007562,P006,Cedar Park,2025-06-16,R14,124,0,19:46,D10,Northeast,2026-06-25T06:46:29.225Z,2026-06-25T06:46:49.688Z
C007563,P008,Harbor Pointe,2025-05-04,R18,156,2,21:45,D20,Midwest,2026-06-25T06:46:29.225Z,2026-06-25T06:46:49.688Z
C007578,P002,Maple Court,2025-03-19,R21,116,1,20:31,D19,Southeast,2026-06-25T06:46:29.225Z,2026-06-25T06:46:49.688Z
C007579,P006,Cedar Park,2025-05-23,R11,119,0,16:00,D17,Northeast,2026-06-25T06:46:29.225Z,2026-06-25T06:46:49.688Z
C007580,P006,Cedar Park,2025-06-09,R13,141,1,22:21,D03,Northeast,2026-06-25T06:46:29.225Z,2026-06-25T06:46:49.688Z
C007625,P001,Sunset Ridge,2025-01-29,R22,136,1,21:56,D02,Southeast,2026-06-25T06:46:29.225Z,2026-06-25T06:46:49.688Z
C007638,P001,Sunset Ridge,2025-01-19,R20,137,0,17:32,D18,West,2026-06-25T06:46:29.225Z,2026-06-25T06:46:49.688Z
C007669,P007,Willow Creek,2025-01-16,R15,108,2,19:32,D05,West,2026-06-25T06:46:29.225Z,2026-06-25T06:46:49.688Z
C007673,P007,Willow Creek,2025-04-15,R11,119,0,14:29,D11,Southeast,2026-06-25T06:46:29.225Z,2026-06-25T06:46:49.688Z
C007680,P008,Harbor Pointe,2025-04-14,R16,118,0,14:21,D09,Midwest,2026-06-25T06:46:29.225Z,2026-06-25T06:46:49.688Z
C007688,P004,Birchwood Commons,2025-05-25,R15,42,0,19:19,D10,Northeast,2026-06-25T06:46:29.225Z,2026-06-25T06:46:49.688Z
C007693,P006,Cedar Park,2025-02-18,R24,159,0,17:48,D20,Northeast,2026-06-25T06:46:29.225Z,2026-06-25T06:46:49.688Z
C007708,P003,Green Oaks,2025-03-20,R13,124,0,18:08,D02,Midwest,2026-06-25T06:46:29.225Z,2026-06-25T06:46:49.688Z
C007712,P005,Lakeview Terrace,2025-03-28,R19,49,0,21:34,D11,Southeast,2026-06-25T06:46:29.225Z,2026-06-25T06:46:49.688Z
C007725,P004,Birchwood Commons,2025-01-22,R13,139,0,18:16,D04,Northeast,2026-06-25T06:46:29.225Z,2026-06-25T06:46:49.688Z
C007733,P008,Harbor Pointe,2025-01-30,R14,144,0,14:22,D09,Southeast,2026-06-25T06:46:29.225Z,2026-06-25T06:46:49.688Z
C007768,P005,Lakeview Terrace,2025-03-24,R21,40,2,22:56,D11,Southeast,2026-06-25T06:46:29.225Z,2026-06-25T06:46:49.688Z
C007780,P005,Lakeview Terrace,2025-01-24,R14,55,0,14:32,D18,Midwest,2026-06-25T06:46:29.225Z,2026-06-25T06:46:49.688Z
C007818,P008,Harbor Pointe,2025-06-16,R23,158,1,19:12,D04,West,2026-06-25T06:46:29.225Z,2026-06-25T06:46:49.688Z
C007868,P002,Maple Court,2025-05-31,R14,73,0,21:30,D06,Southeast,2026-06-25T06:46:29.225Z,2026-06-25T06:46:49.688Z
C007872,P002,Maple Court,2025-02-23,R17,104,1,21:48,D07,Northeast,2026-06-25T06:46:29.225Z,2026-06-25T06:46:49.688Z
C007887,P007,Willow Creek,2025-01-22,R15,51,3,21:44,D12,West,2026-06-25T06:46:29.225Z,2026-06-25T06:46:49.688Z
C007942,P005,Lakeview Terrace,2025-04-10,R13,114,0,22:30,D17,Northeast,2026-06-25T06:46:29.225Z,2026-06-25T06:46:49.688Z
C007958,P002,Maple Court,2025-01-06,R17,111,0,19:27,D07,Northeast,2026-06-25T06:46:29.225Z,2026-06-25T06:46:49.688Z
C007979,P005,Lakeview Terrace,2025-01-07,R17,155,0,20:57,D13,Southeast,2026-06-25T06:46:29.225Z,2026-06-25T06:46:49.688Z
C007997,P001,Sunset Ridge,2025-02-05,R15,148,0,14:03,D09,Northeast,2026-06-25T06:46:29.225Z,2026-06-25T06:46:49.688Z
C007002,P004,Birchwood Commons,2025-04-10,R20,50,0,14:02,D05,Northeast,2026-06-25T06:46:29.225Z,2026-06-25T06:46:49.688Z
C007008,P005,Lakeview Terrace,2025-04-04,R21,65,0,15:01,D11,Northeast,2026-06-25T06:46:29.225Z,2026-06-25T06:46:49.688Z
C007032,P007,Willow Creek,2025-01-26,R18,69,0,18:34,D10,Midwest,2026-06-25T06:46:29.225Z,2026-06-25T06:46:49.688Z
C007042,P005,Lakeview Terrace,2025-03-13,R14,98,0,22:13,D01,West,2026-06-25T06:46:29.225Z,2026-06-25T06:46:49.688Z
C007075,P004,Birchwood Commons,2025-06-22,R20,92,0,16:17,D02,Northeast,2026-06-25T06:46:29.225Z,2026-06-25T06:46:49.688Z
C007083,P006,Cedar Park,2025-06-04,R18,138,0,19:43,D04,Southeast,2026-06-25T06:46:29.225Z,2026-06-25T06:46:49.688Z
C007158,P003,Green Oaks,2025-04-09,R23,123,0,22:23,D03,West,2026-06-25T06:46:29.225Z,2026-06-25T06:46:49.688Z
C007169,P007,Willow Creek,2025-05-17,R20,105,1,20:20,D04,Northeast,2026-06-25T06:46:29.225Z,2026-06-25T06:46:49.688Z
C007177,P006,Cedar Park,2025-04-24,R23,149,3,19:23,D15,West,2026-06-25T06:46:29.225Z,2026-06-25T06:46:49.688Z
C007192,P004,Birchwood Commons,2025-06-21,R17,41,0,14:49,D18,West,2026-06-25T06:46:29.225Z,2026-06-25T06:46:49.688Z
C007196,P004,Birchwood Commons,2025-01-20,R12,67,1,17:34,D12,Northeast,2026-06-25T06:46:29.225Z,2026-06-25T06:46:49.688Z
C007236,P006,Cedar Park,2025-02-27,R21,84,0,19:43,D17,Southeast,2026-06-25T06:46:29.225Z,2026-06-25T06:46:49.688Z
C007245,P003,Green Oaks,2025-06-10,R24,89,0,16:41,D16,West,2026-06-25T06:46:29.225Z,2026-06-25T06:46:49.688Z
C007246,P001,Sunset Ridge,2025-03-22,R16,128,0,14:19,D04,West,2026-06-25T06:46:29.225Z,2026-06-25T06:46:49.688Z
C007273,P003,Green Oaks,2025-04-09,R21,131,1,21:55,D15,Southeast,2026-06-25T06:46:29.225Z,2026-06-25T06:46:49.688Z
C007274,P007,Willow Creek,2025-06-22,R21,140,1,20:22,D15,Northeast,2026-06-25T06:46:29.225Z,2026-06-25T06:46:49.688Z
C007275,P006,Cedar Park,2025-05-18,R23,116,1,21:28,D11,West,2026-06-25T06:46:29.225Z,2026-06-25T06:46:49.688Z
C007276,P004,Birchwood Commons,2025-05-06,R21,125,0,22:01,D02,West,2026-06-25T06:46:29.225Z,2026-06-25T06:46:49.688Z
C007289,P007,Willow Creek,2025-03-03,R15,146,0,14:39,D09,Southeast,2026-06-25T06:46:29.225Z,2026-06-25T06:46:49.688Z
C007304,P005,Lakeview Terrace,2025-02-23,R22,83,0,16:17,D09,West,2026-06-25T06:46:29.225Z,2026-06-25T06:46:49.688Z
C007309,P002,Maple Court,2025-03-18,R23,62,0,20:49,D09,Midwest,2026-06-25T06:46:29.225Z,2026-06-25T06:46:49.688Z
C007334,P007,Willow Creek,2025-06-21,R16,62,0,19:50,D01,Southeast,2026-06-25T06:46:29.225Z,2026-06-25T06:46:49.688Z
C007344,P004,Birchwood Commons,2025-04-03,R15,140,1,18:59,D07,Midwest,2026-06-25T06:46:29.225Z,2026-06-25T06:46:49.688Z
C007346,P001,Sunset Ridge,2025-06-16,R10,69,0,21:49,D18,Southeast,2026-06-25T06:46:29.225Z,2026-06-25T06:46:49.688Z
C007360,P002,Maple Court,2025-04-18,R20,123,0,18:42,D08,West,2026-06-25T06:46:29.225Z,2026-06-25T06:46:49.688Z
C007363,P006,Cedar Park,2025-03-25,R11,100,0,17:14,D13,West,2026-06-25T06:46:29.225Z,2026-06-25T06:46:49.688Z
C007393,P001,Sunset Ridge,2025-06-14,R23,70,0,15:53,D11,West,2026-06-25T06:46:29.225Z,2026-06-25T06:46:49.688Z
C007405,P004,Birchwood Commons,2025-04-14,R15,148,0,20:11,D18,West,2026-06-25T06:46:29.225Z,2026-06-25T06:46:49.688Z
C007421,P008,Harbor Pointe,2025-01-15,R16,120,0,18:08,D02,Southeast,2026-06-25T06:46:29.225Z,2026-06-25T06:46:49.688Z
C007422,P004,Birchwood Commons,2025-01-24,R11,45,0,15:02,D20,Southeast,2026-06-25T06:46:29.225Z,2026-06-25T06:46:49.688Z
C007431,P002,Maple Court,2025-04-27,R11,91,0,14:46,D17,Northeast,2026-06-25T06:46:29.225Z,2026-06-25T06:46:49.688Z
C007438,P005,Lakeview Terrace,2025-06-03,R15,134,0,16:57,D11,Southeast,2026-06-25T06:46:29.225Z,2026-06-25T06:46:49.688Z
C007440,P008,Harbor Pointe,2025-06-08,R18,43,3,17:54,D20,Midwest,2026-06-25T06:46:29.225Z,2026-06-25T06:46:49.688Z
C007454,P008,Harbor Pointe,2025-05-08,R10,144,0,20:55,D17,Midwest,2026-06-25T06:46:29.225Z,2026-06-25T06:46:49.688Z
C007477,P003,Green Oaks,2025-06-28,R12,115,2,15:59,D07,West,2026-06-25T06:46:29.225Z,2026-06-25T06:46:49.688Z
C007518,P003,Green Oaks,2025-03-09,R24,62,1,19:39,D15,Midwest,2026-06-25T06:46:29.225Z,2026-06-25T06:46:49.688Z
C007570,P002,Maple Court,2025-04-04,R10,62,0,20:10,D06,Northeast,2026-06-25T06:46:29.225Z,2026-06-25T06:46:49.688Z
C007576,P002,Maple Court,2025-01-07,R17,61,0,18:03,D20,Midwest,2026-06-25T06:46:29.225Z,2026-06-25T06:46:49.688Z
C007596,P004,Birchwood Commons,2025-05-11,R16,119,0,17:59,D18,Southeast,2026-06-25T06:46:29.225Z,2026-06-25T06:46:49.688Z
C007597,P007,Willow Creek,2025-03-31,R10,100,0,14:42,D09,Midwest,2026-06-25T06:46:29.225Z,2026-06-25T06:46:49.688Z
C007609,P008,Harbor Pointe,2025-04-20,R17,46,0,15:59,D12,West,2026-06-25T06:46:29.225Z,2026-06-25T06:46:49.688Z
C007619,P007,Willow Creek,2025-05-11,R22,72,1,18:44,D20,Southeast,2026-06-25T06:46:29.225Z,2026-06-25T06:46:49.688Z
C007623,P003,Green Oaks,2025-05-30,R17,49,3,21:55,D13,West,2026-06-25T06:46:29.225Z,2026-06-25T06:46:49.688Z
C007628,P004,Birchwood Commons,2025-04-27,R11,158,0,16:13,D08,Southeast,2026-06-25T06:46:29.225Z,2026-06-25T06:46:49.688Z
C007692,P007,Willow Creek,2025-06-16,R21,56,0,18:12,D14,Southeast,2026-06-25T06:46:29.225Z,2026-06-25T06:46:49.688Z
C007713,P005,Lakeview Terrace,2025-02-26,R14,142,1,19:46,D11,Midwest,2026-06-25T06:46:29.225Z,2026-06-25T06:46:49.688Z
C007715,P002,Maple Court,2025-02-09,R18,122,0,22:33,D13,Southeast,2026-06-25T06:46:29.225Z,2026-06-25T06:46:49.688Z
C007740,P005,Lakeview Terrace,2025-05-19,R20,123,0,21:57,D06,West,2026-06-25T06:46:29.225Z,2026-06-25T06:46:49.688Z
C007758,P001,Sunset Ridge,2025-05-17,R20,67,0,21:05,D15,Southeast,2026-06-25T06:46:29.225Z,2026-06-25T06:46:49.688Z
C007759,P001,Sunset Ridge,2025-05-21,R17,76,0,20:50,D04,Midwest,2026-06-25T06:46:29.225Z,2026-06-25T06:46:49.688Z
C007772,P004,Birchwood Commons,2025-03-05,R24,95,0,21:47,D07,West,2026-06-25T06:46:29.225Z,2026-06-25T06:46:49.688Z
C007778,P002,Maple Court,2025-06-24,R24,40,0,21:10,D08,Midwest,2026-06-25T06:46:29.225Z,2026-06-25T06:46:49.688Z
C007833,P006,Cedar Park,2025-01-04,R19,99,0,22:50,D14,Midwest,2026-06-25T06:46:29.225Z,2026-06-25T06:46:49.688Z
C007846,P005,Lakeview Terrace,2025-05-02,R24,114,0,14:37,D19,Northeast,2026-06-25T06:46:29.225Z,2026-06-25T06:46:49.688Z
C007910,P001,Sunset Ridge,2025-04-19,R24,89,0,22:57,D17,West,2026-06-25T06:46:29.225Z,2026-06-25T06:46:49.688Z
C007925,P005,Lakeview Terrace,2025-03-27,R11,149,2,21:09,D16,Midwest,2026-06-25T06:46:29.225Z,2026-06-25T06:46:49.688Z
C007966,P002,Maple Court,2025-05-18,R14,128,1,20:17,D06,Northeast,2026-06-25T06:46:29.225Z,2026-06-25T06:46:49.688Z
C007969,P003,Green Oaks,2025-02-08,R14,150,0,16:38,D06,Southeast,2026-06-25T06:46:29.225Z,2026-06-25T06:46:49.688Z
C007981,P007,Willow Creek,2025-04-29,R16,141,0,17:31,D16,West,2026-06-25T06:46:29.225Z,2026-06-25T06:46:49.688Z
C007003,P002,Maple Court,2025-01-24,R17,148,0,19:33,D13,Midwest,2026-06-25T06:46:29.225Z,2026-06-25T06:46:49.688Z
C007007,P005,Lakeview Terrace,2025-01-22,R23,99,0,17:50,D20,West,2026-06-25T06:46:29.225Z,2026-06-25T06:46:49.688Z
C007010,P001,Sunset Ridge,2025-03-26,R18,157,0,22:37,D11,West,2026-06-25T06:46:29.225Z,2026-06-25T06:46:49.688Z
C007012,P005,Lakeview Terrace,2025-02-11,R19,75,0,19:10,D04,Midwest,2026-06-25T06:46:29.225Z,2026-06-25T06:46:49.688Z
C007024,P001,Sunset Ridge,2025-06-04,R12,41,1,21:37,D01,West,2026-06-25T06:46:29.225Z,2026-06-25T06:46:49.688Z
C007064,P007,Willow Creek,2025-05-22,R17,160,3,22:52,D06,Midwest,2026-06-25T06:46:29.225Z,2026-06-25T06:46:49.688Z
C007081,P005,Lakeview Terrace,2025-04-16,R22,101,1,15:52,D07,Midwest,2026-06-25T06:46:29.225Z,2026-06-25T06:46:49.688Z
C007130,P001,Sunset Ridge,2025-05-01,R22,108,0,21:21,D11,Southeast,2026-06-25T06:46:29.225Z,2026-06-25T06:46:49.688Z
C007133,P008,Harbor Pointe,2025-05-28,R10,96,0,18:53,D03,Northeast,2026-06-25T06:46:29.225Z,2026-06-25T06:46:49.688Z
C007172,P003,Green Oaks,2025-06-27,R16,79,2,15:47,D05,Northeast,2026-06-25T06:46:29.225Z,2026-06-25T06:46:49.688Z
C007204,P002,Maple Court,2025-01-18,R15,143,0,20:51,D17,West,2026-06-25T06:46:29.225Z,2026-06-25T06:46:49.688Z
C007231,P002,Maple Court,2025-03-10,R15,75,0,15:30,D16,West,2026-06-25T06:46:29.225Z,2026-06-25T06:46:49.688Z
C007240,P002,Maple Court,2025-01-27,R13,104,0,19:45,D10,Southeast,2026-06-25T06:46:29.225Z,2026-06-25T06:46:49.688Z
C007264,P002,Maple Court,2025-03-07,R11,133,2,17:53,D19,Midwest,2026-06-25T06:46:29.225Z,2026-06-25T06:46:49.688Z
C007282,P003,Green Oaks,2025-05-12,R22,120,1,22:33,D01,Midwest,2026-06-25T06:46:29.225Z,2026-06-25T06:46:49.688Z
C007294,P001,Sunset Ridge,2025-01-21,R12,62,2,15:15,D04,West,2026-06-25T06:46:29.225Z,2026-06-25T06:46:49.688Z
C007316,P002,Maple Court,2025-04-17,R17,97,0,20:07,D19,West,2026-06-25T06:46:29.225Z,2026-06-25T06:46:49.688Z
C007320,P006,Cedar Park,2025-02-05,R21,146,1,14:49,D09,Southeast,2026-06-25T06:46:29.225Z,2026-06-25T06:46:49.688Z
C007333,P005,Lakeview Terrace,2025-05-04,R17,57,0,22:50,D04,Northeast,2026-06-25T06:46:29.225Z,2026-06-25T06:46:49.688Z
C007374,P001,Sunset Ridge,2025-01-13,R15,112,0,14:41,D14,Northeast,2026-06-25T06:46:29.225Z,2026-06-25T06:46:49.688Z
C007380,P007,Willow Creek,2025-02-07,R18,110,1,22:46,D04,Southeast,2026-06-25T06:46:29.225Z,2026-06-25T06:46:49.688Z
C007381,P007,Willow Creek,2025-05-01,R21,120,0,17:11,D02,Southeast,2026-06-25T06:46:29.225Z,2026-06-25T06:46:49.688Z
C007382,P004,Birchwood Commons,2025-06-03,R10,102,0,22:07,D15,West,2026-06-25T06:46:29.225Z,2026-06-25T06:46:49.688Z
C007386,P001,Sunset Ridge,2025-04-10,R10,72,0,16:51,D12,West,2026-06-25T06:46:29.225Z,2026-06-25T06:46:49.688Z
C007400,P007,Willow Creek,2025-02-22,R11,64,0,19:41,D09,Midwest,2026-06-25T06:46:29.225Z,2026-06-25T06:46:49.688Z
C007410,P003,Green Oaks,2025-04-30,R23,50,0,19:21,D16,Northeast,2026-06-25T06:46:29.225Z,2026-06-25T06:46:49.688Z
C007441,P007,Willow Creek,2025-03-07,R12,46,0,21:21,D07,Southeast,2026-06-25T06:46:29.225Z,2026-06-25T06:46:49.688Z
C007464,P005,Lakeview Terrace,2025-04-10,R22,87,1,14:22,D17,Midwest,2026-06-25T06:46:29.225Z,2026-06-25T06:46:49.688Z
C007466,P007,Willow Creek,2025-05-29,R24,89,0,22:37,D17,Southeast,2026-06-25T06:46:29.225Z,2026-06-25T06:46:49.688Z
C007470,P008,Harbor Pointe,2025-04-28,R24,73,0,16:57,D01,Southeast,2026-06-25T06:46:29.225Z,2026-06-25T06:46:49.688Z
C007485,P008,Harbor Pointe,2025-02-05,R11,95,0,22:31,D10,West,2026-06-25T06:46:29.225Z,2026-06-25T06:46:49.688Z
C007492,P003,Green Oaks,2025-02-17,R14,81,1,22:09,D09,West,2026-06-25T06:46:29.225Z,2026-06-25T06:46:49.688Z
C007504,P004,Birchwood Commons,2025-03-25,R24,102,0,16:25,D01,West,2026-06-25T06:46:29.225Z,2026-06-25T06:46:49.688Z
C007510,P003,Green Oaks,2025-02-28,R13,79,0,18:08,D09,Southeast,2026-06-25T06:46:29.225Z,2026-06-25T06:46:49.688Z
C007531,P002,Maple Court,2025-05-03,R10,153,0,20:29,D10,Northeast,2026-06-25T06:46:29.225Z,2026-06-25T06:46:49.688Z
C007535,P008,Harbor Pointe,2025-01-31,R22,55,2,19:45,D11,Southeast,2026-06-25T06:46:29.225Z,2026-06-25T06:46:49.688Z
C007554,P001,Sunset Ridge,2025-03-15,R19,88,2,22:14,D09,West,2026-06-25T06:46:29.225Z,2026-06-25T06:46:49.688Z
C007620,P003,Green Oaks,2025-04-11,R17,128,3,21:49,D14,Northeast,2026-06-25T06:46:29.225Z,2026-06-25T06:46:49.688Z
C007654,P005,Lakeview Terrace,2025-06-04,R24,154,3,15:34,D11,Midwest,2026-06-25T06:46:29.225Z,2026-06-25T06:46:49.688Z
C007670,P005,Lakeview Terrace,2025-04-21,R24,143,3,20:54,D20,Southeast,2026-06-25T06:46:29.225Z,2026-06-25T06:46:49.688Z
C007671,P008,Harbor Pointe,2025-03-30,R13,121,0,14:40,D08,West,2026-06-25T06:46:29.225Z,2026-06-25T06:46:49.688Z
C007726,P007,Willow Creek,2025-04-08,R19,133,0,17:32,D19,Midwest,2026-06-25T06:46:29.225Z,2026-06-25T06:46:49.688Z
C007749,P002,Maple Court,2025-02-23,R13,148,0,22:50,D18,West,2026-06-25T06:46:29.225Z,2026-06-25T06:46:49.688Z
C007756,P004,Birchwood Commons,2025-01-20,R12,88,2,14:15,D18,West,2026-06-25T06:46:29.225Z,2026-06-25T06:46:49.688Z
C007761,P007,Willow Creek,2025-04-10,R21,136,0,17:25,D07,Southeast,2026-06-25T06:46:29.225Z,2026-06-25T06:46:49.688Z
C007805,P005,Lakeview Terrace,2025-03-15,R21,69,0,17:14,D02,Northeast,2026-06-25T06:46:29.225Z,2026-06-25T06:46:49.688Z
C007829,P002,Maple Court,2025-03-06,R15,155,0,22:58,D17,Midwest,2026-06-25T06:46:29.225Z,2026-06-25T06:46:49.688Z
C007845,P001,Sunset Ridge,2025-06-15,R23,81,0,15:16,D08,Midwest,2026-06-25T06:46:29.225Z,2026-06-25T06:46:49.688Z
C007851,P006,Cedar Park,2025-03-09,R17,98,0,15:35,D02,West,2026-06-25T06:46:29.225Z,2026-06-25T06:46:49.688Z
C007855,P003,Green Oaks,2025-04-06,R15,42,0,21:27,D07,Midwest,2026-06-25T06:46:29.225Z,2026-06-25T06:46:49.688Z
C007881,P008,Harbor Pointe,2025-01-03,R15,87,0,14:16,D01,Northeast,2026-06-25T06:46:29.225Z,2026-06-25T06:46:49.688Z
C007900,P005,Lakeview Terrace,2025-01-26,R15,123,0,20:11,D04,Midwest,2026-06-25T06:46:29.225Z,2026-06-25T06:46:49.688Z
C007912,P006,Cedar Park,2025-06-08,R13,125,1,22:47,D16,Northeast,2026-06-25T06:46:29.225Z,2026-06-25T06:46:49.688Z
C007913,P006,Cedar Park,2025-01-20,R13,133,1,18:11,D19,West,2026-06-25T06:46:29.225Z,2026-06-25T06:46:49.688Z
C007929,P004,Birchwood Commons,2025-02-07,R13,152,0,21:01,D09,Northeast,2026-06-25T06:46:29.225Z,2026-06-25T06:46:49.688Z
C007931,P008,Harbor Pointe,2025-01-09,R13,138,0,18:21,D04,Midwest,2026-06-25T06:46:29.225Z,2026-06-25T06:46:49.688Z
C007935,P002,Maple Court,2025-04-11,R12,107,3,14:59,D14,Northeast,2026-06-25T06:46:29.225Z,2026-06-25T06:46:49.688Z
C007938,P002,Maple Court,2025-06-07,R13,74,0,15:07,D05,Midwest,2026-06-25T06:46:29.225Z,2026-06-25T06:46:49.688Z
C007961,P007,Willow Creek,2025-04-28,R14,91,0,22:49,D07,West,2026-06-25T06:46:29.225Z,2026-06-25T06:46:49.688Z
C007962,P003,Green Oaks,2025-03-03,R10,112,0,18:33,D04,West,2026-06-25T06:46:29.225Z,2026-06-25T06:46:49.688Z
C007973,P007,Willow Creek,2025-06-20,R11,156,0,20:47,D19,Southeast,2026-06-25T06:46:29.225Z,2026-06-25T06:46:49.688Z
C007974,P004,Birchwood Commons,2025-02-21,R20,137,0,22:43,D03,Midwest,2026-06-25T06:46:29.225Z,2026-06-25T06:46:49.688Z
C007985,P002,Maple Court,2025-06-18,R19,79,3,14:26,D18,Southeast,2026-06-25T06:46:29.225Z,2026-06-25T06:46:49.688Z
C007989,P004,Birchwood Commons,2025-03-30,R20,149,2,22:47,D14,Northeast,2026-06-25T06:46:29.225Z,2026-06-25T06:46:49.688Z
C007996,P007,Willow Creek,2025-03-21,R13,130,0,22:22,D20,Northeast,2026-06-25T06:46:29.225Z,2026-06-25T06:46:49.688Z
C007013,P007,Willow Creek,2025-03-30,R10,94,1,16:41,D01,Southeast,2026-06-25T06:46:29.225Z,2026-06-25T06:46:49.688Z
C007028,P006,Cedar Park,2025-04-30,R18,98,1,16:49,D12,Midwest,2026-06-25T06:46:29.225Z,2026-06-25T06:46:49.688Z
C007035,P007,Willow Creek,2025-03-05,R20,83,0,17:54,D13,West,2026-06-25T06:46:29.225Z,2026-06-25T06:46:49.688Z
C007041,P005,Lakeview Terrace,2025-01-02,R11,58,3,17:59,D03,Northeast,2026-06-25T06:46:29.225Z,2026-06-25T06:46:49.688Z
C007074,P005,Lakeview Terrace,2025-02-06,R20,73,1,15:50,D14,Southeast,2026-06-25T06:46:29.225Z,2026-06-25T06:46:49.688Z
C007079,P004,Birchwood Commons,2025-03-25,R18,84,0,15:51,D14,Midwest,2026-06-25T06:46:29.225Z,2026-06-25T06:46:49.688Z
C007080,P002,Maple Court,2025-03-22,R22,55,0,20:18,D09,West,2026-06-25T06:46:29.225Z,2026-06-25T06:46:49.688Z
C007088,P008,Harbor Pointe,2025-04-12,R11,90,0,22:37,D06,West,2026-06-25T06:46:29.225Z,2026-06-25T06:46:49.688Z
C007108,P006,Cedar Park,2025-05-23,R18,160,0,18:46,D02,Northeast,2026-06-25T06:46:29.225Z,2026-06-25T06:46:49.688Z
C007109,P006,Cedar Park,2025-05-04,R21,98,0,15:52,D06,West,2026-06-25T06:46:29.225Z,2026-06-25T06:46:49.688Z
C007124,P002,Maple Court,2025-04-12,R22,116,0,15:33,D07,West,2026-06-25T06:46:29.225Z,2026-06-25T06:46:49.688Z
C007170,P001,Sunset Ridge,2025-04-22,R22,140,1,15:31,D01,Northeast,2026-06-25T06:46:29.225Z,2026-06-25T06:46:49.688Z
C007210,P003,Green Oaks,2025-01-29,R13,110,1,21:52,D06,Southeast,2026-06-25T06:46:29.225Z,2026-06-25T06:46:49.688Z
C007214,P001,Sunset Ridge,2025-02-18,R12,49,0,15:55,D04,West,2026-06-25T06:46:29.225Z,2026-06-25T06:46:49.688Z
C007215,P001,Sunset Ridge,2025-01-02,R10,108,0,16:11,D05,Southeast,2026-06-25T06:46:29.225Z,2026-06-25T06:46:49.688Z
C007220,P001,Sunset Ridge,2025-04-11,R21,91,0,22:33,D17,Northeast,2026-06-25T06:46:29.225Z,2026-06-25T06:46:49.688Z
C007225,P007,Willow Creek,2025-04-21,R18,93,2,20:29,D13,Northeast,2026-06-25T06:46:29.225Z,2026-06-25T06:46:49.688Z
C007237,P008,Harbor Pointe,2025-06-16,R15,103,0,19:29,D11,Southeast,2026-06-25T06:46:29.225Z,2026-06-25T06:46:49.688Z
C007239,P005,Lakeview Terrace,2025-01-14,R14,72,0,20:34,D11,Southeast,2026-06-25T06:46:29.225Z,2026-06-25T06:46:49.688Z
C007267,P005,Lakeview Terrace,2025-05-13,R16,111,1,15:23,D18,Midwest,2026-06-25T06:46:29.225Z,2026-06-25T06:46:49.688Z
C007349,P002,Maple Court,2025-01-30,R22,63,2,16:41,D17,West,2026-06-25T06:46:29.225Z,2026-06-25T06:46:49.688Z
C007432,P002,Maple Court,2025-06-23,R18,60,1,16:10,D07,Northeast,2026-06-25T06:46:29.225Z,2026-06-25T06:46:49.688Z
C007452,P004,Birchwood Commons,2025-04-02,R10,110,2,22:39,D08,Southeast,2026-06-25T06:46:29.225Z,2026-06-25T06:46:49.688Z
C007506,P003,Green Oaks,2025-01-04,R19,100,0,22:00,D14,West,2026-06-25T06:46:29.225Z,2026-06-25T06:46:49.688Z
C007516,P006,Cedar Park,2025-03-08,R23,78,0,18:28,D05,Midwest,2026-06-25T06:46:29.225Z,2026-06-25T06:46:49.688Z
C007528,P003,Green Oaks,2025-02-10,R22,98,0,19:27,D04,West,2026-06-25T06:46:29.225Z,2026-06-25T06:46:49.688Z
C007532,P001,Sunset Ridge,2025-03-08,R22,130,0,21:07,D13,West,2026-06-25T06:46:29.225Z,2026-06-25T06:46:49.688Z
C007569,P003,Green Oaks,2025-02-15,R24,91,2,17:20,D18,Southeast,2026-06-25T06:46:29.225Z,2026-06-25T06:46:49.688Z
C007584,P006,Cedar Park,2025-02-02,R19,71,2,15:42,D06,Midwest,2026-06-25T06:46:29.225Z,2026-06-25T06:46:49.688Z
C007591,P007,Willow Creek,2025-05-17,R11,76,0,19:19,D09,Southeast,2026-06-25T06:46:29.225Z,2026-06-25T06:46:49.688Z
C007605,P008,Harbor Pointe,2025-02-16,R18,137,0,19:18,D11,West,2026-06-25T06:46:29.225Z,2026-06-25T06:46:49.688Z
C007606,P008,Harbor Pointe,2025-03-15,R10,90,2,14:33,D11,Northeast,2026-06-25T06:46:29.225Z,2026-06-25T06:46:49.688Z
C007608,P008,Harbor Pointe,2025-03-01,R21,86,2,18:05,D03,Northeast,2026-06-25T06:46:29.225Z,2026-06-25T06:46:49.688Z
C007613,P006,Cedar Park,2025-02-11,R15,128,0,22:13,D17,Midwest,2026-06-25T06:46:29.225Z,2026-06-25T06:46:49.688Z
C007632,P008,Harbor Pointe,2025-02-18,R20,151,0,17:41,D05,West,2026-06-25T06:46:29.225Z,2026-06-25T06:46:49.688Z
C007634,P006,Cedar Park,2025-02-25,R24,85,2,14:04,D05,Southeast,2026-06-25T06:46:29.225Z,2026-06-25T06:46:49.688Z
C007651,P007,Willow Creek,2025-02-02,R23,140,0,17:19,D17,Midwest,2026-06-25T06:46:29.225Z,2026-06-25T06:46:49.688Z
C007664,P002,Maple Court,2025-02-14,R14,117,0,22:28,D03,Northeast,2026-06-25T06:46:29.225Z,2026-06-25T06:46:49.688Z
C007672,P002,Maple Court,2025-05-11,R24,74,2,18:40,D05,Midwest,2026-06-25T06:46:29.225Z,2026-06-25T06:46:49.688Z
C007676,P002,Maple Court,2025-06-05,R11,87,2,22:33,D20,Southeast,2026-06-25T06:46:29.225Z,2026-06-25T06:46:49.688Z
C007689,P002,Maple Court,2025-06-08,R13,52,0,16:22,D10,West,2026-06-25T06:46:29.225Z,2026-06-25T06:46:49.688Z
C007691,P001,Sunset Ridge,2025-03-29,R17,154,0,20:16,D16,Southeast,2026-06-25T06:46:29.225Z,2026-06-25T06:46:49.688Z
C007709,P008,Harbor Pointe,2025-02-27,R20,66,0,22:19,D12,Midwest,2026-06-25T06:46:29.225Z,2026-06-25T06:46:49.688Z
C007732,P008,Harbor Pointe,2025-04-11,R20,50,1,22:45,D15,Southeast,2026-06-25T06:46:29.225Z,2026-06-25T06:46:49.688Z
C007750,P008,Harbor Pointe,2025-01-15,R11,154,1,20:10,D20,Northeast,2026-06-25T06:46:29.225Z,2026-06-25T06:46:49.688Z
C007798,P005,Lakeview Terrace,2025-02-12,R14,54,2,17:14,D07,Northeast,2026-06-25T06:46:29.225Z,2026-06-25T06:46:49.688Z
C007811,P001,Sunset Ridge,2025-02-05,R15,64,0,22:45,D10,West,2026-06-25T06:46:29.225Z,2026-06-25T06:46:49.688Z
C007824,P005,Lakeview Terrace,2025-02-10,R12,54,1,18:37,D05,Northeast,2026-06-25T06:46:29.225Z,2026-06-25T06:46:49.688Z
C007847,P002,Maple Court,2025-06-18,R18,151,0,15:46,D07,Midwest,2026-06-25T06:46:29.225Z,2026-06-25T06:46:49.688Z
C007850,P006,Cedar Park,2025-01-16,R15,84,0,20:12,D10,Southeast,2026-06-25T06:46:29.225Z,2026-06-25T06:46:49.688Z
C007862,P008,Harbor Pointe,2025-02-12,R22,75,2,14:39,D07,Midwest,2026-06-25T06:46:29.225Z,2026-06-25T06:46:49.688Z
C007864,P002,Maple Court,2025-04-10,R21,81,0,18:09,D14,Midwest,2026-06-25T06:46:29.225Z,2026-06-25T06:46:49.688Z
C007866,P007,Willow Creek,2025-01-16,R11,114,0,15:26,D13,West,2026-06-25T06:46:29.225Z,2026-06-25T06:46:49.688Z
C007870,P008,Harbor Pointe,2025-06-28,R16,59,0,18:15,D19,West,2026-06-25T06:46:29.225Z,2026-06-25T06:46:49.688Z
C007909,P008,Harbor Pointe,2025-03-19,R11,124,0,15:14,D14,Northeast,2026-06-25T06:46:29.225Z,2026-06-25T06:46:49.688Z
C007932,P002,Maple Court,2025-05-27,R19,96,0,16:34,D11,Northeast,2026-06-25T06:46:29.225Z,2026-06-25T06:46:49.688Z
C007941,P006,Cedar Park,2025-04-01,R15,73,0,22:33,D11,Southeast,2026-06-25T06:46:29.225Z,2026-06-25T06:46:49.688Z
C007957,P004,Birchwood Commons,2025-01-15,R20,62,0,18:00,D10,Northeast,2026-06-25T06:46:29.225Z,2026-06-25T06:46:49.688Z
C007988,P007,Willow Creek,2025-05-14,R23,60,0,18:29,D03,West,2026-06-25T06:46:29.225Z,2026-06-25T06:46:49.688Z
C007990,P001,Sunset Ridge,2025-01-18,R15,73,2,15:22,D05,Southeast,2026-06-25T06:46:29.225Z,2026-06-25T06:46:49.688Z
C007015,P006,Cedar Park,2025-01-27,R22,47,0,22:22,D01,Southeast,2026-06-25T06:46:29.225Z,2026-06-25T06:46:49.688Z
C007020,P008,Harbor Pointe,2025-05-18,R14,130,3,18:08,D12,Midwest,2026-06-25T06:46:29.225Z,2026-06-25T06:46:49.688Z
C007049,P002,Maple Court,2025-02-19,R21,69,0,17:14,D05,West,2026-06-25T06:46:29.225Z,2026-06-25T06:46:49.688Z
C007057,P001,Sunset Ridge,2025-05-21,R16,112,0,14:12,D02,Midwest,2026-06-25T06:46:29.225Z,2026-06-25T06:46:49.688Z
C007063,P004,Birchwood Commons,2025-05-01,R18,145,2,21:38,D06,West,2026-06-25T06:46:29.225Z,2026-06-25T06:46:49.688Z
C007069,P002,Maple Court,2025-02-06,R11,66,0,14:48,D01,Northeast,2026-06-25T06:46:29.225Z,2026-06-25T06:46:49.688Z
C007073,P003,Green Oaks,2025-03-14,R17,52,0,16:36,D18,Southeast,2026-06-25T06:46:29.225Z,2026-06-25T06:46:49.688Z
C007084,P002,Maple Court,2025-05-22,R24,55,0,14:06,D10,West,2026-06-25T06:46:29.225Z,2026-06-25T06:46:49.688Z
C007089,P005,Lakeview Terrace,2025-05-16,R23,99,2,22:49,D15,Southeast,2026-06-25T06:46:29.225Z,2026-06-25T06:46:49.688Z
C007104,P004,Birchwood Commons,2025-05-27,R20,91,0,16:01,D19,Southeast,2026-06-25T06:46:29.225Z,2026-06-25T06:46:49.688Z
C007136,P005,Lakeview Terrace,2025-03-16,R17,108,0,20:43,D07,Northeast,2026-06-25T06:46:29.225Z,2026-06-25T06:46:49.688Z
C007140,P006,Cedar Park,2025-01-11,R14,116,2,20:35,D14,Southeast,2026-06-25T06:46:29.225Z,2026-06-25T06:46:49.688Z
C007142,P005,Lakeview Terrace,2025-06-27,R16,97,2,20:04,D15,Southeast,2026-06-25T06:46:29.225Z,2026-06-25T06:46:49.688Z
C007162,P001,Sunset Ridge,2025-06-18,R13,48,1,22:34,D15,Midwest,2026-06-25T06:46:29.225Z,2026-06-25T06:46:49.688Z
C007174,P002,Maple Court,2025-02-20,R16,109,2,17:08,D01,Midwest,2026-06-25T06:46:29.225Z,2026-06-25T06:46:49.688Z
C007203,P006,Cedar Park,2025-03-18,R14,134,0,21:20,D20,West,2026-06-25T06:46:29.225Z,2026-06-25T06:46:49.688Z
C007216,P003,Green Oaks,2025-04-02,R10,109,0,17:36,D12,West,2026-06-25T06:46:29.225Z,2026-06-25T06:46:49.688Z
C007230,P003,Green Oaks,2025-02-27,R20,133,0,16:55,D07,Midwest,2026-06-25T06:46:29.225Z,2026-06-25T06:46:49.688Z
C007251,P007,Willow Creek,2025-05-29,R11,124,0,21:20,D13,West,2026-06-25T06:46:29.225Z,2026-06-25T06:46:49.688Z
C007269,P002,Maple Court,2025-06-11,R14,105,3,21:47,D04,Midwest,2026-06-25T06:46:29.225Z,2026-06-25T06:46:49.688Z
C007295,P004,Birchwood Commons,2025-01-09,R24,79,0,20:06,D03,West,2026-06-25T06:46:29.225Z,2026-06-25T06:46:49.688Z
C007299,P007,Willow Creek,2025-03-31,R13,43,0,17:24,D07,Midwest,2026-06-25T06:46:29.225Z,2026-06-25T06:46:49.688Z
C007305,P002,Maple Court,2025-03-12,R20,145,1,19:13,D12,Southeast,2026-06-25T06:46:29.225Z,2026-06-25T06:46:49.688Z
C007340,P003,Green Oaks,2025-02-13,R15,62,3,15:00,D19,Northeast,2026-06-25T06:46:29.225Z,2026-06-25T06:46:49.688Z
C007350,P001,Sunset Ridge,2025-04-09,R19,114,3,21:44,D10,Northeast,2026-06-25T06:46:29.225Z,2026-06-25T06:46:49.688Z
C007351,P008,Harbor Pointe,2025-01-29,R11,87,0,14:15,D13,Northeast,2026-06-25T06:46:29.225Z,2026-06-25T06:46:49.688Z
C007352,P004,Birchwood Commons,2025-05-09,R17,56,1,19:39,D01,Southeast,2026-06-25T06:46:29.225Z,2026-06-25T06:46:49.688Z
C007353,P007,Willow Creek,2025-02-07,R18,75,0,22:44,D07,Northeast,2026-06-25T06:46:29.225Z,2026-06-25T06:46:49.688Z
C007356,P005,Lakeview Terrace,2025-05-05,R17,125,0,21:03,D02,West,2026-06-25T06:46:29.225Z,2026-06-25T06:46:49.688Z
C007362,P006,Cedar Park,2025-06-28,R19,72,0,15:39,D05,West,2026-06-25T06:46:29.225Z,2026-06-25T06:46:49.688Z
C007373,P003,Green Oaks,2025-05-31,R16,142,3,20:18,D01,Midwest,2026-06-25T06:46:29.225Z,2026-06-25T06:46:49.688Z
C007424,P005,Lakeview Terrace,2025-06-15,R19,83,2,20:57,D14,West,2026-06-25T06:46:29.225Z,2026-06-25T06:46:49.688Z
C007439,P001,Sunset Ridge,2025-02-23,R23,92,0,21:28,D07,Southeast,2026-06-25T06:46:29.225Z,2026-06-25T06:46:49.688Z
C007450,P006,Cedar Park,2025-05-20,R14,82,0,14:05,D05,Midwest,2026-06-25T06:46:29.225Z,2026-06-25T06:46:49.688Z
C007480,P002,Maple Court,2025-05-01,R14,53,1,19:41,D19,Midwest,2026-06-25T06:46:29.225Z,2026-06-25T06:46:49.688Z
C007482,P004,Birchwood Commons,2025-01-27,R22,96,0,18:58,D14,West,2026-06-25T06:46:29.225Z,2026-06-25T06:46:49.688Z
C007494,P006,Cedar Park,2025-05-13,R17,74,0,17:26,D10,Midwest,2026-06-25T06:46:29.225Z,2026-06-25T06:46:49.688Z
C007519,P005,Lakeview Terrace,2025-01-09,R18,150,0,19:41,D02,Midwest,2026-06-25T06:46:29.225Z,2026-06-25T06:46:49.688Z
C007522,P006,Cedar Park,2025-06-20,R18,85,0,22:28,D16,Southeast,2026-06-25T06:46:29.225Z,2026-06-25T06:46:49.688Z
C007523,P004,Birchwood Commons,2025-03-23,R13,69,0,19:14,D17,Midwest,2026-06-25T06:46:29.225Z,2026-06-25T06:46:49.688Z
C007541,P007,Willow Creek,2025-06-29,R13,151,0,15:40,D02,West,2026-06-25T06:46:29.225Z,2026-06-25T06:46:49.688Z
C007599,P002,Maple Court,2025-04-19,R24,44,2,22:43,D09,Northeast,2026-06-25T06:46:29.225Z,2026-06-25T06:46:49.688Z
C007622,P002,Maple Court,2025-02-09,R15,65,0,19:12,D15,Northeast,2026-06-25T06:46:29.225Z,2026-06-25T06:46:49.688Z
C007631,P005,Lakeview Terrace,2025-03-18,R18,133,0,20:44,D13,Midwest,2026-06-25T06:46:29.225Z,2026-06-25T06:46:49.688Z
C007641,P008,Harbor Pointe,2025-05-19,R15,58,0,15:02,D02,Northeast,2026-06-25T06:46:29.225Z,2026-06-25T06:46:49.688Z
C007655,P008,Harbor Pointe,2025-01-16,R11,148,0,14:52,D04,Southeast,2026-06-25T06:46:29.225Z,2026-06-25T06:46:49.688Z
C007662,P003,Green Oaks,2025-02-07,R21,92,1,21:19,D20,Northeast,2026-06-25T06:46:29.225Z,2026-06-25T06:46:49.688Z
C007665,P004,Birchwood Commons,2025-02-16,R20,80,1,21:56,D16,West,2026-06-25T06:46:29.225Z,2026-06-25T06:46:49.688Z
C007666,P003,Green Oaks,2025-06-09,R14,46,0,18:37,D08,West,2026-06-25T06:46:29.225Z,2026-06-25T06:46:49.688Z
C007681,P007,Willow Creek,2025-03-27,R24,110,1,16:47,D03,Northeast,2026-06-25T06:46:29.225Z,2026-06-25T06:46:49.688Z
C007683,P008,Harbor Pointe,2025-01-09,R22,71,2,16:21,D15,Northeast,2026-06-25T06:46:29.225Z,2026-06-25T06:46:49.688Z
C007701,P006,Cedar Park,2025-02-12,R14,63,0,17:29,D08,Northeast,2026-06-25T06:46:29.225Z,2026-06-25T06:46:49.688Z
C007724,P006,Cedar Park,2025-05-05,R19,94,0,21:26,D12,West,2026-06-25T06:46:29.225Z,2026-06-25T06:46:49.688Z
C007734,P005,Lakeview Terrace,2025-05-28,R21,153,0,22:40,D11,Southeast,2026-06-25T06:46:29.225Z,2026-06-25T06:46:49.688Z
C007777,P004,Birchwood Commons,2025-06-23,R20,123,0,16:02,D03,Southeast,2026-06-25T06:46:29.225Z,2026-06-25T06:46:49.688Z
C007781,P005,Lakeview Terrace,2025-03-20,R14,59,1,19:15,D16,Northeast,2026-06-25T06:46:29.225Z,2026-06-25T06:46:49.688Z
C007800,P003,Green Oaks,2025-05-03,R13,145,0,17:20,D18,Midwest,2026-06-25T06:46:29.225Z,2026-06-25T06:46:49.688Z
C007806,P001,Sunset Ridge,2025-01-05,R20,125,0,19:35,D03,Southeast,2026-06-25T06:46:29.225Z,2026-06-25T06:46:49.688Z
C007817,P007,Willow Creek,2025-06-05,R13,62,1,15:23,D12,Midwest,2026-06-25T06:46:29.225Z,2026-06-25T06:46:49.688Z
C007859,P002,Maple Court,2025-02-25,R10,62,0,20:22,D11,West,2026-06-25T06:46:29.225Z,2026-06-25T06:46:49.688Z
C007863,P007,Willow Creek,2025-03-10,R14,100,2,17:23,D08,Northeast,2026-06-25T06:46:29.225Z,2026-06-25T06:46:49.688Z
C007878,P001,Sunset Ridge,2025-06-29,R18,96,3,16:36,D13,West,2026-06-25T06:46:29.225Z,2026-06-25T06:46:49.688Z
C007882,P004,Birchwood Commons,2025-01-30,R22,104,1,14:06,D03,West,2026-06-25T06:46:29.225Z,2026-06-25T06:46:49.688Z
C007895,P002,Maple Court,2025-05-01,R21,94,0,20:34,D02,West,2026-06-25T06:46:29.225Z,2026-06-25T06:46:49.688Z
C007902,P007,Willow Creek,2025-01-21,R15,73,2,19:10,D11,Northeast,2026-06-25T06:46:29.225Z,2026-06-25T06:46:49.688Z
C007953,P006,Cedar Park,2025-06-16,R10,58,0,18:48,D14,Southeast,2026-06-25T06:46:29.225Z,2026-06-25T06:46:49.688Z
C007968,P005,Lakeview Terrace,2025-05-27,R21,125,0,21:43,D16,Midwest,2026-06-25T06:46:29.225Z,2026-06-25T06:46:49.688Z
C007982,P003,Green Oaks,2025-02-17,R24,72,0,16:30,D17,Northeast,2026-06-25T06:46:29.225Z,2026-06-25T06:46:49.688Z
C007984,P003,Green Oaks,2025-04-20,R14,146,3,22:29,D15,Northeast,2026-06-25T06:46:29.225Z,2026-06-25T06:46:49.688Z
C007991,P005,Lakeview Terrace,2025-05-04,R17,138,0,21:00,D04,West,2026-06-25T06:46:29.225Z,2026-06-25T06:46:49.688Z
C007004,P004,Birchwood Commons,2025-04-26,R13,61,0,21:02,D05,West,2026-06-25T06:46:29.225Z,2026-06-25T06:46:49.688Z
C007022,P003,Green Oaks,2025-04-21,R10,112,0,15:35,D18,Southeast,2026-06-25T06:46:29.225Z,2026-06-25T06:46:49.688Z
C007029,P003,Green Oaks,2025-04-30,R10,127,0,15:20,D08,Midwest,2026-06-25T06:46:29.225Z,2026-06-25T06:46:49.688Z
C007043,P007,Willow Creek,2025-03-27,R13,58,0,21:40,D01,Midwest,2026-06-25T06:46:29.225Z,2026-06-25T06:46:49.688Z
C007052,P006,Cedar Park,2025-06-09,R11,79,0,21:22,D14,Southeast,2026-06-25T06:46:29.225Z,2026-06-25T06:46:49.688Z
C007058,P008,Harbor Pointe,2025-03-15,R21,147,1,15:05,D06,Southeast,2026-06-25T06:46:29.225Z,2026-06-25T06:46:49.688Z
C007128,P005,Lakeview Terrace,2025-06-09,R21,109,0,21:59,D18,Southeast,2026-06-25T06:46:29.225Z,2026-06-25T06:46:49.688Z
C007184,P007,Willow Creek,2025-06-04,R24,144,0,14:36,D10,West,2026-06-25T06:46:29.225Z,2026-06-25T06:46:49.688Z
C007219,P002,Maple Court,2025-04-01,R22,55,2,21:12,D19,Southeast,2026-06-25T06:46:29.225Z,2026-06-25T06:46:49.688Z
C007232,P007,Willow Creek,2025-04-05,R23,95,0,15:02,D02,Southeast,2026-06-25T06:46:29.225Z,2026-06-25T06:46:49.688Z
C007235,P002,Maple Court,2025-03-19,R14,47,0,16:25,D19,West,2026-06-25T06:46:29.225Z,2026-06-25T06:46:49.688Z
C007268,P006,Cedar Park,2025-02-22,R19,137,2,21:19,D16,Southeast,2026-06-25T06:46:29.225Z,2026-06-25T06:46:49.688Z
C007277,P007,Willow Creek,2025-03-23,R18,57,0,17:41,D08,West,2026-06-25T06:46:29.225Z,2026-06-25T06:46:49.688Z
C007296,P008,Harbor Pointe,2025-03-02,R24,130,0,18:58,D03,Northeast,2026-06-25T06:46:29.225Z,2026-06-25T06:46:49.688Z
C007311,P001,Sunset Ridge,2025-06-15,R24,117,0,15:24,D07,Midwest,2026-06-25T06:46:29.225Z,2026-06-25T06:46:49.688Z
C007314,P002,Maple Court,2025-03-17,R12,105,3,17:00,D01,West,2026-06-25T06:46:29.225Z,2026-06-25T06:46:49.688Z
C007338,P007,Willow Creek,2025-01-02,R18,57,0,14:55,D18,Southeast,2026-06-25T06:46:29.225Z,2026-06-25T06:46:49.688Z
C007355,P003,Green Oaks,2025-03-27,R22,145,0,19:43,D20,Northeast,2026-06-25T06:46:29.225Z,2026-06-25T06:46:49.688Z
C007358,P004,Birchwood Commons,2025-02-26,R24,84,0,16:07,D16,Midwest,2026-06-25T06:46:29.225Z,2026-06-25T06:46:49.688Z
C007385,P001,Sunset Ridge,2025-04-03,R17,104,2,18:19,D05,Northeast,2026-06-25T06:46:29.225Z,2026-06-25T06:46:49.688Z
C007389,P005,Lakeview Terrace,2025-01-18,R10,128,3,14:21,D10,Northeast,2026-06-25T06:46:29.225Z,2026-06-25T06:46:49.688Z
C007403,P005,Lakeview Terrace,2025-06-25,R23,151,0,20:30,D10,Southeast,2026-06-25T06:46:29.225Z,2026-06-25T06:46:49.688Z
C007415,P003,Green Oaks,2025-01-27,R10,69,0,18:23,D16,Northeast,2026-06-25T06:46:29.225Z,2026-06-25T06:46:49.688Z
C007430,P002,Maple Court,2025-03-07,R12,151,0,18:21,D08,Northeast,2026-06-25T06:46:29.225Z,2026-06-25T06:46:49.688Z
C007434,P005,Lakeview Terrace,2025-06-20,R14,82,0,15:44,D09,Midwest,2026-06-25T06:46:29.225Z,2026-06-25T06:46:49.688Z
C007461,P005,Lakeview Terrace,2025-02-23,R18,62,0,16:07,D03,Northeast,2026-06-25T06:46:29.225Z,2026-06-25T06:46:49.688Z
C007472,P004,Birchwood Commons,2025-05-26,R19,156,0,21:30,D18,Southeast,2026-06-25T06:46:29.225Z,2026-06-25T06:46:49.688Z
C007503,P005,Lakeview Terrace,2025-01-28,R22,98,0,14:16,D10,West,2026-06-25T06:46:29.225Z,2026-06-25T06:46:49.688Z
C007505,P003,Green Oaks,2025-01-06,R13,127,2,22:09,D01,Southeast,2026-06-25T06:46:29.225Z,2026-06-25T06:46:49.688Z
C007515,P008,Harbor Pointe,2025-03-03,R24,136,0,19:45,D06,Southeast,2026-06-25T06:46:29.225Z,2026-06-25T06:46:49.688Z
C007548,P003,Green Oaks,2025-03-28,R23,68,0,14:08,D06,West,2026-06-25T06:46:29.225Z,2026-06-25T06:46:49.688Z
C007552,P008,Harbor Pointe,2025-05-30,R17,99,0,15:41,D19,Northeast,2026-06-25T06:46:29.225Z,2026-06-25T06:46:49.688Z
C007557,P001,Sunset Ridge,2025-01-05,R24,157,0,22:58,D03,Southeast,2026-06-25T06:46:29.225Z,2026-06-25T06:46:49.688Z
C007565,P007,Willow Creek,2025-03-21,R18,89,0,21:36,D19,Northeast,2026-06-25T06:46:29.225Z,2026-06-25T06:46:49.688Z
C007644,P001,Sunset Ridge,2025-01-25,R15,150,0,20:31,D07,Midwest,2026-06-25T06:46:29.225Z,2026-06-25T06:46:49.688Z
C007697,P008,Harbor Pointe,2025-04-19,R12,82,1,16:28,D19,Midwest,2026-06-25T06:46:29.225Z,2026-06-25T06:46:49.688Z
C007707,P002,Maple Court,2025-02-11,R23,127,0,16:46,D02,Southeast,2026-06-25T06:46:29.225Z,2026-06-25T06:46:49.688Z
C007720,P003,Green Oaks,2025-04-12,R24,94,0,21:43,D09,Southeast,2026-06-25T06:46:29.225Z,2026-06-25T06:46:49.688Z
C007730,P008,Harbor Pointe,2025-05-15,R13,56,3,14:29,D03,Southeast,2026-06-25T06:46:29.225Z,2026-06-25T06:46:49.688Z
C007748,P008,Harbor Pointe,2025-06-30,R12,68,0,19:08,D13,Northeast,2026-06-25T06:46:29.225Z,2026-06-25T06:46:49.688Z
C007764,P008,Harbor Pointe,2025-01-08,R19,160,0,17:31,D02,Southeast,2026-06-25T06:46:29.225Z,2026-06-25T06:46:49.688Z
C007804,P003,Green Oaks,2025-06-15,R23,79,1,19:42,D11,West,2026-06-25T06:46:29.225Z,2026-06-25T06:46:49.688Z
C007820,P001,Sunset Ridge,2025-01-06,R10,57,2,19:36,D07,West,2026-06-25T06:46:29.225Z,2026-06-25T06:46:49.688Z
C007823,P005,Lakeview Terrace,2025-06-15,R23,57,0,17:22,D03,Southeast,2026-06-25T06:46:29.225Z,2026-06-25T06:46:49.688Z
C007857,P005,Lakeview Terrace,2025-01-29,R16,71,0,14:31,D02,Southeast,2026-06-25T06:46:29.225Z,2026-06-25T06:46:49.688Z
C007877,P007,Willow Creek,2025-05-30,R22,159,0,15:24,D14,Midwest,2026-06-25T06:46:29.225Z,2026-06-25T06:46:49.688Z
C007879,P007,Willow Creek,2025-03-01,R21,135,0,21:28,D14,Midwest,2026-06-25T06:46:29.225Z,2026-06-25T06:46:49.688Z
C007897,P007,Willow Creek,2025-05-26,R16,160,0,14:03,D06,Midwest,2026-06-25T06:46:29.225Z,2026-06-25T06:46:49.688Z
C007898,P004,Birchwood Commons,2025-01-04,R21,129,0,20:19,D05,Midwest,2026-06-25T06:46:29.225Z,2026-06-25T06:46:49.688Z
C007927,P001,Sunset Ridge,2025-04-09,R24,149,0,15:51,D11,Southeast,2026-06-25T06:46:29.225Z,2026-06-25T06:46:49.688Z
C007934,P005,Lakeview Terrace,2025-05-12,R18,158,0,21:52,D14,Northeast,2026-06-25T06:46:29.225Z,2026-06-25T06:46:49.688Z
C007937,P002,Maple Court,2025-02-24,R15,88,0,20:30,D18,Northeast,2026-06-25T06:46:29.225Z,2026-06-25T06:46:49.688Z
C007944,P001,Sunset Ridge,2025-04-10,R19,121,0,19:38,D10,Southeast,2026-06-25T06:46:29.225Z,2026-06-25T06:46:49.688Z
C007956,P007,Willow Creek,2025-01-25,R10,97,1,17:55,D16,Midwest,2026-06-25T06:46:29.225Z,2026-06-25T06:46:49.688Z
C007972,P006,Cedar Park,2025-04-25,R10,158,0,19:46,D14,Northeast,2026-06-25T06:46:29.225Z,2026-06-25T06:46:49.688Z
C007016,P005,Lakeview Terrace,2025-06-30,R17,120,0,18:45,D06,West,2026-06-25T06:46:29.225Z,2026-06-25T06:46:49.688Z
C007062,P006,Cedar Park,2025-02-26,R11,53,0,15:15,D20,West,2026-06-25T06:46:29.225Z,2026-06-25T06:46:49.688Z
C007091,P002,Maple Court,2025-01-12,R10,122,0,18:30,D08,Southeast,2026-06-25T06:46:29.225Z,2026-06-25T06:46:49.688Z
C007095,P007,Willow Creek,2025-02-07,R13,78,1,14:48,D01,Southeast,2026-06-25T06:46:29.225Z,2026-06-25T06:46:49.688Z
C007100,P003,Green Oaks,2025-03-21,R22,122,1,14:59,D20,West,2026-06-25T06:46:29.225Z,2026-06-25T06:46:49.688Z
C007145,P006,Cedar Park,2025-02-06,R17,137,0,19:23,D01,Southeast,2026-06-25T06:46:29.225Z,2026-06-25T06:46:49.688Z
C007148,P003,Green Oaks,2025-02-09,R10,60,1,15:28,D11,Midwest,2026-06-25T06:46:29.225Z,2026-06-25T06:46:49.688Z
C007149,P001,Sunset Ridge,2025-05-24,R15,64,0,21:01,D04,Midwest,2026-06-25T06:46:29.225Z,2026-06-25T06:46:49.688Z
C007163,P007,Willow Creek,2025-05-08,R10,151,0,20:42,D18,West,2026-06-25T06:46:29.225Z,2026-06-25T06:46:49.688Z
C007165,P006,Cedar Park,2025-06-20,R17,108,1,18:25,D06,Midwest,2026-06-25T06:46:29.225Z,2026-06-25T06:46:49.688Z
C007182,P008,Harbor Pointe,2025-03-27,R11,155,0,17:29,D02,Midwest,2026-06-25T06:46:29.225Z,2026-06-25T06:46:49.688Z
C007211,P007,Willow Creek,2025-05-06,R24,134,0,18:36,D16,Southeast,2026-06-25T06:46:29.225Z,2026-06-25T06:46:49.688Z
C007227,P001,Sunset Ridge,2025-01-02,R23,129,2,15:13,D15,Northeast,2026-06-25T06:46:29.225Z,2026-06-25T06:46:49.688Z
C007241,P003,Green Oaks,2025-05-21,R19,68,2,16:25,D09,Northeast,2026-06-25T06:46:29.225Z,2026-06-25T06:46:49.688Z
C007285,P001,Sunset Ridge,2025-06-27,R16,56,0,17:43,D03,Northeast,2026-06-25T06:46:29.225Z,2026-06-25T06:46:49.688Z
C007286,P005,Lakeview Terrace,2025-03-14,R14,119,0,15:36,D16,Northeast,2026-06-25T06:46:29.225Z,2026-06-25T06:46:49.688Z
C007328,P001,Sunset Ridge,2025-05-03,R14,73,0,21:18,D03,West,2026-06-25T06:46:29.225Z,2026-06-25T06:46:49.688Z
C007335,P003,Green Oaks,2025-06-30,R12,43,0,18:12,D15,West,2026-06-25T06:46:29.225Z,2026-06-25T06:46:49.688Z
C007337,P007,Willow Creek,2025-05-30,R11,84,3,16:59,D17,Midwest,2026-06-25T06:46:29.225Z,2026-06-25T06:46:49.688Z
C007348,P006,Cedar Park,2025-03-17,R23,113,0,16:43,D02,Northeast,2026-06-25T06:46:29.225Z,2026-06-25T06:46:49.688Z
C007376,P006,Cedar Park,2025-04-24,R11,42,0,19:38,D06,Southeast,2026-06-25T06:46:29.225Z,2026-06-25T06:46:49.688Z
C007391,P008,Harbor Pointe,2025-03-31,R23,139,0,17:50,D19,Southeast,2026-06-25T06:46:29.225Z,2026-06-25T06:46:49.688Z
C007397,P003,Green Oaks,2025-01-27,R17,55,0,20:26,D06,Midwest,2026-06-25T06:46:29.225Z,2026-06-25T06:46:49.688Z
C007406,P002,Maple Court,2025-03-28,R22,105,0,18:34,D08,Midwest,2026-06-25T06:46:29.225Z,2026-06-25T06:46:49.688Z
C007413,P005,Lakeview Terrace,2025-06-01,R21,130,2,19:40,D12,West,2026-06-25T06:46:29.225Z,2026-06-25T06:46:49.688Z
C007417,P001,Sunset Ridge,2025-02-23,R24,56,3,16:18,D06,Midwest,2026-06-25T06:46:29.225Z,2026-06-25T06:46:49.688Z
C007423,P005,Lakeview Terrace,2025-01-08,R16,44,3,14:52,D11,Midwest,2026-06-25T06:46:29.225Z,2026-06-25T06:46:49.688Z
C007444,P006,Cedar Park,2025-06-09,R15,41,0,19:02,D13,Southeast,2026-06-25T06:46:29.225Z,2026-06-25T06:46:49.688Z
C007447,P003,Green Oaks,2025-06-22,R14,69,0,22:53,D04,Northeast,2026-06-25T06:46:29.225Z,2026-06-25T06:46:49.688Z
C007448,P007,Willow Creek,2025-03-10,R23,145,2,19:05,D09,West,2026-06-25T06:46:29.225Z,2026-06-25T06:46:49.688Z
C007491,P005,Lakeview Terrace,2025-05-31,R24,56,2,17:49,D17,Southeast,2026-06-25T06:46:29.225Z,2026-06-25T06:46:49.688Z
C007512,P003,Green Oaks,2025-05-19,R20,61,2,17:43,D07,Midwest,2026-06-25T06:46:29.225Z,2026-06-25T06:46:49.688Z
C007517,P001,Sunset Ridge,2025-05-03,R23,73,0,22:58,D20,West,2026-06-25T06:46:29.225Z,2026-06-25T06:46:49.688Z
C007546,P003,Green Oaks,2025-03-29,R17,139,0,16:20,D11,West,2026-06-25T06:46:29.225Z,2026-06-25T06:46:49.688Z
C007574,P003,Green Oaks,2025-01-12,R10,112,0,15:34,D06,Southeast,2026-06-25T06:46:29.225Z,2026-06-25T06:46:49.688Z
C007590,P003,Green Oaks,2025-04-28,R12,119,0,15:31,D13,Northeast,2026-06-25T06:46:29.225Z,2026-06-25T06:46:49.688Z
C007610,P002,Maple Court,2025-02-11,R18,47,0,19:08,D15,Midwest,2026-06-25T06:46:29.225Z,2026-06-25T06:46:49.688Z
C007639,P002,Maple Court,2025-01-01,R13,147,0,20:01,D10,Midwest,2026-06-25T06:46:29.225Z,2026-06-25T06:46:49.688Z
C007696,P008,Harbor Pointe,2025-02-11,R16,127,0,14:08,D04,Southeast,2026-06-25T06:46:29.225Z,2026-06-25T06:46:49.688Z
C007717,P006,Cedar Park,2025-06-04,R14,133,0,15:24,D17,Midwest,2026-06-25T06:46:29.225Z,2026-06-25T06:46:49.688Z
C007752,P005,Lakeview Terrace,2025-03-07,R16,113,0,18:32,D08,Northeast,2026-06-25T06:46:29.225Z,2026-06-25T06:46:49.688Z
C007755,P006,Cedar Park,2025-06-08,R22,67,0,17:02,D08,West,2026-06-25T06:46:29.225Z,2026-06-25T06:46:49.688Z
C007766,P002,Maple Court,2025-03-30,R12,116,0,16:37,D20,Midwest,2026-06-25T06:46:29.225Z,2026-06-25T06:46:49.688Z
C007789,P007,Willow Creek,2025-01-23,R20,108,0,21:44,D06,West,2026-06-25T06:46:29.225Z,2026-06-25T06:46:49.688Z
C007807,P006,Cedar Park,2025-04-03,R13,83,0,14:54,D14,Midwest,2026-06-25T06:46:29.225Z,2026-06-25T06:46:49.688Z
C007831,P001,Sunset Ridge,2025-01-29,R12,117,3,14:14,D01,Southeast,2026-06-25T06:46:29.225Z,2026-06-25T06:46:49.688Z
C007841,P003,Green Oaks,2025-05-15,R22,56,0,21:03,D10,Northeast,2026-06-25T06:46:29.225Z,2026-06-25T06:46:49.688Z
C007889,P004,Birchwood Commons,2025-02-25,R13,136,0,16:12,D17,Northeast,2026-06-25T06:46:29.225Z,2026-06-25T06:46:49.688Z
C007893,P003,Green Oaks,2025-03-24,R10,136,0,16:27,D09,West,2026-06-25T06:46:29.225Z,2026-06-25T06:46:49.688Z
C007901,P005,Lakeview Terrace,2025-01-06,R23,122,0,14:36,D09,Southeast,2026-06-25T06:46:29.225Z,2026-06-25T06:46:49.688Z
C007904,P001,Sunset Ridge,2025-06-04,R23,116,2,16:26,D05,West,2026-06-25T06:46:29.225Z,2026-06-25T06:46:49.688Z
C007916,P004,Birchwood Commons,2025-06-20,R12,123,3,20:46,D20,Northeast,2026-06-25T06:46:29.225Z,2026-06-25T06:46:49.688Z
C007943,P005,Lakeview Terrace,2025-06-09,R22,75,0,14:25,D02,Midwest,2026-06-25T06:46:29.225Z,2026-06-25T06:46:49.688Z
C007954,P002,Maple Court,2025-01-05,R16,146,0,22:05,D01,West,2026-06-25T06:46:29.225Z,2026-06-25T06:46:49.688Z
C007975,P001,Sunset Ridge,2025-03-28,R12,80,0,20:10,D03,West,2026-06-25T06:46:29.225Z,2026-06-25T06:46:49.688Z
C007983,P008,Harbor Pointe,2025-06-27,R20,92,0,15:08,D17,Midwest,2026-06-25T06:46:29.225Z,2026-06-25T06:46:49.688Z
C007993,P001,Sunset Ridge,2025-04-08,R16,87,0,17:43,D18,Southeast,2026-06-25T06:46:29.225Z,2026-06-25T06:46:49.688Z
C007998,P001,Sunset Ridge,2025-01-23,R21,91,1,20:48,D14,Southeast,2026-06-25T06:46:29.225Z,2026-06-25T06:46:49.688Z
C007006,P007,Willow Creek,2025-02-24,R12,156,0,15:03,D13,Northeast,2026-06-25T06:46:29.225Z,2026-06-25T06:46:49.688Z
C007044,P002,Maple Court,2025-06-16,R14,53,0,14:43,D12,Midwest,2026-06-25T06:46:29.225Z,2026-06-25T06:46:49.688Z
C007055,P002,Maple Court,2025-04-14,R22,41,0,20:24,D03,Northeast,2026-06-25T06:46:29.225Z,2026-06-25T06:46:49.688Z
C007059,P001,Sunset Ridge,2025-02-05,R23,147,0,16:57,D08,Northeast,2026-06-25T06:46:29.225Z,2026-06-25T06:46:49.688Z
C007076,P007,Willow Creek,2025-01-30,R13,56,2,17:32,D04,Midwest,2026-06-25T06:46:29.225Z,2026-06-25T06:46:49.688Z
C007093,P003,Green Oaks,2025-06-28,R14,120,0,15:53,D10,Midwest,2026-06-25T06:46:29.225Z,2026-06-25T06:46:49.688Z
C007122,P008,Harbor Pointe,2025-04-01,R10,126,0,14:39,D11,Southeast,2026-06-25T06:46:29.225Z,2026-06-25T06:46:49.688Z
C007134,P004,Birchwood Commons,2025-02-13,R14,147,0,22:54,D10,Midwest,2026-06-25T06:46:29.225Z,2026-06-25T06:46:49.688Z
C007138,P001,Sunset Ridge,2025-01-13,R13,79,0,19:49,D10,Northeast,2026-06-25T06:46:29.225Z,2026-06-25T06:46:49.688Z
C007139,P005,Lakeview Terrace,2025-04-12,R22,155,0,17:48,D06,Southeast,2026-06-25T06:46:29.225Z,2026-06-25T06:46:49.688Z
C007143,P002,Maple Court,2025-06-02,R11,136,0,14:13,D12,West,2026-06-25T06:46:29.225Z,2026-06-25T06:46:49.688Z
C007146,P005,Lakeview Terrace,2025-01-15,R14,49,1,19:27,D13,Midwest,2026-06-25T06:46:29.225Z,2026-06-25T06:46:49.688Z
C007157,P003,Green Oaks,2025-03-18,R14,57,0,21:36,D08,Northeast,2026-06-25T06:46:29.225Z,2026-06-25T06:46:49.688Z
C007176,P005,Lakeview Terrace,2025-01-16,R19,106,0,14:02,D18,Northeast,2026-06-25T06:46:29.225Z,2026-06-25T06:46:49.688Z
C007181,P008,Harbor Pointe,2025-06-03,R13,57,0,21:57,D11,Northeast,2026-06-25T06:46:29.225Z,2026-06-25T06:46:49.688Z
C007195,P005,Lakeview Terrace,2025-02-11,R24,108,0,18:27,D09,Midwest,2026-06-25T06:46:29.225Z,2026-06-25T06:46:49.688Z
C007200,P006,Cedar Park,2025-04-02,R18,104,3,22:12,D20,Midwest,2026-06-25T06:46:29.225Z,2026-06-25T06:46:49.688Z
C007212,P006,Cedar Park,2025-04-07,R19,130,0,14:46,D04,West,2026-06-25T06:46:29.225Z,2026-06-25T06:46:49.688Z
C007242,P008,Harbor Pointe,2025-04-27,R23,143,0,21:15,D08,West,2026-06-25T06:46:29.225Z,2026-06-25T06:46:49.688Z
C007252,P006,Cedar Park,2025-02-25,R20,75,0,20:59,D09,Midwest,2026-06-25T06:46:29.225Z,2026-06-25T06:46:49.688Z
C007261,P006,Cedar Park,2025-01-17,R17,136,0,18:06,D16,Southeast,2026-06-25T06:46:29.225Z,2026-06-25T06:46:49.688Z
C007283,P006,Cedar Park,2025-06-23,R15,139,2,21:25,D20,Midwest,2026-06-25T06:46:29.225Z,2026-06-25T06:46:49.688Z
C007284,P004,Birchwood Commons,2025-01-15,R17,144,0,14:28,D20,Southeast,2026-06-25T06:46:29.225Z,2026-06-25T06:46:49.688Z
C007287,P005,Lakeview Terrace,2025-04-27,R18,135,0,20:31,D04,Southeast,2026-06-25T06:46:29.225Z,2026-06-25T06:46:49.688Z
C007290,P007,Willow Creek,2025-04-17,R17,62,2,18:00,D17,West,2026-06-25T06:46:29.225Z,2026-06-25T06:46:49.688Z
C007291,P008,Harbor Pointe,2025-02-11,R10,50,0,17:09,D04,Northeast,2026-06-25T06:46:29.225Z,2026-06-25T06:46:49.688Z
C007319,P006,Cedar Park,2025-02-22,R13,85,0,20:10,D18,West,2026-06-25T06:46:29.225Z,2026-06-25T06:46:49.688Z
C007392,P007,Willow Creek,2025-04-28,R21,91,2,21:22,D05,Northeast,2026-06-25T06:46:29.225Z,2026-06-25T06:46:49.688Z
C007408,P008,Harbor Pointe,2025-03-06,R22,48,0,20:24,D07,Midwest,2026-06-25T06:46:29.225Z,2026-06-25T06:46:49.688Z
C007418,P008,Harbor Pointe,2025-03-01,R11,91,3,20:19,D08,Midwest,2026-06-25T06:46:29.225Z,2026-06-25T06:46:49.688Z
C007468,P001,Sunset Ridge,2025-03-21,R15,62,1,17:47,D14,Southeast,2026-06-25T06:46:29.225Z,2026-06-25T06:46:49.688Z
C007489,P003,Green Oaks,2025-01-22,R10,143,0,15:41,D15,Northeast,2026-06-25T06:46:29.225Z,2026-06-25T06:46:49.688Z
C007495,P005,Lakeview Terrace,2025-03-26,R20,99,0,14:11,D13,Southeast,2026-06-25T06:46:29.225Z,2026-06-25T06:46:49.688Z
C007499,P005,Lakeview Terrace,2025-03-19,R15,69,1,21:23,D02,Midwest,2026-06-25T06:46:29.225Z,2026-06-25T06:46:49.688Z
C007643,P001,Sunset Ridge,2025-02-06,R21,122,0,19:51,D09,Northeast,2026-06-25T06:46:29.225Z,2026-06-25T06:46:49.688Z
C007650,P005,Lakeview Terrace,2025-04-28,R13,111,1,17:09,D13,Midwest,2026-06-25T06:46:29.225Z,2026-06-25T06:46:49.688Z
C007653,P006,Cedar Park,2025-03-07,R24,139,0,14:15,D17,Southeast,2026-06-25T06:46:29.225Z,2026-06-25T06:46:49.688Z
C007675,P005,Lakeview Terrace,2025-01-25,R22,116,0,22:07,D18,West,2026-06-25T06:46:29.225Z,2026-06-25T06:46:49.688Z
C007702,P008,Harbor Pointe,2025-02-23,R12,79,0,22:26,D17,Midwest,2026-06-25T06:46:29.225Z,2026-06-25T06:46:49.688Z
C007719,P005,Lakeview Terrace,2025-01-19,R24,44,2,20:23,D09,West,2026-06-25T06:46:29.225Z,2026-06-25T06:46:49.688Z
C007735,P005,Lakeview Terrace,2025-02-01,R12,89,2,15:19,D05,Midwest,2026-06-25T06:46:29.225Z,2026-06-25T06:46:49.688Z
C007742,P001,Sunset Ridge,2025-04-22,R14,158,0,16:47,D19,Northeast,2026-06-25T06:46:29.225Z,2026-06-25T06:46:49.688Z
C007762,P003,Green Oaks,2025-02-23,R22,124,2,16:56,D06,Midwest,2026-06-25T06:46:29.225Z,2026-06-25T06:46:49.688Z
C007765,P006,Cedar Park,2025-02-14,R22,97,0,17:47,D16,West,2026-06-25T06:46:29.225Z,2026-06-25T06:46:49.688Z
C007784,P006,Cedar Park,2025-01-15,R17,156,0,15:38,D03,Southeast,2026-06-25T06:46:29.225Z,2026-06-25T06:46:49.688Z
C007787,P004,Birchwood Commons,2025-06-05,R11,47,0,20:48,D06,West,2026-06-25T06:46:29.225Z,2026-06-25T06:46:49.688Z
C007788,P002,Maple Court,2025-05-24,R18,99,0,21:50,D14,West,2026-06-25T06:46:29.225Z,2026-06-25T06:46:49.688Z
C007828,P004,Birchwood Commons,2025-03-06,R21,134,1,17:00,D10,Midwest,2026-06-25T06:46:29.225Z,2026-06-25T06:46:49.688Z
C007884,P007,Willow Creek,2025-05-04,R11,157,2,22:11,D12,West,2026-06-25T06:46:29.225Z,2026-06-25T06:46:49.688Z
C007885,P007,Willow Creek,2025-06-30,R14,45,0,16:35,D01,Midwest,2026-06-25T06:46:29.225Z,2026-06-25T06:46:49.688Z
C007911,P001,Sunset Ridge,2025-05-12,R13,116,0,15:09,D15,West,2026-06-25T06:46:29.225Z,2026-06-25T06:46:49.688Z
C007923,P008,Harbor Pointe,2025-01-30,R19,59,1,18:30,D13,Southeast,2026-06-25T06:46:29.225Z,2026-06-25T06:46:49.688Z
C007924,P004,Birchwood Commons,2025-04-29,R15,121,0,17:45,D02,Southeast,2026-06-25T06:46:29.225Z,2026-06-25T06:46:49.688Z
C007946,P008,Harbor Pointe,2025-02-17,R17,103,2,17:03,D18,Southeast,2026-06-25T06:46:29.225Z,2026-06-25T06:46:49.688Z
C007952,P002,Maple Court,2025-03-12,R12,125,0,15:05,D11,Northeast,2026-06-25T06:46:29.225Z,2026-06-25T06:46:49.688Z
C007970,P005,Lakeview Terrace,2025-03-05,R10,158,0,20:04,D17,West,2026-06-25T06:46:29.225Z,2026-06-25T06:46:49.688Z
C007971,P005,Lakeview Terrace,2025-06-25,R16,42,0,19:25,D19,Midwest,2026-06-25T06:46:29.225Z,2026-06-25T06:46:49.688Z
C007977,P003,Green Oaks,2025-03-10,R21,126,0,20:20,D13,Midwest,2026-06-25T06:46:29.225Z,2026-06-25T06:46:49.688Z
C008000,P002,Maple Court,2025-05-29,R15,107,0,22:15,D06,Midwest,2026-06-25T06:46:29.225Z,2026-06-25T06:46:49.688Z
C007001,P002,Maple Court,2025-05-26,R24,154,3,18:35,D15,Northeast,2026-06-25T06:46:29.225Z,2026-06-25T06:46:49.688Z
C007026,P004,Birchwood Commons,2025-05-01,R13,55,0,21:03,D05,Northeast,2026-06-25T06:46:29.225Z,2026-06-25T06:46:49.688Z
C007037,P003,Green Oaks,2025-03-25,R13,57,0,19:43,D07,Northeast,2026-06-25T06:46:29.225Z,2026-06-25T06:46:49.688Z
C007045,P007,Willow Creek,2025-04-08,R13,145,2,20:59,D10,Midwest,2026-06-25T06:46:29.225Z,2026-06-25T06:46:49.688Z
C007048,P008,Harbor Pointe,2025-06-18,R20,149,0,16:24,D20,West,2026-06-25T06:46:29.225Z,2026-06-25T06:46:49.688Z
C007060,P006,Cedar Park,2025-06-13,R21,151,0,15:44,D05,Midwest,2026-06-25T06:46:29.225Z,2026-06-25T06:46:49.688Z
C007098,P007,Willow Creek,2025-01-07,R23,89,0,15:30,D01,West,2026-06-25T06:46:29.225Z,2026-06-25T06:46:49.688Z
C007107,P004,Birchwood Commons,2025-05-15,R23,96,2,16:06,D18,Northeast,2026-06-25T06:46:29.225Z,2026-06-25T06:46:49.688Z
C007113,P004,Birchwood Commons,2025-06-10,R22,87,0,20:31,D19,Midwest,2026-06-25T06:46:29.225Z,2026-06-25T06:46:49.688Z
C007118,P002,Maple Court,2025-02-03,R21,128,1,14:04,D08,Midwest,2026-06-25T06:46:29.225Z,2026-06-25T06:46:49.688Z
C007151,P004,Birchwood Commons,2025-01-02,R12,154,0,18:33,D20,Midwest,2026-06-25T06:46:29.225Z,2026-06-25T06:46:49.688Z
C007156,P006,Cedar Park,2025-04-22,R20,135,1,21:35,D12,West,2026-06-25T06:46:29.225Z,2026-06-25T06:46:49.688Z
C007207,P002,Maple Court,2025-04-06,R22,41,0,14:12,D12,Northeast,2026-06-25T06:46:29.225Z,2026-06-25T06:46:49.688Z
C007228,P005,Lakeview Terrace,2025-02-18,R17,133,0,15:01,D16,Midwest,2026-06-25T06:46:29.225Z,2026-06-25T06:46:49.688Z
C007233,P002,Maple Court,2025-01-05,R23,55,2,22:57,D13,Midwest,2026-06-25T06:46:29.225Z,2026-06-25T06:46:49.688Z
C007247,P001,Sunset Ridge,2025-06-07,R19,86,1,20:25,D04,Southeast,2026-06-25T06:46:29.225Z,2026-06-25T06:46:49.688Z
C007271,P002,Maple Court,2025-04-07,R19,100,0,22:40,D19,West,2026-06-25T06:46:29.225Z,2026-06-25T06:46:49.688Z
C007297,P006,Cedar Park,2025-04-15,R15,78,1,19:05,D06,Midwest,2026-06-25T06:46:29.225Z,2026-06-25T06:46:49.688Z
C007300,P005,Lakeview Terrace,2025-05-12,R18,91,0,19:01,D02,West,2026-06-25T06:46:29.225Z,2026-06-25T06:46:49.688Z
C007301,P006,Cedar Park,2025-03-17,R12,155,0,19:54,D01,Southeast,2026-06-25T06:46:29.225Z,2026-06-25T06:46:49.688Z
C007302,P006,Cedar Park,2025-05-26,R13,90,0,18:29,D01,West,2026-06-25T06:46:29.225Z,2026-06-25T06:46:49.688Z
C007307,P007,Willow Creek,2025-01-11,R13,116,2,16:38,D09,West,2026-06-25T06:46:29.225Z,2026-06-25T06:46:49.688Z
C007310,P008,Harbor Pointe,2025-05-13,R21,43,0,22:06,D19,Midwest,2026-06-25T06:46:29.225Z,2026-06-25T06:46:49.688Z
C007330,P007,Willow Creek,2025-06-20,R21,81,1,16:48,D12,Midwest,2026-06-25T06:46:29.225Z,2026-06-25T06:46:49.688Z
C007341,P006,Cedar Park,2025-02-06,R20,73,0,21:36,D03,Midwest,2026-06-25T06:46:29.225Z,2026-06-25T06:46:49.688Z
C007345,P004,Birchwood Commons,2025-04-21,R12,147,1,16:19,D02,Southeast,2026-06-25T06:46:29.225Z,2026-06-25T06:46:49.688Z
C007347,P006,Cedar Park,2025-05-06,R10,154,0,20:34,D11,Midwest,2026-06-25T06:46:29.225Z,2026-06-25T06:46:49.688Z
C007357,P002,Maple Court,2025-01-23,R21,122,0,14:14,D12,Midwest,2026-06-25T06:46:29.225Z,2026-06-25T06:46:49.688Z
C007368,P006,Cedar Park,2025-06-14,R23,81,0,15:28,D20,Southeast,2026-06-25T06:46:29.225Z,2026-06-25T06:46:49.688Z
C007375,P001,Sunset Ridge,2025-01-06,R16,97,0,15:03,D19,Southeast,2026-06-25T06:46:29.225Z,2026-06-25T06:46:49.688Z
C007377,P004,Birchwood Commons,2025-05-19,R21,103,0,18:37,D09,Northeast,2026-06-25T06:46:29.225Z,2026-06-25T06:46:49.688Z
C007401,P001,Sunset Ridge,2025-04-26,R11,125,2,22:08,D07,Midwest,2026-06-25T06:46:29.225Z,2026-06-25T06:46:49.688Z
C007409,P003,Green Oaks,2025-01-13,R12,52,0,20:48,D18,Southeast,2026-06-25T06:46:29.225Z,2026-06-25T06:46:49.688Z
C007412,P004,Birchwood Commons,2025-05-20,R14,41,0,15:30,D19,Southeast,2026-06-25T06:46:29.225Z,2026-06-25T06:46:49.688Z
C007442,P004,Birchwood Commons,2025-06-03,R18,159,0,16:33,D19,Southeast,2026-06-25T06:46:29.225Z,2026-06-25T06:46:49.688Z
C007443,P004,Birchwood Commons,2025-05-11,R24,157,1,19:00,D15,Midwest,2026-06-25T06:46:29.225Z,2026-06-25T06:46:49.688Z
C007509,P006,Cedar Park,2025-06-09,R23,108,0,17:49,D06,Midwest,2026-06-25T06:46:29.225Z,2026-06-25T06:46:49.688Z
C007513,P005,Lakeview Terrace,2025-02-15,R16,136,0,20:07,D20,West,2026-06-25T06:46:29.225Z,2026-06-25T06:46:49.688Z
C007514,P002,Maple Court,2025-01-21,R22,105,0,20:12,D05,Southeast,2026-06-25T06:46:29.225Z,2026-06-25T06:46:49.688Z
C007524,P001,Sunset Ridge,2025-05-08,R12,71,1,22:46,D19,Northeast,2026-06-25T06:46:29.225Z,2026-06-25T06:46:49.688Z
C007525,P007,Willow Creek,2025-06-22,R19,133,0,18:43,D15,West,2026-06-25T06:46:29.225Z,2026-06-25T06:46:49.688Z
C007549,P006,Cedar Park,2025-02-16,R12,54,0,19:53,D06,West,2026-06-25T06:46:29.225Z,2026-06-25T06:46:49.688Z
C007550,P002,Maple Court,2025-06-20,R23,55,0,18:14,D10,Southeast,2026-06-25T06:46:29.225Z,2026-06-25T06:46:49.688Z
C007553,P004,Birchwood Commons,2025-04-15,R21,158,0,18:25,D11,West,2026-06-25T06:46:29.225Z,2026-06-25T06:46:49.688Z
C007558,P008,Harbor Pointe,2025-01-04,R23,129,0,21:34,D08,Southeast,2026-06-25T06:46:29.225Z,2026-06-25T06:46:49.688Z
C007561,P004,Birchwood Commons,2025-05-12,R13,119,0,16:10,D16,Northeast,2026-06-25T06:46:29.225Z,2026-06-25T06:46:49.688Z
C007568,P008,Harbor Pointe,2025-01-08,R19,43,0,15:11,D17,Southeast,2026-06-25T06:46:29.225Z,2026-06-25T06:46:49.688Z
C007585,P005,Lakeview Terrace,2025-05-02,R24,76,0,19:59,D11,Southeast,2026-06-25T06:46:29.225Z,2026-06-25T06:46:49.688Z
C007587,P008,Harbor Pointe,2025-04-20,R12,70,0,20:28,D16,Midwest,2026-06-25T06:46:29.225Z,2026-06-25T06:46:49.688Z
C007593,P005,Lakeview Terrace,2025-06-20,R18,78,1,15:40,D09,Midwest,2026-06-25T06:46:29.225Z,2026-06-25T06:46:49.688Z
C007598,P002,Maple Court,2025-03-28,R17,87,0,17:05,D15,Midwest,2026-06-25T06:46:29.225Z,2026-06-25T06:46:49.688Z
C007679,P003,Green Oaks,2025-06-15,R10,89,2,14:23,D03,Southeast,2026-06-25T06:46:29.225Z,2026-06-25T06:46:49.688Z
C007682,P001,Sunset Ridge,2025-04-25,R21,56,0,17:11,D16,Southeast,2026-06-25T06:46:29.225Z,2026-06-25T06:46:49.688Z
C007695,P005,Lakeview Terrace,2025-03-30,R15,108,0,18:03,D06,Midwest,2026-06-25T06:46:29.225Z,2026-06-25T06:46:49.688Z
C007736,P005,Lakeview Terrace,2025-04-24,R15,50,0,16:53,D06,Northeast,2026-06-25T06:46:29.225Z,2026-06-25T06:46:49.688Z
C007746,P005,Lakeview Terrace,2025-05-13,R11,62,0,15:09,D08,Northeast,2026-06-25T06:46:29.225Z,2026-06-25T06:46:49.688Z
C007774,P007,Willow Creek,2025-04-04,R11,155,2,19:34,D04,Southeast,2026-06-25T06:46:29.225Z,2026-06-25T06:46:49.688Z
C007779,P008,Harbor Pointe,2025-02-06,R14,134,0,21:33,D08,Southeast,2026-06-25T06:46:29.225Z,2026-06-25T06:46:49.688Z
C007794,P007,Willow Creek,2025-01-11,R10,145,0,19:17,D14,Southeast,2026-06-25T06:46:29.225Z,2026-06-25T06:46:49.688Z
C007819,P007,Willow Creek,2025-03-25,R11,141,0,16:59,D06,Northeast,2026-06-25T06:46:29.225Z,2026-06-25T06:46:49.688Z
C007837,P008,Harbor Pointe,2025-04-11,R20,50,0,19:43,D17,Southeast,2026-06-25T06:46:29.225Z,2026-06-25T06:46:49.688Z
C007844,P004,Birchwood Commons,2025-02-12,R11,43,0,22:06,D17,Northeast,2026-06-25T06:46:29.225Z,2026-06-25T06:46:49.688Z
C007854,P003,Green Oaks,2025-05-12,R22,97,1,18:20,D15,Northeast,2026-06-25T06:46:29.225Z,2026-06-25T06:46:49.688Z
C007883,P003,Green Oaks,2025-03-23,R10,143,2,21:38,D01,West,2026-06-25T06:46:29.225Z,2026-06-25T06:46:49.688Z
C007892,P006,Cedar Park,2025-02-12,R19,110,0,18:03,D15,Southeast,2026-06-25T06:46:29.225Z,2026-06-25T06:46:49.688Z
C007908,P004,Birchwood Commons,2025-05-22,R22,147,0,21:04,D02,Northeast,2026-06-25T06:46:29.225Z,2026-06-25T06:46:49.688Z
C007917,P001,Sunset Ridge,2025-06-12,R23,73,0,16:13,D05,Southeast,2026-06-25T06:46:29.225Z,2026-06-25T06:46:49.688Z
C007939,P002,Maple Court,2025-06-11,R10,74,0,16:54,D07,Northeast,2026-06-25T06:46:29.225Z,2026-06-25T06:46:49.688Z
C007951,P001,Sunset Ridge,2025-06-15,R14,137,1,15:27,D06,West,2026-06-25T06:46:29.225Z,2026-06-25T06:46:49.688Z
C007959,P005,Lakeview Terrace,2025-02-21,R15,86,0,14:05,D06,Southeast,2026-06-25T06:46:29.225Z,2026-06-25T06:46:49.688Z
C007999,P001,Sunset Ridge,2025-04-06,R19,80,0,16:41,D09,Midwest,2026-06-25T06:46:29.225Z,2026-06-25T06:46:49.688Z
C007018,P005,Lakeview Terrace,2025-04-26,R21,68,0,16:18,D11,Midwest,2026-06-25T06:46:29.225Z,2026-06-25T06:46:49.688Z
C007025,P002,Maple Court,2025-06-22,R23,146,0,19:39,D03,Southeast,2026-06-25T06:46:29.225Z,2026-06-25T06:46:49.688Z
C007039,P007,Willow Creek,2025-03-07,R15,96,0,21:20,D18,Midwest,2026-06-25T06:46:29.225Z,2026-06-25T06:46:49.688Z
C007090,P004,Birchwood Commons,2025-05-20,R23,108,0,17:19,D16,West,2026-06-25T06:46:29.225Z,2026-06-25T06:46:49.688Z
C007094,P005,Lakeview Terrace,2025-01-06,R14,88,0,21:34,D19,Northeast,2026-06-25T06:46:29.225Z,2026-06-25T06:46:49.688Z
C007105,P005,Lakeview Terrace,2025-04-15,R19,126,0,18:07,D16,Midwest,2026-06-25T06:46:29.225Z,2026-06-25T06:46:49.688Z
C007114,P006,Cedar Park,2025-04-15,R12,84,0,21:26,D03,Northeast,2026-06-25T06:46:29.225Z,2026-06-25T06:46:49.688Z
C007147,P006,Cedar Park,2025-01-11,R21,97,2,16:31,D12,West,2026-06-25T06:46:29.225Z,2026-06-25T06:46:49.688Z
C007150,P007,Willow Creek,2025-06-14,R21,134,0,14:42,D15,Midwest,2026-06-25T06:46:29.225Z,2026-06-25T06:46:49.688Z
C007155,P001,Sunset Ridge,2025-04-18,R24,102,0,21:22,D16,Northeast,2026-06-25T06:46:29.225Z,2026-06-25T06:46:49.688Z
C007173,P006,Cedar Park,2025-04-09,R15,59,3,19:45,D16,West,2026-06-25T06:46:29.225Z,2026-06-25T06:46:49.688Z
C007206,P007,Willow Creek,2025-06-03,R24,69,1,18:27,D17,Northeast,2026-06-25T06:46:29.225Z,2026-06-25T06:46:49.688Z
C007209,P008,Harbor Pointe,2025-01-09,R20,49,1,16:24,D10,Midwest,2026-06-25T06:46:29.225Z,2026-06-25T06:46:49.688Z
C007224,P005,Lakeview Terrace,2025-02-09,R24,51,1,20:38,D09,Northeast,2026-06-25T06:46:29.225Z,2026-06-25T06:46:49.688Z
C007226,P002,Maple Court,2025-04-16,R14,61,0,22:19,D01,Southeast,2026-06-25T06:46:29.225Z,2026-06-25T06:46:49.688Z
C007243,P001,Sunset Ridge,2025-06-19,R16,86,0,17:25,D02,Northeast,2026-06-25T06:46:29.225Z,2026-06-25T06:46:49.688Z
C007259,P002,Maple Court,2025-04-09,R24,102,0,21:42,D04,Southeast,2026-06-25T06:46:29.225Z,2026-06-25T06:46:49.688Z
C007354,P008,Harbor Pointe,2025-02-28,R18,157,0,20:40,D16,Southeast,2026-06-25T06:46:29.225Z,2026-06-25T06:46:49.688Z
C007396,P004,Birchwood Commons,2025-05-21,R15,45,0,20:47,D17,Southeast,2026-06-25T06:46:29.225Z,2026-06-25T06:46:49.688Z
C007414,P007,Willow Creek,2025-04-22,R12,84,1,17:26,D15,Southeast,2026-06-25T06:46:29.225Z,2026-06-25T06:46:49.688Z
C007419,P006,Cedar Park,2025-06-19,R24,50,1,21:40,D06,Southeast,2026-06-25T06:46:29.225Z,2026-06-25T06:46:49.688Z
C007425,P004,Birchwood Commons,2025-03-30,R18,147,0,19:13,D16,Midwest,2026-06-25T06:46:29.225Z,2026-06-25T06:46:49.688Z
C007436,P004,Birchwood Commons,2025-01-15,R13,141,0,15:17,D08,Midwest,2026-06-25T06:46:29.225Z,2026-06-25T06:46:49.688Z
C007462,P008,Harbor Pointe,2025-03-26,R12,42,3,19:23,D11,Midwest,2026-06-25T06:46:29.225Z,2026-06-25T06:46:49.688Z
C007474,P003,Green Oaks,2025-04-02,R24,145,2,18:35,D15,Northeast,2026-06-25T06:46:29.225Z,2026-06-25T06:46:49.688Z
C007476,P008,Harbor Pointe,2025-06-24,R17,144,0,19:54,D03,Northeast,2026-06-25T06:46:29.225Z,2026-06-25T06:46:49.688Z
C007533,P001,Sunset Ridge,2025-06-10,R13,42,0,16:18,D19,Midwest,2026-06-25T06:46:29.225Z,2026-06-25T06:46:49.688Z
C007536,P004,Birchwood Commons,2025-02-20,R10,139,0,17:32,D01,Midwest,2026-06-25T06:46:29.225Z,2026-06-25T06:46:49.688Z
C007544,P007,Willow Creek,2025-01-11,R21,118,0,22:47,D14,Northeast,2026-06-25T06:46:29.225Z,2026-06-25T06:46:49.688Z
C007547,P002,Maple Court,2025-02-28,R18,135,0,14:33,D16,Midwest,2026-06-25T06:46:29.225Z,2026-06-25T06:46:49.688Z
C007567,P002,Maple Court,2025-02-18,R23,111,0,16:20,D20,Midwest,2026-06-25T06:46:29.225Z,2026-06-25T06:46:49.688Z
C007594,P006,Cedar Park,2025-02-02,R21,91,0,14:45,D05,Midwest,2026-06-25T06:46:29.225Z,2026-06-25T06:46:49.688Z
C007629,P004,Birchwood Commons,2025-03-23,R14,116,2,21:24,D06,Southeast,2026-06-25T06:46:29.225Z,2026-06-25T06:46:49.688Z
C007633,P003,Green Oaks,2025-05-16,R22,107,0,18:44,D20,West,2026-06-25T06:46:29.225Z,2026-06-25T06:46:49.688Z
C007642,P005,Lakeview Terrace,2025-05-22,R12,84,0,19:45,D14,West,2026-06-25T06:46:29.225Z,2026-06-25T06:46:49.688Z
C007700,P005,Lakeview Terrace,2025-01-04,R14,65,0,21:06,D01,Northeast,2026-06-25T06:46:29.225Z,2026-06-25T06:46:49.688Z
C007703,P006,Cedar Park,2025-02-12,R23,148,0,17:21,D01,Midwest,2026-06-25T06:46:29.225Z,2026-06-25T06:46:49.688Z
C007731,P005,Lakeview Terrace,2025-01-25,R14,147,0,15:42,D18,Midwest,2026-06-25T06:46:29.225Z,2026-06-25T06:46:49.688Z
C007747,P006,Cedar Park,2025-05-26,R19,154,0,17:48,D16,Southeast,2026-06-25T06:46:29.225Z,2026-06-25T06:46:49.688Z
C007757,P008,Harbor Pointe,2025-01-29,R24,122,0,18:08,D07,West,2026-06-25T06:46:29.225Z,2026-06-25T06:46:49.688Z
C007771,P002,Maple Court,2025-04-21,R13,110,0,14:44,D01,Midwest,2026-06-25T06:46:29.225Z,2026-06-25T06:46:49.688Z
C007783,P001,Sunset Ridge,2025-05-02,R12,67,1,16:32,D07,Southeast,2026-06-25T06:46:29.225Z,2026-06-25T06:46:49.688Z
C007797,P008,Harbor Pointe,2025-05-15,R15,158,1,16:24,D08,Midwest,2026-06-25T06:46:29.225Z,2026-06-25T06:46:49.688Z
C007801,P001,Sunset Ridge,2025-02-20,R16,62,0,21:19,D03,Northeast,2026-06-25T06:46:29.225Z,2026-06-25T06:46:49.688Z
C007809,P004,Birchwood Commons,2025-03-03,R13,67,0,15:11,D20,Midwest,2026-06-25T06:46:29.225Z,2026-06-25T06:46:49.688Z
C007815,P008,Harbor Pointe,2025-03-12,R23,96,0,15:51,D14,Southeast,2026-06-25T06:46:29.225Z,2026-06-25T06:46:49.688Z
C007839,P003,Green Oaks,2025-03-31,R18,79,0,20:52,D17,West,2026-06-25T06:46:29.225Z,2026-06-25T06:46:49.688Z
C007849,P006,Cedar Park,2025-01-25,R14,96,0,17:50,D08,West,2026-06-25T06:46:29.225Z,2026-06-25T06:46:49.688Z
C007858,P004,Birchwood Commons,2025-06-05,R22,42,3,18:10,D18,West,2026-06-25T06:46:29.225Z,2026-06-25T06:46:49.688Z
C007867,P003,Green Oaks,2025-02-26,R11,129,0,21:41,D15,Northeast,2026-06-25T06:46:29.225Z,2026-06-25T06:46:49.688Z
C007875,P008,Harbor Pointe,2025-04-01,R13,78,1,18:49,D14,Northeast,2026-06-25T06:46:29.225Z,2026-06-25T06:46:49.688Z
C007922,P004,Birchwood Commons,2025-01-18,R23,51,0,16:17,D08,Midwest,2026-06-25T06:46:29.225Z,2026-06-25T06:46:49.688Z
C007926,P008,Harbor Pointe,2025-03-11,R22,82,0,18:07,D08,Midwest,2026-06-25T06:46:29.225Z,2026-06-25T06:46:49.688Z
C007940,P008,Harbor Pointe,2025-06-10,R19,91,0,19:44,D12,Northeast,2026-06-25T06:46:29.225Z,2026-06-25T06:46:49.688Z
C007945,P003,Green Oaks,2025-03-30,R11,112,0,22:36,D20,Southeast,2026-06-25T06:46:29.225Z,2026-06-25T06:46:49.688Z
C007947,P003,Green Oaks,2025-03-26,R19,68,0,17:12,D13,West,2026-06-25T06:46:29.225Z,2026-06-25T06:46:49.688Z
C007960,P003,Green Oaks,2025-03-06,R18,95,0,22:55,D14,West,2026-06-25T06:46:29.225Z,2026-06-25T06:46:49.688Z
C007980,P004,Birchwood Commons,2025-04-02,R11,147,1,17:39,D16,Midwest,2026-06-25T06:46:29.225Z,2026-06-25T06:46:49.688Z
C007994,P006,Cedar Park,2025-02-23,R16,128,1,16:59,D07,Northeast,2026-06-25T06:46:29.225Z,2026-06-25T06:46:49.688Z
C007017,P005,Lakeview Terrace,2025-02-26,R11,153,1,16:10,D14,Northeast,2026-06-25T06:46:29.225Z,2026-06-25T06:46:49.688Z
C007023,P007,Willow Creek,2025-02-12,R16,55,0,18:56,D06,Southeast,2026-06-25T06:46:29.225Z,2026-06-25T06:46:49.688Z
C007038,P003,Green Oaks,2025-05-11,R23,131,0,21:48,D20,Midwest,2026-06-25T06:46:29.225Z,2026-06-25T06:46:49.688Z
C007040,P003,Green Oaks,2025-06-14,R11,125,0,21:00,D13,Northeast,2026-06-25T06:46:29.225Z,2026-06-25T06:46:49.688Z
C007065,P005,Lakeview Terrace,2025-04-11,R12,56,0,20:51,D14,Northeast,2026-06-25T06:46:29.225Z,2026-06-25T06:46:49.688Z
C007070,P004,Birchwood Commons,2025-03-02,R19,55,2,18:57,D03,Southeast,2026-06-25T06:46:29.225Z,2026-06-25T06:46:49.688Z
C007092,P003,Green Oaks,2025-06-10,R18,61,0,15:13,D04,Southeast,2026-06-25T06:46:29.225Z,2026-06-25T06:46:49.688Z
C007112,P008,Harbor Pointe,2025-01-31,R10,53,0,22:44,D01,Northeast,2026-06-25T06:46:29.225Z,2026-06-25T06:46:49.688Z
C007123,P008,Harbor Pointe,2025-02-06,R21,117,0,14:17,D13,Midwest,2026-06-25T06:46:29.225Z,2026-06-25T06:46:49.688Z
C007164,P005,Lakeview Terrace,2025-04-23,R21,157,0,16:00,D11,Southeast,2026-06-25T06:46:29.225Z,2026-06-25T06:46:49.688Z
C007179,P002,Maple Court,2025-02-18,R18,141,0,17:26,D13,Northeast,2026-06-25T06:46:29.225Z,2026-06-25T06:46:49.688Z
C007194,P004,Birchwood Commons,2025-04-21,R14,137,0,21:32,D10,Midwest,2026-06-25T06:46:29.225Z,2026-06-25T06:46:49.688Z
C007248,P003,Green Oaks,2025-05-23,R23,51,0,14:30,D11,West,2026-06-25T06:46:29.225Z,2026-06-25T06:46:49.688Z
C007270,P001,Sunset Ridge,2025-06-28,R23,105,0,17:14,D17,Midwest,2026-06-25T06:46:29.225Z,2026-06-25T06:46:49.688Z
C007279,P007,Willow Creek,2025-06-20,R17,111,1,22:25,D11,West,2026-06-25T06:46:29.225Z,2026-06-25T06:46:49.688Z
C007324,P007,Willow Creek,2025-01-02,R23,122,0,18:41,D15,Midwest,2026-06-25T06:46:29.225Z,2026-06-25T06:46:49.688Z
C007336,P005,Lakeview Terrace,2025-02-01,R18,158,0,21:10,D10,Northeast,2026-06-25T06:46:29.225Z,2026-06-25T06:46:49.688Z
C007366,P004,Birchwood Commons,2025-01-02,R18,61,2,16:17,D09,Midwest,2026-06-25T06:46:29.225Z,2026-06-25T06:46:49.688Z
C007372,P004,Birchwood Commons,2025-06-06,R13,159,0,17:05,D13,West,2026-06-25T06:46:29.225Z,2026-06-25T06:46:49.688Z
C007387,P002,Maple Court,2025-04-16,R12,83,0,18:19,D12,Northeast,2026-06-25T06:46:29.225Z,2026-06-25T06:46:49.688Z
C007394,P001,Sunset Ridge,2025-05-31,R16,157,0,19:50,D18,Southeast,2026-06-25T06:46:29.225Z,2026-06-25T06:46:49.688Z
C007427,P004,Birchwood Commons,2025-02-12,R12,79,0,18:33,D18,Southeast,2026-06-25T06:46:29.225Z,2026-06-25T06:46:49.688Z
C007428,P007,Willow Creek,2025-05-06,R19,144,1,20:22,D15,West,2026-06-25T06:46:29.225Z,2026-06-25T06:46:49.688Z
C007437,P005,Lakeview Terrace,2025-04-23,R20,90,0,15:49,D05,Midwest,2026-06-25T06:46:29.225Z,2026-06-25T06:46:49.688Z
C007445,P002,Maple Court,2025-03-30,R14,93,0,16:29,D17,Northeast,2026-06-25T06:46:29.225Z,2026-06-25T06:46:49.688Z
C007446,P007,Willow Creek,2025-04-12,R12,49,1,21:59,D13,Midwest,2026-06-25T06:46:29.225Z,2026-06-25T06:46:49.688Z
C007453,P003,Green Oaks,2025-05-25,R12,131,1,14:10,D10,Southeast,2026-06-25T06:46:29.225Z,2026-06-25T06:46:49.688Z
C007457,P007,Willow Creek,2025-06-26,R12,86,2,19:37,D01,Southeast,2026-06-25T06:46:29.225Z,2026-06-25T06:46:49.688Z
C007463,P006,Cedar Park,2025-02-11,R24,145,0,19:20,D01,Midwest,2026-06-25T06:46:29.225Z,2026-06-25T06:46:49.688Z
C007465,P003,Green Oaks,2025-04-11,R12,111,0,22:18,D19,Midwest,2026-06-25T06:46:29.225Z,2026-06-25T06:46:49.688Z
C007481,P008,Harbor Pointe,2025-05-09,R24,160,0,20:31,D15,Northeast,2026-06-25T06:46:29.225Z,2026-06-25T06:46:49.688Z
C007486,P007,Willow Creek,2025-05-21,R20,71,0,18:46,D07,Midwest,2026-06-25T06:46:29.225Z,2026-06-25T06:46:49.688Z
C007507,P005,Lakeview Terrace,2025-05-22,R16,80,0,19:12,D01,Midwest,2026-06-25T06:46:29.225Z,2026-06-25T06:46:49.688Z
C007566,P007,Willow Creek,2025-02-02,R11,67,2,21:27,D20,Midwest,2026-06-25T06:46:29.225Z,2026-06-25T06:46:49.688Z
C007572,P003,Green Oaks,2025-03-16,R22,109,0,16:56,D17,Northeast,2026-06-25T06:46:29.225Z,2026-06-25T06:46:49.688Z
C007575,P007,Willow Creek,2025-02-09,R20,93,0,20:58,D15,Midwest,2026-06-25T06:46:29.225Z,2026-06-25T06:46:49.688Z
C007603,P002,Maple Court,2025-05-18,R16,131,2,20:32,D02,West,2026-06-25T06:46:29.225Z,2026-06-25T06:46:49.688Z
C007607,P004,Birchwood Commons,2025-05-22,R14,109,1,19:55,D14,Northeast,2026-06-25T06:46:29.225Z,2026-06-25T06:46:49.688Z
C007612,P007,Willow Creek,2025-03-13,R10,91,2,20:40,D10,Midwest,2026-06-25T06:46:29.225Z,2026-06-25T06:46:49.688Z
C007615,P003,Green Oaks,2025-03-15,R18,142,0,16:47,D01,West,2026-06-25T06:46:29.225Z,2026-06-25T06:46:49.688Z
C007624,P005,Lakeview Terrace,2025-01-30,R12,117,0,17:13,D17,Southeast,2026-06-25T06:46:29.225Z,2026-06-25T06:46:49.688Z
C007640,P002,Maple Court,2025-01-18,R22,152,0,14:02,D10,West,2026-06-25T06:46:29.225Z,2026-06-25T06:46:49.688Z
C007663,P003,Green Oaks,2025-02-05,R11,94,2,20:03,D20,Northeast,2026-06-25T06:46:29.225Z,2026-06-25T06:46:49.688Z
C007677,P008,Harbor Pointe,2025-01-17,R23,56,0,21:57,D01,Southeast,2026-06-25T06:46:29.225Z,2026-06-25T06:46:49.688Z
C007687,P007,Willow Creek,2025-01-18,R22,153,1,21:55,D01,Southeast,2026-06-25T06:46:29.225Z,2026-06-25T06:46:49.688Z
C007690,P008,Harbor Pointe,2025-01-01,R13,72,3,15:15,D12,Southeast,2026-06-25T06:46:29.225Z,2026-06-25T06:46:49.688Z
C007699,P005,Lakeview Terrace,2025-04-14,R20,58,0,15:46,D01,Midwest,2026-06-25T06:46:29.225Z,2026-06-25T06:46:49.688Z
C007705,P005,Lakeview Terrace,2025-02-19,R17,151,0,15:14,D16,Southeast,2026-06-25T06:46:29.225Z,2026-06-25T06:46:49.688Z
C007706,P008,Harbor Pointe,2025-03-28,R24,127,0,21:46,D11,Midwest,2026-06-25T06:46:29.225Z,2026-06-25T06:46:49.688Z
C007710,P001,Sunset Ridge,2025-04-02,R12,52,1,19:42,D14,Midwest,2026-06-25T06:46:29.225Z,2026-06-25T06:46:49.688Z
C007716,P007,Willow Creek,2025-04-12,R13,71,3,18:11,D17,Southeast,2026-06-25T06:46:29.225Z,2026-06-25T06:46:49.688Z
C007722,P004,Birchwood Commons,2025-04-04,R13,78,0,19:27,D11,Southeast,2026-06-25T06:46:29.225Z,2026-06-25T06:46:49.688Z
C007723,P003,Green Oaks,2025-03-27,R12,130,0,17:54,D02,Northeast,2026-06-25T06:46:29.225Z,2026-06-25T06:46:49.688Z
C007739,P003,Green Oaks,2025-01-10,R14,91,0,14:53,D04,Midwest,2026-06-25T06:46:29.225Z,2026-06-25T06:46:49.688Z
C007744,P003,Green Oaks,2025-03-11,R13,149,0,19:36,D17,Northeast,2026-06-25T06:46:29.225Z,2026-06-25T06:46:49.688Z
C007753,P002,Maple Court,2025-04-14,R16,143,1,20:32,D11,West,2026-06-25T06:46:29.225Z,2026-06-25T06:46:49.688Z
C007754,P008,Harbor Pointe,2025-04-27,R18,117,3,19:14,D05,Northeast,2026-06-25T06:46:29.225Z,2026-06-25T06:46:49.688Z
C007767,P001,Sunset Ridge,2025-06-08,R11,69,0,17:28,D01,Northeast,2026-06-25T06:46:29.225Z,2026-06-25T06:46:49.688Z
C007790,P001,Sunset Ridge,2025-02-02,R14,61,1,21:23,D18,Southeast,2026-06-25T06:46:29.225Z,2026-06-25T06:46:49.688Z
C007792,P004,Birchwood Commons,2025-06-01,R10,89,0,19:06,D04,West,2026-06-25T06:46:29.225Z,2026-06-25T06:46:49.688Z
C007796,P003,Green Oaks,2025-01-04,R22,46,2,18:30,D07,Southeast,2026-06-25T06:46:29.225Z,2026-06-25T06:46:49.688Z
C007822,P005,Lakeview Terrace,2025-02-07,R10,125,0,22:37,D16,Northeast,2026-06-25T06:46:29.225Z,2026-06-25T06:46:49.688Z
C007835,P005,Lakeview Terrace,2025-01-16,R24,73,0,21:21,D12,Southeast,2026-06-25T06:46:29.225Z,2026-06-25T06:46:49.688Z
C007865,P002,Maple Court,2025-04-16,R18,108,0,16:59,D14,West,2026-06-25T06:46:29.225Z,2026-06-25T06:46:49.688Z
C007890,P002,Maple Court,2025-01-07,R12,139,0,20:56,D20,Southeast,2026-06-25T06:46:29.225Z,2026-06-25T06:46:49.688Z
C007948,P003,Green Oaks,2025-04-25,R19,103,0,16:22,D08,Northeast,2026-06-25T06:46:29.225Z,2026-06-25T06:46:49.688Z
C007986,P006,Cedar Park,2025-02-15,R16,51,1,14:18,D02,West,2026-06-25T06:46:29.225Z,2026-06-25T06:46:49.688Z
C007987,P004,Birchwood Commons,2025-05-01,R12,81,1,22:59,D13,Northeast,2026-06-25T06:46:29.225Z,2026-06-25T06:46:49.688Z
C004014,P003,Green Oaks,2025-04-13,R21,124,0,22:53,D01,Southeast,2026-06-25T06:46:29.225Z,2026-06-25T06:46:49.688Z
C004024,P007,Willow Creek,2025-05-07,R10,82,0,20:46,D13,Southeast,2026-06-25T06:46:29.225Z,2026-06-25T06:46:49.688Z
C004032,P003,Green Oaks,2025-06-02,R20,156,0,18:26,D03,Southeast,2026-06-25T06:46:29.225Z,2026-06-25T06:46:49.688Z
C004064,P004,Birchwood Commons,2025-03-17,R16,132,0,19:26,D04,Southeast,2026-06-25T06:46:29.225Z,2026-06-25T06:46:49.688Z
C004076,P003,Green Oaks,2025-02-14,R21,147,0,22:18,D15,Southeast,2026-06-25T06:46:29.225Z,2026-06-25T06:46:49.688Z
C004087,P005,Lakeview Terrace,2025-03-21,R10,137,1,16:21,D11,Northeast,2026-06-25T06:46:29.225Z,2026-06-25T06:46:49.688Z
C004093,P006,Cedar Park,2025-03-14,R15,108,0,21:58,D15,Southeast,2026-06-25T06:46:29.225Z,2026-06-25T06:46:49.688Z
C004124,P004,Birchwood Commons,2025-03-24,R11,96,0,16:14,D14,West,2026-06-25T06:46:29.225Z,2026-06-25T06:46:49.688Z
C004148,P006,Cedar Park,2025-02-28,R15,153,0,16:36,D15,West,2026-06-25T06:46:29.225Z,2026-06-25T06:46:49.688Z
C004151,P005,Lakeview Terrace,2025-05-20,R21,67,0,20:57,D03,Southeast,2026-06-25T06:46:29.225Z,2026-06-25T06:46:49.688Z
C004153,P003,Green Oaks,2025-04-07,R16,135,0,14:50,D11,Northeast,2026-06-25T06:46:29.225Z,2026-06-25T06:46:49.688Z
C004158,P002,Maple Court,2025-01-02,R19,92,2,16:09,D16,Midwest,2026-06-25T06:46:29.225Z,2026-06-25T06:46:49.688Z
C004168,P003,Green Oaks,2025-02-03,R18,40,0,14:07,D14,Southeast,2026-06-25T06:46:29.225Z,2026-06-25T06:46:49.688Z
C004183,P008,Harbor Pointe,2025-02-17,R14,111,0,21:29,D01,Southeast,2026-06-25T06:46:29.225Z,2026-06-25T06:46:49.688Z
C004224,P004,Birchwood Commons,2025-05-25,R24,126,1,21:18,D07,West,2026-06-25T06:46:29.225Z,2026-06-25T06:46:49.688Z
C004227,P008,Harbor Pointe,2025-01-20,R13,44,0,14:09,D03,Southeast,2026-06-25T06:46:29.225Z,2026-06-25T06:46:49.688Z
C004228,P008,Harbor Pointe,2025-06-19,R13,88,0,20:14,D06,Northeast,2026-06-25T06:46:29.225Z,2026-06-25T06:46:49.688Z
C004267,P006,Cedar Park,2025-01-16,R11,94,3,19:31,D03,Midwest,2026-06-25T06:46:29.225Z,2026-06-25T06:46:49.688Z
C004284,P007,Willow Creek,2025-05-01,R24,106,3,19:37,D01,Midwest,2026-06-25T06:46:29.225Z,2026-06-25T06:46:49.688Z
C004288,P003,Green Oaks,2025-04-12,R23,103,0,21:52,D10,Southeast,2026-06-25T06:46:29.225Z,2026-06-25T06:46:49.688Z
C004328,P003,Green Oaks,2025-05-09,R17,111,0,18:48,D15,Midwest,2026-06-25T06:46:29.225Z,2026-06-25T06:46:49.688Z
C004345,P001,Sunset Ridge,2025-03-27,R14,76,0,16:47,D07,West,2026-06-25T06:46:29.225Z,2026-06-25T06:46:49.688Z
C004363,P003,Green Oaks,2025-06-15,R14,43,0,19:15,D15,West,2026-06-25T06:46:29.225Z,2026-06-25T06:46:49.688Z
C004381,P007,Willow Creek,2025-04-30,R23,107,0,21:21,D14,West,2026-06-25T06:46:29.225Z,2026-06-25T06:46:49.688Z
C004393,P004,Birchwood Commons,2025-05-31,R12,120,0,14:29,D12,West,2026-06-25T06:46:29.225Z,2026-06-25T06:46:49.688Z
C004402,P005,Lakeview Terrace,2025-03-30,R21,97,0,17:58,D17,Northeast,2026-06-25T06:46:29.225Z,2026-06-25T06:46:49.688Z
C004445,P004,Birchwood Commons,2025-03-07,R22,112,0,19:15,D03,Northeast,2026-06-25T06:46:29.225Z,2026-06-25T06:46:49.688Z
C004486,P002,Maple Court,2025-01-18,R15,130,2,18:34,D17,Southeast,2026-06-25T06:46:29.225Z,2026-06-25T06:46:49.688Z
C004490,P005,Lakeview Terrace,2025-01-31,R13,97,0,21:02,D05,Southeast,2026-06-25T06:46:29.225Z,2026-06-25T06:46:49.688Z
C004538,P006,Cedar Park,2025-02-18,R16,46,0,15:55,D14,Northeast,2026-06-25T06:46:29.225Z,2026-06-25T06:46:49.688Z
C004566,P008,Harbor Pointe,2025-06-16,R20,130,3,20:45,D13,West,2026-06-25T06:46:29.225Z,2026-06-25T06:46:49.688Z
C004582,P003,Green Oaks,2025-03-13,R24,87,1,19:21,D04,Midwest,2026-06-25T06:46:29.225Z,2026-06-25T06:46:49.688Z
C004588,P008,Harbor Pointe,2025-05-09,R23,45,1,17:56,D06,Midwest,2026-06-25T06:46:29.225Z,2026-06-25T06:46:49.688Z
C004591,P008,Harbor Pointe,2025-01-19,R21,80,2,20:15,D16,Midwest,2026-06-25T06:46:29.225Z,2026-06-25T06:46:49.688Z
C004627,P005,Lakeview Terrace,2025-06-27,R13,140,0,14:29,D08,Midwest,2026-06-25T06:46:29.225Z,2026-06-25T06:46:49.688Z
C004637,P002,Maple Court,2025-01-28,R19,147,0,14:40,D05,Southeast,2026-06-25T06:46:29.225Z,2026-06-25T06:46:49.688Z
C004642,P006,Cedar Park,2025-01-28,R20,137,3,18:17,D05,West,2026-06-25T06:46:29.225Z,2026-06-25T06:46:49.688Z
C004655,P003,Green Oaks,2025-03-07,R23,86,0,18:51,D12,Midwest,2026-06-25T06:46:29.225Z,2026-06-25T06:46:49.688Z
C004661,P004,Birchwood Commons,2025-02-09,R16,51,0,21:37,D09,West,2026-06-25T06:46:29.225Z,2026-06-25T06:46:49.688Z
C004670,P006,Cedar Park,2025-06-23,R12,141,0,22:45,D05,West,2026-06-25T06:46:29.225Z,2026-06-25T06:46:49.688Z
C004686,P005,Lakeview Terrace,2025-04-22,R11,99,2,19:00,D06,Northeast,2026-06-25T06:46:29.225Z,2026-06-25T06:46:49.688Z
C004691,P002,Maple Court,2025-03-28,R14,138,0,16:02,D10,Midwest,2026-06-25T06:46:29.225Z,2026-06-25T06:46:49.688Z
C004713,P007,Willow Creek,2025-01-22,R13,104,0,21:27,D06,Southeast,2026-06-25T06:46:29.225Z,2026-06-25T06:46:49.688Z
C004714,P008,Harbor Pointe,2025-04-02,R22,78,2,14:47,D11,Northeast,2026-06-25T06:46:29.225Z,2026-06-25T06:46:49.688Z
C004727,P008,Harbor Pointe,2025-03-15,R18,57,0,22:32,D16,Midwest,2026-06-25T06:46:29.225Z,2026-06-25T06:46:49.688Z
C004729,P003,Green Oaks,2025-06-27,R19,145,0,22:29,D08,West,2026-06-25T06:46:29.225Z,2026-06-25T06:46:49.688Z
C004754,P008,Harbor Pointe,2025-05-12,R10,57,0,18:17,D01,Northeast,2026-06-25T06:46:29.225Z,2026-06-25T06:46:49.688Z
C004772,P008,Harbor Pointe,2025-04-29,R24,109,0,19:42,D16,Southeast,2026-06-25T06:46:29.225Z,2026-06-25T06:46:49.688Z
C004794,P001,Sunset Ridge,2025-04-21,R20,112,2,18:13,D17,West,2026-06-25T06:46:29.225Z,2026-06-25T06:46:49.688Z
C004807,P003,Green Oaks,2025-05-30,R20,146,0,17:31,D16,Midwest,2026-06-25T06:46:29.225Z,2026-06-25T06:46:49.688Z
C004814,P001,Sunset Ridge,2025-06-12,R10,129,0,14:44,D04,Southeast,2026-06-25T06:46:29.225Z,2026-06-25T06:46:49.688Z
C004822,P001,Sunset Ridge,2025-06-20,R15,150,0,17:11,D09,Southeast,2026-06-25T06:46:29.225Z,2026-06-25T06:46:49.688Z
C004824,P001,Sunset Ridge,2025-02-07,R24,60,0,15:14,D04,Southeast,2026-06-25T06:46:29.225Z,2026-06-25T06:46:49.688Z
C004835,P005,Lakeview Terrace,2025-06-16,R20,77,0,14:21,D17,Midwest,2026-06-25T06:46:29.225Z,2026-06-25T06:46:49.688Z
C004843,P004,Birchwood Commons,2025-05-11,R20,124,0,15:10,D09,Southeast,2026-06-25T06:46:29.225Z,2026-06-25T06:46:49.688Z
C004873,P004,Birchwood Commons,2025-03-08,R11,43,0,22:05,D05,Northeast,2026-06-25T06:46:29.225Z,2026-06-25T06:46:49.688Z
C004915,P007,Willow Creek,2025-04-18,R10,125,0,16:43,D01,Midwest,2026-06-25T06:46:29.225Z,2026-06-25T06:46:49.688Z
C004923,P006,Cedar Park,2025-03-21,R15,135,3,14:29,D01,Midwest,2026-06-25T06:46:29.225Z,2026-06-25T06:46:49.688Z
C004933,P006,Cedar Park,2025-04-21,R12,70,0,14:01,D09,Southeast,2026-06-25T06:46:29.225Z,2026-06-25T06:46:49.688Z
C004939,P001,Sunset Ridge,2025-05-04,R23,121,2,21:15,D09,West,2026-06-25T06:46:29.225Z,2026-06-25T06:46:49.688Z
C004966,P002,Maple Court,2025-06-16,R21,53,3,15:41,D06,Southeast,2026-06-25T06:46:29.225Z,2026-06-25T06:46:49.688Z
C004983,P001,Sunset Ridge,2025-03-29,R22,134,0,14:45,D19,Southeast,2026-06-25T06:46:29.225Z,2026-06-25T06:46:49.688Z
C004002,P003,Green Oaks,2025-02-25,R17,92,0,17:36,D20,Southeast,2026-06-25T06:46:29.225Z,2026-06-25T06:46:49.688Z
C004020,P008,Harbor Pointe,2025-04-17,R17,139,0,14:27,D03,Midwest,2026-06-25T06:46:29.225Z,2026-06-25T06:46:49.688Z
C004036,P003,Green Oaks,2025-01-09,R19,155,0,21:23,D20,West,2026-06-25T06:46:29.225Z,2026-06-25T06:46:49.688Z
C004040,P001,Sunset Ridge,2025-02-24,R22,140,0,19:05,D07,Midwest,2026-06-25T06:46:29.225Z,2026-06-25T06:46:49.688Z
C004042,P007,Willow Creek,2025-04-08,R22,157,0,14:53,D17,Northeast,2026-06-25T06:46:29.225Z,2026-06-25T06:46:49.688Z
C004056,P005,Lakeview Terrace,2025-05-04,R20,100,1,16:05,D09,West,2026-06-25T06:46:29.225Z,2026-06-25T06:46:49.688Z
C004058,P003,Green Oaks,2025-02-06,R16,97,0,20:39,D17,West,2026-06-25T06:46:29.225Z,2026-06-25T06:46:49.688Z
C004059,P008,Harbor Pointe,2025-05-31,R17,82,3,18:17,D11,Northeast,2026-06-25T06:46:29.225Z,2026-06-25T06:46:49.688Z
C004061,P004,Birchwood Commons,2025-05-29,R16,153,3,14:44,D11,West,2026-06-25T06:46:29.225Z,2026-06-25T06:46:49.688Z
C004072,P006,Cedar Park,2025-03-30,R18,91,0,20:14,D12,West,2026-06-25T06:46:29.225Z,2026-06-25T06:46:49.688Z
C004112,P004,Birchwood Commons,2025-06-29,R22,95,0,17:18,D01,Northeast,2026-06-25T06:46:29.225Z,2026-06-25T06:46:49.688Z
C004130,P003,Green Oaks,2025-03-30,R15,130,1,21:09,D08,Southeast,2026-06-25T06:46:29.225Z,2026-06-25T06:46:49.688Z
C004140,P003,Green Oaks,2025-06-09,R13,99,2,19:38,D01,West,2026-06-25T06:46:29.225Z,2026-06-25T06:46:49.688Z
C004145,P001,Sunset Ridge,2025-02-07,R10,73,3,17:26,D09,West,2026-06-25T06:46:29.225Z,2026-06-25T06:46:49.688Z
C004147,P004,Birchwood Commons,2025-03-10,R17,138,0,15:08,D02,West,2026-06-25T06:46:29.225Z,2026-06-25T06:46:49.688Z
C004152,P002,Maple Court,2025-04-17,R11,79,0,20:58,D01,Midwest,2026-06-25T06:46:29.225Z,2026-06-25T06:46:49.688Z
C004156,P004,Birchwood Commons,2025-03-10,R14,152,1,18:40,D11,Northeast,2026-06-25T06:46:29.225Z,2026-06-25T06:46:49.688Z
C004179,P001,Sunset Ridge,2025-01-19,R17,133,2,15:07,D14,Southeast,2026-06-25T06:46:29.225Z,2026-06-25T06:46:49.688Z
C004211,P008,Harbor Pointe,2025-06-25,R16,113,0,20:34,D01,West,2026-06-25T06:46:29.225Z,2026-06-25T06:46:49.688Z
C004237,P005,Lakeview Terrace,2025-03-11,R14,157,0,21:50,D07,Midwest,2026-06-25T06:46:29.225Z,2026-06-25T06:46:49.688Z
C004250,P006,Cedar Park,2025-06-28,R18,140,0,20:45,D17,Southeast,2026-06-25T06:46:29.225Z,2026-06-25T06:46:49.688Z
C004254,P008,Harbor Pointe,2025-05-31,R13,141,0,22:00,D04,Southeast,2026-06-25T06:46:29.225Z,2026-06-25T06:46:49.688Z
C004271,P005,Lakeview Terrace,2025-02-26,R23,124,0,19:38,D14,Southeast,2026-06-25T06:46:29.225Z,2026-06-25T06:46:49.688Z
C004312,P003,Green Oaks,2025-01-27,R16,56,0,15:42,D02,West,2026-06-25T06:46:29.225Z,2026-06-25T06:46:49.688Z
C004341,P005,Lakeview Terrace,2025-03-21,R19,49,0,19:14,D18,Southeast,2026-06-25T06:46:29.225Z,2026-06-25T06:46:49.688Z
C004342,P005,Lakeview Terrace,2025-05-21,R12,95,0,21:54,D05,Midwest,2026-06-25T06:46:29.225Z,2026-06-25T06:46:49.688Z
C004366,P001,Sunset Ridge,2025-03-13,R22,101,0,22:00,D12,Midwest,2026-06-25T06:46:29.225Z,2026-06-25T06:46:49.688Z
C004396,P003,Green Oaks,2025-01-06,R24,71,3,19:54,D13,Northeast,2026-06-25T06:46:29.225Z,2026-06-25T06:46:49.688Z
C004412,P005,Lakeview Terrace,2025-03-15,R10,70,0,19:01,D15,West,2026-06-25T06:46:29.225Z,2026-06-25T06:46:49.688Z
C004416,P002,Maple Court,2025-04-05,R12,67,0,22:28,D05,Northeast,2026-06-25T06:46:29.225Z,2026-06-25T06:46:49.688Z
C004419,P007,Willow Creek,2025-05-26,R17,154,0,18:59,D04,West,2026-06-25T06:46:29.225Z,2026-06-25T06:46:49.688Z
C004430,P006,Cedar Park,2025-03-26,R22,60,0,15:40,D19,West,2026-06-25T06:46:29.225Z,2026-06-25T06:46:49.688Z
C004452,P001,Sunset Ridge,2025-05-07,R24,73,0,19:20,D19,West,2026-06-25T06:46:29.225Z,2026-06-25T06:46:49.688Z
C004458,P003,Green Oaks,2025-01-11,R11,127,0,22:27,D15,Northeast,2026-06-25T06:46:29.225Z,2026-06-25T06:46:49.688Z
C004480,P004,Birchwood Commons,2025-04-09,R22,63,0,17:23,D07,Midwest,2026-06-25T06:46:29.225Z,2026-06-25T06:46:49.688Z
C004487,P004,Birchwood Commons,2025-03-22,R13,76,0,20:49,D12,Midwest,2026-06-25T06:46:29.225Z,2026-06-25T06:46:49.688Z
C004506,P008,Harbor Pointe,2025-04-30,R22,46,1,15:17,D19,West,2026-06-25T06:46:29.225Z,2026-06-25T06:46:49.688Z
C004514,P005,Lakeview Terrace,2025-05-11,R17,97,0,17:23,D20,Northeast,2026-06-25T06:46:29.225Z,2026-06-25T06:46:49.688Z
C004517,P005,Lakeview Terrace,2025-06-28,R16,121,0,15:09,D13,West,2026-06-25T06:46:29.225Z,2026-06-25T06:46:49.688Z
C004537,P002,Maple Court,2025-02-23,R11,51,0,19:45,D16,Southeast,2026-06-25T06:46:29.225Z,2026-06-25T06:46:49.688Z
C004564,P006,Cedar Park,2025-01-03,R13,159,3,18:10,D08,West,2026-06-25T06:46:29.225Z,2026-06-25T06:46:49.688Z
C004583,P006,Cedar Park,2025-02-18,R19,48,1,19:18,D04,West,2026-06-25T06:46:29.225Z,2026-06-25T06:46:49.688Z
C004596,P003,Green Oaks,2025-02-03,R14,49,0,18:01,D18,Southeast,2026-06-25T06:46:29.225Z,2026-06-25T06:46:49.688Z
C004599,P003,Green Oaks,2025-01-03,R10,75,0,17:41,D10,West,2026-06-25T06:46:29.225Z,2026-06-25T06:46:49.688Z
C004604,P004,Birchwood Commons,2025-06-25,R19,85,0,20:48,D15,Midwest,2026-06-25T06:46:29.225Z,2026-06-25T06:46:49.688Z
C004654,P007,Willow Creek,2025-06-16,R10,114,2,15:08,D04,Southeast,2026-06-25T06:46:29.225Z,2026-06-25T06:46:49.688Z
C004658,P002,Maple Court,2025-02-04,R21,101,0,18:12,D04,West,2026-06-25T06:46:29.225Z,2026-06-25T06:46:49.688Z
C004663,P002,Maple Court,2025-04-27,R12,97,1,17:46,D04,West,2026-06-25T06:46:29.225Z,2026-06-25T06:46:49.688Z
C004669,P003,Green Oaks,2025-01-02,R18,131,2,16:02,D16,Northeast,2026-06-25T06:46:29.225Z,2026-06-25T06:46:49.688Z
C004682,P008,Harbor Pointe,2025-01-08,R11,151,0,16:48,D04,Northeast,2026-06-25T06:46:29.225Z,2026-06-25T06:46:49.688Z
C004704,P006,Cedar Park,2025-03-05,R17,124,0,22:55,D19,Northeast,2026-06-25T06:46:29.225Z,2026-06-25T06:46:49.688Z
C004706,P001,Sunset Ridge,2025-04-08,R24,151,0,19:58,D16,Midwest,2026-06-25T06:46:29.225Z,2026-06-25T06:46:49.688Z
C004787,P008,Harbor Pointe,2025-02-24,R10,109,0,15:14,D16,Midwest,2026-06-25T06:46:29.225Z,2026-06-25T06:46:49.688Z
C004847,P007,Willow Creek,2025-02-03,R21,43,0,15:30,D02,Midwest,2026-06-25T06:46:29.225Z,2026-06-25T06:46:49.688Z
C004900,P004,Birchwood Commons,2025-03-24,R17,152,0,18:35,D12,Midwest,2026-06-25T06:46:29.225Z,2026-06-25T06:46:49.688Z
C004903,P003,Green Oaks,2025-02-10,R19,75,2,20:20,D06,Midwest,2026-06-25T06:46:29.225Z,2026-06-25T06:46:49.688Z
C004914,P006,Cedar Park,2025-06-23,R14,76,0,15:33,D10,Midwest,2026-06-25T06:46:29.225Z,2026-06-25T06:46:49.688Z
C004930,P003,Green Oaks,2025-02-11,R18,73,0,22:49,D18,Southeast,2026-06-25T06:46:29.225Z,2026-06-25T06:46:49.688Z
C004940,P002,Maple Court,2025-01-11,R16,52,0,17:42,D10,Southeast,2026-06-25T06:46:29.225Z,2026-06-25T06:46:49.688Z
C004941,P003,Green Oaks,2025-05-05,R22,127,0,15:24,D09,Northeast,2026-06-25T06:46:29.225Z,2026-06-25T06:46:49.688Z
C004956,P001,Sunset Ridge,2025-04-14,R11,102,0,20:13,D04,Southeast,2026-06-25T06:46:29.225Z,2026-06-25T06:46:49.688Z
C004001,P001,Sunset Ridge,2025-06-30,R17,103,0,21:49,D18,Northeast,2026-06-25T06:46:29.225Z,2026-06-25T06:46:49.688Z
C004013,P008,Harbor Pointe,2025-05-06,R22,61,1,22:59,D05,Southeast,2026-06-25T06:46:29.225Z,2026-06-25T06:46:49.688Z
C004038,P003,Green Oaks,2025-03-21,R15,59,0,20:42,D20,Northeast,2026-06-25T06:46:29.225Z,2026-06-25T06:46:49.688Z
C004062,P006,Cedar Park,2025-02-16,R20,48,0,17:16,D13,Midwest,2026-06-25T06:46:29.225Z,2026-06-25T06:46:49.688Z
C004063,P002,Maple Court,2025-05-13,R12,147,0,18:53,D17,Northeast,2026-06-25T06:46:29.225Z,2026-06-25T06:46:49.688Z
C004078,P003,Green Oaks,2025-01-24,R13,135,1,16:58,D01,Midwest,2026-06-25T06:46:29.225Z,2026-06-25T06:46:49.688Z
C004096,P006,Cedar Park,2025-01-07,R13,47,0,15:08,D02,Midwest,2026-06-25T06:46:29.225Z,2026-06-25T06:46:49.688Z
C004105,P002,Maple Court,2025-05-25,R17,54,1,18:32,D12,Northeast,2026-06-25T06:46:29.225Z,2026-06-25T06:46:49.688Z
C004116,P002,Maple Court,2025-01-23,R22,54,0,17:51,D10,Midwest,2026-06-25T06:46:29.225Z,2026-06-25T06:46:49.688Z
C004121,P001,Sunset Ridge,2025-06-01,R12,119,2,22:38,D02,Southeast,2026-06-25T06:46:29.225Z,2026-06-25T06:46:49.688Z
C004160,P008,Harbor Pointe,2025-06-26,R21,151,0,17:24,D17,Midwest,2026-06-25T06:46:29.225Z,2026-06-25T06:46:49.688Z
C004166,P006,Cedar Park,2025-02-16,R14,76,0,20:27,D19,Northeast,2026-06-25T06:46:29.225Z,2026-06-25T06:46:49.688Z
C004232,P001,Sunset Ridge,2025-04-12,R21,96,1,17:54,D05,West,2026-06-25T06:46:29.225Z,2026-06-25T06:46:49.688Z
C004240,P005,Lakeview Terrace,2025-05-19,R21,97,1,21:05,D19,Midwest,2026-06-25T06:46:29.225Z,2026-06-25T06:46:49.688Z
C004289,P006,Cedar Park,2025-02-10,R23,159,0,21:08,D07,Southeast,2026-06-25T06:46:29.225Z,2026-06-25T06:46:49.688Z
C004298,P004,Birchwood Commons,2025-05-12,R20,147,0,21:56,D16,Midwest,2026-06-25T06:46:29.225Z,2026-06-25T06:46:49.688Z
C004313,P002,Maple Court,2025-03-17,R14,141,1,18:14,D01,Southeast,2026-06-25T06:46:29.225Z,2026-06-25T06:46:49.688Z
C004315,P008,Harbor Pointe,2025-03-20,R14,74,0,17:13,D03,West,2026-06-25T06:46:29.225Z,2026-06-25T06:46:49.688Z
C004321,P004,Birchwood Commons,2025-02-25,R18,56,0,21:57,D10,Southeast,2026-06-25T06:46:29.225Z,2026-06-25T06:46:49.688Z
C004362,P004,Birchwood Commons,2025-04-01,R14,149,1,21:58,D09,Northeast,2026-06-25T06:46:29.225Z,2026-06-25T06:46:49.688Z
C004378,P001,Sunset Ridge,2025-03-02,R16,51,2,18:16,D07,Northeast,2026-06-25T06:46:29.225Z,2026-06-25T06:46:49.688Z
C004384,P004,Birchwood Commons,2025-06-22,R24,156,0,17:31,D14,West,2026-06-25T06:46:29.225Z,2026-06-25T06:46:49.688Z
C004401,P002,Maple Court,2025-01-15,R22,128,0,14:36,D08,Southeast,2026-06-25T06:46:29.225Z,2026-06-25T06:46:49.688Z
C004422,P001,Sunset Ridge,2025-04-25,R16,78,0,15:50,D05,Midwest,2026-06-25T06:46:29.225Z,2026-06-25T06:46:49.688Z
C004432,P007,Willow Creek,2025-01-18,R10,107,0,22:32,D18,Northeast,2026-06-25T06:46:29.225Z,2026-06-25T06:46:49.688Z
C004435,P001,Sunset Ridge,2025-04-14,R19,130,0,17:43,D08,Midwest,2026-06-25T06:46:29.225Z,2026-06-25T06:46:49.688Z
C004439,P005,Lakeview Terrace,2025-04-14,R24,147,0,16:47,D01,Midwest,2026-06-25T06:46:29.225Z,2026-06-25T06:46:49.688Z
C004444,P003,Green Oaks,2025-03-11,R14,89,0,22:28,D03,Northeast,2026-06-25T06:46:29.225Z,2026-06-25T06:46:49.688Z
C004469,P001,Sunset Ridge,2025-03-21,R20,101,2,21:46,D12,Southeast,2026-06-25T06:46:29.225Z,2026-06-25T06:46:49.688Z
C004473,P005,Lakeview Terrace,2025-06-06,R13,142,0,15:11,D14,West,2026-06-25T06:46:29.225Z,2026-06-25T06:46:49.688Z
C004484,P003,Green Oaks,2025-01-09,R16,127,0,18:26,D17,Northeast,2026-06-25T06:46:29.225Z,2026-06-25T06:46:49.688Z
C004485,P006,Cedar Park,2025-06-10,R21,54,2,14:09,D02,Northeast,2026-06-25T06:46:29.225Z,2026-06-25T06:46:49.688Z
C004492,P003,Green Oaks,2025-06-30,R18,155,1,17:55,D07,West,2026-06-25T06:46:29.225Z,2026-06-25T06:46:49.688Z
C004521,P006,Cedar Park,2025-03-01,R12,94,0,16:03,D05,Northeast,2026-06-25T06:46:29.225Z,2026-06-25T06:46:49.688Z
C004533,P001,Sunset Ridge,2025-03-10,R22,131,1,15:01,D10,Midwest,2026-06-25T06:46:29.225Z,2026-06-25T06:46:49.688Z
C004540,P001,Sunset Ridge,2025-04-17,R24,62,3,15:53,D08,Northeast,2026-06-25T06:46:29.225Z,2026-06-25T06:46:49.688Z
C004547,P008,Harbor Pointe,2025-03-16,R15,91,0,15:24,D17,Southeast,2026-06-25T06:46:29.225Z,2026-06-25T06:46:49.688Z
C004552,P005,Lakeview Terrace,2025-06-30,R19,62,0,16:05,D19,Southeast,2026-06-25T06:46:29.225Z,2026-06-25T06:46:49.688Z
C004554,P002,Maple Court,2025-01-29,R13,144,0,22:23,D13,Midwest,2026-06-25T06:46:29.225Z,2026-06-25T06:46:49.688Z
C004556,P005,Lakeview Terrace,2025-01-08,R24,45,0,16:03,D20,Northeast,2026-06-25T06:46:29.225Z,2026-06-25T06:46:49.688Z
C004569,P006,Cedar Park,2025-06-28,R23,49,0,14:44,D20,West,2026-06-25T06:46:29.225Z,2026-06-25T06:46:49.688Z
C004571,P002,Maple Court,2025-03-30,R16,135,0,22:37,D07,Midwest,2026-06-25T06:46:29.225Z,2026-06-25T06:46:49.688Z
C004677,P004,Birchwood Commons,2025-01-02,R11,111,0,21:14,D01,Northeast,2026-06-25T06:46:29.225Z,2026-06-25T06:46:49.688Z
C004678,P004,Birchwood Commons,2025-01-14,R23,69,0,21:28,D08,Southeast,2026-06-25T06:46:29.225Z,2026-06-25T06:46:49.688Z
C004685,P001,Sunset Ridge,2025-02-20,R23,159,0,22:33,D18,Southeast,2026-06-25T06:46:29.225Z,2026-06-25T06:46:49.688Z
C004698,P001,Sunset Ridge,2025-02-25,R11,60,0,18:36,D07,Southeast,2026-06-25T06:46:29.225Z,2026-06-25T06:46:49.688Z
C004720,P005,Lakeview Terrace,2025-03-16,R24,139,1,19:26,D15,West,2026-06-25T06:46:29.225Z,2026-06-25T06:46:49.688Z
C004741,P005,Lakeview Terrace,2025-03-09,R20,100,2,20:45,D06,Midwest,2026-06-25T06:46:29.225Z,2026-06-25T06:46:49.688Z
C004748,P003,Green Oaks,2025-04-17,R10,52,0,20:21,D14,West,2026-06-25T06:46:29.225Z,2026-06-25T06:46:49.688Z
C004826,P001,Sunset Ridge,2025-04-09,R11,135,0,15:25,D15,Southeast,2026-06-25T06:46:29.225Z,2026-06-25T06:46:49.688Z
C004829,P001,Sunset Ridge,2025-04-21,R12,61,0,14:39,D19,Northeast,2026-06-25T06:46:29.225Z,2026-06-25T06:46:49.688Z
C004846,P007,Willow Creek,2025-06-28,R17,96,0,20:57,D03,Northeast,2026-06-25T06:46:29.225Z,2026-06-25T06:46:49.688Z
C004876,P007,Willow Creek,2025-01-04,R11,132,0,14:24,D20,West,2026-06-25T06:46:29.225Z,2026-06-25T06:46:49.688Z
C004894,P008,Harbor Pointe,2025-02-24,R24,157,0,20:01,D16,Northeast,2026-06-25T06:46:29.225Z,2026-06-25T06:46:49.688Z
C004907,P004,Birchwood Commons,2025-05-01,R23,128,2,22:21,D03,Midwest,2026-06-25T06:46:29.225Z,2026-06-25T06:46:49.688Z
C004920,P006,Cedar Park,2025-06-28,R22,134,0,15:06,D02,Midwest,2026-06-25T06:46:29.225Z,2026-06-25T06:46:49.688Z
C004931,P005,Lakeview Terrace,2025-06-01,R23,117,0,19:05,D13,Northeast,2026-06-25T06:46:29.225Z,2026-06-25T06:46:49.688Z
C004948,P002,Maple Court,2025-01-30,R13,66,2,19:26,D07,Midwest,2026-06-25T06:46:29.225Z,2026-06-25T06:46:49.688Z
C004951,P007,Willow Creek,2025-03-21,R19,102,0,22:19,D17,West,2026-06-25T06:46:29.225Z,2026-06-25T06:46:49.688Z
C004964,P003,Green Oaks,2025-04-16,R10,71,0,22:00,D14,Northeast,2026-06-25T06:46:29.225Z,2026-06-25T06:46:49.688Z
C004965,P007,Willow Creek,2025-05-10,R12,124,0,15:35,D11,Midwest,2026-06-25T06:46:29.225Z,2026-06-25T06:46:49.688Z
C004990,P007,Willow Creek,2025-04-12,R13,96,2,16:01,D07,West,2026-06-25T06:46:29.225Z,2026-06-25T06:46:49.688Z
C004099,P006,Cedar Park,2025-05-21,R24,153,0,22:49,D03,Southeast,2026-06-25T06:46:29.225Z,2026-06-25T06:46:49.688Z
C004138,P005,Lakeview Terrace,2025-03-05,R13,148,0,14:51,D13,Northeast,2026-06-25T06:46:29.225Z,2026-06-25T06:46:49.688Z
C004155,P005,Lakeview Terrace,2025-04-08,R24,148,0,17:31,D15,Southeast,2026-06-25T06:46:29.225Z,2026-06-25T06:46:49.688Z
C004162,P002,Maple Court,2025-03-08,R16,127,0,19:02,D18,Southeast,2026-06-25T06:46:29.225Z,2026-06-25T06:46:49.688Z
C004178,P002,Maple Court,2025-05-13,R23,107,0,21:02,D17,Northeast,2026-06-25T06:46:29.225Z,2026-06-25T06:46:49.688Z
C004186,P007,Willow Creek,2025-06-07,R16,133,0,14:09,D18,West,2026-06-25T06:46:29.225Z,2026-06-25T06:46:49.688Z
C004188,P003,Green Oaks,2025-03-20,R11,138,0,14:53,D01,Midwest,2026-06-25T06:46:29.225Z,2026-06-25T06:46:49.688Z
C004202,P003,Green Oaks,2025-05-03,R15,130,0,22:12,D16,Southeast,2026-06-25T06:46:29.225Z,2026-06-25T06:46:49.688Z
C004210,P001,Sunset Ridge,2025-04-03,R14,99,0,17:28,D04,Northeast,2026-06-25T06:46:29.225Z,2026-06-25T06:46:49.688Z
C004215,P004,Birchwood Commons,2025-05-14,R14,132,0,16:33,D18,Midwest,2026-06-25T06:46:29.225Z,2026-06-25T06:46:49.688Z
C004223,P008,Harbor Pointe,2025-02-17,R16,61,0,16:06,D11,Northeast,2026-06-25T06:46:29.225Z,2026-06-25T06:46:49.688Z
C004264,P008,Harbor Pointe,2025-06-23,R17,86,0,22:35,D12,West,2026-06-25T06:46:29.225Z,2026-06-25T06:46:49.688Z
C004283,P005,Lakeview Terrace,2025-04-11,R17,57,2,22:40,D13,Southeast,2026-06-25T06:46:29.225Z,2026-06-25T06:46:49.688Z
C004314,P002,Maple Court,2025-01-04,R14,158,1,18:22,D05,West,2026-06-25T06:46:29.225Z,2026-06-25T06:46:49.688Z
C004327,P003,Green Oaks,2025-01-31,R22,127,2,22:08,D04,Midwest,2026-06-25T06:46:29.225Z,2026-06-25T06:46:49.688Z
C004365,P005,Lakeview Terrace,2025-03-22,R15,152,2,14:15,D15,Northeast,2026-06-25T06:46:29.225Z,2026-06-25T06:46:49.688Z
C004372,P005,Lakeview Terrace,2025-02-22,R24,90,0,21:17,D14,Northeast,2026-06-25T06:46:29.225Z,2026-06-25T06:46:49.688Z
C004390,P002,Maple Court,2025-06-07,R23,97,0,22:55,D17,Midwest,2026-06-25T06:46:29.225Z,2026-06-25T06:46:49.688Z
C004460,P006,Cedar Park,2025-05-27,R20,160,3,14:51,D11,West,2026-06-25T06:46:29.225Z,2026-06-25T06:46:49.688Z
C004471,P008,Harbor Pointe,2025-04-13,R14,83,0,17:52,D15,Southeast,2026-06-25T06:46:29.225Z,2026-06-25T06:46:49.688Z
C004478,P006,Cedar Park,2025-01-02,R24,135,0,20:35,D16,Southeast,2026-06-25T06:46:29.225Z,2026-06-25T06:46:49.688Z
C004481,P001,Sunset Ridge,2025-06-28,R20,150,2,19:17,D17,Northeast,2026-06-25T06:46:29.225Z,2026-06-25T06:46:49.688Z
C004572,P007,Willow Creek,2025-05-05,R22,132,3,17:37,D18,Northeast,2026-06-25T06:46:29.225Z,2026-06-25T06:46:49.688Z
C004587,P003,Green Oaks,2025-05-08,R12,70,2,18:08,D14,West,2026-06-25T06:46:29.225Z,2026-06-25T06:46:49.688Z
C004606,P008,Harbor Pointe,2025-05-22,R17,94,2,21:47,D15,Northeast,2026-06-25T06:46:29.225Z,2026-06-25T06:46:49.688Z
C004616,P001,Sunset Ridge,2025-04-18,R12,46,2,21:40,D03,Northeast,2026-06-25T06:46:29.225Z,2026-06-25T06:46:49.688Z
C004652,P003,Green Oaks,2025-04-22,R16,78,0,22:27,D05,West,2026-06-25T06:46:29.225Z,2026-06-25T06:46:49.688Z
C004664,P003,Green Oaks,2025-03-15,R17,133,0,15:33,D08,Midwest,2026-06-25T06:46:29.225Z,2026-06-25T06:46:49.688Z
C004676,P006,Cedar Park,2025-05-08,R17,71,0,15:01,D12,Midwest,2026-06-25T06:46:29.225Z,2026-06-25T06:46:49.688Z
C004705,P004,Birchwood Commons,2025-05-31,R12,130,0,18:11,D11,West,2026-06-25T06:46:29.225Z,2026-06-25T06:46:49.688Z
C004712,P005,Lakeview Terrace,2025-06-19,R24,76,0,17:24,D18,West,2026-06-25T06:46:29.225Z,2026-06-25T06:46:49.688Z
C004735,P005,Lakeview Terrace,2025-01-27,R13,92,0,21:59,D09,Northeast,2026-06-25T06:46:29.225Z,2026-06-25T06:46:49.688Z
C004742,P005,Lakeview Terrace,2025-04-11,R12,95,1,22:55,D12,Southeast,2026-06-25T06:46:29.225Z,2026-06-25T06:46:49.688Z
C004761,P003,Green Oaks,2025-04-29,R11,84,1,14:59,D04,Midwest,2026-06-25T06:46:29.225Z,2026-06-25T06:46:49.688Z
C004767,P003,Green Oaks,2025-06-22,R10,146,0,20:54,D11,Southeast,2026-06-25T06:46:29.225Z,2026-06-25T06:46:49.688Z
C004811,P001,Sunset Ridge,2025-06-23,R19,110,0,16:05,D06,West,2026-06-25T06:46:29.225Z,2026-06-25T06:46:49.688Z
C004823,P006,Cedar Park,2025-05-20,R12,131,0,21:24,D06,Northeast,2026-06-25T06:46:29.225Z,2026-06-25T06:46:49.688Z
C004830,P006,Cedar Park,2025-01-22,R13,122,0,14:18,D01,Northeast,2026-06-25T06:46:29.225Z,2026-06-25T06:46:49.688Z
C004836,P001,Sunset Ridge,2025-03-24,R11,103,0,16:28,D06,West,2026-06-25T06:46:29.225Z,2026-06-25T06:46:49.688Z
C004888,P008,Harbor Pointe,2025-06-28,R21,137,0,22:10,D19,Midwest,2026-06-25T06:46:29.225Z,2026-06-25T06:46:49.688Z
C004892,P007,Willow Creek,2025-03-02,R21,43,0,16:33,D12,West,2026-06-25T06:46:29.225Z,2026-06-25T06:46:49.688Z
C004929,P006,Cedar Park,2025-02-28,R18,119,1,17:29,D15,Southeast,2026-06-25T06:46:29.225Z,2026-06-25T06:46:49.688Z
C004945,P006,Cedar Park,2025-04-30,R15,146,0,20:43,D14,Southeast,2026-06-25T06:46:29.225Z,2026-06-25T06:46:49.688Z
C004953,P008,Harbor Pointe,2025-01-15,R20,46,0,18:45,D07,West,2026-06-25T06:46:29.225Z,2026-06-25T06:46:49.688Z
C004961,P001,Sunset Ridge,2025-03-18,R13,149,2,16:30,D07,Southeast,2026-06-25T06:46:29.225Z,2026-06-25T06:46:49.688Z
C004976,P006,Cedar Park,2025-05-19,R12,142,0,22:15,D17,Midwest,2026-06-25T06:46:29.225Z,2026-06-25T06:46:49.688Z
C004989,P002,Maple Court,2025-05-21,R11,60,2,14:48,D19,West,2026-06-25T06:46:29.225Z,2026-06-25T06:46:49.688Z
C004991,P005,Lakeview Terrace,2025-02-27,R18,68,0,20:23,D14,West,2026-06-25T06:46:29.225Z,2026-06-25T06:46:49.688Z
C004992,P002,Maple Court,2025-01-01,R19,120,0,14:22,D13,Northeast,2026-06-25T06:46:29.225Z,2026-06-25T06:46:49.688Z
C004998,P005,Lakeview Terrace,2025-04-18,R17,139,0,22:57,D02,Southeast,2026-06-25T06:46:29.225Z,2026-06-25T06:46:49.688Z
C004022,P003,Green Oaks,2025-05-14,R18,141,0,16:57,D13,Southeast,2026-06-25T06:46:29.225Z,2026-06-25T06:46:49.688Z
C004031,P004,Birchwood Commons,2025-03-15,R13,94,0,22:37,D12,West,2026-06-25T06:46:29.225Z,2026-06-25T06:46:49.688Z
C004067,P001,Sunset Ridge,2025-03-01,R12,130,0,16:28,D10,Midwest,2026-06-25T06:46:29.225Z,2026-06-25T06:46:49.688Z
C004081,P003,Green Oaks,2025-01-08,R10,104,1,21:28,D18,Midwest,2026-06-25T06:46:29.225Z,2026-06-25T06:46:49.688Z
C004106,P006,Cedar Park,2025-01-20,R12,128,0,19:08,D12,Midwest,2026-06-25T06:46:29.225Z,2026-06-25T06:46:49.688Z
C004142,P002,Maple Court,2025-03-12,R13,119,0,15:57,D19,West,2026-06-25T06:46:29.225Z,2026-06-25T06:46:49.688Z
C004167,P002,Maple Court,2025-03-17,R21,136,0,21:53,D12,West,2026-06-25T06:46:29.225Z,2026-06-25T06:46:49.688Z
C004209,P004,Birchwood Commons,2025-06-24,R18,75,0,19:25,D03,Midwest,2026-06-25T06:46:29.225Z,2026-06-25T06:46:49.688Z
C004214,P003,Green Oaks,2025-03-24,R20,145,0,21:12,D20,West,2026-06-25T06:46:29.225Z,2026-06-25T06:46:49.688Z
C004234,P006,Cedar Park,2025-06-20,R19,86,0,18:05,D16,West,2026-06-25T06:46:29.225Z,2026-06-25T06:46:49.688Z
C004291,P006,Cedar Park,2025-01-09,R21,147,0,22:53,D20,Northeast,2026-06-25T06:46:29.225Z,2026-06-25T06:46:49.688Z
C004293,P006,Cedar Park,2025-02-08,R24,133,0,17:21,D07,Southeast,2026-06-25T06:46:29.225Z,2026-06-25T06:46:49.688Z
C004295,P004,Birchwood Commons,2025-03-15,R12,56,0,15:00,D20,Southeast,2026-06-25T06:46:29.225Z,2026-06-25T06:46:49.688Z
C004317,P008,Harbor Pointe,2025-02-12,R10,51,0,14:48,D02,Midwest,2026-06-25T06:46:29.225Z,2026-06-25T06:46:49.688Z
C004318,P005,Lakeview Terrace,2025-06-12,R14,116,0,21:23,D18,Northeast,2026-06-25T06:46:29.225Z,2026-06-25T06:46:49.688Z
C004322,P003,Green Oaks,2025-02-23,R12,63,0,17:55,D20,Northeast,2026-06-25T06:46:29.225Z,2026-06-25T06:46:49.688Z
C004349,P001,Sunset Ridge,2025-05-16,R16,98,0,20:29,D08,West,2026-06-25T06:46:29.225Z,2026-06-25T06:46:49.688Z
C004370,P005,Lakeview Terrace,2025-04-09,R23,43,0,19:06,D02,Midwest,2026-06-25T06:46:29.225Z,2026-06-25T06:46:49.688Z
C004391,P005,Lakeview Terrace,2025-06-19,R13,134,1,15:27,D16,Northeast,2026-06-25T06:46:29.225Z,2026-06-25T06:46:49.688Z
C004409,P005,Lakeview Terrace,2025-06-08,R14,134,0,22:29,D13,Southeast,2026-06-25T06:46:29.225Z,2026-06-25T06:46:49.688Z
C004442,P004,Birchwood Commons,2025-03-07,R22,127,0,16:48,D16,West,2026-06-25T06:46:29.225Z,2026-06-25T06:46:49.688Z
C004451,P002,Maple Court,2025-01-14,R13,105,3,20:31,D10,Northeast,2026-06-25T06:46:29.225Z,2026-06-25T06:46:49.688Z
C004453,P006,Cedar Park,2025-06-25,R20,139,1,21:42,D13,Northeast,2026-06-25T06:46:29.225Z,2026-06-25T06:46:49.688Z
C004461,P004,Birchwood Commons,2025-04-06,R13,80,0,22:20,D02,Southeast,2026-06-25T06:46:29.225Z,2026-06-25T06:46:49.688Z
C004483,P004,Birchwood Commons,2025-04-24,R12,150,0,15:45,D17,Midwest,2026-06-25T06:46:29.225Z,2026-06-25T06:46:49.688Z
C004515,P004,Birchwood Commons,2025-06-17,R18,70,0,19:24,D20,West,2026-06-25T06:46:29.225Z,2026-06-25T06:46:49.688Z
C004516,P003,Green Oaks,2025-02-01,R22,44,0,15:39,D07,Southeast,2026-06-25T06:46:29.225Z,2026-06-25T06:46:49.688Z
C004518,P007,Willow Creek,2025-01-29,R19,113,0,17:13,D12,Midwest,2026-06-25T06:46:29.225Z,2026-06-25T06:46:49.688Z
C004526,P006,Cedar Park,2025-06-14,R15,101,0,21:46,D16,Southeast,2026-06-25T06:46:29.225Z,2026-06-25T06:46:49.688Z
C004550,P002,Maple Court,2025-05-13,R15,155,0,20:44,D11,Southeast,2026-06-25T06:46:29.225Z,2026-06-25T06:46:49.688Z
C004595,P005,Lakeview Terrace,2025-03-04,R18,87,1,15:43,D02,Southeast,2026-06-25T06:46:29.225Z,2026-06-25T06:46:49.688Z
C004600,P004,Birchwood Commons,2025-03-07,R14,79,0,16:06,D02,West,2026-06-25T06:46:29.225Z,2026-06-25T06:46:49.688Z
C004601,P001,Sunset Ridge,2025-04-03,R22,42,0,18:53,D13,Southeast,2026-06-25T06:46:29.225Z,2026-06-25T06:46:49.688Z
C004612,P002,Maple Court,2025-03-05,R15,152,0,21:51,D11,Northeast,2026-06-25T06:46:29.225Z,2026-06-25T06:46:49.688Z
C004643,P005,Lakeview Terrace,2025-06-29,R23,145,0,19:20,D07,West,2026-06-25T06:46:29.225Z,2026-06-25T06:46:49.688Z
C004656,P002,Maple Court,2025-06-04,R22,95,0,14:36,D20,Midwest,2026-06-25T06:46:29.225Z,2026-06-25T06:46:49.688Z
C004671,P005,Lakeview Terrace,2025-04-18,R12,66,0,17:20,D09,Midwest,2026-06-25T06:46:29.225Z,2026-06-25T06:46:49.688Z
C004681,P001,Sunset Ridge,2025-05-15,R10,117,0,14:30,D05,Midwest,2026-06-25T06:46:29.225Z,2026-06-25T06:46:49.688Z
C004708,P007,Willow Creek,2025-03-04,R15,123,1,17:08,D19,Northeast,2026-06-25T06:46:29.225Z,2026-06-25T06:46:49.688Z
C004726,P006,Cedar Park,2025-03-21,R24,63,0,15:31,D12,Southeast,2026-06-25T06:46:29.225Z,2026-06-25T06:46:49.688Z
C004734,P006,Cedar Park,2025-03-29,R15,57,0,18:22,D05,West,2026-06-25T06:46:29.225Z,2026-06-25T06:46:49.688Z
C004777,P005,Lakeview Terrace,2025-06-17,R14,142,0,20:40,D07,Midwest,2026-06-25T06:46:29.225Z,2026-06-25T06:46:49.688Z
C004788,P003,Green Oaks,2025-02-15,R11,42,0,17:23,D05,Northeast,2026-06-25T06:46:29.225Z,2026-06-25T06:46:49.688Z
C004805,P005,Lakeview Terrace,2025-01-23,R14,46,0,22:34,D08,Midwest,2026-06-25T06:46:29.225Z,2026-06-25T06:46:49.688Z
C004815,P006,Cedar Park,2025-04-29,R23,153,0,17:52,D06,Northeast,2026-06-25T06:46:29.225Z,2026-06-25T06:46:49.688Z
C004818,P001,Sunset Ridge,2025-01-30,R24,131,0,22:28,D01,Midwest,2026-06-25T06:46:29.225Z,2026-06-25T06:46:49.688Z
C004819,P003,Green Oaks,2025-05-04,R24,44,0,18:03,D02,Midwest,2026-06-25T06:46:29.225Z,2026-06-25T06:46:49.688Z
C004825,P006,Cedar Park,2025-04-22,R21,77,0,16:33,D07,Midwest,2026-06-25T06:46:29.225Z,2026-06-25T06:46:49.688Z
C004855,P005,Lakeview Terrace,2025-04-09,R14,57,0,21:15,D19,Midwest,2026-06-25T06:46:29.225Z,2026-06-25T06:46:49.688Z
C004859,P002,Maple Court,2025-06-11,R16,94,0,17:15,D09,Southeast,2026-06-25T06:46:29.225Z,2026-06-25T06:46:49.688Z
C004884,P003,Green Oaks,2025-05-10,R10,159,2,14:41,D03,Northeast,2026-06-25T06:46:29.225Z,2026-06-25T06:46:49.688Z
C004909,P003,Green Oaks,2025-04-17,R21,95,0,16:01,D09,Southeast,2026-06-25T06:46:29.225Z,2026-06-25T06:46:49.688Z
C004911,P008,Harbor Pointe,2025-01-20,R18,103,0,17:28,D05,Midwest,2026-06-25T06:46:29.225Z,2026-06-25T06:46:49.688Z
C004912,P006,Cedar Park,2025-06-16,R19,154,0,17:42,D07,Southeast,2026-06-25T06:46:29.225Z,2026-06-25T06:46:49.688Z
C004937,P004,Birchwood Commons,2025-06-07,R16,102,0,16:48,D11,Southeast,2026-06-25T06:46:29.225Z,2026-06-25T06:46:49.688Z
C004957,P007,Willow Creek,2025-05-27,R13,99,1,14:53,D17,Northeast,2026-06-25T06:46:29.225Z,2026-06-25T06:46:49.688Z
C004959,P007,Willow Creek,2025-04-16,R17,66,0,19:31,D15,Northeast,2026-06-25T06:46:29.225Z,2026-06-25T06:46:49.688Z
C004970,P008,Harbor Pointe,2025-02-19,R19,46,0,16:42,D20,Northeast,2026-06-25T06:46:29.225Z,2026-06-25T06:46:49.688Z
C004987,P006,Cedar Park,2025-01-28,R20,69,0,20:02,D17,West,2026-06-25T06:46:29.225Z,2026-06-25T06:46:49.688Z
C004995,P006,Cedar Park,2025-06-02,R14,94,0,22:41,D18,West,2026-06-25T06:46:29.225Z,2026-06-25T06:46:49.688Z
C004999,P001,Sunset Ridge,2025-05-25,R14,41,0,15:49,D10,West,2026-06-25T06:46:29.225Z,2026-06-25T06:46:49.688Z
C004039,P001,Sunset Ridge,2025-06-21,R14,50,0,20:18,D04,Northeast,2026-06-25T06:46:29.225Z,2026-06-25T06:46:49.688Z
C004048,P002,Maple Court,2025-01-25,R21,47,2,22:23,D03,Northeast,2026-06-25T06:46:29.225Z,2026-06-25T06:46:49.688Z
C004051,P001,Sunset Ridge,2025-06-27,R24,137,2,14:56,D05,Midwest,2026-06-25T06:46:29.225Z,2026-06-25T06:46:49.688Z
C004054,P003,Green Oaks,2025-05-21,R11,149,2,18:30,D09,Northeast,2026-06-25T06:46:29.225Z,2026-06-25T06:46:49.688Z
C004091,P001,Sunset Ridge,2025-03-29,R14,75,0,22:42,D09,West,2026-06-25T06:46:29.225Z,2026-06-25T06:46:49.688Z
C004098,P007,Willow Creek,2025-01-24,R12,109,2,17:15,D12,West,2026-06-25T06:46:29.225Z,2026-06-25T06:46:49.688Z
C004113,P002,Maple Court,2025-01-24,R23,110,0,14:23,D06,Northeast,2026-06-25T06:46:29.225Z,2026-06-25T06:46:49.688Z
C004128,P005,Lakeview Terrace,2025-03-05,R19,87,0,20:01,D16,Southeast,2026-06-25T06:46:29.225Z,2026-06-25T06:46:49.688Z
C004164,P008,Harbor Pointe,2025-05-24,R23,99,0,14:00,D14,Midwest,2026-06-25T06:46:29.225Z,2026-06-25T06:46:49.688Z
C004165,P006,Cedar Park,2025-05-05,R21,124,2,19:56,D04,Northeast,2026-06-25T06:46:29.225Z,2026-06-25T06:46:49.688Z
C004172,P002,Maple Court,2025-01-04,R12,127,0,18:40,D11,West,2026-06-25T06:46:29.225Z,2026-06-25T06:46:49.688Z
C004175,P004,Birchwood Commons,2025-05-19,R17,61,0,22:51,D16,Northeast,2026-06-25T06:46:29.225Z,2026-06-25T06:46:49.688Z
C004189,P008,Harbor Pointe,2025-06-24,R10,146,3,14:28,D02,Midwest,2026-06-25T06:46:29.225Z,2026-06-25T06:46:49.688Z
C004200,P005,Lakeview Terrace,2025-04-29,R22,137,1,14:46,D13,Midwest,2026-06-25T06:46:29.225Z,2026-06-25T06:46:49.688Z
C004207,P001,Sunset Ridge,2025-06-28,R10,109,1,18:09,D07,Northeast,2026-06-25T06:46:29.225Z,2026-06-25T06:46:49.688Z
C004252,P003,Green Oaks,2025-02-25,R23,109,0,20:45,D13,Southeast,2026-06-25T06:46:29.225Z,2026-06-25T06:46:49.688Z
C004270,P008,Harbor Pointe,2025-03-25,R19,132,0,16:03,D14,Midwest,2026-06-25T06:46:29.225Z,2026-06-25T06:46:49.688Z
C004287,P007,Willow Creek,2025-03-11,R24,110,1,20:30,D02,Southeast,2026-06-25T06:46:29.225Z,2026-06-25T06:46:49.688Z
C004311,P004,Birchwood Commons,2025-02-23,R21,156,0,20:35,D12,Midwest,2026-06-25T06:46:29.225Z,2026-06-25T06:46:49.688Z
C004320,P003,Green Oaks,2025-05-12,R11,86,0,16:31,D20,Northeast,2026-06-25T06:46:29.225Z,2026-06-25T06:46:49.688Z
C004338,P004,Birchwood Commons,2025-05-08,R24,53,0,17:48,D14,Midwest,2026-06-25T06:46:29.225Z,2026-06-25T06:46:49.688Z
C004392,P005,Lakeview Terrace,2025-06-09,R14,74,0,14:35,D18,Northeast,2026-06-25T06:46:29.225Z,2026-06-25T06:46:49.688Z
C004397,P004,Birchwood Commons,2025-03-09,R10,96,3,15:51,D12,Northeast,2026-06-25T06:46:29.225Z,2026-06-25T06:46:49.688Z
C004406,P003,Green Oaks,2025-04-22,R19,85,2,15:32,D11,Midwest,2026-06-25T06:46:29.225Z,2026-06-25T06:46:49.688Z
C004414,P003,Green Oaks,2025-01-16,R20,59,0,21:28,D11,Northeast,2026-06-25T06:46:29.225Z,2026-06-25T06:46:49.688Z
C004427,P004,Birchwood Commons,2025-02-01,R13,87,0,21:44,D14,West,2026-06-25T06:46:29.225Z,2026-06-25T06:46:49.688Z
C004428,P006,Cedar Park,2025-05-11,R22,40,0,18:51,D19,Southeast,2026-06-25T06:46:29.225Z,2026-06-25T06:46:49.688Z
C004459,P006,Cedar Park,2025-04-27,R12,46,1,17:20,D03,Southeast,2026-06-25T06:46:29.225Z,2026-06-25T06:46:49.688Z
C004468,P005,Lakeview Terrace,2025-01-25,R13,80,3,22:52,D07,Southeast,2026-06-25T06:46:29.225Z,2026-06-25T06:46:49.688Z
C004497,P008,Harbor Pointe,2025-04-07,R10,106,0,18:46,D10,Southeast,2026-06-25T06:46:29.225Z,2026-06-25T06:46:49.688Z
C004504,P002,Maple Court,2025-05-27,R20,99,0,14:03,D07,Midwest,2026-06-25T06:46:29.225Z,2026-06-25T06:46:49.688Z
C004509,P006,Cedar Park,2025-06-12,R16,129,0,15:37,D06,Midwest,2026-06-25T06:46:29.225Z,2026-06-25T06:46:49.688Z
C004519,P002,Maple Court,2025-06-23,R13,137,0,22:30,D18,Midwest,2026-06-25T06:46:29.225Z,2026-06-25T06:46:49.688Z
C004527,P002,Maple Court,2025-04-28,R24,56,0,18:13,D10,Northeast,2026-06-25T06:46:29.225Z,2026-06-25T06:46:49.688Z
C004574,P003,Green Oaks,2025-04-08,R22,146,0,21:35,D14,Southeast,2026-06-25T06:46:29.225Z,2026-06-25T06:46:49.688Z
C004580,P007,Willow Creek,2025-04-07,R12,138,0,15:15,D18,Southeast,2026-06-25T06:46:29.225Z,2026-06-25T06:46:49.688Z
C004585,P002,Maple Court,2025-05-08,R20,69,0,20:14,D13,Northeast,2026-06-25T06:46:29.225Z,2026-06-25T06:46:49.688Z
C004589,P002,Maple Court,2025-06-12,R12,106,1,15:28,D03,Midwest,2026-06-25T06:46:29.225Z,2026-06-25T06:46:49.688Z
C004590,P005,Lakeview Terrace,2025-04-01,R20,96,2,19:56,D05,Southeast,2026-06-25T06:46:29.225Z,2026-06-25T06:46:49.688Z
C004641,P003,Green Oaks,2025-02-21,R15,139,0,20:07,D04,West,2026-06-25T06:46:29.225Z,2026-06-25T06:46:49.688Z
C004649,P008,Harbor Pointe,2025-05-30,R22,67,0,19:16,D10,Midwest,2026-06-25T06:46:29.225Z,2026-06-25T06:46:49.688Z
C004689,P005,Lakeview Terrace,2025-05-28,R15,45,1,18:39,D15,Midwest,2026-06-25T06:46:29.225Z,2026-06-25T06:46:49.688Z
C004751,P001,Sunset Ridge,2025-03-12,R20,103,0,19:20,D20,Northeast,2026-06-25T06:46:29.225Z,2026-06-25T06:46:49.688Z
C004753,P005,Lakeview Terrace,2025-03-30,R15,41,0,17:47,D08,Midwest,2026-06-25T06:46:29.225Z,2026-06-25T06:46:49.688Z
C004760,P004,Birchwood Commons,2025-06-24,R22,138,0,16:38,D09,Midwest,2026-06-25T06:46:29.225Z,2026-06-25T06:46:49.688Z
C004768,P005,Lakeview Terrace,2025-01-12,R23,72,0,17:25,D09,Midwest,2026-06-25T06:46:29.225Z,2026-06-25T06:46:49.688Z
C004775,P007,Willow Creek,2025-05-12,R20,100,1,21:56,D11,Northeast,2026-06-25T06:46:29.225Z,2026-06-25T06:46:49.688Z
C004781,P006,Cedar Park,2025-05-26,R21,144,0,19:58,D19,West,2026-06-25T06:46:29.225Z,2026-06-25T06:46:49.688Z
C004849,P004,Birchwood Commons,2025-02-03,R18,40,2,18:45,D12,Midwest,2026-06-25T06:46:29.225Z,2026-06-25T06:46:49.688Z
C004858,P004,Birchwood Commons,2025-03-05,R23,70,0,18:57,D01,West,2026-06-25T06:46:29.225Z,2026-06-25T06:46:49.688Z
C004866,P005,Lakeview Terrace,2025-02-15,R16,70,2,22:07,D12,Southeast,2026-06-25T06:46:29.225Z,2026-06-25T06:46:49.688Z
C004877,P005,Lakeview Terrace,2025-03-04,R19,53,1,16:51,D03,West,2026-06-25T06:46:29.225Z,2026-06-25T06:46:49.688Z
C004890,P001,Sunset Ridge,2025-04-10,R17,79,0,15:02,D12,Midwest,2026-06-25T06:46:29.225Z,2026-06-25T06:46:49.688Z
C004895,P002,Maple Court,2025-01-21,R10,51,1,22:18,D05,West,2026-06-25T06:46:29.225Z,2026-06-25T06:46:49.688Z
C004902,P001,Sunset Ridge,2025-04-28,R11,124,1,21:51,D11,Midwest,2026-06-25T06:46:29.225Z,2026-06-25T06:46:49.688Z
C004938,P001,Sunset Ridge,2025-02-02,R10,142,2,18:42,D03,West,2026-06-25T06:46:29.225Z,2026-06-25T06:46:49.688Z
C004949,P006,Cedar Park,2025-02-03,R24,49,0,22:09,D12,West,2026-06-25T06:46:29.225Z,2026-06-25T06:46:49.688Z
C004971,P008,Harbor Pointe,2025-01-08,R15,67,1,19:40,D07,Southeast,2026-06-25T06:46:29.225Z,2026-06-25T06:46:49.688Z
C004974,P008,Harbor Pointe,2025-04-05,R18,47,0,21:50,D03,Midwest,2026-06-25T06:46:29.225Z,2026-06-25T06:46:49.688Z
C004981,P005,Lakeview Terrace,2025-05-24,R13,125,2,18:47,D11,West,2026-06-25T06:46:29.225Z,2026-06-25T06:46:49.688Z
C004993,P004,Birchwood Commons,2025-05-06,R19,92,1,21:30,D02,Northeast,2026-06-25T06:46:29.225Z,2026-06-25T06:46:49.688Z
C004012,P005,Lakeview Terrace,2025-06-17,R12,98,0,14:20,D10,Northeast,2026-06-25T06:46:29.225Z,2026-06-25T06:46:49.688Z
C004015,P001,Sunset Ridge,2025-02-12,R24,77,0,18:26,D14,Northeast,2026-06-25T06:46:29.225Z,2026-06-25T06:46:49.688Z
C004037,P006,Cedar Park,2025-03-10,R20,69,0,20:20,D20,West,2026-06-25T06:46:29.225Z,2026-06-25T06:46:49.688Z
C004065,P007,Willow Creek,2025-04-03,R12,130,0,16:44,D08,Southeast,2026-06-25T06:46:29.225Z,2026-06-25T06:46:49.688Z
C004080,P006,Cedar Park,2025-02-04,R12,100,0,16:33,D15,West,2026-06-25T06:46:29.225Z,2026-06-25T06:46:49.688Z
C004103,P005,Lakeview Terrace,2025-04-29,R15,103,0,19:36,D11,Northeast,2026-06-25T06:46:29.225Z,2026-06-25T06:46:49.688Z
C004119,P003,Green Oaks,2025-03-03,R11,138,0,15:09,D01,Midwest,2026-06-25T06:46:29.225Z,2026-06-25T06:46:49.688Z
C004120,P004,Birchwood Commons,2025-06-08,R18,50,0,17:02,D03,Northeast,2026-06-25T06:46:29.225Z,2026-06-25T06:46:49.688Z
C004149,P005,Lakeview Terrace,2025-04-13,R15,105,0,18:00,D17,Southeast,2026-06-25T06:46:29.225Z,2026-06-25T06:46:49.688Z
C004180,P007,Willow Creek,2025-01-20,R14,72,0,20:45,D03,Southeast,2026-06-25T06:46:29.225Z,2026-06-25T06:46:49.688Z
C004187,P004,Birchwood Commons,2025-04-03,R18,67,2,19:29,D03,West,2026-06-25T06:46:29.225Z,2026-06-25T06:46:49.688Z
C004194,P006,Cedar Park,2025-06-22,R16,80,2,21:08,D14,West,2026-06-25T06:46:29.225Z,2026-06-25T06:46:49.688Z
C004219,P001,Sunset Ridge,2025-06-24,R12,82,0,14:25,D14,West,2026-06-25T06:46:29.225Z,2026-06-25T06:46:49.688Z
C004229,P008,Harbor Pointe,2025-04-10,R13,132,0,16:10,D07,Northeast,2026-06-25T06:46:29.225Z,2026-06-25T06:46:49.688Z
C004230,P004,Birchwood Commons,2025-05-10,R19,48,0,20:42,D13,Southeast,2026-06-25T06:46:29.225Z,2026-06-25T06:46:49.688Z
C004236,P002,Maple Court,2025-06-18,R10,76,0,19:48,D16,Midwest,2026-06-25T06:46:29.225Z,2026-06-25T06:46:49.688Z
C004245,P001,Sunset Ridge,2025-06-25,R23,70,0,22:28,D03,Southeast,2026-06-25T06:46:29.225Z,2026-06-25T06:46:49.688Z
C004256,P007,Willow Creek,2025-04-06,R21,157,0,15:38,D10,Southeast,2026-06-25T06:46:29.225Z,2026-06-25T06:46:49.688Z
C004258,P004,Birchwood Commons,2025-06-21,R23,158,1,20:34,D15,Southeast,2026-06-25T06:46:29.225Z,2026-06-25T06:46:49.688Z
C004263,P005,Lakeview Terrace,2025-02-04,R10,125,0,14:52,D07,West,2026-06-25T06:46:29.225Z,2026-06-25T06:46:49.688Z
C004274,P002,Maple Court,2025-04-19,R16,140,0,18:49,D04,Southeast,2026-06-25T06:46:29.225Z,2026-06-25T06:46:49.688Z
C004279,P006,Cedar Park,2025-06-25,R19,123,0,14:31,D09,Midwest,2026-06-25T06:46:29.225Z,2026-06-25T06:46:49.688Z
C004285,P008,Harbor Pointe,2025-06-25,R16,50,0,15:48,D13,West,2026-06-25T06:46:29.225Z,2026-06-25T06:46:49.688Z
C004300,P002,Maple Court,2025-05-16,R13,102,0,22:05,D17,Southeast,2026-06-25T06:46:29.225Z,2026-06-25T06:46:49.688Z
C004307,P004,Birchwood Commons,2025-03-26,R14,83,0,19:14,D18,Midwest,2026-06-25T06:46:29.225Z,2026-06-25T06:46:49.688Z
C004310,P008,Harbor Pointe,2025-03-24,R11,132,1,16:03,D16,Northeast,2026-06-25T06:46:29.225Z,2026-06-25T06:46:49.688Z
C004333,P005,Lakeview Terrace,2025-01-29,R23,142,3,20:22,D04,Midwest,2026-06-25T06:46:29.225Z,2026-06-25T06:46:49.688Z
C004351,P007,Willow Creek,2025-02-19,R14,68,0,16:03,D12,West,2026-06-25T06:46:29.225Z,2026-06-25T06:46:49.688Z
C004352,P003,Green Oaks,2025-05-26,R24,74,0,19:39,D16,Southeast,2026-06-25T06:46:29.225Z,2026-06-25T06:46:49.688Z
C004354,P002,Maple Court,2025-05-06,R11,127,0,19:19,D20,Southeast,2026-06-25T06:46:29.225Z,2026-06-25T06:46:49.688Z
C004357,P006,Cedar Park,2025-01-17,R20,117,0,21:12,D12,West,2026-06-25T06:46:29.225Z,2026-06-25T06:46:49.688Z
C004387,P005,Lakeview Terrace,2025-04-27,R17,107,0,18:32,D07,Southeast,2026-06-25T06:46:29.225Z,2026-06-25T06:46:49.688Z
C004425,P006,Cedar Park,2025-03-28,R15,111,0,17:50,D10,Northeast,2026-06-25T06:46:29.225Z,2026-06-25T06:46:49.688Z
C004447,P007,Willow Creek,2025-01-03,R22,141,2,14:54,D18,West,2026-06-25T06:46:29.225Z,2026-06-25T06:46:49.688Z
C004501,P003,Green Oaks,2025-04-19,R17,54,0,16:26,D01,Midwest,2026-06-25T06:46:29.225Z,2026-06-25T06:46:49.688Z
C004502,P002,Maple Court,2025-06-11,R11,111,0,20:32,D01,Southeast,2026-06-25T06:46:29.225Z,2026-06-25T06:46:49.688Z
C004505,P003,Green Oaks,2025-05-08,R18,43,0,19:59,D17,West,2026-06-25T06:46:29.225Z,2026-06-25T06:46:49.688Z
C004511,P003,Green Oaks,2025-03-14,R15,45,1,14:31,D12,Southeast,2026-06-25T06:46:29.225Z,2026-06-25T06:46:49.688Z
C004548,P005,Lakeview Terrace,2025-06-05,R20,146,0,15:33,D11,Northeast,2026-06-25T06:46:29.225Z,2026-06-25T06:46:49.688Z
C004567,P008,Harbor Pointe,2025-03-19,R17,150,0,16:04,D02,West,2026-06-25T06:46:29.225Z,2026-06-25T06:46:49.688Z
C004570,P008,Harbor Pointe,2025-02-07,R22,57,0,19:17,D06,West,2026-06-25T06:46:29.225Z,2026-06-25T06:46:49.688Z
C004597,P005,Lakeview Terrace,2025-04-25,R16,48,0,20:40,D18,West,2026-06-25T06:46:29.225Z,2026-06-25T06:46:49.688Z
C004621,P002,Maple Court,2025-06-08,R11,140,0,16:18,D13,Southeast,2026-06-25T06:46:29.225Z,2026-06-25T06:46:49.688Z
C004631,P002,Maple Court,2025-03-14,R11,158,2,17:03,D03,West,2026-06-25T06:46:29.225Z,2026-06-25T06:46:49.688Z
C004653,P004,Birchwood Commons,2025-04-04,R17,99,1,17:50,D18,Northeast,2026-06-25T06:46:29.225Z,2026-06-25T06:46:49.688Z
C004696,P002,Maple Court,2025-03-11,R10,90,0,20:29,D05,West,2026-06-25T06:46:29.225Z,2026-06-25T06:46:49.688Z
C004722,P007,Willow Creek,2025-01-02,R18,115,0,17:36,D03,Southeast,2026-06-25T06:46:29.225Z,2026-06-25T06:46:49.688Z
C004723,P005,Lakeview Terrace,2025-04-13,R15,96,0,20:31,D15,West,2026-06-25T06:46:29.225Z,2026-06-25T06:46:49.688Z
C004724,P007,Willow Creek,2025-04-06,R16,91,1,18:30,D13,Southeast,2026-06-25T06:46:29.225Z,2026-06-25T06:46:49.688Z
C004725,P001,Sunset Ridge,2025-05-24,R18,125,0,19:54,D05,West,2026-06-25T06:46:29.225Z,2026-06-25T06:46:49.688Z
C004733,P005,Lakeview Terrace,2025-01-28,R20,42,2,20:22,D09,Northeast,2026-06-25T06:46:29.225Z,2026-06-25T06:46:49.688Z
C004736,P004,Birchwood Commons,2025-04-27,R15,49,1,21:36,D18,Midwest,2026-06-25T06:46:29.225Z,2026-06-25T06:46:49.688Z
C004738,P004,Birchwood Commons,2025-06-08,R20,66,0,22:45,D19,Northeast,2026-06-25T06:46:29.225Z,2026-06-25T06:46:49.688Z
C004739,P005,Lakeview Terrace,2025-05-18,R11,99,0,22:59,D05,Northeast,2026-06-25T06:46:29.225Z,2026-06-25T06:46:49.688Z
C004747,P005,Lakeview Terrace,2025-05-27,R24,85,0,20:10,D10,Northeast,2026-06-25T06:46:29.225Z,2026-06-25T06:46:49.688Z
C004759,P003,Green Oaks,2025-04-30,R24,89,2,20:27,D04,Northeast,2026-06-25T06:46:29.225Z,2026-06-25T06:46:49.688Z
C004765,P003,Green Oaks,2025-06-26,R17,84,0,17:36,D12,Northeast,2026-06-25T06:46:29.225Z,2026-06-25T06:46:49.688Z
C004803,P005,Lakeview Terrace,2025-06-07,R14,117,3,18:56,D01,Midwest,2026-06-25T06:46:29.225Z,2026-06-25T06:46:49.688Z
C004817,P006,Cedar Park,2025-04-06,R14,132,2,21:19,D14,Southeast,2026-06-25T06:46:29.225Z,2026-06-25T06:46:49.688Z
C004839,P005,Lakeview Terrace,2025-01-17,R10,94,1,17:54,D13,Southeast,2026-06-25T06:46:29.225Z,2026-06-25T06:46:49.688Z
C004848,P005,Lakeview Terrace,2025-01-25,R15,49,0,21:55,D15,Southeast,2026-06-25T06:46:29.225Z,2026-06-25T06:46:49.688Z
C004853,P006,Cedar Park,2025-02-25,R21,100,0,14:10,D09,Southeast,2026-06-25T06:46:29.225Z,2026-06-25T06:46:49.688Z
C004864,P002,Maple Court,2025-02-07,R17,83,0,18:56,D19,Northeast,2026-06-25T06:46:29.225Z,2026-06-25T06:46:49.688Z
C004867,P002,Maple Court,2025-02-11,R24,92,0,18:48,D16,Midwest,2026-06-25T06:46:29.225Z,2026-06-25T06:46:49.688Z
C004871,P002,Maple Court,2025-01-31,R22,107,0,17:54,D09,West,2026-06-25T06:46:29.225Z,2026-06-25T06:46:49.688Z
C004899,P006,Cedar Park,2025-04-27,R10,145,1,21:46,D14,Northeast,2026-06-25T06:46:29.225Z,2026-06-25T06:46:49.688Z
C004904,P005,Lakeview Terrace,2025-06-09,R20,151,0,14:09,D02,Midwest,2026-06-25T06:46:29.225Z,2026-06-25T06:46:49.688Z
C004916,P001,Sunset Ridge,2025-01-23,R21,60,0,15:02,D19,Midwest,2026-06-25T06:46:29.225Z,2026-06-25T06:46:49.688Z
C004927,P008,Harbor Pointe,2025-04-27,R13,46,0,16:37,D10,Southeast,2026-06-25T06:46:29.225Z,2026-06-25T06:46:49.688Z
C004928,P008,Harbor Pointe,2025-04-22,R24,61,0,19:10,D02,Midwest,2026-06-25T06:46:29.225Z,2026-06-25T06:46:49.688Z
C004963,P004,Birchwood Commons,2025-06-27,R21,141,3,19:08,D08,Northeast,2026-06-25T06:46:29.225Z,2026-06-25T06:46:49.688Z
C004978,P002,Maple Court,2025-05-08,R13,91,0,15:26,D12,West,2026-06-25T06:46:29.225Z,2026-06-25T06:46:49.688Z
C004010,P006,Cedar Park,2025-01-29,R13,43,0,21:05,D06,Midwest,2026-06-25T06:46:29.225Z,2026-06-25T06:46:49.688Z
C004026,P008,Harbor Pointe,2025-06-12,R19,107,0,17:57,D04,Midwest,2026-06-25T06:46:29.225Z,2026-06-25T06:46:49.688Z
C004049,P006,Cedar Park,2025-04-16,R19,68,0,16:04,D08,Northeast,2026-06-25T06:46:29.225Z,2026-06-25T06:46:49.688Z
C004075,P006,Cedar Park,2025-04-21,R23,118,0,18:24,D19,Northeast,2026-06-25T06:46:29.225Z,2026-06-25T06:46:49.688Z
C004077,P004,Birchwood Commons,2025-03-26,R11,125,0,17:53,D06,West,2026-06-25T06:46:29.225Z,2026-06-25T06:46:49.688Z
C004101,P008,Harbor Pointe,2025-02-20,R10,56,0,21:31,D06,West,2026-06-25T06:46:29.225Z,2026-06-25T06:46:49.688Z
C004102,P007,Willow Creek,2025-01-19,R15,117,3,20:42,D20,Northeast,2026-06-25T06:46:29.225Z,2026-06-25T06:46:49.688Z
C004107,P003,Green Oaks,2025-01-16,R22,137,2,15:25,D11,Southeast,2026-06-25T06:46:29.225Z,2026-06-25T06:46:49.688Z
C004111,P002,Maple Court,2025-02-14,R22,61,1,18:56,D10,Southeast,2026-06-25T06:46:29.225Z,2026-06-25T06:46:49.688Z
C004114,P001,Sunset Ridge,2025-05-03,R21,43,0,18:59,D16,Northeast,2026-06-25T06:46:29.225Z,2026-06-25T06:46:49.688Z
C004127,P001,Sunset Ridge,2025-03-16,R11,70,0,17:50,D06,Southeast,2026-06-25T06:46:29.225Z,2026-06-25T06:46:49.688Z
C004174,P005,Lakeview Terrace,2025-05-24,R12,120,0,17:20,D12,Midwest,2026-06-25T06:46:29.225Z,2026-06-25T06:46:49.688Z
C004176,P002,Maple Court,2025-04-14,R20,66,0,14:58,D05,West,2026-06-25T06:46:29.225Z,2026-06-25T06:46:49.688Z
C004181,P004,Birchwood Commons,2025-05-30,R10,137,2,21:23,D10,Midwest,2026-06-25T06:46:29.225Z,2026-06-25T06:46:49.688Z
C004193,P003,Green Oaks,2025-04-15,R19,92,2,19:03,D16,Northeast,2026-06-25T06:46:29.225Z,2026-06-25T06:46:49.688Z
C004208,P008,Harbor Pointe,2025-01-09,R10,74,0,17:12,D08,Midwest,2026-06-25T06:46:29.225Z,2026-06-25T06:46:49.688Z
C004239,P007,Willow Creek,2025-06-18,R15,157,0,15:35,D07,West,2026-06-25T06:46:29.225Z,2026-06-25T06:46:49.688Z
C004255,P005,Lakeview Terrace,2025-01-18,R22,85,0,21:06,D18,Southeast,2026-06-25T06:46:29.225Z,2026-06-25T06:46:49.688Z
C004259,P008,Harbor Pointe,2025-05-09,R11,101,0,14:34,D01,Northeast,2026-06-25T06:46:29.225Z,2026-06-25T06:46:49.688Z
C004262,P002,Maple Court,2025-02-23,R22,64,1,18:36,D12,Midwest,2026-06-25T06:46:29.225Z,2026-06-25T06:46:49.688Z
C004281,P008,Harbor Pointe,2025-04-27,R24,95,2,16:20,D07,Northeast,2026-06-25T06:46:29.225Z,2026-06-25T06:46:49.688Z
C004323,P008,Harbor Pointe,2025-03-09,R10,77,0,21:13,D04,Northeast,2026-06-25T06:46:29.225Z,2026-06-25T06:46:49.688Z
C004332,P005,Lakeview Terrace,2025-02-16,R13,83,0,22:51,D09,Southeast,2026-06-25T06:46:29.225Z,2026-06-25T06:46:49.688Z
C004340,P004,Birchwood Commons,2025-05-02,R15,140,0,22:27,D03,Midwest,2026-06-25T06:46:29.225Z,2026-06-25T06:46:49.688Z
C004343,P001,Sunset Ridge,2025-02-21,R20,143,0,21:54,D13,Southeast,2026-06-25T06:46:29.225Z,2026-06-25T06:46:49.688Z
C004360,P006,Cedar Park,2025-05-07,R19,90,0,18:47,D11,West,2026-06-25T06:46:29.225Z,2026-06-25T06:46:49.688Z
C004404,P006,Cedar Park,2025-03-11,R20,127,1,19:15,D17,Southeast,2026-06-25T06:46:29.225Z,2026-06-25T06:46:49.688Z
C004415,P008,Harbor Pointe,2025-04-25,R20,103,1,21:17,D12,Midwest,2026-06-25T06:46:29.225Z,2026-06-25T06:46:49.688Z
C004418,P005,Lakeview Terrace,2025-05-07,R23,82,0,19:38,D10,Northeast,2026-06-25T06:46:29.225Z,2026-06-25T06:46:49.688Z
C004420,P006,Cedar Park,2025-04-20,R22,93,0,21:07,D05,Northeast,2026-06-25T06:46:29.225Z,2026-06-25T06:46:49.688Z
C004449,P003,Green Oaks,2025-02-05,R13,125,0,16:17,D13,West,2026-06-25T06:46:29.225Z,2026-06-25T06:46:49.688Z
C004464,P004,Birchwood Commons,2025-03-13,R18,52,0,14:25,D02,Southeast,2026-06-25T06:46:29.225Z,2026-06-25T06:46:49.688Z
C004467,P008,Harbor Pointe,2025-03-27,R10,130,1,16:22,D20,West,2026-06-25T06:46:29.225Z,2026-06-25T06:46:49.688Z
C004493,P006,Cedar Park,2025-01-24,R16,107,0,15:29,D13,West,2026-06-25T06:46:29.225Z,2026-06-25T06:46:49.688Z
C004496,P004,Birchwood Commons,2025-04-07,R13,131,0,15:31,D19,Midwest,2026-06-25T06:46:29.225Z,2026-06-25T06:46:49.688Z
C004507,P003,Green Oaks,2025-02-04,R24,52,0,15:36,D11,West,2026-06-25T06:46:29.225Z,2026-06-25T06:46:49.688Z
C004558,P002,Maple Court,2025-04-29,R13,124,0,20:29,D11,Southeast,2026-06-25T06:46:29.225Z,2026-06-25T06:46:49.688Z
C004565,P008,Harbor Pointe,2025-04-23,R17,89,1,14:19,D05,Midwest,2026-06-25T06:46:29.225Z,2026-06-25T06:46:49.688Z
C004624,P003,Green Oaks,2025-03-07,R16,56,3,18:19,D16,Southeast,2026-06-25T06:46:29.225Z,2026-06-25T06:46:49.688Z
C004628,P007,Willow Creek,2025-03-20,R22,107,1,21:42,D09,Southeast,2026-06-25T06:46:29.225Z,2026-06-25T06:46:49.688Z
C004630,P003,Green Oaks,2025-04-24,R14,91,0,16:18,D15,Southeast,2026-06-25T06:46:29.225Z,2026-06-25T06:46:49.688Z
C004651,P004,Birchwood Commons,2025-05-25,R10,79,0,20:18,D02,Southeast,2026-06-25T06:46:29.225Z,2026-06-25T06:46:49.688Z
C004657,P005,Lakeview Terrace,2025-02-06,R17,43,1,21:36,D05,West,2026-06-25T06:46:29.225Z,2026-06-25T06:46:49.688Z
C004684,P008,Harbor Pointe,2025-01-20,R15,54,1,21:23,D15,Southeast,2026-06-25T06:46:29.225Z,2026-06-25T06:46:49.688Z
C004692,P006,Cedar Park,2025-06-16,R24,45,0,18:58,D13,Midwest,2026-06-25T06:46:29.225Z,2026-06-25T06:46:49.688Z
C004700,P005,Lakeview Terrace,2025-04-23,R17,40,0,18:02,D16,Midwest,2026-06-25T06:46:29.225Z,2026-06-25T06:46:49.688Z
C004716,P003,Green Oaks,2025-03-20,R17,104,0,19:56,D08,Southeast,2026-06-25T06:46:29.225Z,2026-06-25T06:46:49.688Z
C004728,P005,Lakeview Terrace,2025-04-30,R12,61,0,14:27,D03,Northeast,2026-06-25T06:46:29.225Z,2026-06-25T06:46:49.688Z
C004730,P001,Sunset Ridge,2025-06-25,R16,142,0,21:08,D10,West,2026-06-25T06:46:29.225Z,2026-06-25T06:46:49.688Z
C004757,P005,Lakeview Terrace,2025-04-22,R17,90,0,15:28,D05,West,2026-06-25T06:46:29.225Z,2026-06-25T06:46:49.688Z
C004769,P005,Lakeview Terrace,2025-04-11,R13,145,0,16:47,D19,West,2026-06-25T06:46:29.225Z,2026-06-25T06:46:49.688Z
C004779,P007,Willow Creek,2025-01-17,R21,65,0,19:07,D15,Northeast,2026-06-25T06:46:29.225Z,2026-06-25T06:46:49.688Z
C004785,P006,Cedar Park,2025-04-01,R23,132,0,17:29,D05,Midwest,2026-06-25T06:46:29.225Z,2026-06-25T06:46:49.688Z
C004809,P006,Cedar Park,2025-04-09,R12,43,0,14:40,D05,Midwest,2026-06-25T06:46:29.225Z,2026-06-25T06:46:49.688Z
C004813,P006,Cedar Park,2025-01-29,R19,42,0,17:06,D15,West,2026-06-25T06:46:29.225Z,2026-06-25T06:46:49.688Z
C004832,P006,Cedar Park,2025-04-25,R10,107,0,18:32,D11,Midwest,2026-06-25T06:46:29.225Z,2026-06-25T06:46:49.688Z
C004850,P003,Green Oaks,2025-03-20,R17,98,0,16:20,D07,Midwest,2026-06-25T06:46:29.225Z,2026-06-25T06:46:49.688Z
C004851,P006,Cedar Park,2025-01-16,R20,115,0,16:34,D09,West,2026-06-25T06:46:29.225Z,2026-06-25T06:46:49.688Z
C004854,P007,Willow Creek,2025-06-06,R20,94,0,17:45,D20,Northeast,2026-06-25T06:46:29.225Z,2026-06-25T06:46:49.688Z
C004860,P003,Green Oaks,2025-01-30,R11,87,0,20:44,D07,Northeast,2026-06-25T06:46:29.225Z,2026-06-25T06:46:49.688Z
C004874,P004,Birchwood Commons,2025-04-14,R21,101,3,22:40,D13,Midwest,2026-06-25T06:46:29.225Z,2026-06-25T06:46:49.688Z
C004878,P001,Sunset Ridge,2025-06-03,R16,83,3,14:27,D03,Northeast,2026-06-25T06:46:29.225Z,2026-06-25T06:46:49.688Z
C004910,P001,Sunset Ridge,2025-05-11,R16,141,0,17:13,D09,West,2026-06-25T06:46:29.225Z,2026-06-25T06:46:49.688Z
C004921,P006,Cedar Park,2025-04-08,R15,66,0,17:52,D02,Midwest,2026-06-25T06:46:29.225Z,2026-06-25T06:46:49.688Z
C004979,P003,Green Oaks,2025-04-16,R18,155,1,16:08,D13,Southeast,2026-06-25T06:46:29.225Z,2026-06-25T06:46:49.688Z
C004018,P008,Harbor Pointe,2025-03-29,R13,97,0,22:29,D09,West,2026-06-25T06:46:29.225Z,2026-06-25T06:46:49.688Z
C004035,P005,Lakeview Terrace,2025-02-08,R19,100,0,16:43,D08,Midwest,2026-06-25T06:46:29.225Z,2026-06-25T06:46:49.688Z
C004052,P005,Lakeview Terrace,2025-06-18,R12,84,2,21:42,D05,Southeast,2026-06-25T06:46:29.225Z,2026-06-25T06:46:49.688Z
C004053,P005,Lakeview Terrace,2025-03-27,R18,145,2,16:52,D19,West,2026-06-25T06:46:29.225Z,2026-06-25T06:46:49.688Z
C004057,P008,Harbor Pointe,2025-01-21,R15,108,0,14:51,D09,Northeast,2026-06-25T06:46:29.225Z,2026-06-25T06:46:49.688Z
C004069,P005,Lakeview Terrace,2025-06-12,R14,98,0,19:26,D07,Southeast,2026-06-25T06:46:29.225Z,2026-06-25T06:46:49.688Z
C004092,P004,Birchwood Commons,2025-05-08,R12,131,1,16:39,D03,Midwest,2026-06-25T06:46:29.225Z,2026-06-25T06:46:49.688Z
C004104,P006,Cedar Park,2025-04-05,R15,154,0,17:44,D13,Midwest,2026-06-25T06:46:29.225Z,2026-06-25T06:46:49.688Z
C004131,P004,Birchwood Commons,2025-04-07,R11,90,1,14:53,D07,West,2026-06-25T06:46:29.225Z,2026-06-25T06:46:49.688Z
C004134,P006,Cedar Park,2025-04-29,R19,117,0,18:25,D20,West,2026-06-25T06:46:29.225Z,2026-06-25T06:46:49.688Z
C004139,P005,Lakeview Terrace,2025-05-17,R14,152,1,22:44,D17,Midwest,2026-06-25T06:46:29.225Z,2026-06-25T06:46:49.688Z
C004146,P007,Willow Creek,2025-04-04,R16,155,0,18:33,D14,West,2026-06-25T06:46:29.225Z,2026-06-25T06:46:49.688Z
C004154,P005,Lakeview Terrace,2025-03-28,R16,84,1,18:11,D13,Midwest,2026-06-25T06:46:29.225Z,2026-06-25T06:46:49.688Z
C004177,P008,Harbor Pointe,2025-03-25,R21,100,0,15:52,D03,Northeast,2026-06-25T06:46:29.225Z,2026-06-25T06:46:49.688Z
C004196,P005,Lakeview Terrace,2025-04-25,R17,101,3,19:00,D02,Midwest,2026-06-25T06:46:29.225Z,2026-06-25T06:46:49.688Z
C004204,P007,Willow Creek,2025-02-19,R13,67,0,18:08,D05,Northeast,2026-06-25T06:46:29.225Z,2026-06-25T06:46:49.688Z
C004226,P005,Lakeview Terrace,2025-03-24,R16,86,1,20:49,D12,Midwest,2026-06-25T06:46:29.225Z,2026-06-25T06:46:49.688Z
C004235,P001,Sunset Ridge,2025-01-15,R19,65,1,21:06,D14,Northeast,2026-06-25T06:46:29.225Z,2026-06-25T06:46:49.688Z
C004238,P001,Sunset Ridge,2025-05-19,R21,138,0,19:08,D17,Southeast,2026-06-25T06:46:29.225Z,2026-06-25T06:46:49.688Z
C004242,P003,Green Oaks,2025-05-09,R21,81,0,14:09,D08,Southeast,2026-06-25T06:46:29.225Z,2026-06-25T06:46:49.688Z
C004329,P004,Birchwood Commons,2025-04-20,R19,66,0,17:54,D01,Northeast,2026-06-25T06:46:29.225Z,2026-06-25T06:46:49.688Z
C004346,P003,Green Oaks,2025-03-06,R22,49,0,18:37,D20,Southeast,2026-06-25T06:46:29.225Z,2026-06-25T06:46:49.688Z
C004348,P005,Lakeview Terrace,2025-06-30,R23,120,0,15:21,D16,Midwest,2026-06-25T06:46:29.225Z,2026-06-25T06:46:49.688Z
C004361,P007,Willow Creek,2025-06-17,R19,73,1,18:28,D03,Northeast,2026-06-25T06:46:29.225Z,2026-06-25T06:46:49.688Z
C004375,P002,Maple Court,2025-05-28,R10,152,0,15:01,D06,West,2026-06-25T06:46:29.225Z,2026-06-25T06:46:49.688Z
C004385,P001,Sunset Ridge,2025-01-03,R17,114,0,15:48,D02,West,2026-06-25T06:46:29.225Z,2026-06-25T06:46:49.688Z
C004403,P008,Harbor Pointe,2025-04-24,R19,97,1,17:37,D17,Midwest,2026-06-25T06:46:29.225Z,2026-06-25T06:46:49.688Z
C004408,P001,Sunset Ridge,2025-03-28,R13,46,2,22:07,D19,West,2026-06-25T06:46:29.225Z,2026-06-25T06:46:49.688Z
C004446,P007,Willow Creek,2025-03-26,R14,123,1,16:12,D20,Northeast,2026-06-25T06:46:29.225Z,2026-06-25T06:46:49.688Z
C004450,P001,Sunset Ridge,2025-02-05,R13,99,0,17:14,D16,Northeast,2026-06-25T06:46:29.225Z,2026-06-25T06:46:49.688Z
C004457,P006,Cedar Park,2025-03-07,R13,152,3,18:51,D09,Midwest,2026-06-25T06:46:29.225Z,2026-06-25T06:46:49.688Z
C004470,P002,Maple Court,2025-02-26,R10,116,0,16:57,D05,Southeast,2026-06-25T06:46:29.225Z,2026-06-25T06:46:49.688Z
C004477,P008,Harbor Pointe,2025-04-14,R21,47,0,16:29,D11,Southeast,2026-06-25T06:46:29.225Z,2026-06-25T06:46:49.688Z
C004479,P006,Cedar Park,2025-04-20,R17,49,0,15:11,D03,Southeast,2026-06-25T06:46:29.225Z,2026-06-25T06:46:49.688Z
C004482,P002,Maple Court,2025-05-30,R23,151,1,20:21,D16,Southeast,2026-06-25T06:46:29.225Z,2026-06-25T06:46:49.688Z
C004500,P007,Willow Creek,2025-01-02,R12,151,0,14:30,D18,Northeast,2026-06-25T06:46:29.225Z,2026-06-25T06:46:49.688Z
C004524,P003,Green Oaks,2025-05-27,R12,114,3,17:05,D15,West,2026-06-25T06:46:29.225Z,2026-06-25T06:46:49.688Z
C004528,P002,Maple Court,2025-02-22,R11,128,0,19:31,D12,Southeast,2026-06-25T06:46:29.225Z,2026-06-25T06:46:49.688Z
C004544,P001,Sunset Ridge,2025-06-25,R16,46,0,17:59,D19,Southeast,2026-06-25T06:46:29.225Z,2026-06-25T06:46:49.688Z
C004553,P005,Lakeview Terrace,2025-06-14,R12,113,0,18:32,D04,Northeast,2026-06-25T06:46:29.225Z,2026-06-25T06:46:49.688Z
C004575,P001,Sunset Ridge,2025-05-03,R14,63,2,17:22,D15,Midwest,2026-06-25T06:46:29.225Z,2026-06-25T06:46:49.688Z
C004578,P006,Cedar Park,2025-04-30,R10,144,1,21:54,D01,West,2026-06-25T06:46:29.225Z,2026-06-25T06:46:49.688Z
C004613,P002,Maple Court,2025-06-08,R22,109,0,19:15,D13,Midwest,2026-06-25T06:46:29.225Z,2026-06-25T06:46:49.688Z
C004618,P005,Lakeview Terrace,2025-02-26,R14,159,0,14:28,D17,West,2026-06-25T06:46:29.225Z,2026-06-25T06:46:49.688Z
C004622,P008,Harbor Pointe,2025-06-26,R18,128,0,14:57,D09,Southeast,2026-06-25T06:46:29.225Z,2026-06-25T06:46:49.688Z
C004623,P005,Lakeview Terrace,2025-01-06,R18,94,3,20:30,D03,West,2026-06-25T06:46:29.225Z,2026-06-25T06:46:49.688Z
C004645,P005,Lakeview Terrace,2025-01-16,R23,118,0,18:02,D06,Midwest,2026-06-25T06:46:29.225Z,2026-06-25T06:46:49.688Z
C004660,P005,Lakeview Terrace,2025-03-05,R14,160,0,16:29,D18,Northeast,2026-06-25T06:46:29.225Z,2026-06-25T06:46:49.688Z
C004672,P008,Harbor Pointe,2025-02-28,R13,133,1,16:45,D15,Midwest,2026-06-25T06:46:29.225Z,2026-06-25T06:46:49.688Z
C004688,P008,Harbor Pointe,2025-05-07,R15,83,0,22:21,D01,Northeast,2026-06-25T06:46:29.225Z,2026-06-25T06:46:49.688Z
C004699,P006,Cedar Park,2025-04-21,R20,125,1,22:09,D09,Midwest,2026-06-25T06:46:29.225Z,2026-06-25T06:46:49.688Z
C004718,P003,Green Oaks,2025-01-22,R13,131,0,17:36,D19,Midwest,2026-06-25T06:46:29.225Z,2026-06-25T06:46:49.688Z
C004719,P001,Sunset Ridge,2025-02-01,R10,99,0,15:13,D05,Southeast,2026-06-25T06:46:29.225Z,2026-06-25T06:46:49.688Z
C004743,P008,Harbor Pointe,2025-05-05,R13,95,3,21:36,D20,Southeast,2026-06-25T06:46:29.225Z,2026-06-25T06:46:49.688Z
C004744,P001,Sunset Ridge,2025-01-24,R12,123,1,21:52,D03,Southeast,2026-06-25T06:46:29.225Z,2026-06-25T06:46:49.688Z
C004786,P001,Sunset Ridge,2025-05-05,R14,48,0,18:09,D14,Northeast,2026-06-25T06:46:29.225Z,2026-06-25T06:46:49.688Z
C004793,P007,Willow Creek,2025-04-13,R16,117,0,18:44,D18,Midwest,2026-06-25T06:46:29.225Z,2026-06-25T06:46:49.688Z
C004804,P006,Cedar Park,2025-06-24,R11,106,2,20:39,D11,West,2026-06-25T06:46:29.225Z,2026-06-25T06:46:49.688Z
C004816,P005,Lakeview Terrace,2025-03-21,R13,140,0,22:58,D16,Southeast,2026-06-25T06:46:29.225Z,2026-06-25T06:46:49.688Z
C004821,P002,Maple Court,2025-06-10,R12,147,1,17:10,D04,West,2026-06-25T06:46:29.225Z,2026-06-25T06:46:49.688Z
C004831,P005,Lakeview Terrace,2025-02-20,R22,49,0,14:42,D11,Southeast,2026-06-25T06:46:29.225Z,2026-06-25T06:46:49.688Z
C004879,P001,Sunset Ridge,2025-04-23,R11,53,0,16:20,D01,Midwest,2026-06-25T06:46:29.225Z,2026-06-25T06:46:49.688Z
C004886,P007,Willow Creek,2025-05-06,R11,131,0,19:37,D12,Midwest,2026-06-25T06:46:29.225Z,2026-06-25T06:46:49.688Z
C004893,P007,Willow Creek,2025-06-08,R16,131,0,14:54,D20,West,2026-06-25T06:46:29.225Z,2026-06-25T06:46:49.688Z
C004918,P006,Cedar Park,2025-03-03,R22,98,2,20:19,D12,Northeast,2026-06-25T06:46:29.225Z,2026-06-25T06:46:49.688Z
C004947,P001,Sunset Ridge,2025-03-06,R15,112,0,19:20,D04,West,2026-06-25T06:46:29.225Z,2026-06-25T06:46:49.688Z
C004994,P008,Harbor Pointe,2025-03-08,R13,116,0,17:04,D13,Northeast,2026-06-25T06:46:29.225Z,2026-06-25T06:46:49.688Z
C004017,P001,Sunset Ridge,2025-05-26,R20,94,0,18:28,D05,Northeast,2026-06-25T06:46:29.225Z,2026-06-25T06:46:49.688Z
C004019,P005,Lakeview Terrace,2025-05-07,R10,96,0,14:51,D20,Northeast,2026-06-25T06:46:29.225Z,2026-06-25T06:46:49.688Z
C004021,P008,Harbor Pointe,2025-06-07,R24,59,0,22:19,D05,West,2026-06-25T06:46:29.225Z,2026-06-25T06:46:49.688Z
C004025,P007,Willow Creek,2025-02-21,R16,79,0,21:55,D19,Northeast,2026-06-25T06:46:29.225Z,2026-06-25T06:46:49.688Z
C004029,P002,Maple Court,2025-01-01,R17,40,2,22:49,D13,West,2026-06-25T06:46:29.225Z,2026-06-25T06:46:49.688Z
C004030,P001,Sunset Ridge,2025-01-27,R17,99,0,15:46,D02,West,2026-06-25T06:46:29.225Z,2026-06-25T06:46:49.688Z
C004033,P002,Maple Court,2025-03-25,R10,158,3,14:03,D16,Southeast,2026-06-25T06:46:29.225Z,2026-06-25T06:46:49.688Z
C004047,P004,Birchwood Commons,2025-03-08,R15,58,0,21:47,D19,Southeast,2026-06-25T06:46:29.225Z,2026-06-25T06:46:49.688Z
C004055,P001,Sunset Ridge,2025-04-25,R14,62,0,17:59,D15,Southeast,2026-06-25T06:46:29.225Z,2026-06-25T06:46:49.688Z
C004060,P002,Maple Court,2025-04-26,R13,75,1,14:07,D20,Midwest,2026-06-25T06:46:29.225Z,2026-06-25T06:46:49.688Z
C004085,P006,Cedar Park,2025-03-07,R18,85,0,21:13,D02,Midwest,2026-06-25T06:46:29.225Z,2026-06-25T06:46:49.688Z
C004095,P005,Lakeview Terrace,2025-03-22,R12,93,0,18:02,D16,West,2026-06-25T06:46:29.225Z,2026-06-25T06:46:49.688Z
C004100,P002,Maple Court,2025-05-19,R15,144,0,17:13,D15,Northeast,2026-06-25T06:46:29.225Z,2026-06-25T06:46:49.688Z
C004110,P003,Green Oaks,2025-04-29,R14,47,0,17:52,D12,Midwest,2026-06-25T06:46:29.225Z,2026-06-25T06:46:49.688Z
C004184,P002,Maple Court,2025-05-01,R20,58,0,19:15,D06,Northeast,2026-06-25T06:46:29.225Z,2026-06-25T06:46:49.688Z
C004198,P004,Birchwood Commons,2025-04-12,R10,67,0,16:54,D13,Northeast,2026-06-25T06:46:29.225Z,2026-06-25T06:46:49.688Z
C004206,P004,Birchwood Commons,2025-03-28,R11,44,1,17:51,D08,West,2026-06-25T06:46:29.225Z,2026-06-25T06:46:49.688Z
C004220,P001,Sunset Ridge,2025-06-16,R16,122,0,21:14,D10,West,2026-06-25T06:46:29.225Z,2026-06-25T06:46:49.688Z
C004221,P005,Lakeview Terrace,2025-04-17,R23,112,0,22:27,D08,Midwest,2026-06-25T06:46:29.225Z,2026-06-25T06:46:49.688Z
C004222,P002,Maple Court,2025-05-24,R24,133,0,14:14,D17,Northeast,2026-06-25T06:46:29.225Z,2026-06-25T06:46:49.688Z
C004251,P001,Sunset Ridge,2025-06-13,R10,140,0,18:07,D11,Midwest,2026-06-25T06:46:29.225Z,2026-06-25T06:46:49.688Z
C004272,P007,Willow Creek,2025-01-06,R20,53,2,20:55,D18,Southeast,2026-06-25T06:46:29.225Z,2026-06-25T06:46:49.688Z
C004286,P007,Willow Creek,2025-02-05,R16,41,1,17:19,D20,Midwest,2026-06-25T06:46:29.225Z,2026-06-25T06:46:49.688Z
C004290,P005,Lakeview Terrace,2025-02-07,R12,65,0,19:09,D11,West,2026-06-25T06:46:29.225Z,2026-06-25T06:46:49.688Z
C004304,P005,Lakeview Terrace,2025-02-24,R18,106,1,22:09,D07,West,2026-06-25T06:46:29.225Z,2026-06-25T06:46:49.688Z
C004326,P008,Harbor Pointe,2025-01-04,R16,131,0,16:10,D18,Midwest,2026-06-25T06:46:29.225Z,2026-06-25T06:46:49.688Z
C004330,P007,Willow Creek,2025-04-03,R19,61,0,14:57,D13,West,2026-06-25T06:46:29.225Z,2026-06-25T06:46:49.688Z
C004364,P001,Sunset Ridge,2025-02-13,R18,132,0,18:43,D17,West,2026-06-25T06:46:29.225Z,2026-06-25T06:46:49.688Z
C004371,P004,Birchwood Commons,2025-04-15,R23,108,0,21:40,D19,West,2026-06-25T06:46:29.225Z,2026-06-25T06:46:49.688Z
C004377,P008,Harbor Pointe,2025-05-13,R17,112,0,21:12,D17,Midwest,2026-06-25T06:46:29.225Z,2026-06-25T06:46:49.688Z
C004434,P002,Maple Court,2025-06-02,R15,147,0,17:11,D02,Midwest,2026-06-25T06:46:29.225Z,2026-06-25T06:46:49.688Z
C004441,P003,Green Oaks,2025-03-16,R21,144,0,20:19,D09,Southeast,2026-06-25T06:46:29.225Z,2026-06-25T06:46:49.688Z
C004454,P001,Sunset Ridge,2025-04-28,R10,153,0,19:21,D03,Midwest,2026-06-25T06:46:29.225Z,2026-06-25T06:46:49.688Z
C004508,P007,Willow Creek,2025-06-15,R14,95,0,14:31,D15,Midwest,2026-06-25T06:46:29.225Z,2026-06-25T06:46:49.688Z
C004531,P002,Maple Court,2025-02-20,R16,108,0,20:56,D15,Southeast,2026-06-25T06:46:29.225Z,2026-06-25T06:46:49.688Z
C004557,P007,Willow Creek,2025-06-29,R16,86,0,18:34,D03,Midwest,2026-06-25T06:46:29.225Z,2026-06-25T06:46:49.688Z
C004615,P006,Cedar Park,2025-04-25,R14,43,0,20:14,D17,Northeast,2026-06-25T06:46:29.225Z,2026-06-25T06:46:49.688Z
C004620,P003,Green Oaks,2025-01-10,R20,125,0,14:59,D09,Southeast,2026-06-25T06:46:29.225Z,2026-06-25T06:46:49.688Z
C004632,P004,Birchwood Commons,2025-03-15,R11,144,0,18:59,D12,West,2026-06-25T06:46:29.225Z,2026-06-25T06:46:49.688Z
C004633,P002,Maple Court,2025-04-06,R12,99,0,19:38,D03,West,2026-06-25T06:46:29.225Z,2026-06-25T06:46:49.688Z
C004647,P006,Cedar Park,2025-06-21,R24,122,1,16:32,D17,Southeast,2026-06-25T06:46:29.225Z,2026-06-25T06:46:49.688Z
C004648,P008,Harbor Pointe,2025-03-28,R15,45,0,21:45,D17,Southeast,2026-06-25T06:46:29.225Z,2026-06-25T06:46:49.688Z
C004659,P006,Cedar Park,2025-01-15,R10,123,0,17:47,D19,Northeast,2026-06-25T06:46:29.225Z,2026-06-25T06:46:49.688Z
C004673,P003,Green Oaks,2025-06-05,R11,145,0,19:07,D02,Southeast,2026-06-25T06:46:29.225Z,2026-06-25T06:46:49.688Z
C004701,P008,Harbor Pointe,2025-04-10,R15,90,0,16:27,D19,Midwest,2026-06-25T06:46:29.225Z,2026-06-25T06:46:49.688Z
C004702,P004,Birchwood Commons,2025-01-13,R20,132,1,16:30,D07,Northeast,2026-06-25T06:46:29.225Z,2026-06-25T06:46:49.688Z
C004711,P004,Birchwood Commons,2025-03-13,R23,96,1,14:03,D09,Southeast,2026-06-25T06:46:29.225Z,2026-06-25T06:46:49.688Z
C004740,P001,Sunset Ridge,2025-06-24,R21,55,0,15:49,D14,Midwest,2026-06-25T06:46:29.225Z,2026-06-25T06:46:49.688Z
C004750,P003,Green Oaks,2025-03-15,R16,56,0,19:15,D18,Southeast,2026-06-25T06:46:29.225Z,2026-06-25T06:46:49.688Z
C004762,P004,Birchwood Commons,2025-03-07,R20,71,1,14:27,D06,West,2026-06-25T06:46:29.225Z,2026-06-25T06:46:49.688Z
C004778,P007,Willow Creek,2025-02-17,R15,123,1,20:54,D17,Northeast,2026-06-25T06:46:29.225Z,2026-06-25T06:46:49.688Z
C004780,P002,Maple Court,2025-05-07,R23,105,0,19:06,D16,West,2026-06-25T06:46:29.225Z,2026-06-25T06:46:49.688Z
C004783,P007,Willow Creek,2025-03-22,R21,74,0,22:16,D05,Southeast,2026-06-25T06:46:29.225Z,2026-06-25T06:46:49.688Z
C004806,P001,Sunset Ridge,2025-01-26,R11,90,0,17:17,D16,West,2026-06-25T06:46:29.225Z,2026-06-25T06:46:49.688Z
C004828,P006,Cedar Park,2025-02-15,R13,104,0,20:55,D09,Midwest,2026-06-25T06:46:29.225Z,2026-06-25T06:46:49.688Z
C004838,P004,Birchwood Commons,2025-01-31,R12,41,1,19:06,D03,Midwest,2026-06-25T06:46:29.225Z,2026-06-25T06:46:49.688Z
C004857,P007,Willow Creek,2025-05-22,R20,98,1,20:10,D05,West,2026-06-25T06:46:29.225Z,2026-06-25T06:46:49.688Z
C004883,P008,Harbor Pointe,2025-02-06,R19,90,0,20:39,D20,West,2026-06-25T06:46:29.225Z,2026-06-25T06:46:49.688Z
C004889,P008,Harbor Pointe,2025-01-08,R17,113,0,21:42,D20,Midwest,2026-06-25T06:46:29.225Z,2026-06-25T06:46:49.688Z
C004896,P007,Willow Creek,2025-02-12,R14,147,0,18:58,D04,Southeast,2026-06-25T06:46:29.225Z,2026-06-25T06:46:49.688Z
C004942,P003,Green Oaks,2025-05-04,R17,84,0,18:41,D06,Midwest,2026-06-25T06:46:29.225Z,2026-06-25T06:46:49.688Z
C004960,P005,Lakeview Terrace,2025-04-11,R12,138,0,22:19,D03,Southeast,2026-06-25T06:46:29.225Z,2026-06-25T06:46:49.688Z
C004962,P005,Lakeview Terrace,2025-02-25,R22,107,1,16:45,D15,Northeast,2026-06-25T06:46:29.225Z,2026-06-25T06:46:49.688Z
C004006,P008,Harbor Pointe,2025-06-05,R10,157,0,15:21,D04,Midwest,2026-06-25T06:46:29.225Z,2026-06-25T06:46:49.688Z
C004028,P002,Maple Court,2025-01-22,R19,111,0,18:35,D01,West,2026-06-25T06:46:29.225Z,2026-06-25T06:46:49.688Z
C004041,P004,Birchwood Commons,2025-04-28,R23,96,2,20:50,D13,West,2026-06-25T06:46:29.225Z,2026-06-25T06:46:49.688Z
C004046,P006,Cedar Park,2025-04-24,R10,112,0,22:27,D07,Midwest,2026-06-25T06:46:29.225Z,2026-06-25T06:46:49.688Z
C004068,P008,Harbor Pointe,2025-03-05,R20,62,0,21:04,D18,West,2026-06-25T06:46:29.225Z,2026-06-25T06:46:49.688Z
C004073,P005,Lakeview Terrace,2025-03-25,R11,106,1,14:10,D18,Midwest,2026-06-25T06:46:29.225Z,2026-06-25T06:46:49.688Z
C004074,P003,Green Oaks,2025-03-28,R24,124,0,22:45,D18,West,2026-06-25T06:46:29.225Z,2026-06-25T06:46:49.688Z
C004132,P002,Maple Court,2025-06-14,R11,123,0,14:20,D15,Southeast,2026-06-25T06:46:29.225Z,2026-06-25T06:46:49.688Z
C004133,P007,Willow Creek,2025-02-18,R23,138,1,17:03,D14,West,2026-06-25T06:46:29.225Z,2026-06-25T06:46:49.688Z
C004169,P004,Birchwood Commons,2025-06-15,R14,79,3,21:37,D10,Northeast,2026-06-25T06:46:29.225Z,2026-06-25T06:46:49.688Z
C004199,P006,Cedar Park,2025-03-30,R17,68,0,17:00,D20,Southeast,2026-06-25T06:46:29.225Z,2026-06-25T06:46:49.688Z
C004216,P001,Sunset Ridge,2025-06-12,R13,117,1,21:39,D20,West,2026-06-25T06:46:29.225Z,2026-06-25T06:46:49.688Z
C004217,P004,Birchwood Commons,2025-06-23,R20,67,0,15:44,D12,Southeast,2026-06-25T06:46:29.225Z,2026-06-25T06:46:49.688Z
C004247,P005,Lakeview Terrace,2025-04-08,R19,142,0,14:13,D16,West,2026-06-25T06:46:29.225Z,2026-06-25T06:46:49.688Z
C004261,P002,Maple Court,2025-05-06,R19,94,2,15:09,D19,Midwest,2026-06-25T06:46:29.225Z,2026-06-25T06:46:49.688Z
C004268,P007,Willow Creek,2025-01-29,R10,146,0,15:34,D03,Southeast,2026-06-25T06:46:29.225Z,2026-06-25T06:46:49.688Z
C004276,P004,Birchwood Commons,2025-01-27,R14,94,0,19:16,D09,Northeast,2026-06-25T06:46:29.225Z,2026-06-25T06:46:49.688Z
C004299,P001,Sunset Ridge,2025-06-26,R22,59,2,15:59,D04,West,2026-06-25T06:46:29.225Z,2026-06-25T06:46:49.688Z
C004305,P005,Lakeview Terrace,2025-06-10,R14,135,0,16:08,D11,Midwest,2026-06-25T06:46:29.225Z,2026-06-25T06:46:49.688Z
C004319,P002,Maple Court,2025-05-22,R21,107,1,22:32,D03,West,2026-06-25T06:46:29.225Z,2026-06-25T06:46:49.688Z
C004325,P001,Sunset Ridge,2025-03-07,R13,91,0,20:26,D12,West,2026-06-25T06:46:29.225Z,2026-06-25T06:46:49.688Z
C004386,P001,Sunset Ridge,2025-06-14,R23,94,0,18:02,D16,Southeast,2026-06-25T06:46:29.225Z,2026-06-25T06:46:49.688Z
C004394,P006,Cedar Park,2025-01-02,R12,94,1,14:07,D12,Midwest,2026-06-25T06:46:29.225Z,2026-06-25T06:46:49.688Z
C004395,P001,Sunset Ridge,2025-02-22,R24,56,1,20:24,D07,Midwest,2026-06-25T06:46:29.225Z,2026-06-25T06:46:49.688Z
C004398,P008,Harbor Pointe,2025-01-16,R13,158,1,16:01,D04,Midwest,2026-06-25T06:46:29.225Z,2026-06-25T06:46:49.688Z
C004407,P008,Harbor Pointe,2025-04-03,R20,93,0,22:50,D17,Southeast,2026-06-25T06:46:29.225Z,2026-06-25T06:46:49.688Z
C004433,P002,Maple Court,2025-06-15,R10,87,0,19:50,D18,Midwest,2026-06-25T06:46:29.225Z,2026-06-25T06:46:49.688Z
C004443,P006,Cedar Park,2025-04-15,R18,51,0,22:30,D15,Northeast,2026-06-25T06:46:29.225Z,2026-06-25T06:46:49.688Z
C004463,P004,Birchwood Commons,2025-04-19,R12,149,0,21:42,D19,Southeast,2026-06-25T06:46:29.225Z,2026-06-25T06:46:49.688Z
C004465,P006,Cedar Park,2025-05-06,R12,56,0,15:33,D09,Northeast,2026-06-25T06:46:29.225Z,2026-06-25T06:46:49.688Z
C004472,P004,Birchwood Commons,2025-03-14,R23,59,3,14:18,D08,Southeast,2026-06-25T06:46:29.225Z,2026-06-25T06:46:49.688Z
C004488,P004,Birchwood Commons,2025-02-27,R22,70,3,14:20,D16,Northeast,2026-06-25T06:46:29.225Z,2026-06-25T06:46:49.688Z
C004489,P008,Harbor Pointe,2025-06-29,R21,151,0,14:00,D19,Northeast,2026-06-25T06:46:29.225Z,2026-06-25T06:46:49.688Z
C004495,P002,Maple Court,2025-01-08,R10,127,1,19:46,D12,Southeast,2026-06-25T06:46:29.225Z,2026-06-25T06:46:49.688Z
C004512,P005,Lakeview Terrace,2025-04-19,R24,143,0,22:26,D16,Midwest,2026-06-25T06:46:29.225Z,2026-06-25T06:46:49.688Z
C004534,P008,Harbor Pointe,2025-05-05,R14,119,1,17:22,D09,Midwest,2026-06-25T06:46:29.225Z,2026-06-25T06:46:49.688Z
C004559,P005,Lakeview Terrace,2025-04-17,R21,121,0,15:58,D11,Midwest,2026-06-25T06:46:29.225Z,2026-06-25T06:46:49.688Z
C004561,P006,Cedar Park,2025-02-05,R16,146,0,22:49,D06,Midwest,2026-06-25T06:46:29.225Z,2026-06-25T06:46:49.688Z
C004563,P007,Willow Creek,2025-03-06,R17,146,0,15:40,D08,Midwest,2026-06-25T06:46:29.225Z,2026-06-25T06:46:49.688Z
C004568,P005,Lakeview Terrace,2025-06-16,R23,128,0,14:01,D08,Midwest,2026-06-25T06:46:29.225Z,2026-06-25T06:46:49.688Z
C004581,P006,Cedar Park,2025-03-25,R11,118,2,18:35,D09,Northeast,2026-06-25T06:46:29.225Z,2026-06-25T06:46:49.688Z
C004586,P006,Cedar Park,2025-06-04,R21,43,0,18:04,D16,Midwest,2026-06-25T06:46:29.225Z,2026-06-25T06:46:49.688Z
C004608,P004,Birchwood Commons,2025-05-17,R19,98,3,16:02,D09,West,2026-06-25T06:46:29.225Z,2026-06-25T06:46:49.688Z
C004609,P006,Cedar Park,2025-02-27,R11,115,0,18:20,D11,West,2026-06-25T06:46:29.225Z,2026-06-25T06:46:49.688Z
C004639,P006,Cedar Park,2025-01-14,R23,56,1,16:04,D10,Northeast,2026-06-25T06:46:29.225Z,2026-06-25T06:46:49.688Z
C004640,P007,Willow Creek,2025-02-11,R22,158,0,21:41,D08,Northeast,2026-06-25T06:46:29.225Z,2026-06-25T06:46:49.688Z
C004687,P001,Sunset Ridge,2025-02-01,R10,96,2,22:40,D18,West,2026-06-25T06:46:29.225Z,2026-06-25T06:46:49.688Z
C004690,P005,Lakeview Terrace,2025-03-05,R20,90,0,16:28,D06,West,2026-06-25T06:46:29.225Z,2026-06-25T06:46:49.688Z
C004732,P004,Birchwood Commons,2025-02-19,R19,145,0,17:15,D01,Southeast,2026-06-25T06:46:29.225Z,2026-06-25T06:46:49.688Z
C004770,P003,Green Oaks,2025-05-31,R12,128,0,14:40,D02,West,2026-06-25T06:46:29.225Z,2026-06-25T06:46:49.688Z
C004791,P008,Harbor Pointe,2025-02-20,R18,159,0,17:42,D10,West,2026-06-25T06:46:29.225Z,2026-06-25T06:46:49.688Z
C004799,P005,Lakeview Terrace,2025-05-02,R17,62,3,17:49,D08,Northeast,2026-06-25T06:46:29.225Z,2026-06-25T06:46:49.688Z
C004842,P007,Willow Creek,2025-01-23,R14,109,0,19:51,D15,West,2026-06-25T06:46:29.225Z,2026-06-25T06:46:49.688Z
C004861,P003,Green Oaks,2025-06-26,R23,93,3,17:25,D06,West,2026-06-25T06:46:29.225Z,2026-06-25T06:46:49.688Z
C004862,P004,Birchwood Commons,2025-02-16,R15,98,2,14:18,D09,Northeast,2026-06-25T06:46:29.225Z,2026-06-25T06:46:49.688Z
C004872,P004,Birchwood Commons,2025-05-26,R10,83,0,21:52,D18,Midwest,2026-06-25T06:46:29.225Z,2026-06-25T06:46:49.688Z
C004880,P001,Sunset Ridge,2025-02-18,R10,156,0,18:48,D02,Midwest,2026-06-25T06:46:29.225Z,2026-06-25T06:46:49.688Z
C004882,P007,Willow Creek,2025-02-14,R24,50,0,18:47,D20,Northeast,2026-06-25T06:46:29.225Z,2026-06-25T06:46:49.688Z
C004906,P002,Maple Court,2025-01-23,R12,76,0,16:26,D19,Northeast,2026-06-25T06:46:29.225Z,2026-06-25T06:46:49.688Z
C004919,P001,Sunset Ridge,2025-03-18,R13,72,0,22:07,D20,Northeast,2026-06-25T06:46:29.225Z,2026-06-25T06:46:49.688Z
C004973,P002,Maple Court,2025-04-17,R19,120,0,19:03,D08,Southeast,2026-06-25T06:46:29.225Z,2026-06-25T06:46:49.688Z
C004984,P006,Cedar Park,2025-06-28,R21,91,0,21:32,D07,Midwest,2026-06-25T06:46:29.225Z,2026-06-25T06:46:49.688Z
C004011,P001,Sunset Ridge,2025-04-17,R24,111,0,16:56,D05,Midwest,2026-06-25T06:46:29.225Z,2026-06-25T06:46:49.688Z
C004034,P006,Cedar Park,2025-01-28,R10,132,0,16:00,D12,Southeast,2026-06-25T06:46:29.225Z,2026-06-25T06:46:49.688Z
C004050,P004,Birchwood Commons,2025-05-28,R10,144,0,21:46,D07,Northeast,2026-06-25T06:46:29.225Z,2026-06-25T06:46:49.688Z
C004084,P003,Green Oaks,2025-04-19,R23,142,0,21:31,D02,Southeast,2026-06-25T06:46:29.225Z,2026-06-25T06:46:49.688Z
C004097,P001,Sunset Ridge,2025-03-04,R21,55,0,17:46,D17,West,2026-06-25T06:46:29.225Z,2026-06-25T06:46:49.688Z
C004122,P007,Willow Creek,2025-05-29,R14,143,0,19:10,D07,Southeast,2026-06-25T06:46:29.225Z,2026-06-25T06:46:49.688Z
C004135,P004,Birchwood Commons,2025-04-12,R23,131,0,16:49,D08,Midwest,2026-06-25T06:46:29.225Z,2026-06-25T06:46:49.688Z
C004144,P004,Birchwood Commons,2025-05-07,R18,130,0,21:12,D13,Midwest,2026-06-25T06:46:29.225Z,2026-06-25T06:46:49.688Z
C004173,P004,Birchwood Commons,2025-04-14,R10,149,3,18:55,D19,Northeast,2026-06-25T06:46:29.225Z,2026-06-25T06:46:49.688Z
C004190,P001,Sunset Ridge,2025-05-05,R18,120,0,22:48,D14,West,2026-06-25T06:46:29.225Z,2026-06-25T06:46:49.688Z
C004225,P005,Lakeview Terrace,2025-02-28,R19,83,0,18:00,D07,Northeast,2026-06-25T06:46:29.225Z,2026-06-25T06:46:49.688Z
C004246,P004,Birchwood Commons,2025-05-14,R15,151,0,18:26,D20,Northeast,2026-06-25T06:46:29.225Z,2026-06-25T06:46:49.688Z
C004248,P008,Harbor Pointe,2025-03-08,R16,134,0,15:42,D03,West,2026-06-25T06:46:29.225Z,2026-06-25T06:46:49.688Z
C004249,P002,Maple Court,2025-01-21,R22,83,0,14:48,D08,West,2026-06-25T06:46:29.225Z,2026-06-25T06:46:49.688Z
C004269,P004,Birchwood Commons,2025-06-20,R23,126,1,17:12,D02,Midwest,2026-06-25T06:46:29.225Z,2026-06-25T06:46:49.688Z
C004273,P006,Cedar Park,2025-03-15,R12,51,0,15:09,D02,Midwest,2026-06-25T06:46:29.225Z,2026-06-25T06:46:49.688Z
C004278,P008,Harbor Pointe,2025-04-16,R14,83,1,20:27,D20,Midwest,2026-06-25T06:46:29.225Z,2026-06-25T06:46:49.688Z
C004282,P007,Willow Creek,2025-04-27,R19,50,0,19:12,D02,Southeast,2026-06-25T06:46:29.225Z,2026-06-25T06:46:49.688Z
C004292,P002,Maple Court,2025-06-03,R17,63,0,15:23,D02,Northeast,2026-06-25T06:46:29.225Z,2026-06-25T06:46:49.688Z
C004296,P005,Lakeview Terrace,2025-02-07,R24,73,2,17:46,D04,Northeast,2026-06-25T06:46:29.225Z,2026-06-25T06:46:49.688Z
C004297,P002,Maple Court,2025-06-28,R14,150,0,14:51,D18,West,2026-06-25T06:46:29.225Z,2026-06-25T06:46:49.688Z
C004335,P001,Sunset Ridge,2025-05-02,R14,111,1,17:50,D13,Northeast,2026-06-25T06:46:29.225Z,2026-06-25T06:46:49.688Z
C004339,P008,Harbor Pointe,2025-06-26,R12,102,0,20:29,D14,West,2026-06-25T06:46:29.225Z,2026-06-25T06:46:49.688Z
C004350,P001,Sunset Ridge,2025-04-26,R19,126,0,20:07,D02,Midwest,2026-06-25T06:46:29.225Z,2026-06-25T06:46:49.688Z
C004355,P004,Birchwood Commons,2025-04-30,R20,143,0,16:46,D14,Southeast,2026-06-25T06:46:29.225Z,2026-06-25T06:46:49.688Z
C004367,P006,Cedar Park,2025-05-17,R24,91,0,17:11,D20,Southeast,2026-06-25T06:46:29.225Z,2026-06-25T06:46:49.688Z
C004380,P006,Cedar Park,2025-03-29,R20,136,0,16:26,D02,Midwest,2026-06-25T06:46:29.225Z,2026-06-25T06:46:49.688Z
C004389,P005,Lakeview Terrace,2025-06-26,R24,73,0,16:30,D06,Southeast,2026-06-25T06:46:29.225Z,2026-06-25T06:46:49.688Z
C004411,P006,Cedar Park,2025-05-30,R21,43,1,22:36,D05,Northeast,2026-06-25T06:46:29.225Z,2026-06-25T06:46:49.688Z
C004413,P006,Cedar Park,2025-06-02,R22,85,2,17:23,D11,Southeast,2026-06-25T06:46:29.225Z,2026-06-25T06:46:49.688Z
C004421,P006,Cedar Park,2025-04-04,R24,43,0,16:49,D15,West,2026-06-25T06:46:29.225Z,2026-06-25T06:46:49.688Z
C004436,P008,Harbor Pointe,2025-05-27,R19,45,0,16:58,D01,Midwest,2026-06-25T06:46:29.225Z,2026-06-25T06:46:49.688Z
C004448,P007,Willow Creek,2025-03-10,R16,93,1,22:04,D04,Midwest,2026-06-25T06:46:29.225Z,2026-06-25T06:46:49.688Z
C004466,P005,Lakeview Terrace,2025-04-28,R19,146,2,20:23,D20,Southeast,2026-06-25T06:46:29.225Z,2026-06-25T06:46:49.688Z
C004475,P001,Sunset Ridge,2025-04-02,R16,137,0,16:16,D15,Northeast,2026-06-25T06:46:29.225Z,2026-06-25T06:46:49.688Z
C004529,P008,Harbor Pointe,2025-05-31,R12,46,0,18:32,D02,Midwest,2026-06-25T06:46:29.225Z,2026-06-25T06:46:49.688Z
C004536,P002,Maple Court,2025-06-06,R13,59,2,17:23,D15,Northeast,2026-06-25T06:46:29.225Z,2026-06-25T06:46:49.688Z
C004539,P003,Green Oaks,2025-06-25,R14,146,0,19:58,D11,Northeast,2026-06-25T06:46:29.225Z,2026-06-25T06:46:49.688Z
C004545,P006,Cedar Park,2025-01-14,R11,90,0,17:21,D05,Southeast,2026-06-25T06:46:29.225Z,2026-06-25T06:46:49.688Z
C004546,P002,Maple Court,2025-03-08,R21,62,0,14:58,D06,Midwest,2026-06-25T06:46:29.225Z,2026-06-25T06:46:49.688Z
C004551,P002,Maple Court,2025-04-23,R20,87,0,21:35,D06,Southeast,2026-06-25T06:46:29.225Z,2026-06-25T06:46:49.688Z
C004577,P003,Green Oaks,2025-06-24,R20,50,0,17:20,D08,Northeast,2026-06-25T06:46:29.225Z,2026-06-25T06:46:49.688Z
C004593,P001,Sunset Ridge,2025-02-11,R23,95,3,19:50,D19,Northeast,2026-06-25T06:46:29.225Z,2026-06-25T06:46:49.688Z
C004617,P005,Lakeview Terrace,2025-02-20,R12,47,0,19:22,D12,Northeast,2026-06-25T06:46:29.225Z,2026-06-25T06:46:49.688Z
C004625,P007,Willow Creek,2025-06-28,R17,50,0,15:51,D01,Southeast,2026-06-25T06:46:29.225Z,2026-06-25T06:46:49.688Z
C004626,P001,Sunset Ridge,2025-05-09,R13,71,0,16:20,D15,Southeast,2026-06-25T06:46:29.225Z,2026-06-25T06:46:49.688Z
C004666,P003,Green Oaks,2025-04-11,R17,89,2,15:29,D14,Northeast,2026-06-25T06:46:29.225Z,2026-06-25T06:46:49.688Z
C004680,P003,Green Oaks,2025-01-14,R20,128,2,21:42,D12,Southeast,2026-06-25T06:46:29.225Z,2026-06-25T06:46:49.688Z
C004693,P007,Willow Creek,2025-01-28,R14,124,0,17:59,D10,Midwest,2026-06-25T06:46:29.225Z,2026-06-25T06:46:49.688Z
C004752,P003,Green Oaks,2025-01-17,R10,58,0,18:33,D10,Midwest,2026-06-25T06:46:29.225Z,2026-06-25T06:46:49.688Z
C004756,P004,Birchwood Commons,2025-03-02,R24,56,0,21:30,D08,West,2026-06-25T06:46:29.225Z,2026-06-25T06:46:49.688Z
C004758,P004,Birchwood Commons,2025-04-02,R15,81,0,18:35,D04,Northeast,2026-06-25T06:46:29.225Z,2026-06-25T06:46:49.688Z
C004763,P006,Cedar Park,2025-06-08,R18,63,2,18:51,D15,West,2026-06-25T06:46:29.225Z,2026-06-25T06:46:49.688Z
C004764,P002,Maple Court,2025-02-18,R23,56,0,14:14,D15,Southeast,2026-06-25T06:46:29.225Z,2026-06-25T06:46:49.688Z
C004801,P007,Willow Creek,2025-03-18,R11,109,0,14:24,D17,West,2026-06-25T06:46:29.225Z,2026-06-25T06:46:49.688Z
C004808,P001,Sunset Ridge,2025-06-11,R11,139,3,16:10,D01,Southeast,2026-06-25T06:46:29.225Z,2026-06-25T06:46:49.688Z
C004837,P008,Harbor Pointe,2025-06-14,R13,159,0,16:35,D06,Southeast,2026-06-25T06:46:29.225Z,2026-06-25T06:46:49.688Z
C004844,P001,Sunset Ridge,2025-04-25,R14,121,1,18:34,D03,Midwest,2026-06-25T06:46:29.225Z,2026-06-25T06:46:49.688Z
C004845,P002,Maple Court,2025-05-19,R19,47,3,15:06,D09,Northeast,2026-06-25T06:46:29.225Z,2026-06-25T06:46:49.688Z
C004856,P007,Willow Creek,2025-03-23,R22,126,1,19:08,D08,Southeast,2026-06-25T06:46:29.225Z,2026-06-25T06:46:49.688Z
C004863,P002,Maple Court,2025-04-04,R21,156,0,18:13,D09,Northeast,2026-06-25T06:46:29.225Z,2026-06-25T06:46:49.688Z
C004869,P006,Cedar Park,2025-04-23,R13,123,1,22:56,D16,Northeast,2026-06-25T06:46:29.225Z,2026-06-25T06:46:49.688Z
C004875,P001,Sunset Ridge,2025-03-20,R23,121,0,15:58,D09,West,2026-06-25T06:46:29.225Z,2026-06-25T06:46:49.688Z
C004885,P005,Lakeview Terrace,2025-01-22,R12,72,0,20:00,D16,Midwest,2026-06-25T06:46:29.225Z,2026-06-25T06:46:49.688Z
C004887,P006,Cedar Park,2025-05-13,R21,116,1,18:29,D11,West,2026-06-25T06:46:29.225Z,2026-06-25T06:46:49.688Z
C004908,P008,Harbor Pointe,2025-06-22,R16,130,2,17:21,D06,Northeast,2026-06-25T06:46:29.225Z,2026-06-25T06:46:49.688Z
C004917,P007,Willow Creek,2025-04-17,R17,160,0,21:50,D15,West,2026-06-25T06:46:29.225Z,2026-06-25T06:46:49.688Z
C004924,P007,Willow Creek,2025-04-07,R12,142,0,20:00,D13,West,2026-06-25T06:46:29.225Z,2026-06-25T06:46:49.688Z
C004925,P006,Cedar Park,2025-03-14,R20,55,1,18:19,D17,West,2026-06-25T06:46:29.225Z,2026-06-25T06:46:49.688Z
C004952,P007,Willow Creek,2025-05-27,R21,65,1,15:36,D14,Midwest,2026-06-25T06:46:29.225Z,2026-06-25T06:46:49.688Z
C004958,P007,Willow Creek,2025-06-20,R10,93,0,16:11,D07,Southeast,2026-06-25T06:46:29.225Z,2026-06-25T06:46:49.688Z
C004972,P005,Lakeview Terrace,2025-06-18,R21,83,0,16:54,D15,Northeast,2026-06-25T06:46:29.225Z,2026-06-25T06:46:49.688Z
C004986,P002,Maple Court,2025-05-29,R12,121,1,21:01,D14,West,2026-06-25T06:46:29.225Z,2026-06-25T06:46:49.688Z
C005000,P008,Harbor Pointe,2025-02-01,R22,133,1,14:02,D01,Southeast,2026-06-25T06:46:29.225Z,2026-06-25T06:46:49.688Z
C004007,P004,Birchwood Commons,2025-01-10,R14,79,0,14:29,D14,West,2026-06-25T06:46:29.225Z,2026-06-25T06:46:49.688Z
C004016,P003,Green Oaks,2025-05-09,R21,152,0,18:31,D14,Southeast,2026-06-25T06:46:29.225Z,2026-06-25T06:46:49.688Z
C004023,P005,Lakeview Terrace,2025-06-14,R11,96,1,14:00,D11,Midwest,2026-06-25T06:46:29.225Z,2026-06-25T06:46:49.688Z
C004027,P006,Cedar Park,2025-03-09,R13,87,0,18:05,D13,Southeast,2026-06-25T06:46:29.225Z,2026-06-25T06:46:49.688Z
C004043,P002,Maple Court,2025-03-29,R22,141,0,21:19,D20,Southeast,2026-06-25T06:46:29.225Z,2026-06-25T06:46:49.688Z
C004044,P007,Willow Creek,2025-04-03,R18,105,0,15:17,D09,Southeast,2026-06-25T06:46:29.225Z,2026-06-25T06:46:49.688Z
C004066,P007,Willow Creek,2025-04-30,R15,118,0,18:33,D01,Northeast,2026-06-25T06:46:29.225Z,2026-06-25T06:46:49.688Z
C004071,P001,Sunset Ridge,2025-05-23,R24,90,2,20:04,D11,Northeast,2026-06-25T06:46:29.225Z,2026-06-25T06:46:49.688Z
C004086,P003,Green Oaks,2025-04-29,R12,110,0,19:52,D15,Southeast,2026-06-25T06:46:29.225Z,2026-06-25T06:46:49.688Z
C004109,P004,Birchwood Commons,2025-03-23,R10,141,0,16:30,D13,Northeast,2026-06-25T06:46:29.225Z,2026-06-25T06:46:49.688Z
C004115,P004,Birchwood Commons,2025-01-23,R24,59,0,19:19,D14,Southeast,2026-06-25T06:46:29.225Z,2026-06-25T06:46:49.688Z
C004117,P006,Cedar Park,2025-03-09,R17,48,1,17:13,D20,West,2026-06-25T06:46:29.225Z,2026-06-25T06:46:49.688Z
C004118,P008,Harbor Pointe,2025-06-27,R16,109,0,20:05,D06,West,2026-06-25T06:46:29.225Z,2026-06-25T06:46:49.688Z
C004125,P005,Lakeview Terrace,2025-05-06,R24,131,0,15:58,D16,Southeast,2026-06-25T06:46:29.225Z,2026-06-25T06:46:49.688Z
C004126,P004,Birchwood Commons,2025-01-03,R21,110,2,15:39,D04,West,2026-06-25T06:46:29.225Z,2026-06-25T06:46:49.688Z
C004171,P008,Harbor Pointe,2025-02-11,R21,51,0,14:03,D03,West,2026-06-25T06:46:29.225Z,2026-06-25T06:46:49.688Z
C004191,P001,Sunset Ridge,2025-05-29,R17,142,0,14:36,D17,Midwest,2026-06-25T06:46:29.225Z,2026-06-25T06:46:49.688Z
C004205,P004,Birchwood Commons,2025-06-28,R17,57,0,17:31,D06,Midwest,2026-06-25T06:46:29.225Z,2026-06-25T06:46:49.688Z
C004213,P004,Birchwood Commons,2025-06-20,R17,119,0,16:27,D10,Southeast,2026-06-25T06:46:29.225Z,2026-06-25T06:46:49.688Z
C004218,P006,Cedar Park,2025-03-02,R22,114,0,20:22,D12,Southeast,2026-06-25T06:46:29.225Z,2026-06-25T06:46:49.688Z
C004233,P008,Harbor Pointe,2025-03-21,R22,138,0,22:56,D19,Midwest,2026-06-25T06:46:29.225Z,2026-06-25T06:46:49.688Z
C004257,P006,Cedar Park,2025-02-18,R10,152,2,19:21,D04,Southeast,2026-06-25T06:46:29.225Z,2026-06-25T06:46:49.688Z
C004266,P003,Green Oaks,2025-06-26,R24,93,2,16:46,D02,Midwest,2026-06-25T06:46:29.225Z,2026-06-25T06:46:49.688Z
C004294,P005,Lakeview Terrace,2025-02-18,R15,157,1,20:01,D11,Midwest,2026-06-25T06:46:29.225Z,2026-06-25T06:46:49.688Z
C004337,P006,Cedar Park,2025-04-03,R19,159,1,18:10,D03,Midwest,2026-06-25T06:46:29.225Z,2026-06-25T06:46:49.688Z
C004344,P001,Sunset Ridge,2025-04-04,R11,49,2,15:14,D20,Southeast,2026-06-25T06:46:29.225Z,2026-06-25T06:46:49.688Z
C004382,P002,Maple Court,2025-01-16,R12,116,0,16:15,D13,Southeast,2026-06-25T06:46:29.225Z,2026-06-25T06:46:49.688Z
C004388,P006,Cedar Park,2025-02-28,R17,67,0,20:59,D11,Northeast,2026-06-25T06:46:29.225Z,2026-06-25T06:46:49.688Z
C004423,P008,Harbor Pointe,2025-05-06,R16,86,0,17:51,D03,Northeast,2026-06-25T06:46:29.225Z,2026-06-25T06:46:49.688Z
C004429,P001,Sunset Ridge,2025-01-08,R14,65,0,15:30,D03,Northeast,2026-06-25T06:46:29.225Z,2026-06-25T06:46:49.688Z
C004455,P008,Harbor Pointe,2025-04-12,R20,94,0,18:40,D09,Northeast,2026-06-25T06:46:29.225Z,2026-06-25T06:46:49.688Z
C004491,P005,Lakeview Terrace,2025-04-29,R17,47,0,15:52,D06,Northeast,2026-06-25T06:46:29.225Z,2026-06-25T06:46:49.688Z
C004503,P004,Birchwood Commons,2025-01-07,R16,147,3,14:37,D03,Northeast,2026-06-25T06:46:29.225Z,2026-06-25T06:46:49.688Z
C004520,P007,Willow Creek,2025-01-11,R18,56,0,22:51,D16,Northeast,2026-06-25T06:46:29.225Z,2026-06-25T06:46:49.688Z
C004541,P003,Green Oaks,2025-03-06,R12,124,1,17:36,D10,Southeast,2026-06-25T06:46:29.225Z,2026-06-25T06:46:49.688Z
C004602,P005,Lakeview Terrace,2025-01-17,R11,65,0,15:15,D11,Northeast,2026-06-25T06:46:29.225Z,2026-06-25T06:46:49.688Z
C004665,P005,Lakeview Terrace,2025-02-07,R24,43,2,16:13,D20,Midwest,2026-06-25T06:46:29.225Z,2026-06-25T06:46:49.688Z
C004668,P007,Willow Creek,2025-01-21,R13,104,0,15:07,D01,Northeast,2026-06-25T06:46:29.225Z,2026-06-25T06:46:49.688Z
C004674,P008,Harbor Pointe,2025-02-05,R17,136,0,16:04,D09,Midwest,2026-06-25T06:46:29.225Z,2026-06-25T06:46:49.688Z
C004745,P006,Cedar Park,2025-06-23,R23,132,1,16:53,D01,Midwest,2026-06-25T06:46:29.225Z,2026-06-25T06:46:49.688Z
C004810,P003,Green Oaks,2025-05-29,R13,49,0,17:15,D13,Midwest,2026-06-25T06:46:29.225Z,2026-06-25T06:46:49.688Z
C004812,P002,Maple Court,2025-01-12,R18,116,0,20:30,D06,Southeast,2026-06-25T06:46:29.225Z,2026-06-25T06:46:49.688Z
C004833,P008,Harbor Pointe,2025-05-21,R17,47,0,17:50,D16,Northeast,2026-06-25T06:46:29.225Z,2026-06-25T06:46:49.688Z
C004865,P006,Cedar Park,2025-03-17,R17,122,3,18:10,D03,Northeast,2026-06-25T06:46:29.225Z,2026-06-25T06:46:49.688Z
C004898,P004,Birchwood Commons,2025-03-24,R15,60,0,18:41,D08,West,2026-06-25T06:46:29.225Z,2026-06-25T06:46:49.688Z
C004905,P005,Lakeview Terrace,2025-06-20,R10,96,0,14:03,D18,Northeast,2026-06-25T06:46:29.225Z,2026-06-25T06:46:49.688Z
C004913,P002,Maple Court,2025-03-15,R17,50,0,20:03,D08,Midwest,2026-06-25T06:46:29.225Z,2026-06-25T06:46:49.688Z
C004946,P005,Lakeview Terrace,2025-04-18,R10,112,0,17:26,D08,West,2026-06-25T06:46:29.225Z,2026-06-25T06:46:49.688Z
C004954,P003,Green Oaks,2025-05-27,R12,137,2,19:52,D19,Southeast,2026-06-25T06:46:29.225Z,2026-06-25T06:46:49.688Z
C004968,P007,Willow Creek,2025-04-09,R20,132,0,18:30,D06,Southeast,2026-06-25T06:46:29.225Z,2026-06-25T06:46:49.688Z
C004985,P006,Cedar Park,2025-02-23,R24,136,0,17:24,D01,Southeast,2026-06-25T06:46:29.225Z,2026-06-25T06:46:49.688Z
C004009,P002,Maple Court,2025-06-25,R21,116,1,16:36,D13,Midwest,2026-06-25T06:46:29.225Z,2026-06-25T06:46:49.688Z
C004070,P002,Maple Court,2025-01-27,R13,109,0,14:31,D18,Midwest,2026-06-25T06:46:29.225Z,2026-06-25T06:46:49.688Z
C004088,P004,Birchwood Commons,2025-03-16,R19,141,2,21:57,D15,Southeast,2026-06-25T06:46:29.225Z,2026-06-25T06:46:49.688Z
C004089,P007,Willow Creek,2025-03-17,R17,111,0,22:54,D03,Northeast,2026-06-25T06:46:29.225Z,2026-06-25T06:46:49.688Z
C004094,P007,Willow Creek,2025-01-03,R24,60,0,17:43,D20,Northeast,2026-06-25T06:46:29.225Z,2026-06-25T06:46:49.688Z
C004108,P003,Green Oaks,2025-01-18,R11,78,0,19:31,D10,Northeast,2026-06-25T06:46:29.225Z,2026-06-25T06:46:49.688Z
C004123,P001,Sunset Ridge,2025-05-27,R18,59,0,15:42,D07,Midwest,2026-06-25T06:46:29.225Z,2026-06-25T06:46:49.688Z
C004163,P005,Lakeview Terrace,2025-01-18,R23,154,0,14:15,D09,Northeast,2026-06-25T06:46:29.225Z,2026-06-25T06:46:49.688Z
C004192,P003,Green Oaks,2025-03-11,R20,128,0,20:31,D10,West,2026-06-25T06:46:29.225Z,2026-06-25T06:46:49.688Z
C004201,P006,Cedar Park,2025-03-27,R12,122,0,16:17,D15,West,2026-06-25T06:46:29.225Z,2026-06-25T06:46:49.688Z
C004212,P006,Cedar Park,2025-03-17,R14,78,0,16:06,D12,West,2026-06-25T06:46:29.225Z,2026-06-25T06:46:49.688Z
C004241,P005,Lakeview Terrace,2025-04-24,R15,45,0,20:32,D11,Midwest,2026-06-25T06:46:29.225Z,2026-06-25T06:46:49.688Z
C004277,P001,Sunset Ridge,2025-01-08,R19,127,1,19:53,D17,Southeast,2026-06-25T06:46:29.225Z,2026-06-25T06:46:49.688Z
C004301,P001,Sunset Ridge,2025-06-17,R22,127,0,20:09,D10,Midwest,2026-06-25T06:46:29.225Z,2026-06-25T06:46:49.688Z
C004302,P008,Harbor Pointe,2025-04-15,R18,138,0,20:51,D07,Northeast,2026-06-25T06:46:29.225Z,2026-06-25T06:46:49.688Z
C004303,P008,Harbor Pointe,2025-04-03,R14,139,0,19:55,D05,West,2026-06-25T06:46:29.225Z,2026-06-25T06:46:49.688Z
C004308,P003,Green Oaks,2025-05-11,R10,73,3,21:25,D16,West,2026-06-25T06:46:29.225Z,2026-06-25T06:46:49.688Z
C004331,P001,Sunset Ridge,2025-06-18,R24,74,3,22:22,D08,Southeast,2026-06-25T06:46:29.225Z,2026-06-25T06:46:49.688Z
C004336,P002,Maple Court,2025-06-10,R11,128,2,20:46,D11,Northeast,2026-06-25T06:46:29.225Z,2026-06-25T06:46:49.688Z
C004347,P007,Willow Creek,2025-01-23,R11,142,0,20:49,D09,West,2026-06-25T06:46:29.225Z,2026-06-25T06:46:49.688Z
C004379,P006,Cedar Park,2025-04-25,R14,130,2,21:33,D19,Midwest,2026-06-25T06:46:29.225Z,2026-06-25T06:46:49.688Z
C004383,P003,Green Oaks,2025-02-25,R13,102,0,21:16,D12,Northeast,2026-06-25T06:46:29.225Z,2026-06-25T06:46:49.688Z
C004399,P004,Birchwood Commons,2025-06-10,R11,111,0,19:00,D01,Northeast,2026-06-25T06:46:29.225Z,2026-06-25T06:46:49.688Z
C004400,P003,Green Oaks,2025-02-02,R21,44,0,20:59,D17,Midwest,2026-06-25T06:46:29.225Z,2026-06-25T06:46:49.688Z
C004424,P004,Birchwood Commons,2025-04-05,R14,53,2,21:58,D02,Southeast,2026-06-25T06:46:29.225Z,2026-06-25T06:46:49.688Z
C004456,P004,Birchwood Commons,2025-02-24,R12,99,3,14:23,D14,Southeast,2026-06-25T06:46:29.225Z,2026-06-25T06:46:49.688Z
C004476,P007,Willow Creek,2025-03-26,R17,160,0,16:57,D02,Midwest,2026-06-25T06:46:29.225Z,2026-06-25T06:46:49.688Z
C004522,P005,Lakeview Terrace,2025-05-21,R17,104,3,15:07,D06,Midwest,2026-06-25T06:46:29.225Z,2026-06-25T06:46:49.688Z
C004530,P006,Cedar Park,2025-04-08,R17,122,0,19:26,D06,Northeast,2026-06-25T06:46:29.225Z,2026-06-25T06:46:49.688Z
C004532,P006,Cedar Park,2025-05-14,R10,91,0,18:14,D19,Northeast,2026-06-25T06:46:29.225Z,2026-06-25T06:46:49.688Z
C004549,P004,Birchwood Commons,2025-02-01,R16,90,0,19:46,D01,Midwest,2026-06-25T06:46:29.225Z,2026-06-25T06:46:49.688Z
C004573,P002,Maple Court,2025-06-29,R22,110,0,16:50,D17,Midwest,2026-06-25T06:46:29.225Z,2026-06-25T06:46:49.688Z
C004592,P004,Birchwood Commons,2025-01-19,R13,53,0,14:34,D17,West,2026-06-25T06:46:29.225Z,2026-06-25T06:46:49.688Z
C004598,P004,Birchwood Commons,2025-05-17,R12,137,0,15:18,D19,West,2026-06-25T06:46:29.225Z,2026-06-25T06:46:49.688Z
C004611,P001,Sunset Ridge,2025-01-30,R17,114,0,20:49,D10,Southeast,2026-06-25T06:46:29.225Z,2026-06-25T06:46:49.688Z
C004634,P005,Lakeview Terrace,2025-01-15,R13,155,0,21:17,D07,Midwest,2026-06-25T06:46:29.225Z,2026-06-25T06:46:49.688Z
C004636,P003,Green Oaks,2025-03-22,R13,55,0,15:52,D11,Northeast,2026-06-25T06:46:29.225Z,2026-06-25T06:46:49.688Z
C004644,P003,Green Oaks,2025-03-23,R16,107,0,16:46,D20,Northeast,2026-06-25T06:46:29.225Z,2026-06-25T06:46:49.688Z
C004662,P005,Lakeview Terrace,2025-03-09,R19,129,0,19:45,D20,Northeast,2026-06-25T06:46:29.225Z,2026-06-25T06:46:49.688Z
C004675,P007,Willow Creek,2025-06-10,R24,112,0,20:50,D11,Midwest,2026-06-25T06:46:29.225Z,2026-06-25T06:46:49.688Z
C004679,P004,Birchwood Commons,2025-02-03,R24,75,0,15:47,D10,Northeast,2026-06-25T06:46:29.225Z,2026-06-25T06:46:49.688Z
C004683,P006,Cedar Park,2025-03-30,R19,92,0,14:08,D08,Midwest,2026-06-25T06:46:29.225Z,2026-06-25T06:46:49.688Z
C004707,P001,Sunset Ridge,2025-04-15,R21,66,0,14:12,D09,Southeast,2026-06-25T06:46:29.225Z,2026-06-25T06:46:49.688Z
C004746,P008,Harbor Pointe,2025-05-19,R12,52,3,16:07,D12,Southeast,2026-06-25T06:46:29.225Z,2026-06-25T06:46:49.688Z
C004749,P004,Birchwood Commons,2025-02-25,R19,67,0,19:02,D17,Midwest,2026-06-25T06:46:29.225Z,2026-06-25T06:46:49.688Z
C004766,P002,Maple Court,2025-04-29,R14,142,0,16:05,D03,West,2026-06-25T06:46:29.225Z,2026-06-25T06:46:49.688Z
C004771,P008,Harbor Pointe,2025-06-11,R16,131,0,22:15,D11,Midwest,2026-06-25T06:46:29.225Z,2026-06-25T06:46:49.688Z
C004773,P004,Birchwood Commons,2025-01-15,R13,109,0,19:13,D02,Southeast,2026-06-25T06:46:29.225Z,2026-06-25T06:46:49.688Z
C004852,P008,Harbor Pointe,2025-03-02,R12,98,0,16:39,D20,Midwest,2026-06-25T06:46:29.225Z,2026-06-25T06:46:49.688Z
C004868,P005,Lakeview Terrace,2025-03-06,R12,115,0,22:28,D06,Northeast,2026-06-25T06:46:29.225Z,2026-06-25T06:46:49.688Z
C004891,P002,Maple Court,2025-06-04,R15,40,0,18:52,D08,Southeast,2026-06-25T06:46:29.225Z,2026-06-25T06:46:49.688Z
C004897,P006,Cedar Park,2025-02-03,R19,77,2,14:32,D12,Midwest,2026-06-25T06:46:29.225Z,2026-06-25T06:46:49.688Z
C004922,P004,Birchwood Commons,2025-02-19,R20,152,0,15:13,D12,Southeast,2026-06-25T06:46:29.225Z,2026-06-25T06:46:49.688Z
C004926,P007,Willow Creek,2025-04-22,R14,111,0,17:47,D09,Midwest,2026-06-25T06:46:29.225Z,2026-06-25T06:46:49.688Z
C004934,P003,Green Oaks,2025-04-05,R24,152,0,22:24,D16,Northeast,2026-06-25T06:46:29.225Z,2026-06-25T06:46:49.688Z
C004943,P007,Willow Creek,2025-02-02,R17,127,1,22:21,D03,Northeast,2026-06-25T06:46:29.225Z,2026-06-25T06:46:49.688Z
C004955,P004,Birchwood Commons,2025-04-19,R10,160,0,15:08,D16,Northeast,2026-06-25T06:46:29.225Z,2026-06-25T06:46:49.688Z
C004969,P007,Willow Creek,2025-06-16,R23,81,0,22:17,D11,Southeast,2026-06-25T06:46:29.225Z,2026-06-25T06:46:49.688Z
C004996,P001,Sunset Ridge,2025-03-03,R22,85,1,22:32,D14,Southeast,2026-06-25T06:46:29.225Z,2026-06-25T06:46:49.688Z
C004003,P007,Willow Creek,2025-03-09,R10,43,0,22:11,D08,West,2026-06-25T06:46:29.225Z,2026-06-25T06:46:49.688Z
C004004,P003,Green Oaks,2025-05-25,R16,153,0,14:11,D06,Midwest,2026-06-25T06:46:29.225Z,2026-06-25T06:46:49.688Z
C004005,P006,Cedar Park,2025-01-16,R15,126,0,14:25,D04,West,2026-06-25T06:46:29.225Z,2026-06-25T06:46:49.688Z
C004045,P006,Cedar Park,2025-05-12,R18,91,0,16:18,D02,Northeast,2026-06-25T06:46:29.225Z,2026-06-25T06:46:49.688Z
C004079,P007,Willow Creek,2025-04-21,R14,56,2,21:59,D16,West,2026-06-25T06:46:29.225Z,2026-06-25T06:46:49.688Z
C004082,P002,Maple Court,2025-03-10,R21,40,0,20:11,D18,Midwest,2026-06-25T06:46:29.225Z,2026-06-25T06:46:49.688Z
C004083,P006,Cedar Park,2025-02-26,R23,151,0,19:30,D08,Northeast,2026-06-25T06:46:29.225Z,2026-06-25T06:46:49.688Z
C004136,P001,Sunset Ridge,2025-06-26,R17,53,0,19:33,D01,Southeast,2026-06-25T06:46:29.225Z,2026-06-25T06:46:49.688Z
C004150,P005,Lakeview Terrace,2025-01-29,R14,142,1,15:23,D15,Midwest,2026-06-25T06:46:29.225Z,2026-06-25T06:46:49.688Z
C004170,P006,Cedar Park,2025-05-30,R20,55,0,20:45,D07,Midwest,2026-06-25T06:46:29.225Z,2026-06-25T06:46:49.688Z
C004185,P001,Sunset Ridge,2025-01-25,R18,60,0,16:25,D16,Southeast,2026-06-25T06:46:29.225Z,2026-06-25T06:46:49.688Z
C004197,P003,Green Oaks,2025-03-20,R22,59,0,14:11,D14,Midwest,2026-06-25T06:46:29.225Z,2026-06-25T06:46:49.688Z
C004203,P006,Cedar Park,2025-01-16,R23,147,1,17:25,D14,Midwest,2026-06-25T06:46:29.225Z,2026-06-25T06:46:49.688Z
C004244,P007,Willow Creek,2025-03-01,R19,82,0,16:07,D06,Southeast,2026-06-25T06:46:29.225Z,2026-06-25T06:46:49.688Z
C004260,P004,Birchwood Commons,2025-06-06,R21,60,2,22:58,D12,Southeast,2026-06-25T06:46:29.225Z,2026-06-25T06:46:49.688Z
C004265,P005,Lakeview Terrace,2025-02-09,R18,40,1,20:25,D04,Southeast,2026-06-25T06:46:29.225Z,2026-06-25T06:46:49.688Z
C004275,P007,Willow Creek,2025-03-06,R23,45,0,22:44,D03,West,2026-06-25T06:46:29.225Z,2026-06-25T06:46:49.688Z
C004280,P002,Maple Court,2025-06-05,R14,58,3,14:18,D20,Northeast,2026-06-25T06:46:29.225Z,2026-06-25T06:46:49.688Z
C004306,P008,Harbor Pointe,2025-03-25,R18,126,0,22:48,D06,Southeast,2026-06-25T06:46:29.225Z,2026-06-25T06:46:49.688Z
C004309,P001,Sunset Ridge,2025-04-08,R18,56,2,22:34,D16,Northeast,2026-06-25T06:46:29.225Z,2026-06-25T06:46:49.688Z
C004324,P007,Willow Creek,2025-05-15,R18,99,0,18:29,D16,West,2026-06-25T06:46:29.225Z,2026-06-25T06:46:49.688Z
C004353,P006,Cedar Park,2025-06-20,R15,157,1,21:39,D07,Midwest,2026-06-25T06:46:29.225Z,2026-06-25T06:46:49.688Z
C004359,P001,Sunset Ridge,2025-03-11,R12,88,2,17:09,D16,West,2026-06-25T06:46:29.225Z,2026-06-25T06:46:49.688Z
C004368,P007,Willow Creek,2025-03-05,R14,134,0,22:02,D09,Southeast,2026-06-25T06:46:29.225Z,2026-06-25T06:46:49.688Z
C004369,P004,Birchwood Commons,2025-05-02,R10,142,0,18:05,D12,Southeast,2026-06-25T06:46:29.225Z,2026-06-25T06:46:49.688Z
C004405,P003,Green Oaks,2025-04-06,R17,58,2,17:48,D17,Midwest,2026-06-25T06:46:29.225Z,2026-06-25T06:46:49.688Z
C004431,P007,Willow Creek,2025-05-30,R18,89,0,14:49,D20,Midwest,2026-06-25T06:46:29.225Z,2026-06-25T06:46:49.688Z
C004438,P008,Harbor Pointe,2025-05-16,R18,52,0,20:49,D15,West,2026-06-25T06:46:29.225Z,2026-06-25T06:46:49.688Z
C004474,P001,Sunset Ridge,2025-04-16,R12,68,0,17:25,D03,West,2026-06-25T06:46:29.225Z,2026-06-25T06:46:49.688Z
C004498,P005,Lakeview Terrace,2025-04-09,R24,151,0,19:52,D05,Northeast,2026-06-25T06:46:29.225Z,2026-06-25T06:46:49.688Z
C004510,P002,Maple Court,2025-01-10,R13,87,0,20:15,D19,West,2026-06-25T06:46:29.225Z,2026-06-25T06:46:49.688Z
C004523,P004,Birchwood Commons,2025-04-14,R14,135,0,19:07,D15,Midwest,2026-06-25T06:46:29.225Z,2026-06-25T06:46:49.688Z
C004535,P001,Sunset Ridge,2025-01-30,R11,148,2,22:51,D03,West,2026-06-25T06:46:29.225Z,2026-06-25T06:46:49.688Z
C004560,P001,Sunset Ridge,2025-02-08,R24,52,1,15:12,D02,Northeast,2026-06-25T06:46:29.225Z,2026-06-25T06:46:49.688Z
C004594,P001,Sunset Ridge,2025-06-22,R13,144,1,22:06,D17,Southeast,2026-06-25T06:46:29.225Z,2026-06-25T06:46:49.688Z
C004605,P007,Willow Creek,2025-06-18,R22,139,0,15:45,D17,West,2026-06-25T06:46:29.225Z,2026-06-25T06:46:49.688Z
C004610,P002,Maple Court,2025-05-11,R20,134,1,21:53,D08,Northeast,2026-06-25T06:46:29.225Z,2026-06-25T06:46:49.688Z
C004614,P005,Lakeview Terrace,2025-01-09,R23,79,0,17:49,D08,Midwest,2026-06-25T06:46:29.225Z,2026-06-25T06:46:49.688Z
C004619,P003,Green Oaks,2025-04-27,R20,131,0,16:51,D04,Southeast,2026-06-25T06:46:29.225Z,2026-06-25T06:46:49.688Z
C004629,P001,Sunset Ridge,2025-02-24,R14,142,0,17:32,D04,West,2026-06-25T06:46:29.225Z,2026-06-25T06:46:49.688Z
C004650,P008,Harbor Pointe,2025-04-02,R17,102,0,21:16,D10,Northeast,2026-06-25T06:46:29.225Z,2026-06-25T06:46:49.688Z
C004667,P005,Lakeview Terrace,2025-01-08,R10,75,1,20:21,D12,Southeast,2026-06-25T06:46:29.225Z,2026-06-25T06:46:49.688Z
C004694,P002,Maple Court,2025-05-27,R16,140,2,20:28,D09,Southeast,2026-06-25T06:46:29.225Z,2026-06-25T06:46:49.688Z
C004695,P007,Willow Creek,2025-04-24,R19,105,0,19:34,D11,West,2026-06-25T06:46:29.225Z,2026-06-25T06:46:49.688Z
C004703,P006,Cedar Park,2025-05-08,R16,154,0,21:11,D03,Midwest,2026-06-25T06:46:29.225Z,2026-06-25T06:46:49.688Z
C004710,P007,Willow Creek,2025-05-08,R10,43,1,21:17,D13,Southeast,2026-06-25T06:46:29.225Z,2026-06-25T06:46:49.688Z
C004715,P007,Willow Creek,2025-04-06,R16,55,1,22:09,D10,West,2026-06-25T06:46:29.225Z,2026-06-25T06:46:49.688Z
C004717,P008,Harbor Pointe,2025-03-06,R12,93,0,17:45,D09,Midwest,2026-06-25T06:46:29.225Z,2026-06-25T06:46:49.688Z
C004721,P005,Lakeview Terrace,2025-01-19,R11,133,0,21:41,D13,West,2026-06-25T06:46:29.225Z,2026-06-25T06:46:49.688Z
C004731,P001,Sunset Ridge,2025-04-21,R13,60,0,15:16,D08,Southeast,2026-06-25T06:46:29.225Z,2026-06-25T06:46:49.688Z
C004755,P001,Sunset Ridge,2025-02-21,R17,101,0,15:42,D18,Midwest,2026-06-25T06:46:29.225Z,2026-06-25T06:46:49.688Z
C004782,P001,Sunset Ridge,2025-03-25,R10,140,1,17:45,D08,West,2026-06-25T06:46:29.225Z,2026-06-25T06:46:49.688Z
C004789,P003,Green Oaks,2025-06-21,R12,117,0,19:02,D03,Northeast,2026-06-25T06:46:29.225Z,2026-06-25T06:46:49.688Z
C004790,P003,Green Oaks,2025-05-26,R18,73,0,14:29,D14,Northeast,2026-06-25T06:46:29.225Z,2026-06-25T06:46:49.688Z
C004796,P007,Willow Creek,2025-05-29,R12,113,0,21:50,D06,West,2026-06-25T06:46:29.225Z,2026-06-25T06:46:49.688Z
C004797,P003,Green Oaks,2025-04-08,R13,143,0,16:20,D15,Midwest,2026-06-25T06:46:29.225Z,2026-06-25T06:46:49.688Z
C004798,P005,Lakeview Terrace,2025-05-05,R21,145,0,20:58,D18,Midwest,2026-06-25T06:46:29.225Z,2026-06-25T06:46:49.688Z
C004802,P007,Willow Creek,2025-02-13,R22,134,0,22:44,D17,West,2026-06-25T06:46:29.225Z,2026-06-25T06:46:49.688Z
C004820,P001,Sunset Ridge,2025-06-18,R23,151,3,22:59,D07,Northeast,2026-06-25T06:46:29.225Z,2026-06-25T06:46:49.688Z
C004827,P008,Harbor Pointe,2025-01-29,R22,146,1,22:26,D05,Southeast,2026-06-25T06:46:29.225Z,2026-06-25T06:46:49.688Z
C004834,P008,Harbor Pointe,2025-04-22,R10,133,0,14:35,D08,Southeast,2026-06-25T06:46:29.225Z,2026-06-25T06:46:49.688Z
C004881,P007,Willow Creek,2025-05-04,R22,150,0,22:14,D05,Southeast,2026-06-25T06:46:29.225Z,2026-06-25T06:46:49.688Z
C004932,P005,Lakeview Terrace,2025-06-09,R15,147,0,20:42,D10,Northeast,2026-06-25T06:46:29.225Z,2026-06-25T06:46:49.688Z
C004944,P007,Willow Creek,2025-06-24,R18,159,0,22:04,D12,Northeast,2026-06-25T06:46:29.225Z,2026-06-25T06:46:49.688Z
C004967,P001,Sunset Ridge,2025-04-30,R22,160,0,17:40,D13,West,2026-06-25T06:46:29.225Z,2026-06-25T06:46:49.688Z
C004977,P002,Maple Court,2025-01-02,R15,55,2,18:37,D15,West,2026-06-25T06:46:29.225Z,2026-06-25T06:46:49.688Z
C004988,P008,Harbor Pointe,2025-05-17,R12,40,0,16:01,D08,Midwest,2026-06-25T06:46:29.225Z,2026-06-25T06:46:49.688Z
C004008,P007,Willow Creek,2025-02-11,R12,133,2,15:35,D07,Midwest,2026-06-25T06:46:29.225Z,2026-06-25T06:46:49.688Z
C004090,P005,Lakeview Terrace,2025-05-30,R16,151,0,21:14,D17,West,2026-06-25T06:46:29.225Z,2026-06-25T06:46:49.688Z
C004129,P008,Harbor Pointe,2025-03-07,R22,90,2,19:03,D16,West,2026-06-25T06:46:29.225Z,2026-06-25T06:46:49.688Z
C004137,P002,Maple Court,2025-05-29,R14,123,0,14:35,D14,Midwest,2026-06-25T06:46:29.225Z,2026-06-25T06:46:49.688Z
C004141,P006,Cedar Park,2025-02-17,R24,109,0,16:43,D12,Northeast,2026-06-25T06:46:29.225Z,2026-06-25T06:46:49.688Z
C004143,P005,Lakeview Terrace,2025-01-07,R18,150,3,16:49,D08,West,2026-06-25T06:46:29.225Z,2026-06-25T06:46:49.688Z
C004157,P006,Cedar Park,2025-03-28,R20,92,1,20:01,D01,Midwest,2026-06-25T06:46:29.225Z,2026-06-25T06:46:49.688Z
C004159,P007,Willow Creek,2025-02-26,R22,115,3,21:58,D09,Midwest,2026-06-25T06:46:29.225Z,2026-06-25T06:46:49.688Z
C004161,P001,Sunset Ridge,2025-05-17,R19,81,0,21:01,D19,Midwest,2026-06-25T06:46:29.225Z,2026-06-25T06:46:49.688Z
C004182,P008,Harbor Pointe,2025-03-19,R13,133,2,22:58,D18,Northeast,2026-06-25T06:46:29.225Z,2026-06-25T06:46:49.688Z
C004195,P005,Lakeview Terrace,2025-04-12,R11,138,0,22:10,D17,Southeast,2026-06-25T06:46:29.225Z,2026-06-25T06:46:49.688Z
C004231,P001,Sunset Ridge,2025-01-25,R19,41,0,18:35,D17,West,2026-06-25T06:46:29.225Z,2026-06-25T06:46:49.688Z
C004243,P007,Willow Creek,2025-05-11,R14,90,2,16:16,D08,Northeast,2026-06-25T06:46:29.225Z,2026-06-25T06:46:49.688Z
C004253,P006,Cedar Park,2025-01-26,R15,135,1,14:49,D01,Midwest,2026-06-25T06:46:29.225Z,2026-06-25T06:46:49.688Z
C004316,P006,Cedar Park,2025-01-25,R13,69,1,17:56,D09,West,2026-06-25T06:46:29.225Z,2026-06-25T06:46:49.688Z
C004334,P001,Sunset Ridge,2025-03-08,R23,89,0,17:29,D18,Southeast,2026-06-25T06:46:29.225Z,2026-06-25T06:46:49.688Z
C004356,P006,Cedar Park,2025-05-31,R16,105,0,22:44,D18,West,2026-06-25T06:46:29.225Z,2026-06-25T06:46:49.688Z
C004358,P005,Lakeview Terrace,2025-05-03,R23,67,2,17:54,D14,Northeast,2026-06-25T06:46:29.225Z,2026-06-25T06:46:49.688Z
C004373,P007,Willow Creek,2025-06-27,R23,95,3,14:15,D07,Midwest,2026-06-25T06:46:29.225Z,2026-06-25T06:46:49.688Z
C004374,P008,Harbor Pointe,2025-05-05,R14,54,0,19:38,D05,Southeast,2026-06-25T06:46:29.225Z,2026-06-25T06:46:49.688Z
C004376,P002,Maple Court,2025-04-22,R20,151,0,19:07,D13,Northeast,2026-06-25T06:46:29.225Z,2026-06-25T06:46:49.688Z
C004410,P001,Sunset Ridge,2025-06-22,R23,130,1,18:32,D18,Northeast,2026-06-25T06:46:29.225Z,2026-06-25T06:46:49.688Z
C004417,P004,Birchwood Commons,2025-05-31,R17,116,1,21:39,D02,Southeast,2026-06-25T06:46:29.225Z,2026-06-25T06:46:49.688Z
C004426,P006,Cedar Park,2025-04-02,R24,146,0,19:59,D14,Midwest,2026-06-25T06:46:29.225Z,2026-06-25T06:46:49.688Z
C004437,P008,Harbor Pointe,2025-05-20,R18,61,0,15:35,D18,Midwest,2026-06-25T06:46:29.225Z,2026-06-25T06:46:49.688Z
C004440,P002,Maple Court,2025-03-18,R12,77,0,16:47,D13,West,2026-06-25T06:46:29.225Z,2026-06-25T06:46:49.688Z
C004462,P004,Birchwood Commons,2025-06-10,R24,63,0,16:45,D19,West,2026-06-25T06:46:29.225Z,2026-06-25T06:46:49.688Z
C004494,P002,Maple Court,2025-04-06,R17,134,0,17:44,D19,Midwest,2026-06-25T06:46:29.225Z,2026-06-25T06:46:49.688Z
C004499,P006,Cedar Park,2025-05-27,R17,42,0,21:54,D13,Northeast,2026-06-25T06:46:29.225Z,2026-06-25T06:46:49.688Z
C004513,P003,Green Oaks,2025-04-03,R21,54,0,21:46,D16,Northeast,2026-06-25T06:46:29.225Z,2026-06-25T06:46:49.688Z
C004525,P001,Sunset Ridge,2025-05-11,R22,71,0,18:43,D15,Northeast,2026-06-25T06:46:29.225Z,2026-06-25T06:46:49.688Z
C004542,P002,Maple Court,2025-05-06,R22,96,1,17:42,D10,Midwest,2026-06-25T06:46:29.225Z,2026-06-25T06:46:49.688Z
C004543,P001,Sunset Ridge,2025-03-12,R24,142,0,19:53,D09,West,2026-06-25T06:46:29.225Z,2026-06-25T06:46:49.688Z
C004555,P003,Green Oaks,2025-05-29,R16,81,0,16:00,D04,Midwest,2026-06-25T06:46:29.225Z,2026-06-25T06:46:49.688Z
C004562,P005,Lakeview Terrace,2025-03-16,R24,131,0,14:46,D05,Midwest,2026-06-25T06:46:29.225Z,2026-06-25T06:46:49.688Z
C004576,P006,Cedar Park,2025-01-21,R19,70,0,15:52,D03,West,2026-06-25T06:46:29.225Z,2026-06-25T06:46:49.688Z
C004579,P005,Lakeview Terrace,2025-05-03,R19,76,0,20:12,D12,West,2026-06-25T06:46:29.225Z,2026-06-25T06:46:49.688Z
C004584,P006,Cedar Park,2025-02-23,R11,157,0,15:01,D20,West,2026-06-25T06:46:29.225Z,2026-06-25T06:46:49.688Z
C004603,P008,Harbor Pointe,2025-03-27,R19,78,3,16:03,D16,Midwest,2026-06-25T06:46:29.225Z,2026-06-25T06:46:49.688Z
C004607,P008,Harbor Pointe,2025-01-17,R17,124,0,15:08,D07,Southeast,2026-06-25T06:46:29.225Z,2026-06-25T06:46:49.688Z
C004635,P008,Harbor Pointe,2025-04-01,R14,43,2,19:13,D13,Midwest,2026-06-25T06:46:29.225Z,2026-06-25T06:46:49.688Z
C004638,P002,Maple Court,2025-04-08,R13,134,0,20:41,D19,Midwest,2026-06-25T06:46:29.225Z,2026-06-25T06:46:49.688Z
C004646,P006,Cedar Park,2025-02-04,R19,69,0,19:32,D02,Midwest,2026-06-25T06:46:29.225Z,2026-06-25T06:46:49.688Z
C004697,P008,Harbor Pointe,2025-03-16,R19,70,2,21:34,D20,Northeast,2026-06-25T06:46:29.225Z,2026-06-25T06:46:49.688Z
C004709,P005,Lakeview Terrace,2025-04-22,R19,153,1,21:55,D15,Southeast,2026-06-25T06:46:29.225Z,2026-06-25T06:46:49.688Z
C004737,P002,Maple Court,2025-06-16,R20,70,0,19:22,D13,West,2026-06-25T06:46:29.225Z,2026-06-25T06:46:49.688Z
C004774,P001,Sunset Ridge,2025-01-12,R20,94,0,17:40,D05,Northeast,2026-06-25T06:46:29.225Z,2026-06-25T06:46:49.688Z
C004776,P007,Willow Creek,2025-04-14,R11,101,0,16:35,D10,West,2026-06-25T06:46:29.225Z,2026-06-25T06:46:49.688Z
C004784,P003,Green Oaks,2025-01-03,R24,56,0,19:05,D09,Northeast,2026-06-25T06:46:29.225Z,2026-06-25T06:46:49.688Z
C004792,P001,Sunset Ridge,2025-04-14,R10,96,0,22:09,D10,Northeast,2026-06-25T06:46:29.225Z,2026-06-25T06:46:49.688Z
C004795,P006,Cedar Park,2025-05-10,R24,133,0,14:33,D11,Northeast,2026-06-25T06:46:29.225Z,2026-06-25T06:46:49.688Z
C004800,P007,Willow Creek,2025-06-13,R16,90,0,15:02,D12,Southeast,2026-06-25T06:46:29.225Z,2026-06-25T06:46:49.688Z
C004840,P001,Sunset Ridge,2025-01-19,R15,43,2,16:19,D02,West,2026-06-25T06:46:29.225Z,2026-06-25T06:46:49.688Z
C004841,P008,Harbor Pointe,2025-03-22,R20,131,0,18:54,D16,Southeast,2026-06-25T06:46:29.225Z,2026-06-25T06:46:49.688Z
C004870,P002,Maple Court,2025-06-15,R15,70,0,14:03,D15,Northeast,2026-06-25T06:46:29.225Z,2026-06-25T06:46:49.688Z
C004901,P003,Green Oaks,2025-03-26,R15,160,0,22:53,D10,West,2026-06-25T06:46:29.225Z,2026-06-25T06:46:49.688Z
C004935,P001,Sunset Ridge,2025-03-26,R22,48,0,22:37,D16,West,2026-06-25T06:46:29.225Z,2026-06-25T06:46:49.688Z
C004936,P001,Sunset Ridge,2025-06-03,R11,154,0,18:24,D15,Southeast,2026-06-25T06:46:29.225Z,2026-06-25T06:46:49.688Z
C004950,P003,Green Oaks,2025-06-05,R11,58,0,20:57,D19,West,2026-06-25T06:46:29.225Z,2026-06-25T06:46:49.688Z
C004975,P007,Willow Creek,2025-06-29,R15,59,2,18:54,D20,Northeast,2026-06-25T06:46:29.225Z,2026-06-25T06:46:49.688Z
C004980,P005,Lakeview Terrace,2025-05-26,R21,158,0,14:56,D05,Northeast,2026-06-25T06:46:29.225Z,2026-06-25T06:46:49.688Z
C004982,P007,Willow Creek,2025-05-03,R23,90,1,15:46,D08,West,2026-06-25T06:46:29.225Z,2026-06-25T06:46:49.688Z
C004997,P006,Cedar Park,2025-01-15,R13,52,1,16:37,D06,West,2026-06-25T06:46:29.225Z,2026-06-25T06:46:49.688Z
C000006,P005,Lakeview Terrace,2025-04-07,R23,120,0,19:36,D07,Southeast,2026-06-25T06:46:29.225Z,2026-06-25T06:46:49.688Z
C000016,P005,Lakeview Terrace,2025-06-14,R16,60,0,21:00,D09,Midwest,2026-06-25T06:46:29.225Z,2026-06-25T06:46:49.688Z
C000027,P002,Maple Court,2025-04-14,R13,64,1,17:34,D15,Midwest,2026-06-25T06:46:29.225Z,2026-06-25T06:46:49.688Z
C000044,P003,Green Oaks,2025-04-05,R16,56,0,14:19,D12,Southeast,2026-06-25T06:46:29.225Z,2026-06-25T06:46:49.688Z
C000085,P004,Birchwood Commons,2025-05-23,R11,70,0,20:31,D18,Midwest,2026-06-25T06:46:29.225Z,2026-06-25T06:46:49.688Z
C000091,P006,Cedar Park,2025-02-19,R12,78,0,14:45,D18,Midwest,2026-06-25T06:46:29.225Z,2026-06-25T06:46:49.688Z
C000107,P005,Lakeview Terrace,2025-04-16,R20,160,0,20:52,D18,Southeast,2026-06-25T06:46:29.225Z,2026-06-25T06:46:49.688Z
C000111,P001,Sunset Ridge,2025-06-28,R20,117,0,17:45,D06,Northeast,2026-06-25T06:46:29.225Z,2026-06-25T06:46:49.688Z
C000117,P007,Willow Creek,2025-03-27,R17,159,0,19:55,D07,Midwest,2026-06-25T06:46:29.225Z,2026-06-25T06:46:49.688Z
C000121,P002,Maple Court,2025-06-17,R17,140,3,18:21,D20,West,2026-06-25T06:46:29.225Z,2026-06-25T06:46:49.688Z
C000137,P001,Sunset Ridge,2025-01-24,R14,108,1,15:29,D12,Northeast,2026-06-25T06:46:29.225Z,2026-06-25T06:46:49.688Z
C000172,P003,Green Oaks,2025-01-06,R22,119,3,21:53,D12,Southeast,2026-06-25T06:46:29.225Z,2026-06-25T06:46:49.688Z
C000194,P003,Green Oaks,2025-02-11,R23,72,1,14:41,D16,Northeast,2026-06-25T06:46:29.225Z,2026-06-25T06:46:49.688Z
C000230,P003,Green Oaks,2025-05-09,R12,124,0,19:53,D19,Southeast,2026-06-25T06:46:29.225Z,2026-06-25T06:46:49.688Z
C000243,P007,Willow Creek,2025-02-06,R18,45,0,14:02,D05,Northeast,2026-06-25T06:46:29.225Z,2026-06-25T06:46:49.688Z
C000258,P003,Green Oaks,2025-05-01,R10,110,0,16:26,D16,West,2026-06-25T06:46:29.225Z,2026-06-25T06:46:49.688Z
C000269,P005,Lakeview Terrace,2025-06-26,R15,118,0,17:14,D05,West,2026-06-25T06:46:29.225Z,2026-06-25T06:46:49.688Z
C000279,P004,Birchwood Commons,2025-05-16,R23,40,0,14:19,D15,West,2026-06-25T06:46:29.225Z,2026-06-25T06:46:49.688Z
C000303,P007,Willow Creek,2025-01-05,R22,160,0,16:06,D04,Midwest,2026-06-25T06:46:29.225Z,2026-06-25T06:46:49.688Z
C000312,P002,Maple Court,2025-01-26,R15,117,0,20:49,D11,Southeast,2026-06-25T06:46:29.225Z,2026-06-25T06:46:49.688Z
C000332,P004,Birchwood Commons,2025-03-08,R17,87,0,20:29,D19,Midwest,2026-06-25T06:46:29.225Z,2026-06-25T06:46:49.688Z
C000333,P008,Harbor Pointe,2025-03-30,R11,77,3,20:58,D03,Southeast,2026-06-25T06:46:29.225Z,2026-06-25T06:46:49.688Z
C000354,P002,Maple Court,2025-05-27,R12,136,0,20:58,D02,Northeast,2026-06-25T06:46:29.225Z,2026-06-25T06:46:49.688Z
C000373,P004,Birchwood Commons,2025-05-07,R17,121,0,15:33,D01,Northeast,2026-06-25T06:46:29.225Z,2026-06-25T06:46:49.688Z
C000375,P001,Sunset Ridge,2025-01-05,R14,67,0,14:59,D02,West,2026-06-25T06:46:29.225Z,2026-06-25T06:46:49.688Z
C000384,P001,Sunset Ridge,2025-02-28,R10,149,1,14:15,D02,West,2026-06-25T06:46:29.225Z,2026-06-25T06:46:49.688Z
C000388,P005,Lakeview Terrace,2025-04-30,R15,51,2,22:29,D01,Northeast,2026-06-25T06:46:29.225Z,2026-06-25T06:46:49.688Z
C000395,P006,Cedar Park,2025-03-16,R24,142,0,20:44,D11,Northeast,2026-06-25T06:46:29.225Z,2026-06-25T06:46:49.688Z
C000452,P006,Cedar Park,2025-01-09,R21,65,0,18:23,D15,West,2026-06-25T06:46:29.225Z,2026-06-25T06:46:49.688Z
C000457,P004,Birchwood Commons,2025-06-03,R14,117,1,18:45,D09,West,2026-06-25T06:46:29.225Z,2026-06-25T06:46:49.688Z
C000484,P001,Sunset Ridge,2025-03-26,R20,51,0,15:53,D19,West,2026-06-25T06:46:29.225Z,2026-06-25T06:46:49.688Z
C000507,P003,Green Oaks,2025-05-11,R21,114,1,16:46,D05,Southeast,2026-06-25T06:46:29.225Z,2026-06-25T06:46:49.688Z
C000508,P006,Cedar Park,2025-04-10,R18,152,0,20:26,D20,Midwest,2026-06-25T06:46:29.225Z,2026-06-25T06:46:49.688Z
C000526,P006,Cedar Park,2025-01-11,R16,157,0,15:24,D09,Northeast,2026-06-25T06:46:29.225Z,2026-06-25T06:46:49.688Z
C000531,P001,Sunset Ridge,2025-04-28,R11,49,1,14:11,D09,Southeast,2026-06-25T06:46:29.225Z,2026-06-25T06:46:49.688Z
C000544,P006,Cedar Park,2025-06-14,R12,126,0,19:56,D16,West,2026-06-25T06:46:29.225Z,2026-06-25T06:46:49.688Z
C000554,P005,Lakeview Terrace,2025-06-30,R23,134,3,18:37,D18,Midwest,2026-06-25T06:46:29.225Z,2026-06-25T06:46:49.688Z
C000565,P002,Maple Court,2025-04-27,R13,88,0,20:08,D04,Southeast,2026-06-25T06:46:29.225Z,2026-06-25T06:46:49.688Z
C000574,P008,Harbor Pointe,2025-04-16,R12,87,0,22:35,D16,Northeast,2026-06-25T06:46:29.225Z,2026-06-25T06:46:49.688Z
C000581,P004,Birchwood Commons,2025-06-22,R20,40,0,16:05,D09,West,2026-06-25T06:46:29.225Z,2026-06-25T06:46:49.688Z
C000584,P001,Sunset Ridge,2025-04-27,R14,62,2,20:32,D04,Southeast,2026-06-25T06:46:29.225Z,2026-06-25T06:46:49.688Z
C000637,P003,Green Oaks,2025-06-26,R14,155,0,14:31,D15,Northeast,2026-06-25T06:46:29.225Z,2026-06-25T06:46:49.688Z
C000643,P002,Maple Court,2025-04-15,R11,106,0,15:02,D05,Midwest,2026-06-25T06:46:29.225Z,2026-06-25T06:46:49.688Z
C000644,P008,Harbor Pointe,2025-01-09,R13,52,0,14:36,D13,West,2026-06-25T06:46:29.225Z,2026-06-25T06:46:49.688Z
C000646,P002,Maple Court,2025-02-23,R17,142,0,14:23,D18,West,2026-06-25T06:46:29.225Z,2026-06-25T06:46:49.688Z
C000650,P006,Cedar Park,2025-01-28,R20,98,1,20:56,D04,Midwest,2026-06-25T06:46:29.225Z,2026-06-25T06:46:49.688Z
C000673,P001,Sunset Ridge,2025-01-14,R11,89,0,18:42,D12,Southeast,2026-06-25T06:46:29.225Z,2026-06-25T06:46:49.688Z
C000677,P006,Cedar Park,2025-03-30,R20,78,0,17:32,D09,Southeast,2026-06-25T06:46:29.225Z,2026-06-25T06:46:49.688Z
C000679,P007,Willow Creek,2025-02-08,R20,57,0,15:46,D13,Midwest,2026-06-25T06:46:29.225Z,2026-06-25T06:46:49.688Z
C000694,P001,Sunset Ridge,2025-03-17,R21,106,0,16:29,D15,Southeast,2026-06-25T06:46:29.225Z,2026-06-25T06:46:49.688Z
C000729,P005,Lakeview Terrace,2025-02-06,R19,71,2,16:04,D10,Northeast,2026-06-25T06:46:29.225Z,2026-06-25T06:46:49.688Z
C000732,P002,Maple Court,2025-03-27,R24,136,1,21:36,D05,Southeast,2026-06-25T06:46:29.225Z,2026-06-25T06:46:49.688Z
C000737,P005,Lakeview Terrace,2025-05-23,R18,99,0,20:37,D14,Midwest,2026-06-25T06:46:29.225Z,2026-06-25T06:46:49.688Z
C000742,P003,Green Oaks,2025-01-24,R24,114,0,14:48,D05,Midwest,2026-06-25T06:46:29.225Z,2026-06-25T06:46:49.688Z
C000748,P003,Green Oaks,2025-05-20,R17,57,0,17:35,D13,Northeast,2026-06-25T06:46:29.225Z,2026-06-25T06:46:49.688Z
C000759,P005,Lakeview Terrace,2025-05-27,R22,134,0,14:18,D16,Southeast,2026-06-25T06:46:29.225Z,2026-06-25T06:46:49.688Z
C000766,P007,Willow Creek,2025-04-08,R17,73,0,16:33,D14,Southeast,2026-06-25T06:46:29.225Z,2026-06-25T06:46:49.688Z
C000767,P008,Harbor Pointe,2025-03-15,R16,126,2,19:33,D02,Southeast,2026-06-25T06:46:29.225Z,2026-06-25T06:46:49.688Z
C000769,P007,Willow Creek,2025-01-26,R17,138,0,17:46,D19,Midwest,2026-06-25T06:46:29.225Z,2026-06-25T06:46:49.688Z
C000772,P002,Maple Court,2025-02-19,R10,160,0,17:38,D04,Southeast,2026-06-25T06:46:29.225Z,2026-06-25T06:46:49.688Z
C000805,P007,Willow Creek,2025-06-01,R13,135,0,19:14,D04,Northeast,2026-06-25T06:46:29.225Z,2026-06-25T06:46:49.688Z
C000823,P004,Birchwood Commons,2025-05-29,R22,135,2,17:20,D12,Northeast,2026-06-25T06:46:29.225Z,2026-06-25T06:46:49.688Z
C000837,P003,Green Oaks,2025-04-28,R10,134,2,22:32,D11,Northeast,2026-06-25T06:46:29.225Z,2026-06-25T06:46:49.688Z
C000858,P003,Green Oaks,2025-04-16,R11,67,0,16:32,D08,Midwest,2026-06-25T06:46:29.225Z,2026-06-25T06:46:49.688Z
C000892,P008,Harbor Pointe,2025-03-10,R19,42,0,19:24,D19,West,2026-06-25T06:46:29.225Z,2026-06-25T06:46:49.688Z
C000896,P002,Maple Court,2025-06-01,R19,142,0,22:30,D14,Midwest,2026-06-25T06:46:29.225Z,2026-06-25T06:46:49.688Z
C000905,P003,Green Oaks,2025-02-21,R10,73,0,18:42,D18,Midwest,2026-06-25T06:46:29.225Z,2026-06-25T06:46:49.688Z
C000924,P004,Birchwood Commons,2025-01-06,R24,51,2,21:12,D09,Midwest,2026-06-25T06:46:29.225Z,2026-06-25T06:46:49.688Z
C000955,P007,Willow Creek,2025-01-12,R16,52,0,21:42,D19,Northeast,2026-06-25T06:46:29.225Z,2026-06-25T06:46:49.688Z
C000967,P005,Lakeview Terrace,2025-05-07,R10,102,1,20:31,D17,West,2026-06-25T06:46:29.225Z,2026-06-25T06:46:49.688Z
C000978,P008,Harbor Pointe,2025-06-30,R22,98,0,15:06,D20,Southeast,2026-06-25T06:46:29.225Z,2026-06-25T06:46:49.688Z
C000993,P006,Cedar Park,2025-03-08,R11,46,0,15:28,D10,Southeast,2026-06-25T06:46:29.225Z,2026-06-25T06:46:49.688Z
C000003,P007,Willow Creek,2025-05-24,R13,97,0,18:51,D01,Midwest,2026-06-25T06:46:29.225Z,2026-06-25T06:46:49.688Z
C000007,P005,Lakeview Terrace,2025-01-12,R11,149,0,17:55,D04,West,2026-06-25T06:46:29.225Z,2026-06-25T06:46:49.688Z
C000008,P006,Cedar Park,2025-03-13,R12,87,0,19:13,D09,Southeast,2026-06-25T06:46:29.225Z,2026-06-25T06:46:49.688Z
C000009,P004,Birchwood Commons,2025-06-05,R12,99,0,20:17,D18,Midwest,2026-06-25T06:46:29.225Z,2026-06-25T06:46:49.688Z
C000014,P007,Willow Creek,2025-02-09,R19,48,0,20:24,D20,West,2026-06-25T06:46:29.225Z,2026-06-25T06:46:49.688Z
C000022,P004,Birchwood Commons,2025-05-13,R13,48,0,19:01,D19,Midwest,2026-06-25T06:46:29.225Z,2026-06-25T06:46:49.688Z
C000023,P002,Maple Court,2025-05-31,R21,120,0,14:14,D03,Southeast,2026-06-25T06:46:29.225Z,2026-06-25T06:46:49.688Z
C000033,P003,Green Oaks,2025-01-13,R10,105,0,15:54,D06,Southeast,2026-06-25T06:46:29.225Z,2026-06-25T06:46:49.688Z
C000050,P002,Maple Court,2025-04-13,R22,75,0,19:41,D17,West,2026-06-25T06:46:29.225Z,2026-06-25T06:46:49.688Z
C000060,P001,Sunset Ridge,2025-02-20,R13,100,0,15:29,D14,Midwest,2026-06-25T06:46:29.225Z,2026-06-25T06:46:49.688Z
C000065,P008,Harbor Pointe,2025-06-13,R20,70,0,18:28,D03,Northeast,2026-06-25T06:46:29.225Z,2026-06-25T06:46:49.688Z
C000094,P002,Maple Court,2025-05-03,R16,102,0,15:36,D02,Midwest,2026-06-25T06:46:29.225Z,2026-06-25T06:46:49.688Z
C000105,P008,Harbor Pointe,2025-05-01,R24,75,0,16:37,D14,West,2026-06-25T06:46:29.225Z,2026-06-25T06:46:49.688Z
C000114,P003,Green Oaks,2025-03-04,R16,64,0,22:47,D05,Southeast,2026-06-25T06:46:29.225Z,2026-06-25T06:46:49.688Z
C000115,P007,Willow Creek,2025-03-12,R15,159,1,22:17,D01,Northeast,2026-06-25T06:46:29.225Z,2026-06-25T06:46:49.688Z
C000149,P003,Green Oaks,2025-02-14,R21,93,0,22:07,D03,West,2026-06-25T06:46:29.225Z,2026-06-25T06:46:49.688Z
C000181,P004,Birchwood Commons,2025-04-26,R15,117,2,21:32,D05,Southeast,2026-06-25T06:46:29.225Z,2026-06-25T06:46:49.688Z
C000183,P008,Harbor Pointe,2025-03-05,R18,106,1,16:23,D12,Northeast,2026-06-25T06:46:29.225Z,2026-06-25T06:46:49.688Z
C000193,P008,Harbor Pointe,2025-06-23,R17,138,2,18:49,D13,West,2026-06-25T06:46:29.225Z,2026-06-25T06:46:49.688Z
C000196,P004,Birchwood Commons,2025-04-22,R23,97,0,19:59,D01,West,2026-06-25T06:46:29.225Z,2026-06-25T06:46:49.688Z
C000198,P006,Cedar Park,2025-03-23,R22,58,2,16:02,D10,West,2026-06-25T06:46:29.225Z,2026-06-25T06:46:49.688Z
C000199,P008,Harbor Pointe,2025-06-28,R17,118,1,14:57,D03,Southeast,2026-06-25T06:46:29.225Z,2026-06-25T06:46:49.688Z
C000207,P003,Green Oaks,2025-06-11,R11,131,0,21:02,D10,Midwest,2026-06-25T06:46:29.225Z,2026-06-25T06:46:49.688Z
C000238,P002,Maple Court,2025-03-20,R16,104,0,21:15,D07,Northeast,2026-06-25T06:46:29.225Z,2026-06-25T06:46:49.688Z
C000260,P001,Sunset Ridge,2025-05-17,R24,157,1,16:26,D06,Southeast,2026-06-25T06:46:29.225Z,2026-06-25T06:46:49.688Z
C000284,P006,Cedar Park,2025-03-01,R19,116,1,19:15,D10,Midwest,2026-06-25T06:46:29.225Z,2026-06-25T06:46:49.688Z
C000290,P002,Maple Court,2025-02-22,R24,97,0,19:05,D18,Midwest,2026-06-25T06:46:29.225Z,2026-06-25T06:46:49.688Z
C000291,P001,Sunset Ridge,2025-01-14,R23,49,0,17:51,D19,Midwest,2026-06-25T06:46:29.225Z,2026-06-25T06:46:49.688Z
C000306,P007,Willow Creek,2025-01-24,R18,100,0,14:40,D01,Midwest,2026-06-25T06:46:29.225Z,2026-06-25T06:46:49.688Z
C000326,P007,Willow Creek,2025-04-07,R15,54,0,17:37,D18,Midwest,2026-06-25T06:46:29.225Z,2026-06-25T06:46:49.688Z
C000338,P007,Willow Creek,2025-06-13,R10,134,0,17:28,D19,West,2026-06-25T06:46:29.225Z,2026-06-25T06:46:49.688Z
C000350,P004,Birchwood Commons,2025-04-19,R14,151,0,14:28,D09,Northeast,2026-06-25T06:46:29.225Z,2026-06-25T06:46:49.688Z
C000356,P005,Lakeview Terrace,2025-05-06,R20,93,0,20:28,D03,Southeast,2026-06-25T06:46:29.225Z,2026-06-25T06:46:49.688Z
C000364,P002,Maple Court,2025-06-17,R10,67,0,21:04,D05,Midwest,2026-06-25T06:46:29.225Z,2026-06-25T06:46:49.688Z
C000369,P004,Birchwood Commons,2025-06-07,R11,154,0,15:08,D04,West,2026-06-25T06:46:29.225Z,2026-06-25T06:46:49.688Z
C000412,P007,Willow Creek,2025-02-26,R15,159,0,16:11,D08,Northeast,2026-06-25T06:46:29.225Z,2026-06-25T06:46:49.688Z
C000417,P003,Green Oaks,2025-05-31,R22,54,1,22:55,D12,Southeast,2026-06-25T06:46:29.225Z,2026-06-25T06:46:49.688Z
C000421,P001,Sunset Ridge,2025-02-02,R21,113,0,20:54,D19,Southeast,2026-06-25T06:46:29.225Z,2026-06-25T06:46:49.688Z
C000428,P007,Willow Creek,2025-03-29,R12,133,0,15:35,D03,Northeast,2026-06-25T06:46:29.225Z,2026-06-25T06:46:49.688Z
C000439,P001,Sunset Ridge,2025-04-12,R18,113,2,22:51,D19,Midwest,2026-06-25T06:46:29.225Z,2026-06-25T06:46:49.688Z
C000443,P001,Sunset Ridge,2025-03-12,R22,129,0,22:50,D14,Southeast,2026-06-25T06:46:29.225Z,2026-06-25T06:46:49.688Z
C000445,P008,Harbor Pointe,2025-04-16,R19,117,0,21:02,D06,Northeast,2026-06-25T06:46:29.225Z,2026-06-25T06:46:49.688Z
C000451,P001,Sunset Ridge,2025-02-04,R12,64,1,17:53,D02,Midwest,2026-06-25T06:46:29.225Z,2026-06-25T06:46:49.688Z
C000454,P006,Cedar Park,2025-05-02,R15,60,0,18:47,D03,Northeast,2026-06-25T06:46:29.225Z,2026-06-25T06:46:49.688Z
C000470,P003,Green Oaks,2025-02-06,R22,50,0,21:21,D06,Northeast,2026-06-25T06:46:29.225Z,2026-06-25T06:46:49.688Z
C000483,P005,Lakeview Terrace,2025-04-02,R12,45,1,22:31,D07,West,2026-06-25T06:46:29.225Z,2026-06-25T06:46:49.688Z
C000502,P004,Birchwood Commons,2025-01-25,R10,83,1,19:53,D10,Northeast,2026-06-25T06:46:29.225Z,2026-06-25T06:46:49.688Z
C000535,P008,Harbor Pointe,2025-03-14,R16,90,1,14:30,D06,Midwest,2026-06-25T06:46:29.225Z,2026-06-25T06:46:49.688Z
C000592,P002,Maple Court,2025-06-08,R11,157,0,15:43,D16,Southeast,2026-06-25T06:46:29.225Z,2026-06-25T06:46:49.688Z
C000594,P005,Lakeview Terrace,2025-05-06,R16,68,0,16:03,D17,West,2026-06-25T06:46:29.225Z,2026-06-25T06:46:49.688Z
C000603,P003,Green Oaks,2025-04-12,R10,67,0,18:30,D04,West,2026-06-25T06:46:29.225Z,2026-06-25T06:46:49.688Z
C000612,P002,Maple Court,2025-04-12,R11,73,0,16:05,D13,Northeast,2026-06-25T06:46:29.225Z,2026-06-25T06:46:49.688Z
C000666,P007,Willow Creek,2025-03-04,R15,127,0,15:07,D14,West,2026-06-25T06:46:29.225Z,2026-06-25T06:46:49.688Z
C000681,P004,Birchwood Commons,2025-02-22,R23,57,0,18:44,D17,Midwest,2026-06-25T06:46:29.225Z,2026-06-25T06:46:49.688Z
C000697,P008,Harbor Pointe,2025-02-01,R20,86,0,15:33,D13,Midwest,2026-06-25T06:46:29.225Z,2026-06-25T06:46:49.688Z
C000720,P008,Harbor Pointe,2025-03-11,R24,70,0,19:28,D10,Midwest,2026-06-25T06:46:29.225Z,2026-06-25T06:46:49.688Z
C000723,P006,Cedar Park,2025-05-15,R12,138,0,15:52,D17,Midwest,2026-06-25T06:46:29.225Z,2026-06-25T06:46:49.688Z
C000736,P003,Green Oaks,2025-03-14,R18,53,1,20:52,D04,Northeast,2026-06-25T06:46:29.225Z,2026-06-25T06:46:49.688Z
C000752,P001,Sunset Ridge,2025-02-17,R19,103,0,17:45,D17,Northeast,2026-06-25T06:46:29.225Z,2026-06-25T06:46:49.688Z
C000796,P001,Sunset Ridge,2025-05-05,R12,158,0,15:45,D19,Northeast,2026-06-25T06:46:29.225Z,2026-06-25T06:46:49.688Z
C000798,P003,Green Oaks,2025-04-16,R19,128,0,14:38,D06,West,2026-06-25T06:46:29.225Z,2026-06-25T06:46:49.688Z
C000838,P003,Green Oaks,2025-05-02,R22,112,2,21:21,D04,West,2026-06-25T06:46:29.225Z,2026-06-25T06:46:49.688Z
C000857,P003,Green Oaks,2025-05-17,R10,57,0,22:18,D12,West,2026-06-25T06:46:29.225Z,2026-06-25T06:46:49.688Z
C000871,P006,Cedar Park,2025-05-14,R21,76,0,22:46,D02,Southeast,2026-06-25T06:46:29.225Z,2026-06-25T06:46:49.688Z
C000894,P006,Cedar Park,2025-02-12,R16,65,0,21:40,D03,Midwest,2026-06-25T06:46:29.225Z,2026-06-25T06:46:49.688Z
C000897,P005,Lakeview Terrace,2025-03-30,R18,142,1,18:27,D18,Northeast,2026-06-25T06:46:29.225Z,2026-06-25T06:46:49.688Z
C000913,P001,Sunset Ridge,2025-06-19,R21,157,1,17:16,D18,West,2026-06-25T06:46:29.225Z,2026-06-25T06:46:49.688Z
C000935,P007,Willow Creek,2025-01-23,R12,73,0,15:20,D02,Midwest,2026-06-25T06:46:29.225Z,2026-06-25T06:46:49.688Z
C000990,P006,Cedar Park,2025-01-22,R16,132,0,16:33,D18,Northeast,2026-06-25T06:46:29.225Z,2026-06-25T06:46:49.688Z
C000994,P004,Birchwood Commons,2025-04-27,R22,135,0,22:54,D20,Midwest,2026-06-25T06:46:29.225Z,2026-06-25T06:46:49.688Z
C000038,P008,Harbor Pointe,2025-04-05,R23,109,0,18:39,D17,Southeast,2026-06-25T06:46:29.225Z,2026-06-25T06:46:49.688Z
C000099,P005,Lakeview Terrace,2025-03-16,R21,76,0,21:04,D08,Northeast,2026-06-25T06:46:29.225Z,2026-06-25T06:46:49.688Z
C000123,P002,Maple Court,2025-05-19,R13,120,0,18:14,D03,West,2026-06-25T06:46:29.225Z,2026-06-25T06:46:49.688Z
C000171,P007,Willow Creek,2025-01-20,R19,91,2,20:18,D04,West,2026-06-25T06:46:29.225Z,2026-06-25T06:46:49.688Z
C000190,P003,Green Oaks,2025-06-19,R19,88,0,16:10,D06,Midwest,2026-06-25T06:46:29.225Z,2026-06-25T06:46:49.688Z
C000201,P001,Sunset Ridge,2025-03-02,R13,93,0,21:04,D04,West,2026-06-25T06:46:29.225Z,2026-06-25T06:46:49.688Z
C000210,P007,Willow Creek,2025-02-01,R24,91,1,21:57,D13,Northeast,2026-06-25T06:46:29.225Z,2026-06-25T06:46:49.688Z
C000218,P006,Cedar Park,2025-05-16,R20,75,0,17:07,D01,Midwest,2026-06-25T06:46:29.225Z,2026-06-25T06:46:49.688Z
C000221,P008,Harbor Pointe,2025-02-14,R11,143,2,19:42,D12,Southeast,2026-06-25T06:46:29.225Z,2026-06-25T06:46:49.688Z
C000227,P001,Sunset Ridge,2025-02-03,R23,55,0,22:09,D10,Midwest,2026-06-25T06:46:29.225Z,2026-06-25T06:46:49.688Z
C000264,P003,Green Oaks,2025-06-15,R10,134,0,19:50,D10,Midwest,2026-06-25T06:46:29.225Z,2026-06-25T06:46:49.688Z
C000296,P004,Birchwood Commons,2025-03-22,R21,58,0,14:16,D18,West,2026-06-25T06:46:29.225Z,2026-06-25T06:46:49.688Z
C000305,P008,Harbor Pointe,2025-04-06,R19,71,3,17:19,D03,Southeast,2026-06-25T06:46:29.225Z,2026-06-25T06:46:49.688Z
C000320,P003,Green Oaks,2025-06-25,R14,78,0,18:31,D05,Southeast,2026-06-25T06:46:29.225Z,2026-06-25T06:46:49.688Z
C000328,P003,Green Oaks,2025-04-15,R20,78,0,17:16,D05,West,2026-06-25T06:46:29.225Z,2026-06-25T06:46:49.688Z
C000330,P002,Maple Court,2025-04-03,R11,138,1,17:42,D12,Midwest,2026-06-25T06:46:29.225Z,2026-06-25T06:46:49.688Z
C000345,P001,Sunset Ridge,2025-03-22,R23,85,1,14:31,D05,Midwest,2026-06-25T06:46:29.225Z,2026-06-25T06:46:49.688Z
C000357,P005,Lakeview Terrace,2025-04-14,R21,159,0,19:29,D16,Northeast,2026-06-25T06:46:29.225Z,2026-06-25T06:46:49.688Z
C000362,P005,Lakeview Terrace,2025-06-16,R11,123,0,19:16,D03,Northeast,2026-06-25T06:46:29.225Z,2026-06-25T06:46:49.688Z
C000383,P003,Green Oaks,2025-01-15,R15,60,0,18:49,D04,Southeast,2026-06-25T06:46:29.225Z,2026-06-25T06:46:49.688Z
C000398,P002,Maple Court,2025-03-20,R11,60,0,18:52,D20,Southeast,2026-06-25T06:46:29.225Z,2026-06-25T06:46:49.688Z
C000403,P002,Maple Court,2025-01-20,R13,155,0,21:51,D05,Southeast,2026-06-25T06:46:29.225Z,2026-06-25T06:46:49.688Z
C000411,P003,Green Oaks,2025-05-30,R11,71,3,17:17,D18,Southeast,2026-06-25T06:46:29.225Z,2026-06-25T06:46:49.688Z
C000424,P004,Birchwood Commons,2025-04-25,R13,128,0,15:22,D09,Southeast,2026-06-25T06:46:29.225Z,2026-06-25T06:46:49.688Z
C000432,P001,Sunset Ridge,2025-02-09,R16,51,0,18:52,D20,West,2026-06-25T06:46:29.225Z,2026-06-25T06:46:49.688Z
C000446,P007,Willow Creek,2025-04-14,R10,90,0,19:44,D08,Southeast,2026-06-25T06:46:29.225Z,2026-06-25T06:46:49.688Z
C000469,P003,Green Oaks,2025-01-14,R12,65,2,19:26,D19,West,2026-06-25T06:46:29.225Z,2026-06-25T06:46:49.688Z
C000528,P004,Birchwood Commons,2025-03-17,R15,105,2,15:06,D06,Southeast,2026-06-25T06:46:29.225Z,2026-06-25T06:46:49.688Z
C000537,P003,Green Oaks,2025-05-22,R11,45,2,14:36,D20,West,2026-06-25T06:46:29.225Z,2026-06-25T06:46:49.688Z
C000550,P004,Birchwood Commons,2025-04-04,R23,143,0,16:48,D17,Midwest,2026-06-25T06:46:29.225Z,2026-06-25T06:46:49.688Z
C000551,P003,Green Oaks,2025-04-25,R21,133,0,21:22,D02,Midwest,2026-06-25T06:46:29.225Z,2026-06-25T06:46:49.688Z
C000555,P006,Cedar Park,2025-04-07,R19,123,0,15:33,D09,West,2026-06-25T06:46:29.225Z,2026-06-25T06:46:49.688Z
C000556,P006,Cedar Park,2025-02-27,R23,151,0,19:31,D16,Southeast,2026-06-25T06:46:29.225Z,2026-06-25T06:46:49.688Z
C000577,P001,Sunset Ridge,2025-02-11,R22,51,0,16:30,D20,West,2026-06-25T06:46:29.225Z,2026-06-25T06:46:49.688Z
C000579,P005,Lakeview Terrace,2025-06-07,R21,116,0,14:49,D06,West,2026-06-25T06:46:29.225Z,2026-06-25T06:46:49.688Z
C000591,P004,Birchwood Commons,2025-02-21,R23,73,0,17:14,D07,Midwest,2026-06-25T06:46:29.225Z,2026-06-25T06:46:49.688Z
C000595,P001,Sunset Ridge,2025-05-03,R18,84,2,20:55,D06,West,2026-06-25T06:46:29.225Z,2026-06-25T06:46:49.688Z
C000604,P006,Cedar Park,2025-03-27,R18,111,0,18:22,D01,West,2026-06-25T06:46:29.225Z,2026-06-25T06:46:49.688Z
C000611,P002,Maple Court,2025-02-23,R11,48,0,21:35,D02,Southeast,2026-06-25T06:46:29.225Z,2026-06-25T06:46:49.688Z
C000615,P008,Harbor Pointe,2025-05-19,R12,129,2,22:11,D19,West,2026-06-25T06:46:29.225Z,2026-06-25T06:46:49.688Z
C000622,P005,Lakeview Terrace,2025-03-14,R16,64,0,15:11,D05,Northeast,2026-06-25T06:46:29.225Z,2026-06-25T06:46:49.688Z
C000628,P002,Maple Court,2025-04-08,R22,131,1,17:24,D15,Midwest,2026-06-25T06:46:29.225Z,2026-06-25T06:46:49.688Z
C000659,P001,Sunset Ridge,2025-06-02,R21,143,0,20:05,D02,Northeast,2026-06-25T06:46:29.225Z,2026-06-25T06:46:49.688Z
C000667,P006,Cedar Park,2025-04-04,R15,116,0,14:49,D10,Midwest,2026-06-25T06:46:29.225Z,2026-06-25T06:46:49.688Z
C000680,P003,Green Oaks,2025-04-17,R16,79,0,19:28,D18,Midwest,2026-06-25T06:46:29.225Z,2026-06-25T06:46:49.688Z
C000775,P002,Maple Court,2025-03-07,R14,139,0,14:24,D13,Northeast,2026-06-25T06:46:29.225Z,2026-06-25T06:46:49.688Z
C000777,P002,Maple Court,2025-02-15,R12,109,0,20:13,D20,Southeast,2026-06-25T06:46:29.225Z,2026-06-25T06:46:49.688Z
C000812,P008,Harbor Pointe,2025-02-25,R14,41,0,20:47,D08,Midwest,2026-06-25T06:46:29.225Z,2026-06-25T06:46:49.688Z
C000816,P004,Birchwood Commons,2025-06-27,R12,85,1,18:15,D03,Southeast,2026-06-25T06:46:29.225Z,2026-06-25T06:46:49.688Z
C000832,P005,Lakeview Terrace,2025-05-04,R22,148,0,14:09,D12,Northeast,2026-06-25T06:46:29.225Z,2026-06-25T06:46:49.688Z
C000841,P002,Maple Court,2025-03-13,R18,148,0,21:43,D03,West,2026-06-25T06:46:29.225Z,2026-06-25T06:46:49.688Z
C000848,P005,Lakeview Terrace,2025-01-11,R23,114,1,18:31,D18,West,2026-06-25T06:46:29.225Z,2026-06-25T06:46:49.688Z
C000862,P003,Green Oaks,2025-06-26,R13,56,0,15:27,D04,Southeast,2026-06-25T06:46:29.225Z,2026-06-25T06:46:49.688Z
C000877,P005,Lakeview Terrace,2025-05-08,R22,141,0,20:22,D16,West,2026-06-25T06:46:29.225Z,2026-06-25T06:46:49.688Z
C000881,P008,Harbor Pointe,2025-01-20,R22,99,0,17:18,D16,West,2026-06-25T06:46:29.225Z,2026-06-25T06:46:49.688Z
C000914,P006,Cedar Park,2025-03-21,R24,143,0,15:34,D08,West,2026-06-25T06:46:29.225Z,2026-06-25T06:46:49.688Z
C000920,P005,Lakeview Terrace,2025-01-01,R15,113,0,15:07,D06,Midwest,2026-06-25T06:46:29.225Z,2026-06-25T06:46:49.688Z
C000953,P002,Maple Court,2025-03-16,R24,142,0,21:19,D05,Midwest,2026-06-25T06:46:29.225Z,2026-06-25T06:46:49.688Z
C000957,P001,Sunset Ridge,2025-02-16,R11,93,1,18:20,D19,West,2026-06-25T06:46:29.225Z,2026-06-25T06:46:49.688Z
C000986,P003,Green Oaks,2025-03-22,R16,47,0,20:48,D02,Midwest,2026-06-25T06:46:29.225Z,2026-06-25T06:46:49.688Z
C000988,P005,Lakeview Terrace,2025-03-30,R24,107,0,16:44,D13,West,2026-06-25T06:46:29.225Z,2026-06-25T06:46:49.688Z
C000002,P001,Sunset Ridge,2025-06-01,R11,67,0,17:32,D20,Southeast,2026-06-25T06:46:29.225Z,2026-06-25T06:46:49.688Z
C000034,P004,Birchwood Commons,2025-06-02,R16,55,0,17:37,D20,Southeast,2026-06-25T06:46:29.225Z,2026-06-25T06:46:49.688Z
C000036,P005,Lakeview Terrace,2025-03-09,R17,80,0,15:00,D15,Southeast,2026-06-25T06:46:29.225Z,2026-06-25T06:46:49.688Z
C000080,P008,Harbor Pointe,2025-01-04,R11,95,1,19:40,D15,Midwest,2026-06-25T06:46:29.225Z,2026-06-25T06:46:49.688Z
C000118,P007,Willow Creek,2025-05-27,R10,80,0,21:45,D13,West,2026-06-25T06:46:29.225Z,2026-06-25T06:46:49.688Z
C000148,P003,Green Oaks,2025-06-19,R10,85,2,17:37,D11,Southeast,2026-06-25T06:46:29.225Z,2026-06-25T06:46:49.688Z
C000150,P002,Maple Court,2025-04-25,R17,104,1,17:39,D02,Northeast,2026-06-25T06:46:29.225Z,2026-06-25T06:46:49.688Z
C000159,P002,Maple Court,2025-06-03,R19,104,0,17:09,D16,Midwest,2026-06-25T06:46:29.225Z,2026-06-25T06:46:49.688Z
C000217,P008,Harbor Pointe,2025-06-04,R15,87,0,21:48,D03,Midwest,2026-06-25T06:46:29.225Z,2026-06-25T06:46:49.688Z
C000224,P003,Green Oaks,2025-04-30,R19,153,1,15:04,D10,West,2026-06-25T06:46:29.225Z,2026-06-25T06:46:49.688Z
C000234,P006,Cedar Park,2025-03-22,R21,150,2,19:25,D05,Northeast,2026-06-25T06:46:29.225Z,2026-06-25T06:46:49.688Z
C000251,P008,Harbor Pointe,2025-05-24,R18,88,0,19:11,D15,Northeast,2026-06-25T06:46:29.225Z,2026-06-25T06:46:49.688Z
C000253,P005,Lakeview Terrace,2025-02-27,R22,76,2,17:44,D16,Northeast,2026-06-25T06:46:29.225Z,2026-06-25T06:46:49.688Z
C000254,P005,Lakeview Terrace,2025-05-03,R14,55,0,22:24,D13,Northeast,2026-06-25T06:46:29.225Z,2026-06-25T06:46:49.688Z
C000272,P004,Birchwood Commons,2025-05-25,R19,108,0,16:10,D11,West,2026-06-25T06:46:29.225Z,2026-06-25T06:46:49.688Z
C000283,P004,Birchwood Commons,2025-04-23,R22,150,0,14:08,D17,Northeast,2026-06-25T06:46:29.225Z,2026-06-25T06:46:49.688Z
C000318,P002,Maple Court,2025-01-07,R19,116,0,19:55,D13,Southeast,2026-06-25T06:46:29.225Z,2026-06-25T06:46:49.688Z
C000325,P005,Lakeview Terrace,2025-04-12,R21,128,3,21:36,D08,Northeast,2026-06-25T06:46:29.225Z,2026-06-25T06:46:49.688Z
C000336,P003,Green Oaks,2025-03-29,R24,134,0,17:33,D06,Midwest,2026-06-25T06:46:29.225Z,2026-06-25T06:46:49.688Z
C000340,P008,Harbor Pointe,2025-04-04,R11,73,0,21:33,D11,West,2026-06-25T06:46:29.225Z,2026-06-25T06:46:49.688Z
C000353,P005,Lakeview Terrace,2025-05-26,R19,108,0,16:20,D10,Northeast,2026-06-25T06:46:29.225Z,2026-06-25T06:46:49.688Z
C000358,P002,Maple Court,2025-05-29,R21,98,0,19:54,D03,West,2026-06-25T06:46:29.225Z,2026-06-25T06:46:49.688Z
C000376,P007,Willow Creek,2025-05-10,R16,129,0,20:05,D18,Midwest,2026-06-25T06:46:29.225Z,2026-06-25T06:46:49.688Z
C000396,P002,Maple Court,2025-04-26,R13,57,0,15:09,D04,Midwest,2026-06-25T06:46:29.225Z,2026-06-25T06:46:49.688Z
C000440,P008,Harbor Pointe,2025-01-31,R12,61,2,17:51,D07,Midwest,2026-06-25T06:46:29.225Z,2026-06-25T06:46:49.688Z
C000442,P002,Maple Court,2025-03-23,R11,89,2,22:25,D18,Northeast,2026-06-25T06:46:29.225Z,2026-06-25T06:46:49.688Z
C000479,P002,Maple Court,2025-06-02,R20,147,3,14:03,D04,West,2026-06-25T06:46:29.225Z,2026-06-25T06:46:49.688Z
C000505,P002,Maple Court,2025-04-17,R22,154,0,21:29,D19,Midwest,2026-06-25T06:46:29.225Z,2026-06-25T06:46:49.688Z
C000516,P004,Birchwood Commons,2025-06-15,R18,140,0,18:44,D02,West,2026-06-25T06:46:29.225Z,2026-06-25T06:46:49.688Z
C000527,P006,Cedar Park,2025-01-07,R18,142,2,22:28,D16,Southeast,2026-06-25T06:46:29.225Z,2026-06-25T06:46:49.688Z
C000532,P005,Lakeview Terrace,2025-05-28,R16,89,1,21:40,D13,West,2026-06-25T06:46:29.225Z,2026-06-25T06:46:49.688Z
C000536,P005,Lakeview Terrace,2025-02-04,R20,58,1,18:43,D12,Southeast,2026-06-25T06:46:29.225Z,2026-06-25T06:46:49.688Z
C000568,P007,Willow Creek,2025-06-23,R15,151,0,14:44,D17,West,2026-06-25T06:46:29.225Z,2026-06-25T06:46:49.688Z
C000569,P008,Harbor Pointe,2025-02-28,R22,138,2,20:22,D19,Southeast,2026-06-25T06:46:29.225Z,2026-06-25T06:46:49.688Z
C000593,P008,Harbor Pointe,2025-05-19,R15,119,3,19:31,D19,Northeast,2026-06-25T06:46:29.225Z,2026-06-25T06:46:49.688Z
C000597,P006,Cedar Park,2025-05-29,R19,150,0,18:11,D18,Northeast,2026-06-25T06:46:29.225Z,2026-06-25T06:46:49.688Z
C000599,P006,Cedar Park,2025-06-29,R23,91,1,18:28,D06,Midwest,2026-06-25T06:46:29.225Z,2026-06-25T06:46:49.688Z
C000614,P006,Cedar Park,2025-01-08,R23,157,0,19:55,D16,West,2026-06-25T06:46:29.225Z,2026-06-25T06:46:49.688Z
C000626,P008,Harbor Pointe,2025-05-08,R21,141,3,14:21,D03,Midwest,2026-06-25T06:46:29.225Z,2026-06-25T06:46:49.688Z
C000631,P004,Birchwood Commons,2025-05-04,R15,153,0,14:55,D07,Southeast,2026-06-25T06:46:29.225Z,2026-06-25T06:46:49.688Z
C000632,P006,Cedar Park,2025-03-02,R10,61,0,18:37,D04,West,2026-06-25T06:46:29.225Z,2026-06-25T06:46:49.688Z
C000672,P001,Sunset Ridge,2025-05-30,R14,61,2,14:18,D07,Northeast,2026-06-25T06:46:29.225Z,2026-06-25T06:46:49.688Z
C000674,P007,Willow Creek,2025-01-05,R13,88,0,22:45,D04,Northeast,2026-06-25T06:46:29.225Z,2026-06-25T06:46:49.688Z
C000693,P005,Lakeview Terrace,2025-03-16,R22,145,0,18:29,D06,West,2026-06-25T06:46:29.225Z,2026-06-25T06:46:49.688Z
C000698,P001,Sunset Ridge,2025-04-07,R22,61,0,19:36,D05,Midwest,2026-06-25T06:46:29.225Z,2026-06-25T06:46:49.688Z
C000716,P006,Cedar Park,2025-02-09,R17,140,0,20:59,D02,Northeast,2026-06-25T06:46:29.225Z,2026-06-25T06:46:49.688Z
C000728,P002,Maple Court,2025-03-12,R13,109,0,19:35,D11,Northeast,2026-06-25T06:46:29.225Z,2026-06-25T06:46:49.688Z
C000733,P008,Harbor Pointe,2025-06-28,R14,127,0,21:30,D08,Midwest,2026-06-25T06:46:29.225Z,2026-06-25T06:46:49.688Z
C000744,P005,Lakeview Terrace,2025-03-18,R24,160,0,20:45,D12,Southeast,2026-06-25T06:46:29.225Z,2026-06-25T06:46:49.688Z
C000756,P006,Cedar Park,2025-06-06,R18,139,0,14:30,D15,West,2026-06-25T06:46:29.225Z,2026-06-25T06:46:49.688Z
C000783,P006,Cedar Park,2025-04-04,R11,147,0,21:48,D10,Midwest,2026-06-25T06:46:29.225Z,2026-06-25T06:46:49.688Z
C000833,P003,Green Oaks,2025-04-27,R21,108,3,18:11,D06,Midwest,2026-06-25T06:46:29.225Z,2026-06-25T06:46:49.688Z
C000834,P001,Sunset Ridge,2025-02-11,R15,113,0,16:28,D09,Northeast,2026-06-25T06:46:29.225Z,2026-06-25T06:46:49.688Z
C000846,P007,Willow Creek,2025-01-17,R11,40,2,20:40,D09,West,2026-06-25T06:46:29.225Z,2026-06-25T06:46:49.688Z
C000850,P005,Lakeview Terrace,2025-06-17,R16,62,0,21:58,D08,Southeast,2026-06-25T06:46:29.225Z,2026-06-25T06:46:49.688Z
C000852,P008,Harbor Pointe,2025-03-08,R21,144,0,15:23,D17,Southeast,2026-06-25T06:46:29.225Z,2026-06-25T06:46:49.688Z
C000876,P006,Cedar Park,2025-04-04,R13,116,3,20:07,D08,West,2026-06-25T06:46:29.225Z,2026-06-25T06:46:49.688Z
C000880,P003,Green Oaks,2025-06-23,R16,117,0,19:09,D10,Southeast,2026-06-25T06:46:29.225Z,2026-06-25T06:46:49.688Z
C000882,P006,Cedar Park,2025-05-10,R22,150,0,22:34,D01,Southeast,2026-06-25T06:46:29.225Z,2026-06-25T06:46:49.688Z
C000887,P005,Lakeview Terrace,2025-06-07,R15,47,0,14:37,D02,Midwest,2026-06-25T06:46:29.225Z,2026-06-25T06:46:49.688Z
C000893,P008,Harbor Pointe,2025-03-24,R11,128,0,17:21,D16,Northeast,2026-06-25T06:46:29.225Z,2026-06-25T06:46:49.688Z
C000919,P001,Sunset Ridge,2025-04-27,R20,122,0,16:40,D15,Midwest,2026-06-25T06:46:29.225Z,2026-06-25T06:46:49.688Z
C000931,P007,Willow Creek,2025-06-25,R21,94,0,18:04,D04,Southeast,2026-06-25T06:46:29.225Z,2026-06-25T06:46:49.688Z
C000937,P003,Green Oaks,2025-05-13,R15,134,0,21:48,D05,West,2026-06-25T06:46:29.225Z,2026-06-25T06:46:49.688Z
C000964,P008,Harbor Pointe,2025-01-23,R12,100,0,20:01,D04,Midwest,2026-06-25T06:46:29.225Z,2026-06-25T06:46:49.688Z
C000991,P005,Lakeview Terrace,2025-02-24,R18,83,0,16:01,D01,Northeast,2026-06-25T06:46:29.225Z,2026-06-25T06:46:49.688Z
C000001,P005,Lakeview Terrace,2025-06-13,R13,68,0,16:47,D04,Southeast,2026-06-25T06:46:29.225Z,2026-06-25T06:46:49.688Z
C000025,P004,Birchwood Commons,2025-05-27,R22,100,0,20:12,D04,Southeast,2026-06-25T06:46:29.225Z,2026-06-25T06:46:49.688Z
C000031,P008,Harbor Pointe,2025-03-09,R14,94,2,22:42,D16,Midwest,2026-06-25T06:46:29.225Z,2026-06-25T06:46:49.688Z
C000040,P003,Green Oaks,2025-01-30,R14,76,2,17:45,D11,Midwest,2026-06-25T06:46:29.225Z,2026-06-25T06:46:49.688Z
C000042,P005,Lakeview Terrace,2025-06-12,R10,40,0,19:49,D05,Northeast,2026-06-25T06:46:29.225Z,2026-06-25T06:46:49.688Z
C000045,P004,Birchwood Commons,2025-04-02,R20,53,0,19:49,D18,West,2026-06-25T06:46:29.225Z,2026-06-25T06:46:49.688Z
C000048,P002,Maple Court,2025-02-10,R16,151,1,14:54,D16,Midwest,2026-06-25T06:46:29.225Z,2026-06-25T06:46:49.688Z
C000056,P003,Green Oaks,2025-06-20,R19,112,2,18:25,D18,Southeast,2026-06-25T06:46:29.225Z,2026-06-25T06:46:49.688Z
C000059,P006,Cedar Park,2025-05-12,R11,144,0,17:43,D10,Midwest,2026-06-25T06:46:29.225Z,2026-06-25T06:46:49.688Z
C000067,P004,Birchwood Commons,2025-04-09,R11,93,0,20:21,D18,West,2026-06-25T06:46:29.225Z,2026-06-25T06:46:49.688Z
C000073,P007,Willow Creek,2025-04-08,R14,146,0,15:30,D01,Southeast,2026-06-25T06:46:29.225Z,2026-06-25T06:46:49.688Z
C000081,P005,Lakeview Terrace,2025-04-22,R19,143,0,22:49,D16,West,2026-06-25T06:46:29.225Z,2026-06-25T06:46:49.688Z
C000087,P005,Lakeview Terrace,2025-04-14,R20,114,0,19:30,D18,Northeast,2026-06-25T06:46:29.225Z,2026-06-25T06:46:49.688Z
C000089,P004,Birchwood Commons,2025-03-01,R15,55,0,22:48,D06,Midwest,2026-06-25T06:46:29.225Z,2026-06-25T06:46:49.688Z
C000130,P005,Lakeview Terrace,2025-05-27,R21,77,0,14:53,D13,Northeast,2026-06-25T06:46:29.225Z,2026-06-25T06:46:49.688Z
C000133,P005,Lakeview Terrace,2025-06-10,R22,96,0,14:37,D12,Midwest,2026-06-25T06:46:29.225Z,2026-06-25T06:46:49.688Z
C000154,P002,Maple Court,2025-01-26,R23,123,1,22:46,D07,West,2026-06-25T06:46:29.225Z,2026-06-25T06:46:49.688Z
C000160,P006,Cedar Park,2025-01-28,R11,137,0,18:36,D08,West,2026-06-25T06:46:29.225Z,2026-06-25T06:46:49.688Z
C000167,P008,Harbor Pointe,2025-01-29,R18,125,0,18:02,D08,West,2026-06-25T06:46:29.225Z,2026-06-25T06:46:49.688Z
C000170,P006,Cedar Park,2025-05-09,R11,90,0,14:27,D01,West,2026-06-25T06:46:29.225Z,2026-06-25T06:46:49.688Z
C000176,P003,Green Oaks,2025-03-07,R22,137,0,15:11,D16,West,2026-06-25T06:46:29.225Z,2026-06-25T06:46:49.688Z
C000178,P008,Harbor Pointe,2025-04-23,R20,78,0,18:37,D02,Northeast,2026-06-25T06:46:29.225Z,2026-06-25T06:46:49.688Z
C000180,P002,Maple Court,2025-06-15,R19,116,2,22:24,D15,Southeast,2026-06-25T06:46:29.225Z,2026-06-25T06:46:49.688Z
C000204,P001,Sunset Ridge,2025-05-15,R16,151,0,21:02,D13,Northeast,2026-06-25T06:46:29.225Z,2026-06-25T06:46:49.688Z
C000239,P008,Harbor Pointe,2025-01-13,R19,152,0,21:18,D18,Southeast,2026-06-25T06:46:29.225Z,2026-06-25T06:46:49.688Z
C000247,P008,Harbor Pointe,2025-06-26,R14,123,0,17:46,D02,West,2026-06-25T06:46:29.225Z,2026-06-25T06:46:49.688Z
C000252,P005,Lakeview Terrace,2025-05-20,R19,101,0,17:15,D09,Northeast,2026-06-25T06:46:29.225Z,2026-06-25T06:46:49.688Z
C000270,P006,Cedar Park,2025-02-09,R16,129,0,22:58,D16,Midwest,2026-06-25T06:46:29.225Z,2026-06-25T06:46:49.688Z
C000278,P003,Green Oaks,2025-04-07,R20,150,0,19:07,D06,West,2026-06-25T06:46:29.225Z,2026-06-25T06:46:49.688Z
C000295,P008,Harbor Pointe,2025-01-26,R22,147,1,19:58,D07,Northeast,2026-06-25T06:46:29.225Z,2026-06-25T06:46:49.688Z
C000302,P007,Willow Creek,2025-01-02,R10,42,0,22:46,D09,Northeast,2026-06-25T06:46:29.225Z,2026-06-25T06:46:49.688Z
C000308,P008,Harbor Pointe,2025-02-28,R14,45,0,15:43,D09,Southeast,2026-06-25T06:46:29.225Z,2026-06-25T06:46:49.688Z
C000329,P008,Harbor Pointe,2025-04-07,R19,91,0,22:32,D14,Southeast,2026-06-25T06:46:29.225Z,2026-06-25T06:46:49.688Z
C000370,P006,Cedar Park,2025-03-31,R22,57,3,17:17,D03,Midwest,2026-06-25T06:46:29.225Z,2026-06-25T06:46:49.688Z
C000382,P002,Maple Court,2025-04-20,R14,131,0,15:31,D15,Northeast,2026-06-25T06:46:29.225Z,2026-06-25T06:46:49.688Z
C000436,P005,Lakeview Terrace,2025-04-30,R19,47,0,16:48,D04,Southeast,2026-06-25T06:46:29.225Z,2026-06-25T06:46:49.688Z
C000458,P008,Harbor Pointe,2025-04-07,R14,67,2,21:19,D17,West,2026-06-25T06:46:29.225Z,2026-06-25T06:46:49.688Z
C000463,P004,Birchwood Commons,2025-05-30,R15,132,1,17:43,D18,West,2026-06-25T06:46:29.225Z,2026-06-25T06:46:49.688Z
C000475,P005,Lakeview Terrace,2025-04-09,R12,48,0,14:19,D10,West,2026-06-25T06:46:29.225Z,2026-06-25T06:46:49.688Z
C000487,P006,Cedar Park,2025-03-16,R16,134,0,15:06,D02,Southeast,2026-06-25T06:46:29.225Z,2026-06-25T06:46:49.688Z
C000489,P003,Green Oaks,2025-04-06,R11,91,1,20:29,D09,West,2026-06-25T06:46:29.225Z,2026-06-25T06:46:49.688Z
C000511,P005,Lakeview Terrace,2025-02-23,R20,84,0,16:45,D06,Northeast,2026-06-25T06:46:29.225Z,2026-06-25T06:46:49.688Z
C000512,P008,Harbor Pointe,2025-01-30,R19,113,1,20:43,D18,Northeast,2026-06-25T06:46:29.225Z,2026-06-25T06:46:49.688Z
C000517,P006,Cedar Park,2025-04-10,R18,46,0,14:47,D09,Midwest,2026-06-25T06:46:29.225Z,2026-06-25T06:46:49.688Z
C000530,P007,Willow Creek,2025-05-18,R20,144,1,15:47,D05,Southeast,2026-06-25T06:46:29.225Z,2026-06-25T06:46:49.688Z
C000542,P008,Harbor Pointe,2025-02-19,R15,118,0,18:44,D19,Midwest,2026-06-25T06:46:29.225Z,2026-06-25T06:46:49.688Z
C000573,P007,Willow Creek,2025-03-08,R19,86,2,18:43,D13,Midwest,2026-06-25T06:46:29.225Z,2026-06-25T06:46:49.688Z
C000586,P007,Willow Creek,2025-06-27,R19,101,0,17:48,D11,West,2026-06-25T06:46:29.225Z,2026-06-25T06:46:49.688Z
C000587,P001,Sunset Ridge,2025-06-24,R17,54,0,18:04,D13,Midwest,2026-06-25T06:46:29.225Z,2026-06-25T06:46:49.688Z
C000606,P008,Harbor Pointe,2025-03-25,R22,134,0,21:56,D03,West,2026-06-25T06:46:29.225Z,2026-06-25T06:46:49.688Z
C000619,P007,Willow Creek,2025-05-03,R22,77,0,17:50,D01,Northeast,2026-06-25T06:46:29.225Z,2026-06-25T06:46:49.688Z
C000623,P008,Harbor Pointe,2025-01-29,R14,129,0,21:12,D11,Southeast,2026-06-25T06:46:29.225Z,2026-06-25T06:46:49.688Z
C000635,P006,Cedar Park,2025-06-10,R20,59,0,22:50,D04,Midwest,2026-06-25T06:46:29.225Z,2026-06-25T06:46:49.688Z
C000636,P006,Cedar Park,2025-05-05,R22,154,0,21:46,D07,Southeast,2026-06-25T06:46:29.225Z,2026-06-25T06:46:49.688Z
C000639,P003,Green Oaks,2025-03-12,R11,107,2,16:28,D10,Northeast,2026-06-25T06:46:29.225Z,2026-06-25T06:46:49.688Z
C000665,P008,Harbor Pointe,2025-05-04,R16,123,0,17:35,D20,Midwest,2026-06-25T06:46:29.225Z,2026-06-25T06:46:49.688Z
C000703,P004,Birchwood Commons,2025-06-08,R10,63,0,16:03,D12,Southeast,2026-06-25T06:46:29.225Z,2026-06-25T06:46:49.688Z
C000714,P006,Cedar Park,2025-01-02,R15,90,0,14:53,D06,Midwest,2026-06-25T06:46:29.225Z,2026-06-25T06:46:49.688Z
C000724,P008,Harbor Pointe,2025-02-22,R16,131,1,22:07,D01,Northeast,2026-06-25T06:46:29.225Z,2026-06-25T06:46:49.688Z
C000746,P006,Cedar Park,2025-01-01,R11,150,1,18:55,D01,Midwest,2026-06-25T06:46:29.225Z,2026-06-25T06:46:49.688Z
C000747,P007,Willow Creek,2025-04-21,R20,80,1,20:25,D13,West,2026-06-25T06:46:29.225Z,2026-06-25T06:46:49.688Z
C000749,P003,Green Oaks,2025-04-17,R12,41,0,15:41,D01,Midwest,2026-06-25T06:46:29.225Z,2026-06-25T06:46:49.688Z
C000760,P005,Lakeview Terrace,2025-02-02,R14,56,0,18:17,D09,Southeast,2026-06-25T06:46:29.225Z,2026-06-25T06:46:49.688Z
C000764,P003,Green Oaks,2025-06-19,R13,113,0,19:03,D09,Southeast,2026-06-25T06:46:29.225Z,2026-06-25T06:46:49.688Z
C000794,P007,Willow Creek,2025-03-12,R12,129,0,19:35,D06,West,2026-06-25T06:46:29.225Z,2026-06-25T06:46:49.688Z
C000825,P002,Maple Court,2025-05-09,R17,130,0,22:43,D18,Northeast,2026-06-25T06:46:29.225Z,2026-06-25T06:46:49.688Z
C000827,P002,Maple Court,2025-02-15,R11,61,0,18:07,D05,West,2026-06-25T06:46:29.225Z,2026-06-25T06:46:49.688Z
C000831,P003,Green Oaks,2025-04-28,R24,141,0,18:10,D09,Midwest,2026-06-25T06:46:29.225Z,2026-06-25T06:46:49.688Z
C000840,P001,Sunset Ridge,2025-04-02,R19,122,0,17:37,D17,Midwest,2026-06-25T06:46:29.225Z,2026-06-25T06:46:49.688Z
C000851,P008,Harbor Pointe,2025-01-31,R11,116,1,19:37,D16,West,2026-06-25T06:46:29.225Z,2026-06-25T06:46:49.688Z
C000854,P006,Cedar Park,2025-02-11,R16,121,0,19:03,D10,Northeast,2026-06-25T06:46:29.225Z,2026-06-25T06:46:49.688Z
C000885,P007,Willow Creek,2025-04-21,R17,137,0,15:36,D16,West,2026-06-25T06:46:29.225Z,2026-06-25T06:46:49.688Z
C000912,P006,Cedar Park,2025-02-07,R23,79,0,14:41,D20,Southeast,2026-06-25T06:46:29.225Z,2026-06-25T06:46:49.688Z
C000948,P003,Green Oaks,2025-03-14,R11,78,0,21:51,D14,Northeast,2026-06-25T06:46:29.225Z,2026-06-25T06:46:49.688Z
C000966,P007,Willow Creek,2025-02-21,R10,82,0,14:06,D14,West,2026-06-25T06:46:29.225Z,2026-06-25T06:46:49.688Z
C000977,P006,Cedar Park,2025-03-08,R22,45,3,22:17,D05,Southeast,2026-06-25T06:46:29.225Z,2026-06-25T06:46:49.688Z
C000979,P002,Maple Court,2025-05-24,R12,120,0,15:55,D07,Northeast,2026-06-25T06:46:29.225Z,2026-06-25T06:46:49.688Z
C000010,P001,Sunset Ridge,2025-06-25,R13,145,0,14:51,D11,West,2026-06-25T06:46:29.225Z,2026-06-25T06:46:49.688Z
C000015,P001,Sunset Ridge,2025-05-16,R20,132,0,15:43,D18,Northeast,2026-06-25T06:46:29.225Z,2026-06-25T06:46:49.688Z
C000028,P008,Harbor Pointe,2025-04-19,R13,151,0,15:28,D18,Southeast,2026-06-25T06:46:29.225Z,2026-06-25T06:46:49.688Z
C000064,P003,Green Oaks,2025-05-21,R21,150,0,21:28,D09,Midwest,2026-06-25T06:46:29.225Z,2026-06-25T06:46:49.688Z
C000071,P001,Sunset Ridge,2025-04-30,R24,90,2,14:05,D14,Midwest,2026-06-25T06:46:29.225Z,2026-06-25T06:46:49.688Z
C000096,P008,Harbor Pointe,2025-05-14,R14,150,0,20:19,D19,Southeast,2026-06-25T06:46:29.225Z,2026-06-25T06:46:49.688Z
C000109,P008,Harbor Pointe,2025-06-18,R16,46,2,17:33,D12,West,2026-06-25T06:46:29.225Z,2026-06-25T06:46:49.688Z
C000116,P008,Harbor Pointe,2025-03-18,R23,59,1,21:34,D16,Northeast,2026-06-25T06:46:29.225Z,2026-06-25T06:46:49.688Z
C000122,P006,Cedar Park,2025-06-16,R23,126,0,22:24,D11,West,2026-06-25T06:46:29.225Z,2026-06-25T06:46:49.688Z
C000132,P004,Birchwood Commons,2025-06-05,R20,64,1,18:43,D05,Southeast,2026-06-25T06:46:29.225Z,2026-06-25T06:46:49.688Z
C000174,P004,Birchwood Commons,2025-03-21,R15,139,1,16:04,D17,Southeast,2026-06-25T06:46:29.225Z,2026-06-25T06:46:49.688Z
C000175,P006,Cedar Park,2025-05-16,R15,133,0,16:15,D04,Midwest,2026-06-25T06:46:29.225Z,2026-06-25T06:46:49.688Z
C000205,P006,Cedar Park,2025-03-06,R22,48,1,19:15,D04,Northeast,2026-06-25T06:46:29.225Z,2026-06-25T06:46:49.688Z
C000211,P008,Harbor Pointe,2025-02-17,R15,158,0,22:17,D03,West,2026-06-25T06:46:29.225Z,2026-06-25T06:46:49.688Z
C000216,P004,Birchwood Commons,2025-01-09,R22,122,0,19:23,D13,Southeast,2026-06-25T06:46:29.225Z,2026-06-25T06:46:49.688Z
C000225,P007,Willow Creek,2025-05-03,R23,113,0,15:08,D11,Southeast,2026-06-25T06:46:29.225Z,2026-06-25T06:46:49.688Z
C000229,P005,Lakeview Terrace,2025-03-06,R12,120,0,18:39,D18,Southeast,2026-06-25T06:46:29.225Z,2026-06-25T06:46:49.688Z
C000274,P008,Harbor Pointe,2025-02-03,R19,47,0,22:29,D10,Southeast,2026-06-25T06:46:29.225Z,2026-06-25T06:46:49.688Z
C000281,P007,Willow Creek,2025-01-29,R19,138,0,14:15,D07,Southeast,2026-06-25T06:46:29.225Z,2026-06-25T06:46:49.688Z
C000319,P002,Maple Court,2025-03-16,R21,155,0,22:57,D08,Midwest,2026-06-25T06:46:29.225Z,2026-06-25T06:46:49.688Z
C000321,P007,Willow Creek,2025-02-12,R14,101,0,15:23,D09,Midwest,2026-06-25T06:46:29.225Z,2026-06-25T06:46:49.688Z
C000324,P003,Green Oaks,2025-06-16,R14,81,3,17:30,D11,Midwest,2026-06-25T06:46:29.225Z,2026-06-25T06:46:49.688Z
C000349,P006,Cedar Park,2025-05-27,R18,145,0,14:48,D15,Midwest,2026-06-25T06:46:29.225Z,2026-06-25T06:46:49.688Z
C000406,P003,Green Oaks,2025-03-13,R10,118,0,17:41,D10,West,2026-06-25T06:46:29.225Z,2026-06-25T06:46:49.688Z
C000408,P004,Birchwood Commons,2025-02-21,R20,142,0,22:50,D01,West,2026-06-25T06:46:29.225Z,2026-06-25T06:46:49.688Z
C000468,P002,Maple Court,2025-05-01,R23,127,2,20:33,D10,West,2026-06-25T06:46:29.225Z,2026-06-25T06:46:49.688Z
C000481,P005,Lakeview Terrace,2025-04-18,R19,117,0,16:26,D04,Southeast,2026-06-25T06:46:29.225Z,2026-06-25T06:46:49.688Z
C000485,P002,Maple Court,2025-02-08,R21,132,2,15:57,D09,Midwest,2026-06-25T06:46:29.225Z,2026-06-25T06:46:49.688Z
C000486,P005,Lakeview Terrace,2025-04-27,R14,99,3,14:06,D06,Southeast,2026-06-25T06:46:29.225Z,2026-06-25T06:46:49.688Z
C000490,P007,Willow Creek,2025-06-26,R20,153,2,16:07,D05,Southeast,2026-06-25T06:46:29.225Z,2026-06-25T06:46:49.688Z
C000496,P008,Harbor Pointe,2025-02-12,R15,70,0,19:17,D02,Midwest,2026-06-25T06:46:29.225Z,2026-06-25T06:46:49.688Z
C000515,P001,Sunset Ridge,2025-02-22,R15,144,1,21:06,D20,Midwest,2026-06-25T06:46:29.225Z,2026-06-25T06:46:49.688Z
C000538,P002,Maple Court,2025-05-18,R14,66,0,19:13,D14,Midwest,2026-06-25T06:46:29.225Z,2026-06-25T06:46:49.688Z
C000543,P006,Cedar Park,2025-05-25,R16,61,0,14:20,D08,Midwest,2026-06-25T06:46:29.225Z,2026-06-25T06:46:49.688Z
C000578,P004,Birchwood Commons,2025-01-23,R15,50,0,14:46,D13,West,2026-06-25T06:46:29.225Z,2026-06-25T06:46:49.688Z
C000601,P003,Green Oaks,2025-02-20,R17,143,0,14:11,D14,West,2026-06-25T06:46:29.225Z,2026-06-25T06:46:49.688Z
C000609,P005,Lakeview Terrace,2025-06-04,R24,96,0,19:47,D19,West,2026-06-25T06:46:29.225Z,2026-06-25T06:46:49.688Z
C000655,P005,Lakeview Terrace,2025-05-13,R10,78,0,17:13,D11,Southeast,2026-06-25T06:46:29.225Z,2026-06-25T06:46:49.688Z
C000687,P007,Willow Creek,2025-06-16,R17,100,0,16:10,D07,Midwest,2026-06-25T06:46:29.225Z,2026-06-25T06:46:49.688Z
C000690,P001,Sunset Ridge,2025-03-05,R19,134,0,20:46,D11,West,2026-06-25T06:46:29.225Z,2026-06-25T06:46:49.688Z
C000699,P001,Sunset Ridge,2025-02-07,R16,79,0,18:46,D15,Northeast,2026-06-25T06:46:29.225Z,2026-06-25T06:46:49.688Z
C000706,P005,Lakeview Terrace,2025-01-10,R15,87,0,20:52,D03,West,2026-06-25T06:46:29.225Z,2026-06-25T06:46:49.688Z
C000717,P006,Cedar Park,2025-05-25,R18,108,1,14:13,D19,Northeast,2026-06-25T06:46:29.225Z,2026-06-25T06:46:49.688Z
C000738,P003,Green Oaks,2025-06-08,R17,89,0,15:21,D07,West,2026-06-25T06:46:29.225Z,2026-06-25T06:46:49.688Z
C000778,P002,Maple Court,2025-04-24,R10,49,1,15:36,D09,West,2026-06-25T06:46:29.225Z,2026-06-25T06:46:49.688Z
C000780,P006,Cedar Park,2025-03-10,R24,90,0,14:32,D16,West,2026-06-25T06:46:29.225Z,2026-06-25T06:46:49.688Z
C000784,P007,Willow Creek,2025-02-15,R20,64,0,18:44,D13,Southeast,2026-06-25T06:46:29.225Z,2026-06-25T06:46:49.688Z
C000788,P008,Harbor Pointe,2025-04-14,R20,151,0,22:09,D19,Midwest,2026-06-25T06:46:29.225Z,2026-06-25T06:46:49.688Z
C000797,P008,Harbor Pointe,2025-04-17,R21,56,0,17:09,D09,West,2026-06-25T06:46:29.225Z,2026-06-25T06:46:49.688Z
C000801,P005,Lakeview Terrace,2025-06-10,R10,64,0,15:50,D05,West,2026-06-25T06:46:29.225Z,2026-06-25T06:46:49.688Z
C000817,P003,Green Oaks,2025-05-03,R21,98,0,14:29,D15,Midwest,2026-06-25T06:46:29.225Z,2026-06-25T06:46:49.688Z
C000830,P006,Cedar Park,2025-04-16,R17,115,0,22:53,D18,West,2026-06-25T06:46:29.225Z,2026-06-25T06:46:49.688Z
C000845,P002,Maple Court,2025-04-17,R12,66,0,18:30,D17,Northeast,2026-06-25T06:46:29.225Z,2026-06-25T06:46:49.688Z
C000855,P002,Maple Court,2025-05-16,R18,64,0,16:48,D04,Midwest,2026-06-25T06:46:29.225Z,2026-06-25T06:46:49.688Z
C000866,P005,Lakeview Terrace,2025-01-24,R19,84,0,19:10,D17,Midwest,2026-06-25T06:46:29.225Z,2026-06-25T06:46:49.688Z
C000879,P003,Green Oaks,2025-05-08,R10,52,0,14:53,D03,West,2026-06-25T06:46:29.225Z,2026-06-25T06:46:49.688Z
C000902,P002,Maple Court,2025-03-23,R20,66,2,20:17,D10,Midwest,2026-06-25T06:46:29.225Z,2026-06-25T06:46:49.688Z
C000906,P008,Harbor Pointe,2025-06-14,R22,42,2,14:55,D03,Northeast,2026-06-25T06:46:29.225Z,2026-06-25T06:46:49.688Z
C000910,P003,Green Oaks,2025-02-25,R13,75,0,21:26,D09,Southeast,2026-06-25T06:46:29.225Z,2026-06-25T06:46:49.688Z
C000917,P008,Harbor Pointe,2025-03-12,R17,134,2,20:59,D11,West,2026-06-25T06:46:29.225Z,2026-06-25T06:46:49.688Z
C000940,P008,Harbor Pointe,2025-05-24,R11,148,0,16:07,D12,Southeast,2026-06-25T06:46:29.225Z,2026-06-25T06:46:49.688Z
C000943,P006,Cedar Park,2025-05-08,R10,76,0,15:25,D12,Southeast,2026-06-25T06:46:29.225Z,2026-06-25T06:46:49.688Z
C000946,P002,Maple Court,2025-03-24,R18,117,1,20:05,D13,Northeast,2026-06-25T06:46:29.225Z,2026-06-25T06:46:49.688Z
C000961,P006,Cedar Park,2025-03-19,R21,126,0,20:51,D10,Southeast,2026-06-25T06:46:29.225Z,2026-06-25T06:46:49.688Z
C000968,P001,Sunset Ridge,2025-03-01,R16,113,1,19:35,D03,Northeast,2026-06-25T06:46:29.225Z,2026-06-25T06:46:49.688Z
C000973,P008,Harbor Pointe,2025-06-26,R12,62,1,17:10,D20,West,2026-06-25T06:46:29.225Z,2026-06-25T06:46:49.688Z
C000974,P008,Harbor Pointe,2025-01-26,R14,70,1,17:35,D02,Southeast,2026-06-25T06:46:29.225Z,2026-06-25T06:46:49.688Z
C000975,P006,Cedar Park,2025-04-02,R20,60,2,16:52,D17,Southeast,2026-06-25T06:46:29.225Z,2026-06-25T06:46:49.688Z
C000072,P005,Lakeview Terrace,2025-04-29,R16,81,0,17:29,D11,Northeast,2026-06-25T06:46:29.225Z,2026-06-25T06:46:49.688Z
C000074,P002,Maple Court,2025-03-31,R22,123,0,14:48,D01,Midwest,2026-06-25T06:46:29.225Z,2026-06-25T06:46:49.688Z
C000120,P008,Harbor Pointe,2025-01-26,R11,107,2,21:00,D05,West,2026-06-25T06:46:29.225Z,2026-06-25T06:46:49.688Z
C000135,P005,Lakeview Terrace,2025-05-16,R23,61,0,18:58,D16,Northeast,2026-06-25T06:46:29.225Z,2026-06-25T06:46:49.688Z
C000144,P002,Maple Court,2025-04-12,R23,145,0,21:05,D07,Southeast,2026-06-25T06:46:29.225Z,2026-06-25T06:46:49.688Z
C000147,P003,Green Oaks,2025-03-12,R12,109,2,18:51,D06,Southeast,2026-06-25T06:46:29.225Z,2026-06-25T06:46:49.688Z
C000152,P002,Maple Court,2025-04-24,R15,117,0,16:04,D05,Northeast,2026-06-25T06:46:29.225Z,2026-06-25T06:46:49.688Z
C000153,P006,Cedar Park,2025-06-09,R16,116,0,22:18,D15,West,2026-06-25T06:46:29.225Z,2026-06-25T06:46:49.688Z
C000165,P001,Sunset Ridge,2025-01-14,R20,50,0,18:28,D14,West,2026-06-25T06:46:29.225Z,2026-06-25T06:46:49.688Z
C000197,P006,Cedar Park,2025-01-14,R13,89,0,15:23,D08,Southeast,2026-06-25T06:46:29.225Z,2026-06-25T06:46:49.688Z
C000226,P006,Cedar Park,2025-04-26,R12,152,0,22:40,D19,Midwest,2026-06-25T06:46:29.225Z,2026-06-25T06:46:49.688Z
C000255,P005,Lakeview Terrace,2025-02-07,R21,50,0,19:59,D15,Northeast,2026-06-25T06:46:29.225Z,2026-06-25T06:46:49.688Z
C000273,P008,Harbor Pointe,2025-01-30,R11,155,0,22:28,D02,West,2026-06-25T06:46:29.225Z,2026-06-25T06:46:49.688Z
C000275,P001,Sunset Ridge,2025-04-12,R21,67,0,15:02,D14,Northeast,2026-06-25T06:46:29.225Z,2026-06-25T06:46:49.688Z
C000282,P008,Harbor Pointe,2025-01-26,R19,126,0,14:15,D02,West,2026-06-25T06:46:29.225Z,2026-06-25T06:46:49.688Z
C000297,P006,Cedar Park,2025-03-17,R13,88,0,17:31,D18,Northeast,2026-06-25T06:46:29.225Z,2026-06-25T06:46:49.688Z
C000315,P007,Willow Creek,2025-01-22,R21,140,0,16:47,D13,Northeast,2026-06-25T06:46:29.225Z,2026-06-25T06:46:49.688Z
C000322,P004,Birchwood Commons,2025-06-10,R17,53,0,16:19,D01,West,2026-06-25T06:46:29.225Z,2026-06-25T06:46:49.688Z
C000335,P008,Harbor Pointe,2025-05-02,R15,48,0,18:02,D04,Southeast,2026-06-25T06:46:29.225Z,2026-06-25T06:46:49.688Z
C000339,P004,Birchwood Commons,2025-04-10,R13,75,0,15:36,D04,Midwest,2026-06-25T06:46:29.225Z,2026-06-25T06:46:49.688Z
C000348,P003,Green Oaks,2025-02-27,R22,98,0,21:35,D17,Southeast,2026-06-25T06:46:29.225Z,2026-06-25T06:46:49.688Z
C000394,P007,Willow Creek,2025-05-10,R11,115,0,14:27,D05,Midwest,2026-06-25T06:46:29.225Z,2026-06-25T06:46:49.688Z
C000413,P001,Sunset Ridge,2025-06-28,R21,129,0,19:36,D19,Midwest,2026-06-25T06:46:29.225Z,2026-06-25T06:46:49.688Z
C000415,P004,Birchwood Commons,2025-01-15,R10,107,0,21:00,D11,Midwest,2026-06-25T06:46:29.225Z,2026-06-25T06:46:49.688Z
C000418,P007,Willow Creek,2025-04-06,R19,52,1,19:19,D11,Midwest,2026-06-25T06:46:29.225Z,2026-06-25T06:46:49.688Z
C000423,P004,Birchwood Commons,2025-03-26,R15,80,1,16:40,D03,Northeast,2026-06-25T06:46:29.225Z,2026-06-25T06:46:49.688Z
C000429,P008,Harbor Pointe,2025-06-02,R21,43,3,20:41,D06,West,2026-06-25T06:46:29.225Z,2026-06-25T06:46:49.688Z
C000438,P008,Harbor Pointe,2025-05-14,R19,152,0,17:30,D10,Southeast,2026-06-25T06:46:29.225Z,2026-06-25T06:46:49.688Z
C000447,P006,Cedar Park,2025-05-02,R10,83,2,18:19,D09,West,2026-06-25T06:46:29.225Z,2026-06-25T06:46:49.688Z
C000455,P003,Green Oaks,2025-01-08,R23,113,0,17:54,D08,Midwest,2026-06-25T06:46:29.225Z,2026-06-25T06:46:49.688Z
C000465,P005,Lakeview Terrace,2025-05-01,R21,143,0,22:48,D06,Northeast,2026-06-25T06:46:29.225Z,2026-06-25T06:46:49.688Z
C000478,P003,Green Oaks,2025-01-06,R11,86,0,14:24,D09,Southeast,2026-06-25T06:46:29.225Z,2026-06-25T06:46:49.688Z
C000503,P003,Green Oaks,2025-06-29,R17,57,0,20:06,D09,Midwest,2026-06-25T06:46:29.225Z,2026-06-25T06:46:49.688Z
C000547,P001,Sunset Ridge,2025-01-05,R23,114,1,20:49,D19,Midwest,2026-06-25T06:46:29.225Z,2026-06-25T06:46:49.688Z
C000548,P008,Harbor Pointe,2025-01-10,R20,139,0,16:23,D13,Midwest,2026-06-25T06:46:29.225Z,2026-06-25T06:46:49.688Z
C000558,P006,Cedar Park,2025-02-08,R19,131,0,15:42,D08,West,2026-06-25T06:46:29.225Z,2026-06-25T06:46:49.688Z
C000571,P001,Sunset Ridge,2025-03-07,R19,106,0,15:33,D01,West,2026-06-25T06:46:29.225Z,2026-06-25T06:46:49.688Z
C000575,P007,Willow Creek,2025-03-20,R21,57,0,15:47,D08,West,2026-06-25T06:46:29.225Z,2026-06-25T06:46:49.688Z
C000580,P005,Lakeview Terrace,2025-04-23,R13,44,0,22:33,D08,Midwest,2026-06-25T06:46:29.225Z,2026-06-25T06:46:49.688Z
C000583,P006,Cedar Park,2025-05-21,R15,144,0,18:14,D20,Midwest,2026-06-25T06:46:29.225Z,2026-06-25T06:46:49.688Z
C000641,P004,Birchwood Commons,2025-06-08,R15,132,2,15:42,D18,West,2026-06-25T06:46:29.225Z,2026-06-25T06:46:49.688Z
C000658,P002,Maple Court,2025-05-26,R21,81,2,21:11,D16,Southeast,2026-06-25T06:46:29.225Z,2026-06-25T06:46:49.688Z
C000661,P007,Willow Creek,2025-06-12,R10,79,1,22:02,D11,Midwest,2026-06-25T06:46:29.225Z,2026-06-25T06:46:49.688Z
C000662,P004,Birchwood Commons,2025-03-25,R12,46,0,20:28,D20,Southeast,2026-06-25T06:46:29.225Z,2026-06-25T06:46:49.688Z
C000671,P005,Lakeview Terrace,2025-05-18,R18,101,0,16:44,D01,West,2026-06-25T06:46:29.225Z,2026-06-25T06:46:49.688Z
C000710,P008,Harbor Pointe,2025-02-03,R18,133,0,21:31,D06,Midwest,2026-06-25T06:46:29.225Z,2026-06-25T06:46:49.688Z
C000713,P005,Lakeview Terrace,2025-06-13,R14,141,0,15:19,D10,Northeast,2026-06-25T06:46:29.225Z,2026-06-25T06:46:49.688Z
C000715,P008,Harbor Pointe,2025-03-26,R24,100,1,14:41,D05,West,2026-06-25T06:46:29.225Z,2026-06-25T06:46:49.688Z
C000721,P002,Maple Court,2025-05-15,R15,140,0,14:49,D07,Southeast,2026-06-25T06:46:29.225Z,2026-06-25T06:46:49.688Z
C000730,P003,Green Oaks,2025-05-19,R10,100,0,14:06,D13,Southeast,2026-06-25T06:46:29.225Z,2026-06-25T06:46:49.688Z
C000751,P007,Willow Creek,2025-06-09,R18,144,0,21:24,D12,Midwest,2026-06-25T06:46:29.225Z,2026-06-25T06:46:49.688Z
C000755,P002,Maple Court,2025-05-13,R13,100,0,15:43,D18,Northeast,2026-06-25T06:46:29.225Z,2026-06-25T06:46:49.688Z
C000762,P003,Green Oaks,2025-06-29,R22,107,0,14:21,D03,Midwest,2026-06-25T06:46:29.225Z,2026-06-25T06:46:49.688Z
C000771,P002,Maple Court,2025-01-04,R20,97,0,19:14,D10,Northeast,2026-06-25T06:46:29.225Z,2026-06-25T06:46:49.688Z
C000779,P003,Green Oaks,2025-01-05,R20,121,2,14:59,D02,West,2026-06-25T06:46:29.225Z,2026-06-25T06:46:49.688Z
C000785,P008,Harbor Pointe,2025-06-11,R11,153,0,21:47,D07,Midwest,2026-06-25T06:46:29.225Z,2026-06-25T06:46:49.688Z
C000806,P007,Willow Creek,2025-02-28,R23,65,0,20:57,D08,Southeast,2026-06-25T06:46:29.225Z,2026-06-25T06:46:49.688Z
C000819,P001,Sunset Ridge,2025-06-26,R14,94,0,18:44,D20,Midwest,2026-06-25T06:46:29.225Z,2026-06-25T06:46:49.688Z
C000822,P004,Birchwood Commons,2025-05-24,R12,82,1,17:34,D04,West,2026-06-25T06:46:29.225Z,2026-06-25T06:46:49.688Z
C000849,P001,Sunset Ridge,2025-02-27,R12,73,0,18:40,D16,Southeast,2026-06-25T06:46:29.225Z,2026-06-25T06:46:49.688Z
C000872,P007,Willow Creek,2025-03-25,R14,98,0,18:43,D15,Midwest,2026-06-25T06:46:29.225Z,2026-06-25T06:46:49.688Z
C000886,P003,Green Oaks,2025-05-02,R18,47,0,20:16,D16,West,2026-06-25T06:46:29.225Z,2026-06-25T06:46:49.688Z
C000901,P003,Green Oaks,2025-04-29,R21,127,0,18:54,D14,West,2026-06-25T06:46:29.225Z,2026-06-25T06:46:49.688Z
C000933,P007,Willow Creek,2025-01-02,R14,90,0,19:08,D18,Southeast,2026-06-25T06:46:29.225Z,2026-06-25T06:46:49.688Z
C000980,P008,Harbor Pointe,2025-02-10,R22,104,1,21:46,D04,Midwest,2026-06-25T06:46:29.225Z,2026-06-25T06:46:49.688Z
C000013,P003,Green Oaks,2025-04-03,R18,103,0,15:48,D02,Southeast,2026-06-25T06:46:29.225Z,2026-06-25T06:46:49.688Z
C000020,P003,Green Oaks,2025-05-17,R20,100,1,22:10,D09,West,2026-06-25T06:46:29.225Z,2026-06-25T06:46:49.688Z
C000066,P006,Cedar Park,2025-03-02,R24,109,0,15:08,D05,Midwest,2026-06-25T06:46:29.225Z,2026-06-25T06:46:49.688Z
C000068,P007,Willow Creek,2025-04-17,R16,155,0,14:54,D19,West,2026-06-25T06:46:29.225Z,2026-06-25T06:46:49.688Z
C000076,P006,Cedar Park,2025-04-30,R12,117,0,15:49,D06,Northeast,2026-06-25T06:46:29.225Z,2026-06-25T06:46:49.688Z
C000093,P008,Harbor Pointe,2025-01-04,R17,96,0,19:11,D02,Northeast,2026-06-25T06:46:29.225Z,2026-06-25T06:46:49.688Z
C000098,P002,Maple Court,2025-03-03,R12,40,0,20:28,D20,West,2026-06-25T06:46:29.225Z,2026-06-25T06:46:49.688Z
C000112,P007,Willow Creek,2025-05-22,R11,68,0,15:29,D04,Midwest,2026-06-25T06:46:29.225Z,2026-06-25T06:46:49.688Z
C000139,P002,Maple Court,2025-06-06,R20,145,0,21:58,D10,West,2026-06-25T06:46:29.225Z,2026-06-25T06:46:49.688Z
C000151,P001,Sunset Ridge,2025-04-28,R10,101,0,20:27,D04,West,2026-06-25T06:46:29.225Z,2026-06-25T06:46:49.688Z
C000163,P001,Sunset Ridge,2025-01-18,R11,135,0,22:13,D13,West,2026-06-25T06:46:29.225Z,2026-06-25T06:46:49.688Z
C000173,P004,Birchwood Commons,2025-04-22,R16,115,1,20:33,D03,West,2026-06-25T06:46:29.225Z,2026-06-25T06:46:49.688Z
C000184,P006,Cedar Park,2025-04-10,R20,116,0,14:50,D11,Southeast,2026-06-25T06:46:29.225Z,2026-06-25T06:46:49.688Z
C000213,P008,Harbor Pointe,2025-06-19,R19,131,0,20:10,D15,Northeast,2026-06-25T06:46:29.225Z,2026-06-25T06:46:49.688Z
C000223,P003,Green Oaks,2025-02-01,R13,141,3,21:01,D12,Northeast,2026-06-25T06:46:29.225Z,2026-06-25T06:46:49.688Z
C000237,P004,Birchwood Commons,2025-05-28,R22,60,1,21:32,D15,West,2026-06-25T06:46:29.225Z,2026-06-25T06:46:49.688Z
C000241,P004,Birchwood Commons,2025-01-14,R15,110,0,18:04,D13,West,2026-06-25T06:46:29.225Z,2026-06-25T06:46:49.688Z
C000285,P007,Willow Creek,2025-06-19,R14,75,0,14:35,D19,Midwest,2026-06-25T06:46:29.225Z,2026-06-25T06:46:49.688Z
C000300,P001,Sunset Ridge,2025-01-20,R22,40,2,20:08,D08,Southeast,2026-06-25T06:46:29.225Z,2026-06-25T06:46:49.688Z
C000310,P004,Birchwood Commons,2025-03-18,R19,146,0,20:43,D18,Northeast,2026-06-25T06:46:29.225Z,2026-06-25T06:46:49.688Z
C000359,P004,Birchwood Commons,2025-02-25,R17,74,3,19:53,D10,Northeast,2026-06-25T06:46:29.225Z,2026-06-25T06:46:49.688Z
C000366,P002,Maple Court,2025-06-27,R13,89,0,15:46,D04,Southeast,2026-06-25T06:46:29.225Z,2026-06-25T06:46:49.688Z
C000371,P005,Lakeview Terrace,2025-05-22,R22,160,0,14:54,D10,Midwest,2026-06-25T06:46:29.225Z,2026-06-25T06:46:49.688Z
C000377,P002,Maple Court,2025-03-13,R18,157,0,17:51,D05,Northeast,2026-06-25T06:46:29.225Z,2026-06-25T06:46:49.688Z
C000389,P005,Lakeview Terrace,2025-02-21,R21,119,0,17:29,D12,West,2026-06-25T06:46:29.225Z,2026-06-25T06:46:49.688Z
C000399,P006,Cedar Park,2025-02-25,R12,51,1,17:22,D13,Southeast,2026-06-25T06:46:29.225Z,2026-06-25T06:46:49.688Z
C000448,P004,Birchwood Commons,2025-06-28,R12,78,0,21:49,D11,Northeast,2026-06-25T06:46:29.225Z,2026-06-25T06:46:49.688Z
C000456,P007,Willow Creek,2025-06-23,R18,42,0,14:30,D05,Midwest,2026-06-25T06:46:29.225Z,2026-06-25T06:46:49.688Z
C000471,P008,Harbor Pointe,2025-06-12,R14,66,0,16:36,D06,West,2026-06-25T06:46:29.225Z,2026-06-25T06:46:49.688Z
C000474,P004,Birchwood Commons,2025-01-05,R13,128,0,19:19,D05,Southeast,2026-06-25T06:46:29.225Z,2026-06-25T06:46:49.688Z
C000498,P008,Harbor Pointe,2025-01-23,R15,55,2,21:47,D01,Southeast,2026-06-25T06:46:29.225Z,2026-06-25T06:46:49.688Z
C000501,P008,Harbor Pointe,2025-03-26,R21,124,0,19:45,D15,Southeast,2026-06-25T06:46:29.225Z,2026-06-25T06:46:49.688Z
C000519,P003,Green Oaks,2025-02-19,R20,49,0,16:11,D17,Southeast,2026-06-25T06:46:29.225Z,2026-06-25T06:46:49.688Z
C000560,P001,Sunset Ridge,2025-06-15,R13,45,1,16:36,D19,Midwest,2026-06-25T06:46:29.225Z,2026-06-25T06:46:49.688Z
C000572,P006,Cedar Park,2025-06-17,R16,86,0,15:09,D14,Northeast,2026-06-25T06:46:29.225Z,2026-06-25T06:46:49.688Z
C000607,P003,Green Oaks,2025-06-07,R23,61,0,19:26,D20,West,2026-06-25T06:46:29.225Z,2026-06-25T06:46:49.688Z
C000627,P007,Willow Creek,2025-01-15,R11,109,0,21:11,D07,Northeast,2026-06-25T06:46:29.225Z,2026-06-25T06:46:49.688Z
C000634,P004,Birchwood Commons,2025-04-06,R12,103,1,15:43,D20,Northeast,2026-06-25T06:46:29.225Z,2026-06-25T06:46:49.688Z
C000657,P004,Birchwood Commons,2025-03-09,R13,72,0,18:05,D19,West,2026-06-25T06:46:29.225Z,2026-06-25T06:46:49.688Z
C000692,P001,Sunset Ridge,2025-05-13,R18,89,0,22:48,D02,Midwest,2026-06-25T06:46:29.225Z,2026-06-25T06:46:49.688Z
C000695,P003,Green Oaks,2025-05-09,R16,92,0,19:28,D01,Midwest,2026-06-25T06:46:29.225Z,2026-06-25T06:46:49.688Z
C000708,P004,Birchwood Commons,2025-05-15,R19,47,0,15:36,D17,Southeast,2026-06-25T06:46:29.225Z,2026-06-25T06:46:49.688Z
C000711,P001,Sunset Ridge,2025-03-16,R11,43,3,21:40,D04,Midwest,2026-06-25T06:46:29.225Z,2026-06-25T06:46:49.688Z
C000722,P008,Harbor Pointe,2025-04-24,R24,104,0,16:12,D11,West,2026-06-25T06:46:29.225Z,2026-06-25T06:46:49.688Z
C000808,P003,Green Oaks,2025-02-15,R17,132,0,17:40,D12,Northeast,2026-06-25T06:46:29.225Z,2026-06-25T06:46:49.688Z
C000813,P004,Birchwood Commons,2025-03-25,R24,158,0,16:58,D19,Southeast,2026-06-25T06:46:29.225Z,2026-06-25T06:46:49.688Z
C000818,P006,Cedar Park,2025-06-30,R20,99,0,14:55,D03,West,2026-06-25T06:46:29.225Z,2026-06-25T06:46:49.688Z
C000836,P005,Lakeview Terrace,2025-05-19,R11,157,3,14:25,D16,Midwest,2026-06-25T06:46:29.225Z,2026-06-25T06:46:49.688Z
C000843,P001,Sunset Ridge,2025-04-05,R14,84,0,19:19,D15,Southeast,2026-06-25T06:46:29.225Z,2026-06-25T06:46:49.688Z
C000856,P006,Cedar Park,2025-05-20,R23,148,0,18:17,D12,Southeast,2026-06-25T06:46:29.225Z,2026-06-25T06:46:49.688Z
C000907,P002,Maple Court,2025-06-04,R24,92,0,19:42,D03,West,2026-06-25T06:46:29.225Z,2026-06-25T06:46:49.688Z
C000916,P003,Green Oaks,2025-03-18,R24,96,0,19:56,D14,Southeast,2026-06-25T06:46:29.225Z,2026-06-25T06:46:49.688Z
C000934,P003,Green Oaks,2025-05-29,R18,103,0,19:56,D15,Midwest,2026-06-25T06:46:29.225Z,2026-06-25T06:46:49.688Z
C000972,P006,Cedar Park,2025-04-17,R22,100,1,16:39,D07,Northeast,2026-06-25T06:46:29.225Z,2026-06-25T06:46:49.688Z
C000005,P006,Cedar Park,2025-01-25,R19,73,0,14:46,D15,Southeast,2026-06-25T06:46:29.225Z,2026-06-25T06:46:49.688Z
C000054,P006,Cedar Park,2025-04-04,R19,80,0,15:46,D10,Northeast,2026-06-25T06:46:29.225Z,2026-06-25T06:46:49.688Z
C000055,P007,Willow Creek,2025-06-20,R21,77,0,22:08,D07,West,2026-06-25T06:46:29.225Z,2026-06-25T06:46:49.688Z
C000070,P007,Willow Creek,2025-05-05,R17,43,0,20:21,D13,Midwest,2026-06-25T06:46:29.225Z,2026-06-25T06:46:49.688Z
C000079,P006,Cedar Park,2025-05-25,R18,94,1,19:04,D17,Northeast,2026-06-25T06:46:29.225Z,2026-06-25T06:46:49.688Z
C000082,P005,Lakeview Terrace,2025-04-22,R15,149,1,17:53,D03,Northeast,2026-06-25T06:46:29.225Z,2026-06-25T06:46:49.688Z
C000092,P001,Sunset Ridge,2025-03-12,R18,77,0,16:40,D16,Southeast,2026-06-25T06:46:29.225Z,2026-06-25T06:46:49.688Z
C000108,P005,Lakeview Terrace,2025-04-27,R15,54,0,20:55,D17,Southeast,2026-06-25T06:46:29.225Z,2026-06-25T06:46:49.688Z
C000125,P005,Lakeview Terrace,2025-03-25,R15,87,1,20:09,D08,West,2026-06-25T06:46:29.225Z,2026-06-25T06:46:49.688Z
C000142,P005,Lakeview Terrace,2025-05-06,R10,128,0,19:13,D15,West,2026-06-25T06:46:29.225Z,2026-06-25T06:46:49.688Z
C000158,P006,Cedar Park,2025-06-21,R23,125,0,20:55,D02,Northeast,2026-06-25T06:46:29.225Z,2026-06-25T06:46:49.688Z
C000162,P006,Cedar Park,2025-06-29,R15,40,1,16:55,D05,West,2026-06-25T06:46:29.225Z,2026-06-25T06:46:49.688Z
C000164,P006,Cedar Park,2025-04-27,R14,132,0,19:49,D19,Southeast,2026-06-25T06:46:29.225Z,2026-06-25T06:46:49.688Z
C000168,P004,Birchwood Commons,2025-06-03,R14,67,0,16:48,D09,Northeast,2026-06-25T06:46:29.225Z,2026-06-25T06:46:49.688Z
C000179,P008,Harbor Pointe,2025-05-10,R17,44,0,14:23,D10,Southeast,2026-06-25T06:46:29.225Z,2026-06-25T06:46:49.688Z
C000188,P003,Green Oaks,2025-01-05,R13,83,0,21:12,D08,Midwest,2026-06-25T06:46:29.225Z,2026-06-25T06:46:49.688Z
C000191,P006,Cedar Park,2025-04-23,R20,132,0,17:28,D20,Northeast,2026-06-25T06:46:29.225Z,2026-06-25T06:46:49.688Z
C000209,P004,Birchwood Commons,2025-03-06,R14,85,0,14:55,D11,Northeast,2026-06-25T06:46:29.225Z,2026-06-25T06:46:49.688Z
C000228,P004,Birchwood Commons,2025-02-11,R15,160,0,22:57,D10,Southeast,2026-06-25T06:46:29.225Z,2026-06-25T06:46:49.688Z
C000233,P008,Harbor Pointe,2025-06-26,R16,101,0,21:13,D11,Midwest,2026-06-25T06:46:29.225Z,2026-06-25T06:46:49.688Z
C000236,P005,Lakeview Terrace,2025-02-06,R16,150,0,20:15,D06,Northeast,2026-06-25T06:46:29.225Z,2026-06-25T06:46:49.688Z
C000276,P001,Sunset Ridge,2025-06-29,R24,154,0,15:59,D16,Southeast,2026-06-25T06:46:29.225Z,2026-06-25T06:46:49.688Z
C000280,P004,Birchwood Commons,2025-05-17,R13,98,0,19:09,D09,Midwest,2026-06-25T06:46:29.225Z,2026-06-25T06:46:49.688Z
C000292,P006,Cedar Park,2025-05-03,R14,156,0,14:13,D07,Southeast,2026-06-25T06:46:29.225Z,2026-06-25T06:46:49.688Z
C000293,P004,Birchwood Commons,2025-05-03,R16,157,2,17:35,D11,Northeast,2026-06-25T06:46:29.225Z,2026-06-25T06:46:49.688Z
C000299,P008,Harbor Pointe,2025-02-13,R12,157,0,22:41,D02,Southeast,2026-06-25T06:46:29.225Z,2026-06-25T06:46:49.688Z
C000342,P003,Green Oaks,2025-06-07,R15,55,0,17:19,D04,Midwest,2026-06-25T06:46:29.225Z,2026-06-25T06:46:49.688Z
C000346,P008,Harbor Pointe,2025-04-09,R16,127,3,21:26,D15,West,2026-06-25T06:46:29.225Z,2026-06-25T06:46:49.688Z
C000355,P003,Green Oaks,2025-06-17,R13,58,0,19:53,D08,West,2026-06-25T06:46:29.225Z,2026-06-25T06:46:49.688Z
C000361,P003,Green Oaks,2025-01-05,R17,98,0,14:27,D07,Midwest,2026-06-25T06:46:29.225Z,2026-06-25T06:46:49.688Z
C000374,P007,Willow Creek,2025-03-23,R15,109,0,16:48,D16,Southeast,2026-06-25T06:46:29.225Z,2026-06-25T06:46:49.688Z
C000397,P007,Willow Creek,2025-04-26,R11,108,0,19:49,D07,West,2026-06-25T06:46:29.225Z,2026-06-25T06:46:49.688Z
C000401,P003,Green Oaks,2025-01-25,R11,41,0,14:53,D08,Midwest,2026-06-25T06:46:29.225Z,2026-06-25T06:46:49.688Z
C000405,P007,Willow Creek,2025-01-08,R12,85,0,17:58,D06,Northeast,2026-06-25T06:46:29.225Z,2026-06-25T06:46:49.688Z
C000414,P008,Harbor Pointe,2025-05-25,R18,79,2,16:31,D02,Southeast,2026-06-25T06:46:29.225Z,2026-06-25T06:46:49.688Z
C000426,P007,Willow Creek,2025-04-07,R11,146,0,21:50,D19,Midwest,2026-06-25T06:46:29.225Z,2026-06-25T06:46:49.688Z
C000430,P006,Cedar Park,2025-02-10,R13,64,0,20:44,D18,Northeast,2026-06-25T06:46:29.225Z,2026-06-25T06:46:49.688Z
C000433,P004,Birchwood Commons,2025-02-21,R12,121,0,18:05,D16,Southeast,2026-06-25T06:46:29.225Z,2026-06-25T06:46:49.688Z
C000441,P007,Willow Creek,2025-01-11,R13,145,0,16:53,D20,Northeast,2026-06-25T06:46:29.225Z,2026-06-25T06:46:49.688Z
C000460,P005,Lakeview Terrace,2025-01-17,R20,81,0,18:16,D10,Midwest,2026-06-25T06:46:29.225Z,2026-06-25T06:46:49.688Z
C000466,P006,Cedar Park,2025-06-17,R13,135,0,18:26,D11,Northeast,2026-06-25T06:46:29.225Z,2026-06-25T06:46:49.688Z
C000473,P004,Birchwood Commons,2025-01-02,R21,87,0,14:57,D11,Midwest,2026-06-25T06:46:29.225Z,2026-06-25T06:46:49.688Z
C000482,P002,Maple Court,2025-03-14,R17,65,0,17:49,D09,Midwest,2026-06-25T06:46:29.225Z,2026-06-25T06:46:49.688Z
C000491,P008,Harbor Pointe,2025-02-10,R22,112,0,21:11,D20,West,2026-06-25T06:46:29.225Z,2026-06-25T06:46:49.688Z
C000506,P001,Sunset Ridge,2025-05-08,R18,159,0,20:53,D19,West,2026-06-25T06:46:29.225Z,2026-06-25T06:46:49.688Z
C000545,P005,Lakeview Terrace,2025-04-25,R17,110,0,15:11,D20,Southeast,2026-06-25T06:46:29.225Z,2026-06-25T06:46:49.688Z
C000683,P003,Green Oaks,2025-02-17,R21,43,0,19:56,D14,West,2026-06-25T06:46:29.225Z,2026-06-25T06:46:49.688Z
C000705,P005,Lakeview Terrace,2025-02-15,R19,124,0,22:11,D15,Northeast,2026-06-25T06:46:29.225Z,2026-06-25T06:46:49.688Z
C000734,P005,Lakeview Terrace,2025-02-06,R24,86,2,20:11,D11,Northeast,2026-06-25T06:46:29.225Z,2026-06-25T06:46:49.688Z
C000735,P002,Maple Court,2025-04-27,R17,54,0,19:30,D15,Midwest,2026-06-25T06:46:29.225Z,2026-06-25T06:46:49.688Z
C000745,P007,Willow Creek,2025-05-30,R23,56,0,18:03,D12,Southeast,2026-06-25T06:46:29.225Z,2026-06-25T06:46:49.688Z
C000757,P007,Willow Creek,2025-05-27,R15,142,1,18:18,D06,Southeast,2026-06-25T06:46:29.225Z,2026-06-25T06:46:49.688Z
C000765,P007,Willow Creek,2025-01-14,R17,78,0,21:47,D18,Midwest,2026-06-25T06:46:29.225Z,2026-06-25T06:46:49.688Z
C000776,P005,Lakeview Terrace,2025-01-16,R12,96,0,15:31,D07,West,2026-06-25T06:46:29.225Z,2026-06-25T06:46:49.688Z
C000795,P001,Sunset Ridge,2025-03-04,R12,52,2,20:49,D06,Southeast,2026-06-25T06:46:29.225Z,2026-06-25T06:46:49.688Z
C000829,P001,Sunset Ridge,2025-03-30,R14,64,0,15:01,D08,Northeast,2026-06-25T06:46:29.225Z,2026-06-25T06:46:49.688Z
C000861,P001,Sunset Ridge,2025-02-14,R21,144,1,15:14,D05,Midwest,2026-06-25T06:46:29.225Z,2026-06-25T06:46:49.688Z
C000884,P003,Green Oaks,2025-04-28,R18,124,0,18:56,D06,West,2026-06-25T06:46:29.225Z,2026-06-25T06:46:49.688Z
C000888,P001,Sunset Ridge,2025-04-04,R22,154,0,19:24,D04,West,2026-06-25T06:46:29.225Z,2026-06-25T06:46:49.688Z
C000898,P005,Lakeview Terrace,2025-02-21,R19,105,0,21:42,D18,Midwest,2026-06-25T06:46:29.225Z,2026-06-25T06:46:49.688Z
C000908,P002,Maple Court,2025-02-05,R18,125,0,22:16,D16,Southeast,2026-06-25T06:46:29.225Z,2026-06-25T06:46:49.688Z
C000923,P003,Green Oaks,2025-01-22,R16,152,0,20:53,D19,Midwest,2026-06-25T06:46:29.225Z,2026-06-25T06:46:49.688Z
C000929,P003,Green Oaks,2025-02-16,R10,77,0,18:15,D20,West,2026-06-25T06:46:29.225Z,2026-06-25T06:46:49.688Z
C000932,P004,Birchwood Commons,2025-01-14,R17,156,0,19:38,D20,Southeast,2026-06-25T06:46:29.225Z,2026-06-25T06:46:49.688Z
C000941,P003,Green Oaks,2025-02-22,R23,61,2,22:52,D09,Midwest,2026-06-25T06:46:29.225Z,2026-06-25T06:46:49.688Z
C000942,P001,Sunset Ridge,2025-05-30,R18,138,3,16:26,D03,Midwest,2026-06-25T06:46:29.225Z,2026-06-25T06:46:49.688Z
C000011,P006,Cedar Park,2025-03-10,R13,123,0,21:25,D15,Midwest,2026-06-25T06:46:29.225Z,2026-06-25T06:46:49.688Z
C000032,P001,Sunset Ridge,2025-02-18,R19,134,0,22:03,D11,Southeast,2026-06-25T06:46:29.225Z,2026-06-25T06:46:49.688Z
C000035,P006,Cedar Park,2025-06-08,R24,73,0,17:42,D11,Midwest,2026-06-25T06:46:29.225Z,2026-06-25T06:46:49.688Z
C000041,P005,Lakeview Terrace,2025-06-25,R18,102,0,18:57,D02,Southeast,2026-06-25T06:46:29.225Z,2026-06-25T06:46:49.688Z
C000043,P007,Willow Creek,2025-02-11,R18,41,1,15:04,D05,Southeast,2026-06-25T06:46:29.225Z,2026-06-25T06:46:49.688Z
C000063,P006,Cedar Park,2025-02-04,R22,154,1,21:39,D17,West,2026-06-25T06:46:29.225Z,2026-06-25T06:46:49.688Z
C000103,P007,Willow Creek,2025-06-03,R21,81,0,18:01,D03,Midwest,2026-06-25T06:46:29.225Z,2026-06-25T06:46:49.688Z
C000104,P001,Sunset Ridge,2025-06-22,R22,126,1,18:36,D02,Midwest,2026-06-25T06:46:29.225Z,2026-06-25T06:46:49.688Z
C000126,P003,Green Oaks,2025-05-25,R12,62,0,15:39,D13,Midwest,2026-06-25T06:46:29.225Z,2026-06-25T06:46:49.688Z
C000127,P003,Green Oaks,2025-05-08,R13,99,2,18:29,D09,Southeast,2026-06-25T06:46:29.225Z,2026-06-25T06:46:49.688Z
C000136,P008,Harbor Pointe,2025-03-28,R11,58,1,17:55,D13,Northeast,2026-06-25T06:46:29.225Z,2026-06-25T06:46:49.688Z
C000138,P006,Cedar Park,2025-05-30,R11,126,0,17:30,D01,Northeast,2026-06-25T06:46:29.225Z,2026-06-25T06:46:49.688Z
C000212,P003,Green Oaks,2025-01-21,R18,77,0,19:06,D03,Northeast,2026-06-25T06:46:29.225Z,2026-06-25T06:46:49.688Z
C000257,P004,Birchwood Commons,2025-03-04,R20,69,0,14:06,D14,Northeast,2026-06-25T06:46:29.225Z,2026-06-25T06:46:49.688Z
C000277,P003,Green Oaks,2025-03-15,R22,122,0,20:23,D13,West,2026-06-25T06:46:29.225Z,2026-06-25T06:46:49.688Z
C000301,P008,Harbor Pointe,2025-02-08,R15,47,0,21:42,D16,Southeast,2026-06-25T06:46:29.225Z,2026-06-25T06:46:49.688Z
C000351,P002,Maple Court,2025-01-23,R22,143,0,17:13,D19,Northeast,2026-06-25T06:46:29.225Z,2026-06-25T06:46:49.688Z
C000365,P001,Sunset Ridge,2025-05-13,R10,129,0,19:52,D04,West,2026-06-25T06:46:29.225Z,2026-06-25T06:46:49.688Z
C000385,P003,Green Oaks,2025-04-04,R12,159,0,14:35,D14,Midwest,2026-06-25T06:46:29.225Z,2026-06-25T06:46:49.688Z
C000387,P001,Sunset Ridge,2025-05-09,R12,68,0,22:02,D13,Southeast,2026-06-25T06:46:29.225Z,2026-06-25T06:46:49.688Z
C000400,P003,Green Oaks,2025-06-23,R10,91,0,21:35,D18,Midwest,2026-06-25T06:46:29.225Z,2026-06-25T06:46:49.688Z
C000409,P008,Harbor Pointe,2025-04-02,R15,156,0,22:20,D13,Northeast,2026-06-25T06:46:29.225Z,2026-06-25T06:46:49.688Z
C000419,P007,Willow Creek,2025-02-10,R22,121,1,21:41,D11,Midwest,2026-06-25T06:46:29.225Z,2026-06-25T06:46:49.688Z
C000459,P006,Cedar Park,2025-05-30,R18,122,0,18:19,D04,West,2026-06-25T06:46:29.225Z,2026-06-25T06:46:49.688Z
C000472,P007,Willow Creek,2025-01-23,R20,94,0,20:27,D16,West,2026-06-25T06:46:29.225Z,2026-06-25T06:46:49.688Z
C000513,P002,Maple Court,2025-04-19,R10,88,1,16:03,D02,Midwest,2026-06-25T06:46:29.225Z,2026-06-25T06:46:49.688Z
C000514,P003,Green Oaks,2025-03-10,R14,127,1,18:09,D02,Northeast,2026-06-25T06:46:29.225Z,2026-06-25T06:46:49.688Z
C000553,P008,Harbor Pointe,2025-04-10,R24,45,0,14:41,D11,Southeast,2026-06-25T06:46:29.225Z,2026-06-25T06:46:49.688Z
C000557,P008,Harbor Pointe,2025-05-09,R12,69,2,15:32,D09,Midwest,2026-06-25T06:46:29.225Z,2026-06-25T06:46:49.688Z
C000559,P008,Harbor Pointe,2025-03-26,R20,101,1,21:13,D19,Midwest,2026-06-25T06:46:29.225Z,2026-06-25T06:46:49.688Z
C000589,P007,Willow Creek,2025-03-05,R20,135,0,19:04,D18,Midwest,2026-06-25T06:46:29.225Z,2026-06-25T06:46:49.688Z
C000600,P002,Maple Court,2025-05-28,R21,74,0,17:35,D14,West,2026-06-25T06:46:29.225Z,2026-06-25T06:46:49.688Z
C000608,P006,Cedar Park,2025-01-19,R13,80,0,19:41,D10,Northeast,2026-06-25T06:46:29.225Z,2026-06-25T06:46:49.688Z
C000617,P002,Maple Court,2025-05-19,R17,79,0,19:26,D09,Midwest,2026-06-25T06:46:29.225Z,2026-06-25T06:46:49.688Z
C000620,P007,Willow Creek,2025-02-18,R16,71,0,16:45,D13,West,2026-06-25T06:46:29.225Z,2026-06-25T06:46:49.688Z
C000664,P002,Maple Court,2025-05-21,R16,104,0,20:49,D05,Midwest,2026-06-25T06:46:29.225Z,2026-06-25T06:46:49.688Z
C000675,P002,Maple Court,2025-05-05,R12,65,2,22:29,D18,Southeast,2026-06-25T06:46:29.225Z,2026-06-25T06:46:49.688Z
C000689,P008,Harbor Pointe,2025-01-17,R23,118,0,21:44,D11,West,2026-06-25T06:46:29.225Z,2026-06-25T06:46:49.688Z
C000696,P004,Birchwood Commons,2025-04-27,R24,98,0,15:16,D11,Midwest,2026-06-25T06:46:29.225Z,2026-06-25T06:46:49.688Z
C000718,P003,Green Oaks,2025-04-01,R14,147,0,14:21,D13,Midwest,2026-06-25T06:46:29.225Z,2026-06-25T06:46:49.688Z
C000741,P002,Maple Court,2025-03-20,R19,53,3,20:20,D16,Southeast,2026-06-25T06:46:29.225Z,2026-06-25T06:46:49.688Z
C000754,P002,Maple Court,2025-05-29,R12,133,0,22:54,D09,West,2026-06-25T06:46:29.225Z,2026-06-25T06:46:49.688Z
C000761,P003,Green Oaks,2025-01-29,R20,97,0,19:51,D06,Northeast,2026-06-25T06:46:29.225Z,2026-06-25T06:46:49.688Z
C000773,P003,Green Oaks,2025-01-23,R16,124,2,16:57,D04,Midwest,2026-06-25T06:46:29.225Z,2026-06-25T06:46:49.688Z
C000800,P002,Maple Court,2025-01-31,R19,86,3,22:32,D08,West,2026-06-25T06:46:29.225Z,2026-06-25T06:46:49.688Z
C000847,P003,Green Oaks,2025-02-14,R13,63,0,20:18,D18,West,2026-06-25T06:46:29.225Z,2026-06-25T06:46:49.688Z
C000865,P004,Birchwood Commons,2025-02-01,R19,155,2,17:11,D12,Southeast,2026-06-25T06:46:29.225Z,2026-06-25T06:46:49.688Z
C000868,P001,Sunset Ridge,2025-03-14,R21,52,0,17:58,D17,West,2026-06-25T06:46:29.225Z,2026-06-25T06:46:49.688Z
C000873,P007,Willow Creek,2025-05-22,R13,149,0,15:57,D16,Northeast,2026-06-25T06:46:29.225Z,2026-06-25T06:46:49.688Z
C000883,P002,Maple Court,2025-04-21,R16,97,2,19:54,D13,West,2026-06-25T06:46:29.225Z,2026-06-25T06:46:49.688Z
C000889,P007,Willow Creek,2025-03-30,R15,47,3,17:15,D08,Northeast,2026-06-25T06:46:29.225Z,2026-06-25T06:46:49.688Z
C000900,P007,Willow Creek,2025-06-13,R24,112,0,14:33,D07,Northeast,2026-06-25T06:46:29.225Z,2026-06-25T06:46:49.688Z
C000921,P003,Green Oaks,2025-05-13,R23,116,1,20:50,D11,West,2026-06-25T06:46:29.225Z,2026-06-25T06:46:49.688Z
C000939,P002,Maple Court,2025-06-30,R24,158,0,21:02,D15,Northeast,2026-06-25T06:46:29.225Z,2026-06-25T06:46:49.688Z
C000944,P002,Maple Court,2025-03-24,R17,146,0,21:29,D09,Southeast,2026-06-25T06:46:29.225Z,2026-06-25T06:46:49.688Z
C000947,P007,Willow Creek,2025-02-15,R11,42,0,17:10,D13,West,2026-06-25T06:46:29.225Z,2026-06-25T06:46:49.688Z
C000960,P008,Harbor Pointe,2025-01-04,R17,128,0,20:55,D20,West,2026-06-25T06:46:29.225Z,2026-06-25T06:46:49.688Z
C000962,P004,Birchwood Commons,2025-02-02,R11,144,0,14:44,D07,Southeast,2026-06-25T06:46:29.225Z,2026-06-25T06:46:49.688Z
C000989,P008,Harbor Pointe,2025-06-14,R21,84,0,20:49,D07,Northeast,2026-06-25T06:46:29.225Z,2026-06-25T06:46:49.688Z
C000037,P005,Lakeview Terrace,2025-01-19,R12,159,0,19:56,D03,Midwest,2026-06-25T06:46:29.225Z,2026-06-25T06:46:49.688Z
C000062,P008,Harbor Pointe,2025-02-26,R10,111,0,17:58,D04,West,2026-06-25T06:46:29.225Z,2026-06-25T06:46:49.688Z
C000078,P004,Birchwood Commons,2025-06-01,R11,129,0,18:54,D20,Southeast,2026-06-25T06:46:29.225Z,2026-06-25T06:46:49.688Z
C000101,P003,Green Oaks,2025-02-06,R22,79,0,18:28,D04,West,2026-06-25T06:46:29.225Z,2026-06-25T06:46:49.688Z
C000124,P002,Maple Court,2025-01-26,R17,61,1,18:57,D01,Southeast,2026-06-25T06:46:29.225Z,2026-06-25T06:46:49.688Z
C000134,P006,Cedar Park,2025-01-24,R21,93,2,16:12,D05,Northeast,2026-06-25T06:46:29.225Z,2026-06-25T06:46:49.688Z
C000140,P001,Sunset Ridge,2025-01-30,R14,103,0,15:06,D08,Midwest,2026-06-25T06:46:29.225Z,2026-06-25T06:46:49.688Z
C000141,P007,Willow Creek,2025-04-10,R19,135,0,16:56,D14,Southeast,2026-06-25T06:46:29.225Z,2026-06-25T06:46:49.688Z
C000143,P002,Maple Court,2025-03-02,R20,87,2,22:57,D12,Southeast,2026-06-25T06:46:29.225Z,2026-06-25T06:46:49.688Z
C000177,P008,Harbor Pointe,2025-05-25,R20,158,1,19:55,D11,Midwest,2026-06-25T06:46:29.225Z,2026-06-25T06:46:49.688Z
C000231,P005,Lakeview Terrace,2025-01-08,R20,66,0,20:39,D01,West,2026-06-25T06:46:29.225Z,2026-06-25T06:46:49.688Z
C000235,P006,Cedar Park,2025-05-12,R13,99,0,15:17,D15,Midwest,2026-06-25T06:46:29.225Z,2026-06-25T06:46:49.688Z
C000242,P002,Maple Court,2025-05-21,R12,52,0,20:23,D11,Northeast,2026-06-25T06:46:29.225Z,2026-06-25T06:46:49.688Z
C000263,P008,Harbor Pointe,2025-02-04,R14,64,2,15:21,D06,West,2026-06-25T06:46:29.225Z,2026-06-25T06:46:49.688Z
C000268,P008,Harbor Pointe,2025-01-16,R14,60,0,20:43,D17,Northeast,2026-06-25T06:46:29.225Z,2026-06-25T06:46:49.688Z
C000314,P007,Willow Creek,2025-02-17,R11,138,0,18:51,D08,Southeast,2026-06-25T06:46:29.225Z,2026-06-25T06:46:49.688Z
C000337,P008,Harbor Pointe,2025-03-26,R13,142,0,20:40,D06,Midwest,2026-06-25T06:46:29.225Z,2026-06-25T06:46:49.688Z
C000368,P003,Green Oaks,2025-05-16,R17,84,0,17:40,D05,West,2026-06-25T06:46:29.225Z,2026-06-25T06:46:49.688Z
C000390,P004,Birchwood Commons,2025-02-20,R12,40,1,20:01,D08,Northeast,2026-06-25T06:46:29.225Z,2026-06-25T06:46:49.688Z
C000393,P007,Willow Creek,2025-01-12,R21,154,2,19:29,D03,Southeast,2026-06-25T06:46:29.225Z,2026-06-25T06:46:49.688Z
C000402,P006,Cedar Park,2025-02-20,R20,120,1,15:37,D19,Northeast,2026-06-25T06:46:29.225Z,2026-06-25T06:46:49.688Z
C000410,P004,Birchwood Commons,2025-02-16,R10,154,0,18:03,D16,Northeast,2026-06-25T06:46:29.225Z,2026-06-25T06:46:49.688Z
C000434,P008,Harbor Pointe,2025-03-20,R17,154,1,18:05,D18,West,2026-06-25T06:46:29.225Z,2026-06-25T06:46:49.688Z
C000464,P005,Lakeview Terrace,2025-06-21,R23,61,0,22:11,D10,Southeast,2026-06-25T06:46:29.225Z,2026-06-25T06:46:49.688Z
C000477,P007,Willow Creek,2025-02-18,R10,69,0,17:46,D05,Midwest,2026-06-25T06:46:29.225Z,2026-06-25T06:46:49.688Z
C000494,P002,Maple Court,2025-06-21,R16,124,2,17:30,D12,West,2026-06-25T06:46:29.225Z,2026-06-25T06:46:49.688Z
C000499,P001,Sunset Ridge,2025-04-14,R23,51,0,18:56,D17,Midwest,2026-06-25T06:46:29.225Z,2026-06-25T06:46:49.688Z
C000521,P003,Green Oaks,2025-01-02,R10,59,0,19:38,D02,Northeast,2026-06-25T06:46:29.225Z,2026-06-25T06:46:49.688Z
C000546,P003,Green Oaks,2025-03-13,R24,108,2,17:16,D03,Southeast,2026-06-25T06:46:29.225Z,2026-06-25T06:46:49.688Z
C000570,P008,Harbor Pointe,2025-04-19,R22,69,0,15:18,D20,West,2026-06-25T06:46:29.225Z,2026-06-25T06:46:49.688Z
C000576,P002,Maple Court,2025-06-29,R13,105,2,20:50,D11,Southeast,2026-06-25T06:46:29.225Z,2026-06-25T06:46:49.688Z
C000758,P005,Lakeview Terrace,2025-06-27,R21,140,2,18:03,D16,Midwest,2026-06-25T06:46:29.225Z,2026-06-25T06:46:49.688Z
C000782,P006,Cedar Park,2025-05-26,R15,127,0,18:25,D02,Southeast,2026-06-25T06:46:29.225Z,2026-06-25T06:46:49.688Z
C000799,P005,Lakeview Terrace,2025-06-06,R15,93,3,14:35,D08,Midwest,2026-06-25T06:46:29.225Z,2026-06-25T06:46:49.688Z
C000807,P001,Sunset Ridge,2025-05-01,R24,95,0,16:13,D20,West,2026-06-25T06:46:29.225Z,2026-06-25T06:46:49.688Z
C000839,P002,Maple Court,2025-01-11,R14,43,0,20:39,D08,West,2026-06-25T06:46:29.225Z,2026-06-25T06:46:49.688Z
C000859,P002,Maple Court,2025-05-24,R16,98,0,15:07,D05,Southeast,2026-06-25T06:46:29.225Z,2026-06-25T06:46:49.688Z
C000874,P008,Harbor Pointe,2025-02-15,R20,53,0,20:28,D17,Southeast,2026-06-25T06:46:29.225Z,2026-06-25T06:46:49.688Z
C000904,P005,Lakeview Terrace,2025-03-04,R17,102,1,22:27,D14,Southeast,2026-06-25T06:46:29.225Z,2026-06-25T06:46:49.688Z
C000918,P005,Lakeview Terrace,2025-01-26,R18,48,1,19:26,D20,Northeast,2026-06-25T06:46:29.225Z,2026-06-25T06:46:49.688Z
C000922,P003,Green Oaks,2025-05-03,R14,62,2,19:51,D10,Midwest,2026-06-25T06:46:29.225Z,2026-06-25T06:46:49.688Z
C000925,P007,Willow Creek,2025-01-13,R19,73,0,16:05,D12,Midwest,2026-06-25T06:46:29.225Z,2026-06-25T06:46:49.688Z
C000930,P008,Harbor Pointe,2025-03-05,R11,41,0,21:08,D11,West,2026-06-25T06:46:29.225Z,2026-06-25T06:46:49.688Z
C000936,P005,Lakeview Terrace,2025-05-08,R21,86,2,20:18,D09,Northeast,2026-06-25T06:46:29.225Z,2026-06-25T06:46:49.688Z
C000945,P008,Harbor Pointe,2025-03-26,R15,133,3,16:13,D02,Northeast,2026-06-25T06:46:29.225Z,2026-06-25T06:46:49.688Z
C000954,P004,Birchwood Commons,2025-06-25,R18,94,2,18:36,D02,Southeast,2026-06-25T06:46:29.225Z,2026-06-25T06:46:49.688Z
C000963,P003,Green Oaks,2025-02-23,R20,70,0,20:53,D18,Midwest,2026-06-25T06:46:29.225Z,2026-06-25T06:46:49.688Z
C000983,P007,Willow Creek,2025-04-06,R15,120,1,17:09,D17,West,2026-06-25T06:46:29.225Z,2026-06-25T06:46:49.688Z
C000992,P005,Lakeview Terrace,2025-03-03,R21,94,1,22:07,D02,Northeast,2026-06-25T06:46:29.225Z,2026-06-25T06:46:49.688Z
C000997,P002,Maple Court,2025-04-19,R11,47,1,20:56,D05,West,2026-06-25T06:46:29.225Z,2026-06-25T06:46:49.688Z
C000998,P006,Cedar Park,2025-02-24,R20,107,0,20:37,D18,West,2026-06-25T06:46:29.225Z,2026-06-25T06:46:49.688Z
C001000,P008,Harbor Pointe,2025-02-06,R21,98,0,16:45,D17,Southeast,2026-06-25T06:46:29.225Z,2026-06-25T06:46:49.688Z
C000012,P005,Lakeview Terrace,2025-03-09,R21,114,0,20:57,D19,West,2026-06-25T06:46:29.225Z,2026-06-25T06:46:49.688Z
C000018,P001,Sunset Ridge,2025-04-06,R19,81,1,21:01,D04,Northeast,2026-06-25T06:46:29.225Z,2026-06-25T06:46:49.688Z
C000021,P004,Birchwood Commons,2025-02-24,R21,79,2,20:42,D12,West,2026-06-25T06:46:29.225Z,2026-06-25T06:46:49.688Z
C000026,P007,Willow Creek,2025-06-18,R16,99,0,14:43,D04,Southeast,2026-06-25T06:46:29.225Z,2026-06-25T06:46:49.688Z
C000049,P008,Harbor Pointe,2025-02-21,R15,79,1,17:14,D01,Midwest,2026-06-25T06:46:29.225Z,2026-06-25T06:46:49.688Z
C000061,P007,Willow Creek,2025-06-28,R13,58,0,14:57,D04,West,2026-06-25T06:46:29.225Z,2026-06-25T06:46:49.688Z
C000083,P008,Harbor Pointe,2025-04-26,R19,118,0,20:21,D01,West,2026-06-25T06:46:29.225Z,2026-06-25T06:46:49.688Z
C000110,P001,Sunset Ridge,2025-06-10,R13,74,0,22:08,D10,West,2026-06-25T06:46:29.225Z,2026-06-25T06:46:49.688Z
C000113,P005,Lakeview Terrace,2025-05-08,R18,130,2,18:26,D16,West,2026-06-25T06:46:29.225Z,2026-06-25T06:46:49.688Z
C000187,P003,Green Oaks,2025-06-14,R20,129,1,22:05,D14,Northeast,2026-06-25T06:46:29.225Z,2026-06-25T06:46:49.688Z
C000195,P002,Maple Court,2025-05-22,R14,50,2,16:17,D15,Midwest,2026-06-25T06:46:29.225Z,2026-06-25T06:46:49.688Z
C000206,P006,Cedar Park,2025-02-04,R23,122,0,16:53,D15,West,2026-06-25T06:46:29.225Z,2026-06-25T06:46:49.688Z
C000240,P005,Lakeview Terrace,2025-01-28,R21,86,0,20:23,D02,West,2026-06-25T06:46:29.225Z,2026-06-25T06:46:49.688Z
C000256,P005,Lakeview Terrace,2025-05-03,R24,111,0,18:08,D04,Midwest,2026-06-25T06:46:29.225Z,2026-06-25T06:46:49.688Z
C000372,P004,Birchwood Commons,2025-05-13,R21,90,0,18:41,D02,Midwest,2026-06-25T06:46:29.225Z,2026-06-25T06:46:49.688Z
C000380,P001,Sunset Ridge,2025-01-04,R12,103,1,19:33,D17,Northeast,2026-06-25T06:46:29.225Z,2026-06-25T06:46:49.688Z
C000381,P005,Lakeview Terrace,2025-02-12,R21,153,0,15:49,D01,Northeast,2026-06-25T06:46:29.225Z,2026-06-25T06:46:49.688Z
C000422,P004,Birchwood Commons,2025-02-16,R20,112,0,15:59,D16,Midwest,2026-06-25T06:46:29.225Z,2026-06-25T06:46:49.688Z
C000435,P007,Willow Creek,2025-02-17,R15,63,0,21:02,D09,West,2026-06-25T06:46:29.225Z,2026-06-25T06:46:49.688Z
C000444,P002,Maple Court,2025-04-17,R24,53,0,15:50,D10,Northeast,2026-06-25T06:46:29.225Z,2026-06-25T06:46:49.688Z
C000462,P005,Lakeview Terrace,2025-01-07,R14,156,0,20:25,D13,Southeast,2026-06-25T06:46:29.225Z,2026-06-25T06:46:49.688Z
C000467,P008,Harbor Pointe,2025-03-08,R23,55,0,21:03,D19,Southeast,2026-06-25T06:46:29.225Z,2026-06-25T06:46:49.688Z
C000480,P005,Lakeview Terrace,2025-04-24,R17,129,0,16:13,D01,Northeast,2026-06-25T06:46:29.225Z,2026-06-25T06:46:49.688Z
C000488,P003,Green Oaks,2025-02-05,R15,85,0,21:39,D09,Southeast,2026-06-25T06:46:29.225Z,2026-06-25T06:46:49.688Z
C000495,P001,Sunset Ridge,2025-02-08,R10,122,1,16:32,D16,West,2026-06-25T06:46:29.225Z,2026-06-25T06:46:49.688Z
C000529,P004,Birchwood Commons,2025-06-10,R23,127,0,20:53,D04,Midwest,2026-06-25T06:46:29.225Z,2026-06-25T06:46:49.688Z
C000539,P005,Lakeview Terrace,2025-02-11,R13,54,0,16:42,D19,Southeast,2026-06-25T06:46:29.225Z,2026-06-25T06:46:49.688Z
C000564,P003,Green Oaks,2025-05-30,R19,124,1,22:16,D06,Northeast,2026-06-25T06:46:29.225Z,2026-06-25T06:46:49.688Z
C000567,P002,Maple Court,2025-05-17,R11,101,0,16:57,D20,Southeast,2026-06-25T06:46:29.225Z,2026-06-25T06:46:49.688Z
C000585,P002,Maple Court,2025-05-09,R22,105,0,18:56,D18,Northeast,2026-06-25T06:46:29.225Z,2026-06-25T06:46:49.688Z
C000605,P004,Birchwood Commons,2025-02-01,R19,113,0,22:11,D10,Northeast,2026-06-25T06:46:29.225Z,2026-06-25T06:46:49.688Z
C000621,P007,Willow Creek,2025-02-26,R20,70,0,22:48,D20,Northeast,2026-06-25T06:46:29.225Z,2026-06-25T06:46:49.688Z
C000629,P002,Maple Court,2025-01-09,R18,125,0,17:30,D13,Northeast,2026-06-25T06:46:29.225Z,2026-06-25T06:46:49.688Z
C000633,P001,Sunset Ridge,2025-03-04,R19,140,0,21:44,D20,Midwest,2026-06-25T06:46:29.225Z,2026-06-25T06:46:49.688Z
C000653,P004,Birchwood Commons,2025-06-05,R16,138,0,22:59,D09,Northeast,2026-06-25T06:46:29.225Z,2026-06-25T06:46:49.688Z
C000668,P008,Harbor Pointe,2025-03-31,R19,58,0,21:02,D08,Midwest,2026-06-25T06:46:29.225Z,2026-06-25T06:46:49.688Z
C000669,P002,Maple Court,2025-06-25,R11,134,0,14:15,D20,Midwest,2026-06-25T06:46:29.225Z,2026-06-25T06:46:49.688Z
C000684,P005,Lakeview Terrace,2025-03-19,R12,139,0,17:06,D05,Midwest,2026-06-25T06:46:29.225Z,2026-06-25T06:46:49.688Z
C000685,P005,Lakeview Terrace,2025-01-07,R19,112,1,17:38,D08,Midwest,2026-06-25T06:46:29.225Z,2026-06-25T06:46:49.688Z
C000701,P001,Sunset Ridge,2025-05-08,R19,152,0,21:15,D07,West,2026-06-25T06:46:29.225Z,2026-06-25T06:46:49.688Z
C000750,P003,Green Oaks,2025-05-05,R11,57,0,20:55,D15,West,2026-06-25T06:46:29.225Z,2026-06-25T06:46:49.688Z
C000793,P004,Birchwood Commons,2025-03-24,R22,45,1,16:21,D03,Southeast,2026-06-25T06:46:29.225Z,2026-06-25T06:46:49.688Z
C000810,P003,Green Oaks,2025-04-30,R22,83,0,17:56,D10,Midwest,2026-06-25T06:46:29.225Z,2026-06-25T06:46:49.688Z
C000820,P006,Cedar Park,2025-06-25,R21,159,0,14:32,D12,Southeast,2026-06-25T06:46:29.225Z,2026-06-25T06:46:49.688Z
C000821,P008,Harbor Pointe,2025-01-29,R19,45,0,19:23,D06,Southeast,2026-06-25T06:46:29.225Z,2026-06-25T06:46:49.688Z
C000842,P001,Sunset Ridge,2025-02-19,R24,125,0,19:25,D05,West,2026-06-25T06:46:29.225Z,2026-06-25T06:46:49.688Z
C000853,P001,Sunset Ridge,2025-03-08,R12,80,0,21:56,D05,Northeast,2026-06-25T06:46:29.225Z,2026-06-25T06:46:49.688Z
C000890,P002,Maple Court,2025-06-01,R23,79,0,15:21,D06,Southeast,2026-06-25T06:46:29.225Z,2026-06-25T06:46:49.688Z
C000895,P005,Lakeview Terrace,2025-03-15,R19,91,0,17:39,D03,Southeast,2026-06-25T06:46:29.225Z,2026-06-25T06:46:49.688Z
C000909,P006,Cedar Park,2025-03-02,R15,146,0,20:51,D08,West,2026-06-25T06:46:29.225Z,2026-06-25T06:46:49.688Z
C000911,P002,Maple Court,2025-05-06,R15,109,0,20:30,D08,Northeast,2026-06-25T06:46:29.225Z,2026-06-25T06:46:49.688Z
C000951,P007,Willow Creek,2025-06-07,R11,45,0,22:21,D15,Midwest,2026-06-25T06:46:29.225Z,2026-06-25T06:46:49.688Z
C000956,P002,Maple Court,2025-04-01,R22,104,0,14:07,D15,Midwest,2026-06-25T06:46:29.225Z,2026-06-25T06:46:49.688Z
C000958,P005,Lakeview Terrace,2025-06-21,R15,157,0,16:13,D06,Southeast,2026-06-25T06:46:29.225Z,2026-06-25T06:46:49.688Z
C000976,P002,Maple Court,2025-01-17,R19,69,0,15:35,D08,West,2026-06-25T06:46:29.225Z,2026-06-25T06:46:49.688Z
C000981,P003,Green Oaks,2025-06-15,R11,148,0,17:28,D14,Southeast,2026-06-25T06:46:29.225Z,2026-06-25T06:46:49.688Z
C000987,P005,Lakeview Terrace,2025-05-28,R16,91,0,22:55,D10,Northeast,2026-06-25T06:46:29.225Z,2026-06-25T06:46:49.688Z
C000996,P004,Birchwood Commons,2025-03-25,R23,139,0,19:29,D04,Midwest,2026-06-25T06:46:29.225Z,2026-06-25T06:46:49.688Z
C000029,P001,Sunset Ridge,2025-01-13,R11,158,0,17:10,D14,West,2026-06-25T06:46:29.225Z,2026-06-25T06:46:49.688Z
C000057,P007,Willow Creek,2025-03-19,R22,114,0,19:29,D15,West,2026-06-25T06:46:29.225Z,2026-06-25T06:46:49.688Z
C000077,P005,Lakeview Terrace,2025-01-28,R19,126,0,20:25,D07,Southeast,2026-06-25T06:46:29.225Z,2026-06-25T06:46:49.688Z
C000100,P004,Birchwood Commons,2025-06-10,R16,54,0,22:14,D05,Northeast,2026-06-25T06:46:29.225Z,2026-06-25T06:46:49.688Z
C000106,P007,Willow Creek,2025-01-24,R15,81,0,15:54,D06,Northeast,2026-06-25T06:46:29.225Z,2026-06-25T06:46:49.688Z
C000119,P003,Green Oaks,2025-06-19,R17,44,1,16:32,D19,Northeast,2026-06-25T06:46:29.225Z,2026-06-25T06:46:49.688Z
C000161,P001,Sunset Ridge,2025-05-24,R19,158,3,18:01,D06,Northeast,2026-06-25T06:46:29.225Z,2026-06-25T06:46:49.688Z
C000166,P005,Lakeview Terrace,2025-06-05,R13,136,0,22:07,D12,West,2026-06-25T06:46:29.225Z,2026-06-25T06:46:49.688Z
C000189,P002,Maple Court,2025-02-09,R18,138,0,22:53,D17,Southeast,2026-06-25T06:46:29.225Z,2026-06-25T06:46:49.688Z
C000200,P003,Green Oaks,2025-03-07,R18,160,0,22:27,D04,Northeast,2026-06-25T06:46:29.225Z,2026-06-25T06:46:49.688Z
C000208,P001,Sunset Ridge,2025-01-12,R15,159,1,18:32,D13,West,2026-06-25T06:46:29.225Z,2026-06-25T06:46:49.688Z
C000214,P006,Cedar Park,2025-04-25,R19,95,0,18:40,D02,Southeast,2026-06-25T06:46:29.225Z,2026-06-25T06:46:49.688Z
C000215,P006,Cedar Park,2025-06-21,R18,142,0,16:01,D05,West,2026-06-25T06:46:29.225Z,2026-06-25T06:46:49.688Z
C000245,P005,Lakeview Terrace,2025-02-11,R19,83,0,22:53,D17,West,2026-06-25T06:46:29.225Z,2026-06-25T06:46:49.688Z
C000248,P007,Willow Creek,2025-02-13,R12,145,0,17:02,D19,Southeast,2026-06-25T06:46:29.225Z,2026-06-25T06:46:49.688Z
C000265,P007,Willow Creek,2025-02-14,R23,94,0,22:20,D03,West,2026-06-25T06:46:29.225Z,2026-06-25T06:46:49.688Z
C000267,P005,Lakeview Terrace,2025-03-02,R15,78,0,14:16,D12,Midwest,2026-06-25T06:46:29.225Z,2026-06-25T06:46:49.688Z
C000286,P008,Harbor Pointe,2025-06-10,R10,84,0,20:50,D17,Northeast,2026-06-25T06:46:29.225Z,2026-06-25T06:46:49.688Z
C000311,P003,Green Oaks,2025-04-09,R22,128,1,15:32,D12,Southeast,2026-06-25T06:46:29.225Z,2026-06-25T06:46:49.688Z
C000341,P002,Maple Court,2025-06-06,R15,85,0,21:39,D06,Northeast,2026-06-25T06:46:29.225Z,2026-06-25T06:46:49.688Z
C000352,P003,Green Oaks,2025-06-06,R19,57,0,17:52,D07,Southeast,2026-06-25T06:46:29.225Z,2026-06-25T06:46:49.688Z
C000367,P005,Lakeview Terrace,2025-03-22,R12,88,0,16:41,D05,Southeast,2026-06-25T06:46:29.225Z,2026-06-25T06:46:49.688Z
C000386,P006,Cedar Park,2025-03-24,R14,145,0,15:36,D12,Southeast,2026-06-25T06:46:29.225Z,2026-06-25T06:46:49.688Z
C000404,P008,Harbor Pointe,2025-03-26,R10,61,0,20:52,D13,West,2026-06-25T06:46:29.225Z,2026-06-25T06:46:49.688Z
C000427,P001,Sunset Ridge,2025-02-11,R14,42,0,19:16,D04,Southeast,2026-06-25T06:46:29.225Z,2026-06-25T06:46:49.688Z
C000453,P001,Sunset Ridge,2025-06-12,R13,87,2,21:38,D15,Midwest,2026-06-25T06:46:29.225Z,2026-06-25T06:46:49.688Z
C000497,P007,Willow Creek,2025-05-21,R23,70,0,15:29,D15,West,2026-06-25T06:46:29.225Z,2026-06-25T06:46:49.688Z
C000500,P006,Cedar Park,2025-06-17,R15,145,0,14:52,D08,West,2026-06-25T06:46:29.225Z,2026-06-25T06:46:49.688Z
C000518,P008,Harbor Pointe,2025-06-08,R23,68,2,19:48,D19,Midwest,2026-06-25T06:46:29.225Z,2026-06-25T06:46:49.688Z
C000523,P003,Green Oaks,2025-05-14,R16,109,0,22:25,D03,Northeast,2026-06-25T06:46:29.225Z,2026-06-25T06:46:49.688Z
C000533,P002,Maple Court,2025-03-22,R18,40,0,15:48,D19,Southeast,2026-06-25T06:46:29.225Z,2026-06-25T06:46:49.688Z
C000541,P006,Cedar Park,2025-05-29,R15,56,0,17:06,D10,Southeast,2026-06-25T06:46:29.225Z,2026-06-25T06:46:49.688Z
C000552,P005,Lakeview Terrace,2025-05-05,R15,69,0,14:42,D07,Northeast,2026-06-25T06:46:29.225Z,2026-06-25T06:46:49.688Z
C000562,P007,Willow Creek,2025-02-16,R19,112,0,14:56,D10,Southeast,2026-06-25T06:46:29.225Z,2026-06-25T06:46:49.688Z
C000582,P007,Willow Creek,2025-04-01,R19,65,0,22:00,D03,Southeast,2026-06-25T06:46:29.225Z,2026-06-25T06:46:49.688Z
C000596,P008,Harbor Pointe,2025-01-31,R15,128,0,14:00,D07,West,2026-06-25T06:46:29.225Z,2026-06-25T06:46:49.688Z
C000613,P005,Lakeview Terrace,2025-02-28,R17,120,0,16:08,D17,Midwest,2026-06-25T06:46:29.225Z,2026-06-25T06:46:49.688Z
C000624,P001,Sunset Ridge,2025-02-08,R12,53,0,18:17,D05,West,2026-06-25T06:46:29.225Z,2026-06-25T06:46:49.688Z
C000640,P001,Sunset Ridge,2025-05-19,R22,121,0,22:24,D06,Southeast,2026-06-25T06:46:29.225Z,2026-06-25T06:46:49.688Z
C000645,P005,Lakeview Terrace,2025-05-15,R10,86,0,17:38,D03,Southeast,2026-06-25T06:46:29.225Z,2026-06-25T06:46:49.688Z
C000652,P006,Cedar Park,2025-03-22,R23,87,0,20:48,D14,Northeast,2026-06-25T06:46:29.225Z,2026-06-25T06:46:49.688Z
C000704,P005,Lakeview Terrace,2025-02-07,R15,157,2,15:03,D04,West,2026-06-25T06:46:29.225Z,2026-06-25T06:46:49.688Z
C000712,P007,Willow Creek,2025-06-07,R10,82,3,19:35,D07,Southeast,2026-06-25T06:46:29.225Z,2026-06-25T06:46:49.688Z
C000740,P008,Harbor Pointe,2025-01-30,R15,111,0,15:52,D15,Midwest,2026-06-25T06:46:29.225Z,2026-06-25T06:46:49.688Z
C000786,P004,Birchwood Commons,2025-01-10,R17,89,0,15:50,D18,Northeast,2026-06-25T06:46:29.225Z,2026-06-25T06:46:49.688Z
C000787,P008,Harbor Pointe,2025-05-08,R10,44,0,19:03,D11,Southeast,2026-06-25T06:46:29.225Z,2026-06-25T06:46:49.688Z
C000803,P008,Harbor Pointe,2025-03-06,R10,53,0,14:59,D18,Midwest,2026-06-25T06:46:29.225Z,2026-06-25T06:46:49.688Z
C000826,P002,Maple Court,2025-04-26,R13,154,0,21:05,D03,West,2026-06-25T06:46:29.225Z,2026-06-25T06:46:49.688Z
C000828,P001,Sunset Ridge,2025-02-08,R14,93,2,22:59,D05,West,2026-06-25T06:46:29.225Z,2026-06-25T06:46:49.688Z
C000835,P001,Sunset Ridge,2025-02-17,R20,80,0,19:09,D12,West,2026-06-25T06:46:29.225Z,2026-06-25T06:46:49.688Z
C000864,P005,Lakeview Terrace,2025-05-01,R10,48,0,18:42,D01,Southeast,2026-06-25T06:46:29.225Z,2026-06-25T06:46:49.688Z
C000870,P004,Birchwood Commons,2025-04-19,R16,54,0,19:07,D15,Southeast,2026-06-25T06:46:29.225Z,2026-06-25T06:46:49.688Z
C000928,P004,Birchwood Commons,2025-02-03,R19,67,0,18:46,D07,West,2026-06-25T06:46:29.225Z,2026-06-25T06:46:49.688Z
C000965,P008,Harbor Pointe,2025-02-09,R17,100,1,14:55,D15,Midwest,2026-06-25T06:46:29.225Z,2026-06-25T06:46:49.688Z
C000004,P005,Lakeview Terrace,2025-06-28,R12,67,0,19:06,D03,West,2026-06-25T06:46:29.225Z,2026-06-25T06:46:49.688Z
C000017,P005,Lakeview Terrace,2025-05-10,R23,121,2,22:38,D07,Midwest,2026-06-25T06:46:29.225Z,2026-06-25T06:46:49.688Z
C000024,P004,Birchwood Commons,2025-03-26,R14,125,0,21:13,D18,Midwest,2026-06-25T06:46:29.225Z,2026-06-25T06:46:49.688Z
C000030,P007,Willow Creek,2025-05-04,R24,47,0,16:24,D01,West,2026-06-25T06:46:29.225Z,2026-06-25T06:46:49.688Z
C000039,P005,Lakeview Terrace,2025-06-20,R24,124,1,15:56,D05,Northeast,2026-06-25T06:46:29.225Z,2026-06-25T06:46:49.688Z
C000046,P004,Birchwood Commons,2025-06-08,R23,60,1,16:56,D14,Southeast,2026-06-25T06:46:29.225Z,2026-06-25T06:46:49.688Z
C000047,P006,Cedar Park,2025-02-15,R22,159,1,20:51,D08,Northeast,2026-06-25T06:46:29.225Z,2026-06-25T06:46:49.688Z
C000051,P006,Cedar Park,2025-06-23,R10,54,3,18:11,D19,Northeast,2026-06-25T06:46:29.225Z,2026-06-25T06:46:49.688Z
C000069,P006,Cedar Park,2025-05-03,R14,136,0,20:54,D14,Midwest,2026-06-25T06:46:29.225Z,2026-06-25T06:46:49.688Z
C000088,P006,Cedar Park,2025-04-19,R15,129,3,21:17,D10,Northeast,2026-06-25T06:46:29.225Z,2026-06-25T06:46:49.688Z
C000097,P002,Maple Court,2025-06-06,R22,66,3,17:16,D03,Midwest,2026-06-25T06:46:29.225Z,2026-06-25T06:46:49.688Z
C000146,P004,Birchwood Commons,2025-05-31,R15,139,0,16:50,D20,Southeast,2026-06-25T06:46:29.225Z,2026-06-25T06:46:49.688Z
C000155,P007,Willow Creek,2025-04-26,R15,145,2,21:25,D14,Southeast,2026-06-25T06:46:29.225Z,2026-06-25T06:46:49.688Z
C000156,P005,Lakeview Terrace,2025-03-22,R15,59,0,21:04,D03,Southeast,2026-06-25T06:46:29.225Z,2026-06-25T06:46:49.688Z
C000169,P008,Harbor Pointe,2025-03-25,R21,95,0,16:08,D13,Midwest,2026-06-25T06:46:29.225Z,2026-06-25T06:46:49.688Z
C000202,P004,Birchwood Commons,2025-06-02,R21,58,0,18:27,D01,Northeast,2026-06-25T06:46:29.225Z,2026-06-25T06:46:49.688Z
C000222,P005,Lakeview Terrace,2025-05-21,R23,60,0,16:50,D12,Midwest,2026-06-25T06:46:29.225Z,2026-06-25T06:46:49.688Z
C000244,P003,Green Oaks,2025-05-02,R19,154,0,22:08,D11,Northeast,2026-06-25T06:46:29.225Z,2026-06-25T06:46:49.688Z
C000246,P001,Sunset Ridge,2025-05-25,R15,82,0,15:26,D19,Northeast,2026-06-25T06:46:29.225Z,2026-06-25T06:46:49.688Z
C000249,P006,Cedar Park,2025-02-18,R16,59,0,20:44,D07,West,2026-06-25T06:46:29.225Z,2026-06-25T06:46:49.688Z
C000259,P005,Lakeview Terrace,2025-06-16,R15,76,0,14:58,D03,Midwest,2026-06-25T06:46:29.225Z,2026-06-25T06:46:49.688Z
C000262,P002,Maple Court,2025-03-18,R24,82,0,18:29,D18,West,2026-06-25T06:46:29.225Z,2026-06-25T06:46:49.688Z
C000266,P003,Green Oaks,2025-06-21,R17,81,0,17:00,D09,West,2026-06-25T06:46:29.225Z,2026-06-25T06:46:49.688Z
C000271,P002,Maple Court,2025-03-05,R18,97,0,22:45,D12,Southeast,2026-06-25T06:46:29.225Z,2026-06-25T06:46:49.688Z
C000304,P005,Lakeview Terrace,2025-03-03,R23,85,0,18:50,D13,Southeast,2026-06-25T06:46:29.225Z,2026-06-25T06:46:49.688Z
C000313,P008,Harbor Pointe,2025-06-12,R17,69,0,19:35,D13,West,2026-06-25T06:46:29.225Z,2026-06-25T06:46:49.688Z
C000317,P007,Willow Creek,2025-02-03,R17,111,0,22:32,D14,Southeast,2026-06-25T06:46:29.225Z,2026-06-25T06:46:49.688Z
C000323,P007,Willow Creek,2025-03-27,R22,150,1,19:28,D11,West,2026-06-25T06:46:29.225Z,2026-06-25T06:46:49.688Z
C000344,P003,Green Oaks,2025-02-17,R18,61,0,21:18,D05,Midwest,2026-06-25T06:46:29.225Z,2026-06-25T06:46:49.688Z
C000391,P001,Sunset Ridge,2025-06-12,R15,40,1,20:54,D10,Southeast,2026-06-25T06:46:29.225Z,2026-06-25T06:46:49.688Z
C000420,P006,Cedar Park,2025-05-24,R13,125,0,16:24,D10,Northeast,2026-06-25T06:46:29.225Z,2026-06-25T06:46:49.688Z
C000493,P006,Cedar Park,2025-01-12,R10,130,0,22:49,D19,Midwest,2026-06-25T06:46:29.225Z,2026-06-25T06:46:49.688Z
C000561,P001,Sunset Ridge,2025-02-04,R24,113,0,16:03,D06,Northeast,2026-06-25T06:46:29.225Z,2026-06-25T06:46:49.688Z
C000588,P006,Cedar Park,2025-06-23,R16,85,1,22:34,D01,Northeast,2026-06-25T06:46:29.225Z,2026-06-25T06:46:49.688Z
C000598,P006,Cedar Park,2025-03-02,R15,63,0,21:27,D07,West,2026-06-25T06:46:29.225Z,2026-06-25T06:46:49.688Z
C000610,P001,Sunset Ridge,2025-04-16,R12,133,0,17:42,D09,Southeast,2026-06-25T06:46:29.225Z,2026-06-25T06:46:49.688Z
C000616,P007,Willow Creek,2025-06-11,R18,121,1,22:19,D12,West,2026-06-25T06:46:29.225Z,2026-06-25T06:46:49.688Z
C000625,P003,Green Oaks,2025-01-03,R10,103,0,17:21,D14,Northeast,2026-06-25T06:46:29.225Z,2026-06-25T06:46:49.688Z
C000630,P001,Sunset Ridge,2025-03-24,R21,159,0,22:33,D04,Northeast,2026-06-25T06:46:29.225Z,2026-06-25T06:46:49.688Z
C000647,P001,Sunset Ridge,2025-04-05,R23,118,1,18:33,D02,Southeast,2026-06-25T06:46:29.225Z,2026-06-25T06:46:49.688Z
C000660,P007,Willow Creek,2025-03-31,R16,159,2,15:55,D08,Southeast,2026-06-25T06:46:29.225Z,2026-06-25T06:46:49.688Z
C000663,P007,Willow Creek,2025-02-26,R12,56,0,19:05,D16,Southeast,2026-06-25T06:46:29.225Z,2026-06-25T06:46:49.688Z
C000676,P005,Lakeview Terrace,2025-01-11,R15,102,0,20:47,D06,Southeast,2026-06-25T06:46:29.225Z,2026-06-25T06:46:49.688Z
C000686,P002,Maple Court,2025-06-25,R21,139,0,21:08,D17,West,2026-06-25T06:46:29.225Z,2026-06-25T06:46:49.688Z
C000688,P001,Sunset Ridge,2025-01-09,R24,74,0,20:14,D07,Midwest,2026-06-25T06:46:29.225Z,2026-06-25T06:46:49.688Z
C000702,P002,Maple Court,2025-04-27,R19,116,0,14:15,D18,Northeast,2026-06-25T06:46:29.225Z,2026-06-25T06:46:49.688Z
C000709,P005,Lakeview Terrace,2025-05-04,R16,117,1,19:16,D17,Northeast,2026-06-25T06:46:29.225Z,2026-06-25T06:46:49.688Z
C000719,P003,Green Oaks,2025-05-27,R19,54,0,18:45,D11,Southeast,2026-06-25T06:46:29.225Z,2026-06-25T06:46:49.688Z
C000725,P002,Maple Court,2025-01-12,R15,99,0,14:06,D17,Northeast,2026-06-25T06:46:29.225Z,2026-06-25T06:46:49.688Z
C000726,P005,Lakeview Terrace,2025-01-06,R20,154,0,17:20,D07,Midwest,2026-06-25T06:46:29.225Z,2026-06-25T06:46:49.688Z
C000743,P007,Willow Creek,2025-04-26,R19,113,0,21:12,D07,Northeast,2026-06-25T06:46:29.225Z,2026-06-25T06:46:49.688Z
C000763,P003,Green Oaks,2025-06-02,R23,103,2,20:49,D13,Midwest,2026-06-25T06:46:29.225Z,2026-06-25T06:46:49.688Z
C000789,P003,Green Oaks,2025-01-19,R17,123,0,14:30,D20,Southeast,2026-06-25T06:46:29.225Z,2026-06-25T06:46:49.688Z
C000792,P007,Willow Creek,2025-01-17,R15,143,1,20:20,D04,Midwest,2026-06-25T06:46:29.225Z,2026-06-25T06:46:49.688Z
C000860,P006,Cedar Park,2025-05-03,R12,144,0,21:56,D20,Northeast,2026-06-25T06:46:29.225Z,2026-06-25T06:46:49.688Z
C000863,P007,Willow Creek,2025-01-05,R10,65,1,15:02,D17,Southeast,2026-06-25T06:46:29.225Z,2026-06-25T06:46:49.688Z
C000878,P003,Green Oaks,2025-05-05,R22,98,0,15:07,D09,West,2026-06-25T06:46:29.225Z,2026-06-25T06:46:49.688Z
C000959,P002,Maple Court,2025-06-04,R16,108,0,14:00,D13,Southeast,2026-06-25T06:46:29.225Z,2026-06-25T06:46:49.688Z
C000019,P004,Birchwood Commons,2025-03-20,R24,112,0,15:05,D16,Southeast,2026-06-25T06:46:29.225Z,2026-06-25T06:46:49.688Z
C000058,P008,Harbor Pointe,2025-06-22,R22,155,0,16:42,D03,Northeast,2026-06-25T06:46:29.225Z,2026-06-25T06:46:49.688Z
C000086,P008,Harbor Pointe,2025-06-26,R17,141,0,14:05,D10,Midwest,2026-06-25T06:46:29.225Z,2026-06-25T06:46:49.688Z
C000090,P005,Lakeview Terrace,2025-02-25,R21,115,1,22:38,D10,Southeast,2026-06-25T06:46:29.225Z,2026-06-25T06:46:49.688Z
C000095,P005,Lakeview Terrace,2025-02-08,R11,71,1,15:35,D14,Midwest,2026-06-25T06:46:29.225Z,2026-06-25T06:46:49.688Z
C000102,P007,Willow Creek,2025-06-26,R14,104,0,22:31,D15,Southeast,2026-06-25T06:46:29.225Z,2026-06-25T06:46:49.688Z
C000128,P003,Green Oaks,2025-04-30,R11,96,2,19:37,D10,West,2026-06-25T06:46:29.225Z,2026-06-25T06:46:49.688Z
C000157,P006,Cedar Park,2025-01-24,R22,56,0,22:03,D19,Northeast,2026-06-25T06:46:29.225Z,2026-06-25T06:46:49.688Z
C000186,P007,Willow Creek,2025-03-31,R12,116,0,15:19,D18,West,2026-06-25T06:46:29.225Z,2026-06-25T06:46:49.688Z
C000192,P004,Birchwood Commons,2025-04-25,R14,143,0,21:57,D07,Northeast,2026-06-25T06:46:29.225Z,2026-06-25T06:46:49.688Z
C000203,P003,Green Oaks,2025-03-03,R20,125,0,15:33,D12,Southeast,2026-06-25T06:46:29.225Z,2026-06-25T06:46:49.688Z
C000250,P008,Harbor Pointe,2025-05-09,R23,148,1,14:45,D05,Midwest,2026-06-25T06:46:29.225Z,2026-06-25T06:46:49.688Z
C000289,P007,Willow Creek,2025-05-24,R18,107,0,16:24,D08,Northeast,2026-06-25T06:46:29.225Z,2026-06-25T06:46:49.688Z
C000307,P007,Willow Creek,2025-01-22,R20,140,0,19:36,D04,Southeast,2026-06-25T06:46:29.225Z,2026-06-25T06:46:49.688Z
C000309,P006,Cedar Park,2025-02-15,R10,66,2,16:48,D13,Southeast,2026-06-25T06:46:29.225Z,2026-06-25T06:46:49.688Z
C000343,P007,Willow Creek,2025-04-06,R16,116,0,16:36,D13,West,2026-06-25T06:46:29.225Z,2026-06-25T06:46:49.688Z
C000363,P003,Green Oaks,2025-06-20,R10,90,2,18:46,D08,West,2026-06-25T06:46:29.225Z,2026-06-25T06:46:49.688Z
C000379,P007,Willow Creek,2025-03-04,R11,98,0,14:19,D06,Southeast,2026-06-25T06:46:29.225Z,2026-06-25T06:46:49.688Z
C000392,P004,Birchwood Commons,2025-02-22,R16,102,0,14:09,D09,Southeast,2026-06-25T06:46:29.225Z,2026-06-25T06:46:49.688Z
C000407,P008,Harbor Pointe,2025-04-16,R10,51,2,18:24,D05,West,2026-06-25T06:46:29.225Z,2026-06-25T06:46:49.688Z
C000449,P002,Maple Court,2025-04-17,R13,96,0,17:58,D14,West,2026-06-25T06:46:29.225Z,2026-06-25T06:46:49.688Z
C000461,P004,Birchwood Commons,2025-02-08,R24,47,0,20:42,D11,Midwest,2026-06-25T06:46:29.225Z,2026-06-25T06:46:49.688Z
C000492,P003,Green Oaks,2025-04-02,R17,157,0,21:07,D14,West,2026-06-25T06:46:29.225Z,2026-06-25T06:46:49.688Z
C000504,P007,Willow Creek,2025-02-18,R13,98,0,17:45,D11,Southeast,2026-06-25T06:46:29.225Z,2026-06-25T06:46:49.688Z
C000510,P006,Cedar Park,2025-06-29,R21,134,0,22:40,D07,Midwest,2026-06-25T06:46:29.225Z,2026-06-25T06:46:49.688Z
C000522,P006,Cedar Park,2025-05-06,R11,140,1,19:33,D08,Midwest,2026-06-25T06:46:29.225Z,2026-06-25T06:46:49.688Z
C000549,P005,Lakeview Terrace,2025-05-31,R12,99,1,22:32,D03,West,2026-06-25T06:46:29.225Z,2026-06-25T06:46:49.688Z
C000563,P008,Harbor Pointe,2025-02-25,R23,101,0,16:14,D14,Midwest,2026-06-25T06:46:29.225Z,2026-06-25T06:46:49.688Z
C000618,P003,Green Oaks,2025-03-19,R15,76,0,21:34,D01,West,2026-06-25T06:46:29.225Z,2026-06-25T06:46:49.688Z
C000642,P008,Harbor Pointe,2025-02-18,R22,110,0,16:39,D10,Northeast,2026-06-25T06:46:29.225Z,2026-06-25T06:46:49.688Z
C000649,P004,Birchwood Commons,2025-02-18,R19,120,0,16:35,D18,West,2026-06-25T06:46:29.225Z,2026-06-25T06:46:49.688Z
C000651,P006,Cedar Park,2025-02-16,R20,60,0,22:38,D15,Northeast,2026-06-25T06:46:29.225Z,2026-06-25T06:46:49.688Z
C000670,P002,Maple Court,2025-03-15,R14,97,0,21:01,D11,Midwest,2026-06-25T06:46:29.225Z,2026-06-25T06:46:49.688Z
C000682,P003,Green Oaks,2025-04-21,R20,159,3,16:20,D03,Southeast,2026-06-25T06:46:29.225Z,2026-06-25T06:46:49.688Z
C000700,P003,Green Oaks,2025-06-10,R13,40,0,18:00,D15,West,2026-06-25T06:46:29.225Z,2026-06-25T06:46:49.688Z
C000707,P008,Harbor Pointe,2025-05-21,R12,55,0,18:21,D17,West,2026-06-25T06:46:29.225Z,2026-06-25T06:46:49.688Z
C000731,P003,Green Oaks,2025-01-23,R21,116,0,21:39,D12,Northeast,2026-06-25T06:46:29.225Z,2026-06-25T06:46:49.688Z
C000753,P006,Cedar Park,2025-04-16,R10,44,2,21:45,D12,Southeast,2026-06-25T06:46:29.225Z,2026-06-25T06:46:49.688Z
C000770,P003,Green Oaks,2025-05-14,R15,110,0,14:43,D01,Southeast,2026-06-25T06:46:29.225Z,2026-06-25T06:46:49.688Z
C000774,P002,Maple Court,2025-03-06,R20,98,0,18:49,D14,Northeast,2026-06-25T06:46:29.225Z,2026-06-25T06:46:49.688Z
C000781,P002,Maple Court,2025-04-22,R18,68,0,14:24,D16,Southeast,2026-06-25T06:46:29.225Z,2026-06-25T06:46:49.688Z
C000791,P002,Maple Court,2025-04-27,R23,144,0,15:07,D16,Midwest,2026-06-25T06:46:29.225Z,2026-06-25T06:46:49.688Z
C000809,P001,Sunset Ridge,2025-02-21,R21,112,0,14:17,D05,Southeast,2026-06-25T06:46:29.225Z,2026-06-25T06:46:49.688Z
C000815,P002,Maple Court,2025-05-03,R17,103,1,17:05,D18,Southeast,2026-06-25T06:46:29.225Z,2026-06-25T06:46:49.688Z
C000824,P005,Lakeview Terrace,2025-05-09,R10,48,0,19:22,D15,West,2026-06-25T06:46:29.225Z,2026-06-25T06:46:49.688Z
C000875,P007,Willow Creek,2025-01-31,R21,115,0,15:47,D06,Southeast,2026-06-25T06:46:29.225Z,2026-06-25T06:46:49.688Z
C000899,P003,Green Oaks,2025-01-05,R19,103,0,17:42,D15,Northeast,2026-06-25T06:46:29.225Z,2026-06-25T06:46:49.688Z
C000915,P007,Willow Creek,2025-04-10,R24,157,0,18:19,D03,Midwest,2026-06-25T06:46:29.225Z,2026-06-25T06:46:49.688Z
C000926,P007,Willow Creek,2025-05-26,R22,157,0,21:52,D16,Southeast,2026-06-25T06:46:29.225Z,2026-06-25T06:46:49.688Z
C000927,P004,Birchwood Commons,2025-02-27,R23,144,1,18:18,D16,West,2026-06-25T06:46:29.225Z,2026-06-25T06:46:49.688Z
C000938,P001,Sunset Ridge,2025-01-14,R13,63,0,14:30,D09,Midwest,2026-06-25T06:46:29.225Z,2026-06-25T06:46:49.688Z
C000950,P008,Harbor Pointe,2025-04-25,R14,112,2,20:05,D14,Northeast,2026-06-25T06:46:29.225Z,2026-06-25T06:46:49.688Z
C000969,P008,Harbor Pointe,2025-06-15,R11,103,0,19:28,D14,Southeast,2026-06-25T06:46:29.225Z,2026-06-25T06:46:49.688Z
C000970,P004,Birchwood Commons,2025-02-11,R17,84,0,21:14,D17,Midwest,2026-06-25T06:46:29.225Z,2026-06-25T06:46:49.688Z
C000971,P006,Cedar Park,2025-05-31,R24,117,2,21:08,D10,West,2026-06-25T06:46:29.225Z,2026-06-25T06:46:49.688Z
C000985,P001,Sunset Ridge,2025-01-08,R21,143,0,22:04,D03,Northeast,2026-06-25T06:46:29.225Z,2026-06-25T06:46:49.688Z
C000995,P003,Green Oaks,2025-03-31,R21,88,0,22:47,D08,Southeast,2026-06-25T06:46:29.225Z,2026-06-25T06:46:49.688Z
C000999,P007,Willow Creek,2025-03-09,R17,128,0,21:46,D14,Midwest,2026-06-25T06:46:29.225Z,2026-06-25T06:46:49.688Z
C000052,P007,Willow Creek,2025-01-10,R15,133,0,19:27,D20,Southeast,2026-06-25T06:46:29.225Z,2026-06-25T06:46:49.688Z
C000053,P004,Birchwood Commons,2025-04-09,R14,45,2,20:00,D17,Midwest,2026-06-25T06:46:29.225Z,2026-06-25T06:46:49.688Z
C000075,P003,Green Oaks,2025-02-21,R13,56,1,21:42,D04,Midwest,2026-06-25T06:46:29.225Z,2026-06-25T06:46:49.688Z
C000084,P004,Birchwood Commons,2025-03-25,R15,142,0,18:21,D09,Northeast,2026-06-25T06:46:29.225Z,2026-06-25T06:46:49.688Z
C000129,P005,Lakeview Terrace,2025-06-26,R13,89,0,21:06,D08,West,2026-06-25T06:46:29.225Z,2026-06-25T06:46:49.688Z
C000131,P001,Sunset Ridge,2025-01-03,R24,117,0,21:53,D10,Midwest,2026-06-25T06:46:29.225Z,2026-06-25T06:46:49.688Z
C000145,P004,Birchwood Commons,2025-01-13,R12,140,1,17:04,D18,Midwest,2026-06-25T06:46:29.225Z,2026-06-25T06:46:49.688Z
C000182,P006,Cedar Park,2025-04-26,R21,50,0,22:41,D06,Southeast,2026-06-25T06:46:29.225Z,2026-06-25T06:46:49.688Z
C000185,P007,Willow Creek,2025-03-26,R14,72,0,16:21,D03,Midwest,2026-06-25T06:46:29.225Z,2026-06-25T06:46:49.688Z
C000219,P002,Maple Court,2025-05-08,R14,139,0,18:45,D15,Midwest,2026-06-25T06:46:29.225Z,2026-06-25T06:46:49.688Z
C000220,P008,Harbor Pointe,2025-06-06,R13,55,0,16:54,D03,West,2026-06-25T06:46:29.225Z,2026-06-25T06:46:49.688Z
C000232,P005,Lakeview Terrace,2025-06-10,R17,71,0,20:19,D15,Southeast,2026-06-25T06:46:29.225Z,2026-06-25T06:46:49.688Z
C000261,P003,Green Oaks,2025-04-12,R24,135,1,18:56,D02,Southeast,2026-06-25T06:46:29.225Z,2026-06-25T06:46:49.688Z
C000287,P003,Green Oaks,2025-06-28,R14,88,0,16:48,D18,West,2026-06-25T06:46:29.225Z,2026-06-25T06:46:49.688Z
C000288,P005,Lakeview Terrace,2025-03-03,R23,130,1,16:51,D15,Southeast,2026-06-25T06:46:29.225Z,2026-06-25T06:46:49.688Z
C000294,P006,Cedar Park,2025-04-08,R14,73,0,19:32,D16,West,2026-06-25T06:46:29.225Z,2026-06-25T06:46:49.688Z
C000298,P008,Harbor Pointe,2025-03-07,R21,122,1,21:29,D06,Northeast,2026-06-25T06:46:29.225Z,2026-06-25T06:46:49.688Z
C000316,P001,Sunset Ridge,2025-04-03,R14,96,0,19:48,D09,Southeast,2026-06-25T06:46:29.225Z,2026-06-25T06:46:49.688Z
C000327,P001,Sunset Ridge,2025-06-24,R21,99,1,17:28,D10,Southeast,2026-06-25T06:46:29.225Z,2026-06-25T06:46:49.688Z
C000331,P007,Willow Creek,2025-06-15,R22,82,0,20:06,D01,Southeast,2026-06-25T06:46:29.225Z,2026-06-25T06:46:49.688Z
C000334,P006,Cedar Park,2025-02-06,R17,140,0,17:33,D16,Northeast,2026-06-25T06:46:29.225Z,2026-06-25T06:46:49.688Z
C000347,P001,Sunset Ridge,2025-02-12,R22,137,0,17:18,D02,Northeast,2026-06-25T06:46:29.225Z,2026-06-25T06:46:49.688Z
C000360,P008,Harbor Pointe,2025-05-21,R22,83,0,14:02,D04,West,2026-06-25T06:46:29.225Z,2026-06-25T06:46:49.688Z
C000378,P002,Maple Court,2025-04-11,R14,129,0,20:46,D08,Southeast,2026-06-25T06:46:29.225Z,2026-06-25T06:46:49.688Z
C000416,P003,Green Oaks,2025-02-03,R24,142,0,19:03,D01,Midwest,2026-06-25T06:46:29.225Z,2026-06-25T06:46:49.688Z
C000425,P008,Harbor Pointe,2025-01-01,R21,93,0,16:56,D14,West,2026-06-25T06:46:29.225Z,2026-06-25T06:46:49.688Z
C000431,P004,Birchwood Commons,2025-06-19,R11,46,0,20:36,D18,West,2026-06-25T06:46:29.225Z,2026-06-25T06:46:49.688Z
C000437,P007,Willow Creek,2025-06-21,R22,115,0,17:35,D02,West,2026-06-25T06:46:29.225Z,2026-06-25T06:46:49.688Z
C000450,P001,Sunset Ridge,2025-05-13,R18,141,2,16:04,D10,West,2026-06-25T06:46:29.225Z,2026-06-25T06:46:49.688Z
C000476,P006,Cedar Park,2025-05-14,R16,153,0,16:21,D16,Northeast,2026-06-25T06:46:29.225Z,2026-06-25T06:46:49.688Z
C000509,P006,Cedar Park,2025-03-12,R14,97,0,16:08,D14,Northeast,2026-06-25T06:46:29.225Z,2026-06-25T06:46:49.688Z
C000520,P005,Lakeview Terrace,2025-04-07,R18,73,0,16:10,D19,Northeast,2026-06-25T06:46:29.225Z,2026-06-25T06:46:49.688Z
C000524,P006,Cedar Park,2025-02-26,R15,86,2,18:13,D20,West,2026-06-25T06:46:29.225Z,2026-06-25T06:46:49.688Z
C000525,P001,Sunset Ridge,2025-05-24,R11,125,1,19:28,D08,Midwest,2026-06-25T06:46:29.225Z,2026-06-25T06:46:49.688Z
C000534,P006,Cedar Park,2025-06-29,R24,104,1,15:18,D10,Southeast,2026-06-25T06:46:29.225Z,2026-06-25T06:46:49.688Z
C000540,P002,Maple Court,2025-05-21,R14,125,0,15:16,D04,Midwest,2026-06-25T06:46:29.225Z,2026-06-25T06:46:49.688Z
C000566,P007,Willow Creek,2025-02-21,R23,59,0,15:11,D16,Southeast,2026-06-25T06:46:29.225Z,2026-06-25T06:46:49.688Z
C000590,P004,Birchwood Commons,2025-05-02,R24,113,0,18:11,D07,West,2026-06-25T06:46:29.225Z,2026-06-25T06:46:49.688Z
C000602,P006,Cedar Park,2025-02-04,R22,102,3,18:16,D18,Southeast,2026-06-25T06:46:29.225Z,2026-06-25T06:46:49.688Z
C000638,P004,Birchwood Commons,2025-05-19,R19,63,0,22:22,D11,West,2026-06-25T06:46:29.225Z,2026-06-25T06:46:49.688Z
C000648,P004,Birchwood Commons,2025-03-19,R18,52,0,15:46,D08,West,2026-06-25T06:46:29.225Z,2026-06-25T06:46:49.688Z
C000654,P007,Willow Creek,2025-04-26,R10,132,0,14:18,D20,Southeast,2026-06-25T06:46:29.225Z,2026-06-25T06:46:49.688Z
C000656,P003,Green Oaks,2025-06-26,R11,44,1,21:22,D05,Midwest,2026-06-25T06:46:29.225Z,2026-06-25T06:46:49.688Z
C000678,P007,Willow Creek,2025-06-10,R24,144,0,14:35,D09,Midwest,2026-06-25T06:46:29.225Z,2026-06-25T06:46:49.688Z
C000691,P001,Sunset Ridge,2025-06-06,R18,53,2,21:29,D02,Midwest,2026-06-25T06:46:29.225Z,2026-06-25T06:46:49.688Z
C000727,P006,Cedar Park,2025-03-15,R22,96,0,15:17,D05,Midwest,2026-06-25T06:46:29.225Z,2026-06-25T06:46:49.688Z
C000739,P006,Cedar Park,2025-04-22,R18,128,0,17:11,D03,West,2026-06-25T06:46:29.225Z,2026-06-25T06:46:49.688Z
C000768,P007,Willow Creek,2025-05-17,R19,157,0,18:21,D09,Northeast,2026-06-25T06:46:29.225Z,2026-06-25T06:46:49.688Z
C000790,P003,Green Oaks,2025-03-04,R10,62,1,14:57,D10,Southeast,2026-06-25T06:46:29.225Z,2026-06-25T06:46:49.688Z
C000802,P001,Sunset Ridge,2025-05-08,R10,122,0,19:18,D07,West,2026-06-25T06:46:29.225Z,2026-06-25T06:46:49.688Z
C000804,P008,Harbor Pointe,2025-02-10,R18,54,1,15:57,D08,West,2026-06-25T06:46:29.225Z,2026-06-25T06:46:49.688Z
C000811,P003,Green Oaks,2025-06-13,R19,110,3,17:05,D14,West,2026-06-25T06:46:29.225Z,2026-06-25T06:46:49.688Z
C000814,P001,Sunset Ridge,2025-04-17,R17,133,3,22:02,D14,West,2026-06-25T06:46:29.225Z,2026-06-25T06:46:49.688Z
C000844,P008,Harbor Pointe,2025-02-25,R21,93,1,21:18,D06,West,2026-06-25T06:46:29.225Z,2026-06-25T06:46:49.688Z
C000867,P002,Maple Court,2025-05-10,R23,114,0,14:33,D07,Midwest,2026-06-25T06:46:29.225Z,2026-06-25T06:46:49.688Z
C000869,P003,Green Oaks,2025-04-04,R17,126,0,15:11,D12,West,2026-06-25T06:46:29.225Z,2026-06-25T06:46:49.688Z
C000891,P008,Harbor Pointe,2025-05-18,R20,150,0,20:36,D17,West,2026-06-25T06:46:29.225Z,2026-06-25T06:46:49.688Z
C000903,P004,Birchwood Commons,2025-03-07,R16,70,0,15:09,D07,Southeast,2026-06-25T06:46:29.225Z,2026-06-25T06:46:49.688Z
C000949,P006,Cedar Park,2025-06-25,R20,52,0,19:32,D07,West,2026-06-25T06:46:29.225Z,2026-06-25T06:46:49.688Z
C000952,P003,Green Oaks,2025-06-15,R24,103,0,22:40,D17,Southeast,2026-06-25T06:46:29.225Z,2026-06-25T06:46:49.688Z
C000982,P008,Harbor Pointe,2025-03-04,R15,76,1,22:10,D03,Northeast,2026-06-25T06:46:29.225Z,2026-06-25T06:46:49.688Z
C000984,P007,Willow Creek,2025-02-28,R16,157,0,20:57,D15,Northeast,2026-06-25T06:46:29.225Z,2026-06-25T06:46:49.688Z
C003003,P007,Willow Creek,2025-04-15,R19,82,0,21:09,D10,Southeast,2026-06-25T06:46:29.225Z,2026-06-25T06:46:49.688Z
C003018,P006,Cedar Park,2025-01-04,R24,79,1,15:34,D09,Southeast,2026-06-25T06:46:29.225Z,2026-06-25T06:46:49.688Z
C003019,P003,Green Oaks,2025-03-05,R12,50,0,22:01,D07,West,2026-06-25T06:46:29.225Z,2026-06-25T06:46:49.688Z
C003036,P008,Harbor Pointe,2025-01-05,R23,111,0,21:00,D07,West,2026-06-25T06:46:29.225Z,2026-06-25T06:46:49.688Z
C003057,P002,Maple Court,2025-04-28,R22,122,0,22:40,D19,West,2026-06-25T06:46:29.225Z,2026-06-25T06:46:49.688Z
C003070,P003,Green Oaks,2025-05-07,R24,117,0,14:51,D16,Northeast,2026-06-25T06:46:29.225Z,2026-06-25T06:46:49.688Z
C003080,P001,Sunset Ridge,2025-04-21,R23,45,1,17:45,D13,Midwest,2026-06-25T06:46:29.225Z,2026-06-25T06:46:49.688Z
C003146,P006,Cedar Park,2025-03-09,R18,108,0,17:06,D03,Northeast,2026-06-25T06:46:29.225Z,2026-06-25T06:46:49.688Z
C003164,P008,Harbor Pointe,2025-05-24,R22,97,0,18:01,D05,Midwest,2026-06-25T06:46:29.225Z,2026-06-25T06:46:49.688Z
C003191,P004,Birchwood Commons,2025-02-06,R13,158,2,15:23,D09,Midwest,2026-06-25T06:46:29.225Z,2026-06-25T06:46:49.688Z
C003205,P008,Harbor Pointe,2025-03-05,R20,125,0,21:40,D08,Northeast,2026-06-25T06:46:29.225Z,2026-06-25T06:46:49.688Z
C003209,P007,Willow Creek,2025-06-13,R16,78,0,15:17,D16,Northeast,2026-06-25T06:46:29.225Z,2026-06-25T06:46:49.688Z
C003210,P006,Cedar Park,2025-02-26,R12,76,0,21:49,D09,West,2026-06-25T06:46:29.225Z,2026-06-25T06:46:49.688Z
C003213,P003,Green Oaks,2025-05-07,R14,53,2,19:30,D03,Midwest,2026-06-25T06:46:29.225Z,2026-06-25T06:46:49.688Z
C003220,P008,Harbor Pointe,2025-02-03,R21,61,0,14:06,D09,West,2026-06-25T06:46:29.225Z,2026-06-25T06:46:49.688Z
C003222,P002,Maple Court,2025-01-31,R14,90,0,17:37,D10,West,2026-06-25T06:46:29.225Z,2026-06-25T06:46:49.688Z
C003225,P005,Lakeview Terrace,2025-01-03,R18,148,0,15:42,D04,Midwest,2026-06-25T06:46:29.225Z,2026-06-25T06:46:49.688Z
C003237,P006,Cedar Park,2025-05-09,R14,110,2,18:56,D05,Southeast,2026-06-25T06:46:29.225Z,2026-06-25T06:46:49.688Z
C003259,P003,Green Oaks,2025-05-05,R10,100,0,20:10,D07,Southeast,2026-06-25T06:46:29.225Z,2026-06-25T06:46:49.688Z
C003285,P006,Cedar Park,2025-03-20,R15,71,0,20:38,D04,Northeast,2026-06-25T06:46:29.225Z,2026-06-25T06:46:49.688Z
C003317,P003,Green Oaks,2025-03-29,R10,52,2,15:49,D09,Southeast,2026-06-25T06:46:29.225Z,2026-06-25T06:46:49.688Z
C003328,P006,Cedar Park,2025-03-19,R24,40,0,16:09,D07,Northeast,2026-06-25T06:46:29.225Z,2026-06-25T06:46:49.688Z
C003331,P003,Green Oaks,2025-02-28,R11,77,0,21:35,D05,Midwest,2026-06-25T06:46:29.225Z,2026-06-25T06:46:49.688Z
C003349,P004,Birchwood Commons,2025-06-05,R17,129,0,15:27,D03,Southeast,2026-06-25T06:46:29.225Z,2026-06-25T06:46:49.688Z
C003385,P001,Sunset Ridge,2025-06-16,R24,122,0,17:15,D11,West,2026-06-25T06:46:29.225Z,2026-06-25T06:46:49.688Z
C003399,P003,Green Oaks,2025-04-12,R20,107,2,22:51,D07,West,2026-06-25T06:46:29.225Z,2026-06-25T06:46:49.688Z
C003411,P001,Sunset Ridge,2025-06-13,R20,69,0,14:49,D05,Midwest,2026-06-25T06:46:29.225Z,2026-06-25T06:46:49.688Z
C003426,P005,Lakeview Terrace,2025-01-02,R13,60,2,20:49,D20,Midwest,2026-06-25T06:46:29.225Z,2026-06-25T06:46:49.688Z
C003462,P008,Harbor Pointe,2025-02-05,R17,40,0,21:41,D10,Northeast,2026-06-25T06:46:29.225Z,2026-06-25T06:46:49.688Z
C003466,P007,Willow Creek,2025-02-13,R17,137,0,20:03,D08,Southeast,2026-06-25T06:46:29.225Z,2026-06-25T06:46:49.688Z
C003473,P002,Maple Court,2025-06-22,R21,139,0,20:14,D14,Southeast,2026-06-25T06:46:29.225Z,2026-06-25T06:46:49.688Z
C003478,P008,Harbor Pointe,2025-01-27,R10,107,0,19:05,D04,Southeast,2026-06-25T06:46:29.225Z,2026-06-25T06:46:49.688Z
C003482,P004,Birchwood Commons,2025-02-06,R19,85,1,20:06,D05,West,2026-06-25T06:46:29.225Z,2026-06-25T06:46:49.688Z
C003492,P004,Birchwood Commons,2025-06-24,R16,133,0,17:44,D03,Northeast,2026-06-25T06:46:29.225Z,2026-06-25T06:46:49.688Z
C003503,P007,Willow Creek,2025-02-15,R11,93,1,18:38,D14,Midwest,2026-06-25T06:46:29.225Z,2026-06-25T06:46:49.688Z
C003507,P002,Maple Court,2025-06-26,R22,147,0,17:04,D16,Northeast,2026-06-25T06:46:29.225Z,2026-06-25T06:46:49.688Z
C003528,P007,Willow Creek,2025-06-21,R20,48,1,19:26,D09,Southeast,2026-06-25T06:46:29.225Z,2026-06-25T06:46:49.688Z
C003538,P005,Lakeview Terrace,2025-04-15,R20,106,0,22:38,D08,Midwest,2026-06-25T06:46:29.225Z,2026-06-25T06:46:49.688Z
C003539,P006,Cedar Park,2025-03-07,R11,160,0,22:24,D14,Northeast,2026-06-25T06:46:29.225Z,2026-06-25T06:46:49.688Z
C003577,P003,Green Oaks,2025-04-06,R13,135,0,18:46,D09,Northeast,2026-06-25T06:46:29.225Z,2026-06-25T06:46:49.688Z
C003578,P006,Cedar Park,2025-03-04,R20,124,0,20:23,D08,Northeast,2026-06-25T06:46:29.225Z,2026-06-25T06:46:49.688Z
C003619,P003,Green Oaks,2025-06-07,R14,143,0,17:35,D15,Southeast,2026-06-25T06:46:29.225Z,2026-06-25T06:46:49.688Z
C003624,P006,Cedar Park,2025-06-27,R10,131,3,14:16,D03,Northeast,2026-06-25T06:46:29.225Z,2026-06-25T06:46:49.688Z
C003638,P003,Green Oaks,2025-01-29,R13,87,0,17:02,D14,Northeast,2026-06-25T06:46:29.225Z,2026-06-25T06:46:49.688Z
C003712,P001,Sunset Ridge,2025-01-25,R14,109,0,22:54,D17,West,2026-06-25T06:46:29.225Z,2026-06-25T06:46:49.688Z
C003713,P005,Lakeview Terrace,2025-05-24,R11,104,0,20:52,D19,Midwest,2026-06-25T06:46:29.225Z,2026-06-25T06:46:49.688Z
C003727,P002,Maple Court,2025-01-13,R12,156,2,22:15,D07,Southeast,2026-06-25T06:46:29.225Z,2026-06-25T06:46:49.688Z
C003749,P001,Sunset Ridge,2025-06-21,R17,137,1,17:22,D04,Midwest,2026-06-25T06:46:29.225Z,2026-06-25T06:46:49.688Z
C003782,P002,Maple Court,2025-06-04,R14,116,0,16:01,D15,Northeast,2026-06-25T06:46:29.225Z,2026-06-25T06:46:49.688Z
C003803,P008,Harbor Pointe,2025-04-21,R16,48,0,18:19,D05,West,2026-06-25T06:46:29.225Z,2026-06-25T06:46:49.688Z
C003835,P006,Cedar Park,2025-04-13,R11,122,0,18:22,D10,Midwest,2026-06-25T06:46:29.225Z,2026-06-25T06:46:49.688Z
C003840,P008,Harbor Pointe,2025-05-09,R13,115,0,16:01,D02,Midwest,2026-06-25T06:46:29.225Z,2026-06-25T06:46:49.688Z
C003846,P007,Willow Creek,2025-05-26,R20,98,1,17:33,D17,West,2026-06-25T06:46:29.225Z,2026-06-25T06:46:49.688Z
C003866,P003,Green Oaks,2025-06-18,R24,78,0,21:26,D18,Midwest,2026-06-25T06:46:29.225Z,2026-06-25T06:46:49.688Z
C003900,P008,Harbor Pointe,2025-02-28,R19,56,1,15:56,D04,West,2026-06-25T06:46:29.225Z,2026-06-25T06:46:49.688Z
C003970,P007,Willow Creek,2025-02-21,R10,40,0,22:12,D09,West,2026-06-25T06:46:29.225Z,2026-06-25T06:46:49.688Z
C003975,P006,Cedar Park,2025-05-19,R24,146,2,16:32,D12,West,2026-06-25T06:46:29.225Z,2026-06-25T06:46:49.688Z
C003989,P003,Green Oaks,2025-06-24,R13,51,1,16:59,D13,Northeast,2026-06-25T06:46:29.225Z,2026-06-25T06:46:49.688Z
C003992,P008,Harbor Pointe,2025-03-04,R11,77,0,20:50,D20,Northeast,2026-06-25T06:46:29.225Z,2026-06-25T06:46:49.688Z
C003029,P008,Harbor Pointe,2025-01-09,R22,127,0,16:09,D01,Northeast,2026-06-25T06:46:29.225Z,2026-06-25T06:46:49.688Z
C003084,P005,Lakeview Terrace,2025-06-03,R19,156,1,22:27,D02,Northeast,2026-06-25T06:46:29.225Z,2026-06-25T06:46:49.688Z
C003107,P001,Sunset Ridge,2025-06-27,R18,118,0,22:14,D01,Northeast,2026-06-25T06:46:29.225Z,2026-06-25T06:46:49.688Z
C003119,P003,Green Oaks,2025-01-01,R23,117,0,19:50,D17,West,2026-06-25T06:46:29.225Z,2026-06-25T06:46:49.688Z
C003122,P003,Green Oaks,2025-06-09,R17,93,1,21:18,D17,Midwest,2026-06-25T06:46:29.225Z,2026-06-25T06:46:49.688Z
C003134,P007,Willow Creek,2025-05-21,R13,107,0,14:55,D05,Southeast,2026-06-25T06:46:29.225Z,2026-06-25T06:46:49.688Z
C003139,P003,Green Oaks,2025-01-31,R13,101,0,16:37,D18,Midwest,2026-06-25T06:46:29.225Z,2026-06-25T06:46:49.688Z
C003149,P002,Maple Court,2025-06-10,R21,44,1,21:56,D15,West,2026-06-25T06:46:29.225Z,2026-06-25T06:46:49.688Z
C003167,P007,Willow Creek,2025-05-23,R16,97,2,21:07,D20,West,2026-06-25T06:46:29.225Z,2026-06-25T06:46:49.688Z
C003169,P001,Sunset Ridge,2025-03-13,R12,141,0,16:08,D08,Northeast,2026-06-25T06:46:29.225Z,2026-06-25T06:46:49.688Z
C003197,P003,Green Oaks,2025-02-02,R14,44,0,14:20,D08,Midwest,2026-06-25T06:46:29.225Z,2026-06-25T06:46:49.688Z
C003206,P006,Cedar Park,2025-06-19,R12,119,0,21:53,D08,Northeast,2026-06-25T06:46:29.225Z,2026-06-25T06:46:49.688Z
C003215,P005,Lakeview Terrace,2025-03-11,R16,110,0,19:32,D14,Midwest,2026-06-25T06:46:29.225Z,2026-06-25T06:46:49.688Z
C003219,P001,Sunset Ridge,2025-06-27,R13,42,0,21:51,D07,West,2026-06-25T06:46:29.225Z,2026-06-25T06:46:49.688Z
C003230,P004,Birchwood Commons,2025-01-21,R14,74,0,17:30,D14,West,2026-06-25T06:46:29.225Z,2026-06-25T06:46:49.688Z
C003269,P002,Maple Court,2025-05-11,R24,123,1,18:18,D16,West,2026-06-25T06:46:29.225Z,2026-06-25T06:46:49.688Z
C003292,P003,Green Oaks,2025-06-03,R10,78,0,15:26,D15,Midwest,2026-06-25T06:46:29.225Z,2026-06-25T06:46:49.688Z
C003310,P008,Harbor Pointe,2025-02-08,R11,109,0,19:37,D05,Southeast,2026-06-25T06:46:29.225Z,2026-06-25T06:46:49.688Z
C003312,P003,Green Oaks,2025-01-22,R19,79,0,17:01,D02,Southeast,2026-06-25T06:46:29.225Z,2026-06-25T06:46:49.688Z
C003316,P004,Birchwood Commons,2025-05-06,R22,127,0,21:26,D11,Southeast,2026-06-25T06:46:29.225Z,2026-06-25T06:46:49.688Z
C003321,P007,Willow Creek,2025-03-22,R19,100,2,20:16,D17,West,2026-06-25T06:46:29.225Z,2026-06-25T06:46:49.688Z
C003322,P007,Willow Creek,2025-05-11,R12,61,0,18:52,D19,Northeast,2026-06-25T06:46:29.225Z,2026-06-25T06:46:49.688Z
C003351,P007,Willow Creek,2025-05-26,R17,85,0,22:12,D07,Midwest,2026-06-25T06:46:29.225Z,2026-06-25T06:46:49.688Z
C003365,P005,Lakeview Terrace,2025-02-06,R12,64,1,18:43,D10,West,2026-06-25T06:46:29.225Z,2026-06-25T06:46:49.688Z
C003370,P006,Cedar Park,2025-01-05,R12,60,0,18:08,D13,Northeast,2026-06-25T06:46:29.225Z,2026-06-25T06:46:49.688Z
C003390,P004,Birchwood Commons,2025-06-09,R10,158,0,18:45,D08,West,2026-06-25T06:46:29.225Z,2026-06-25T06:46:49.688Z
C003414,P003,Green Oaks,2025-02-08,R13,148,3,17:26,D20,Midwest,2026-06-25T06:46:29.225Z,2026-06-25T06:46:49.688Z
C003423,P004,Birchwood Commons,2025-05-24,R20,160,1,19:41,D18,West,2026-06-25T06:46:29.225Z,2026-06-25T06:46:49.688Z
C003432,P002,Maple Court,2025-05-24,R16,57,2,19:35,D12,Southeast,2026-06-25T06:46:29.225Z,2026-06-25T06:46:49.688Z
C003438,P007,Willow Creek,2025-02-08,R24,63,0,19:07,D02,Northeast,2026-06-25T06:46:29.225Z,2026-06-25T06:46:49.688Z
C003441,P005,Lakeview Terrace,2025-01-25,R15,146,0,19:20,D08,West,2026-06-25T06:46:29.225Z,2026-06-25T06:46:49.688Z
C003458,P008,Harbor Pointe,2025-03-28,R13,149,1,16:32,D04,West,2026-06-25T06:46:29.225Z,2026-06-25T06:46:49.688Z
C003499,P003,Green Oaks,2025-03-22,R11,102,0,15:07,D09,West,2026-06-25T06:46:29.225Z,2026-06-25T06:46:49.688Z
C003504,P002,Maple Court,2025-05-05,R11,113,2,17:33,D19,Southeast,2026-06-25T06:46:29.225Z,2026-06-25T06:46:49.688Z
C003560,P001,Sunset Ridge,2025-04-15,R20,89,2,17:20,D17,Northeast,2026-06-25T06:46:29.225Z,2026-06-25T06:46:49.688Z
C003583,P008,Harbor Pointe,2025-03-21,R17,94,1,15:32,D14,West,2026-06-25T06:46:29.225Z,2026-06-25T06:46:49.688Z
C003588,P004,Birchwood Commons,2025-03-13,R19,108,1,20:11,D05,Southeast,2026-06-25T06:46:29.225Z,2026-06-25T06:46:49.688Z
C003592,P005,Lakeview Terrace,2025-01-01,R14,53,0,14:59,D06,Midwest,2026-06-25T06:46:29.225Z,2026-06-25T06:46:49.688Z
C003613,P003,Green Oaks,2025-01-05,R12,125,0,18:08,D04,West,2026-06-25T06:46:29.225Z,2026-06-25T06:46:49.688Z
C003626,P007,Willow Creek,2025-06-10,R22,57,1,17:32,D18,West,2026-06-25T06:46:29.225Z,2026-06-25T06:46:49.688Z
C003627,P008,Harbor Pointe,2025-05-16,R21,152,0,20:22,D14,Midwest,2026-06-25T06:46:29.225Z,2026-06-25T06:46:49.688Z
C003662,P001,Sunset Ridge,2025-03-15,R17,111,1,14:53,D16,Northeast,2026-06-25T06:46:29.225Z,2026-06-25T06:46:49.688Z
C003669,P008,Harbor Pointe,2025-04-21,R11,83,0,20:51,D19,Midwest,2026-06-25T06:46:29.225Z,2026-06-25T06:46:49.688Z
C003684,P008,Harbor Pointe,2025-01-26,R15,118,0,14:42,D02,Southeast,2026-06-25T06:46:29.225Z,2026-06-25T06:46:49.688Z
C003714,P003,Green Oaks,2025-01-12,R16,148,0,18:41,D11,West,2026-06-25T06:46:29.225Z,2026-06-25T06:46:49.688Z
C003719,P004,Birchwood Commons,2025-05-24,R16,109,0,16:37,D13,West,2026-06-25T06:46:29.225Z,2026-06-25T06:46:49.688Z
C003757,P001,Sunset Ridge,2025-01-28,R14,61,0,19:22,D10,Midwest,2026-06-25T06:46:29.225Z,2026-06-25T06:46:49.688Z
C003766,P006,Cedar Park,2025-05-01,R11,129,0,14:11,D17,West,2026-06-25T06:46:29.225Z,2026-06-25T06:46:49.688Z
C003770,P008,Harbor Pointe,2025-04-17,R15,123,0,14:49,D04,Northeast,2026-06-25T06:46:29.225Z,2026-06-25T06:46:49.688Z
C003789,P001,Sunset Ridge,2025-02-27,R23,60,2,14:48,D08,Northeast,2026-06-25T06:46:29.225Z,2026-06-25T06:46:49.688Z
C003793,P003,Green Oaks,2025-04-08,R12,86,0,18:38,D05,Southeast,2026-06-25T06:46:29.225Z,2026-06-25T06:46:49.688Z
C003795,P003,Green Oaks,2025-01-26,R17,70,0,15:45,D04,West,2026-06-25T06:46:29.225Z,2026-06-25T06:46:49.688Z
C003837,P007,Willow Creek,2025-04-22,R17,87,0,15:55,D18,Northeast,2026-06-25T06:46:29.225Z,2026-06-25T06:46:49.688Z
C003850,P007,Willow Creek,2025-03-22,R22,89,3,16:32,D20,West,2026-06-25T06:46:29.225Z,2026-06-25T06:46:49.688Z
C003861,P004,Birchwood Commons,2025-02-18,R23,99,1,17:29,D03,Northeast,2026-06-25T06:46:29.225Z,2026-06-25T06:46:49.688Z
C003869,P006,Cedar Park,2025-01-03,R24,50,2,17:10,D11,Southeast,2026-06-25T06:46:29.225Z,2026-06-25T06:46:49.688Z
C003883,P005,Lakeview Terrace,2025-06-12,R18,72,0,22:04,D15,Southeast,2026-06-25T06:46:29.225Z,2026-06-25T06:46:49.688Z
C003892,P001,Sunset Ridge,2025-04-03,R24,159,0,14:19,D20,Midwest,2026-06-25T06:46:29.225Z,2026-06-25T06:46:49.688Z
C003934,P007,Willow Creek,2025-02-07,R20,99,3,20:06,D04,Midwest,2026-06-25T06:46:29.225Z,2026-06-25T06:46:49.688Z
C003943,P001,Sunset Ridge,2025-04-01,R10,86,0,15:02,D17,Southeast,2026-06-25T06:46:29.225Z,2026-06-25T06:46:49.688Z
C003954,P006,Cedar Park,2025-03-17,R10,80,0,14:41,D20,West,2026-06-25T06:46:29.225Z,2026-06-25T06:46:49.688Z
C003958,P001,Sunset Ridge,2025-03-31,R21,148,2,18:31,D13,Midwest,2026-06-25T06:46:29.225Z,2026-06-25T06:46:49.688Z
C003980,P008,Harbor Pointe,2025-06-17,R23,85,0,15:44,D13,Southeast,2026-06-25T06:46:29.225Z,2026-06-25T06:46:49.688Z
C003983,P007,Willow Creek,2025-06-22,R20,142,0,22:04,D13,West,2026-06-25T06:46:29.225Z,2026-06-25T06:46:49.688Z
C003984,P004,Birchwood Commons,2025-05-15,R14,126,0,14:31,D07,Southeast,2026-06-25T06:46:29.225Z,2026-06-25T06:46:49.688Z
C003016,P007,Willow Creek,2025-03-11,R20,86,1,17:38,D04,West,2026-06-25T06:46:29.225Z,2026-06-25T06:46:49.688Z
C003032,P005,Lakeview Terrace,2025-04-24,R16,135,1,15:52,D20,Northeast,2026-06-25T06:46:29.225Z,2026-06-25T06:46:49.688Z
C003062,P002,Maple Court,2025-01-02,R19,63,1,16:01,D20,Northeast,2026-06-25T06:46:29.225Z,2026-06-25T06:46:49.688Z
C003098,P007,Willow Creek,2025-03-23,R14,82,1,21:42,D17,West,2026-06-25T06:46:29.225Z,2026-06-25T06:46:49.688Z
C003106,P004,Birchwood Commons,2025-03-10,R18,122,0,20:03,D06,Southeast,2026-06-25T06:46:29.225Z,2026-06-25T06:46:49.688Z
C003148,P001,Sunset Ridge,2025-06-15,R13,91,1,22:28,D04,Northeast,2026-06-25T06:46:29.225Z,2026-06-25T06:46:49.688Z
C003181,P008,Harbor Pointe,2025-05-27,R22,70,0,17:04,D09,Northeast,2026-06-25T06:46:29.225Z,2026-06-25T06:46:49.688Z
C003232,P002,Maple Court,2025-01-23,R23,95,1,21:38,D07,Southeast,2026-06-25T06:46:29.225Z,2026-06-25T06:46:49.688Z
C003260,P003,Green Oaks,2025-02-01,R12,69,0,16:35,D05,Midwest,2026-06-25T06:46:29.225Z,2026-06-25T06:46:49.688Z
C003282,P008,Harbor Pointe,2025-03-17,R22,147,0,21:55,D06,Northeast,2026-06-25T06:46:29.225Z,2026-06-25T06:46:49.688Z
C003307,P006,Cedar Park,2025-05-22,R17,110,0,14:26,D03,Southeast,2026-06-25T06:46:29.225Z,2026-06-25T06:46:49.688Z
C003335,P005,Lakeview Terrace,2025-01-13,R18,157,2,18:08,D13,Northeast,2026-06-25T06:46:29.225Z,2026-06-25T06:46:49.688Z
C003362,P003,Green Oaks,2025-02-27,R17,141,0,21:30,D15,Southeast,2026-06-25T06:46:29.225Z,2026-06-25T06:46:49.688Z
C003380,P008,Harbor Pointe,2025-02-23,R21,57,0,20:27,D12,Midwest,2026-06-25T06:46:29.225Z,2026-06-25T06:46:49.688Z
C003382,P005,Lakeview Terrace,2025-05-08,R10,45,0,14:44,D05,Southeast,2026-06-25T06:46:29.225Z,2026-06-25T06:46:49.688Z
C003393,P008,Harbor Pointe,2025-05-27,R24,129,0,18:49,D15,Southeast,2026-06-25T06:46:29.225Z,2026-06-25T06:46:49.688Z
C003395,P004,Birchwood Commons,2025-06-22,R10,150,1,20:31,D07,West,2026-06-25T06:46:29.225Z,2026-06-25T06:46:49.688Z
C003397,P004,Birchwood Commons,2025-06-20,R17,92,0,19:41,D01,Southeast,2026-06-25T06:46:29.225Z,2026-06-25T06:46:49.688Z
C003407,P004,Birchwood Commons,2025-04-10,R19,48,0,16:37,D12,West,2026-06-25T06:46:29.225Z,2026-06-25T06:46:49.688Z
C003428,P005,Lakeview Terrace,2025-04-02,R15,142,0,14:23,D02,Midwest,2026-06-25T06:46:29.225Z,2026-06-25T06:46:49.688Z
C003433,P003,Green Oaks,2025-04-01,R21,129,0,14:19,D11,Southeast,2026-06-25T06:46:29.225Z,2026-06-25T06:46:49.688Z
C003434,P002,Maple Court,2025-06-18,R14,66,0,19:14,D03,Midwest,2026-06-25T06:46:29.225Z,2026-06-25T06:46:49.688Z
C003439,P004,Birchwood Commons,2025-05-07,R18,131,0,19:22,D10,Northeast,2026-06-25T06:46:29.225Z,2026-06-25T06:46:49.688Z
C003442,P007,Willow Creek,2025-06-28,R12,100,0,16:34,D04,West,2026-06-25T06:46:29.225Z,2026-06-25T06:46:49.688Z
C003444,P008,Harbor Pointe,2025-06-20,R15,94,0,16:48,D14,Northeast,2026-06-25T06:46:29.225Z,2026-06-25T06:46:49.688Z
C003448,P001,Sunset Ridge,2025-01-16,R21,82,0,22:09,D05,West,2026-06-25T06:46:29.225Z,2026-06-25T06:46:49.688Z
C003472,P003,Green Oaks,2025-04-03,R10,138,1,22:47,D07,Southeast,2026-06-25T06:46:29.225Z,2026-06-25T06:46:49.688Z
C003474,P002,Maple Court,2025-03-02,R20,160,0,21:15,D13,Southeast,2026-06-25T06:46:29.225Z,2026-06-25T06:46:49.688Z
C003485,P004,Birchwood Commons,2025-02-12,R20,123,1,18:42,D13,Southeast,2026-06-25T06:46:29.225Z,2026-06-25T06:46:49.688Z
C003518,P006,Cedar Park,2025-06-28,R24,140,0,22:29,D05,Northeast,2026-06-25T06:46:29.225Z,2026-06-25T06:46:49.688Z
C003555,P007,Willow Creek,2025-01-05,R16,149,0,17:31,D11,Northeast,2026-06-25T06:46:29.225Z,2026-06-25T06:46:49.688Z
C003618,P003,Green Oaks,2025-06-30,R10,45,0,21:58,D09,Northeast,2026-06-25T06:46:29.225Z,2026-06-25T06:46:49.688Z
C003629,P004,Birchwood Commons,2025-01-23,R18,88,3,14:59,D09,West,2026-06-25T06:46:29.225Z,2026-06-25T06:46:49.688Z
C003661,P007,Willow Creek,2025-02-10,R14,67,0,19:25,D16,Northeast,2026-06-25T06:46:29.225Z,2026-06-25T06:46:49.688Z
C003663,P002,Maple Court,2025-01-22,R19,104,0,15:29,D16,Northeast,2026-06-25T06:46:29.225Z,2026-06-25T06:46:49.688Z
C003706,P002,Maple Court,2025-02-12,R14,124,0,22:15,D07,Midwest,2026-06-25T06:46:29.225Z,2026-06-25T06:46:49.688Z
C003710,P004,Birchwood Commons,2025-01-28,R22,99,3,20:09,D20,Northeast,2026-06-25T06:46:29.225Z,2026-06-25T06:46:49.688Z
C003717,P008,Harbor Pointe,2025-05-25,R20,41,1,17:19,D05,Northeast,2026-06-25T06:46:29.225Z,2026-06-25T06:46:49.688Z
C003745,P007,Willow Creek,2025-01-03,R21,115,1,16:59,D14,Southeast,2026-06-25T06:46:29.225Z,2026-06-25T06:46:49.688Z
C003762,P003,Green Oaks,2025-04-17,R18,143,2,21:36,D17,West,2026-06-25T06:46:29.225Z,2026-06-25T06:46:49.688Z
C003763,P008,Harbor Pointe,2025-02-10,R13,145,2,15:16,D06,Northeast,2026-06-25T06:46:29.225Z,2026-06-25T06:46:49.688Z
C003808,P004,Birchwood Commons,2025-05-12,R15,98,0,17:15,D17,Southeast,2026-06-25T06:46:29.225Z,2026-06-25T06:46:49.688Z
C003815,P005,Lakeview Terrace,2025-02-08,R15,90,0,18:04,D03,Midwest,2026-06-25T06:46:29.225Z,2026-06-25T06:46:49.688Z
C003830,P006,Cedar Park,2025-01-23,R24,93,0,14:22,D02,West,2026-06-25T06:46:29.225Z,2026-06-25T06:46:49.688Z
C003842,P001,Sunset Ridge,2025-05-04,R20,65,1,15:24,D16,West,2026-06-25T06:46:29.225Z,2026-06-25T06:46:49.688Z
C003899,P007,Willow Creek,2025-04-23,R10,86,2,19:35,D04,West,2026-06-25T06:46:29.225Z,2026-06-25T06:46:49.688Z
C003913,P003,Green Oaks,2025-04-18,R12,49,0,22:35,D05,Midwest,2026-06-25T06:46:29.225Z,2026-06-25T06:46:49.688Z
C003927,P005,Lakeview Terrace,2025-01-05,R16,70,1,21:10,D04,West,2026-06-25T06:46:29.225Z,2026-06-25T06:46:49.688Z
C003930,P008,Harbor Pointe,2025-03-30,R17,138,0,17:46,D15,Midwest,2026-06-25T06:46:29.225Z,2026-06-25T06:46:49.688Z
C003948,P001,Sunset Ridge,2025-05-27,R23,117,0,15:55,D14,West,2026-06-25T06:46:29.225Z,2026-06-25T06:46:49.688Z
C003953,P007,Willow Creek,2025-04-15,R23,128,0,16:33,D01,Midwest,2026-06-25T06:46:29.225Z,2026-06-25T06:46:49.688Z
C003979,P003,Green Oaks,2025-04-26,R21,94,0,16:24,D11,Northeast,2026-06-25T06:46:29.225Z,2026-06-25T06:46:49.688Z
C003994,P007,Willow Creek,2025-02-08,R11,100,0,18:04,D07,West,2026-06-25T06:46:29.225Z,2026-06-25T06:46:49.688Z
C003995,P006,Cedar Park,2025-03-21,R19,75,0,21:51,D13,Southeast,2026-06-25T06:46:29.225Z,2026-06-25T06:46:49.688Z
C003001,P001,Sunset Ridge,2025-02-02,R20,149,2,19:25,D18,Midwest,2026-06-25T06:46:29.225Z,2026-06-25T06:46:49.688Z
C003002,P006,Cedar Park,2025-01-02,R13,120,0,14:28,D20,West,2026-06-25T06:46:29.225Z,2026-06-25T06:46:49.688Z
C003006,P008,Harbor Pointe,2025-01-04,R17,65,0,16:04,D16,Northeast,2026-06-25T06:46:29.225Z,2026-06-25T06:46:49.688Z
C003048,P006,Cedar Park,2025-06-02,R12,55,1,21:39,D16,Southeast,2026-06-25T06:46:29.225Z,2026-06-25T06:46:49.688Z
C003068,P005,Lakeview Terrace,2025-01-06,R21,40,0,15:27,D20,Midwest,2026-06-25T06:46:29.225Z,2026-06-25T06:46:49.688Z
C003073,P004,Birchwood Commons,2025-04-11,R13,126,1,16:11,D14,Midwest,2026-06-25T06:46:29.225Z,2026-06-25T06:46:49.688Z
C003090,P003,Green Oaks,2025-05-08,R15,90,0,21:47,D17,West,2026-06-25T06:46:29.225Z,2026-06-25T06:46:49.688Z
C003094,P005,Lakeview Terrace,2025-05-28,R16,43,0,19:32,D14,West,2026-06-25T06:46:29.225Z,2026-06-25T06:46:49.688Z
C003126,P001,Sunset Ridge,2025-05-25,R24,93,0,16:15,D05,West,2026-06-25T06:46:29.225Z,2026-06-25T06:46:49.688Z
C003131,P001,Sunset Ridge,2025-05-20,R23,97,0,17:29,D17,Southeast,2026-06-25T06:46:29.225Z,2026-06-25T06:46:49.688Z
C003161,P002,Maple Court,2025-06-06,R17,40,0,19:00,D06,Midwest,2026-06-25T06:46:29.225Z,2026-06-25T06:46:49.688Z
C003185,P008,Harbor Pointe,2025-03-15,R20,95,0,20:06,D17,Midwest,2026-06-25T06:46:29.225Z,2026-06-25T06:46:49.688Z
C003238,P002,Maple Court,2025-02-23,R16,47,0,21:36,D04,West,2026-06-25T06:46:29.225Z,2026-06-25T06:46:49.688Z
C003294,P001,Sunset Ridge,2025-05-02,R16,68,2,16:52,D12,Southeast,2026-06-25T06:46:29.225Z,2026-06-25T06:46:49.688Z
C003313,P006,Cedar Park,2025-03-04,R22,156,0,17:36,D18,Midwest,2026-06-25T06:46:29.225Z,2026-06-25T06:46:49.688Z
C003314,P002,Maple Court,2025-03-04,R13,58,1,18:27,D12,West,2026-06-25T06:46:29.225Z,2026-06-25T06:46:49.688Z
C003346,P001,Sunset Ridge,2025-03-23,R13,45,0,14:06,D13,Northeast,2026-06-25T06:46:29.225Z,2026-06-25T06:46:49.688Z
C003352,P001,Sunset Ridge,2025-04-16,R21,81,0,14:21,D18,Midwest,2026-06-25T06:46:29.225Z,2026-06-25T06:46:49.688Z
C003384,P006,Cedar Park,2025-01-23,R14,66,0,16:31,D04,West,2026-06-25T06:46:29.225Z,2026-06-25T06:46:49.688Z
C003386,P007,Willow Creek,2025-06-17,R19,131,2,17:51,D01,Southeast,2026-06-25T06:46:29.225Z,2026-06-25T06:46:49.688Z
C003406,P002,Maple Court,2025-03-23,R24,130,0,18:07,D15,Southeast,2026-06-25T06:46:29.225Z,2026-06-25T06:46:49.688Z
C003421,P002,Maple Court,2025-03-07,R14,88,0,20:57,D18,West,2026-06-25T06:46:29.225Z,2026-06-25T06:46:49.688Z
C003424,P007,Willow Creek,2025-06-11,R23,103,0,17:27,D13,Northeast,2026-06-25T06:46:29.225Z,2026-06-25T06:46:49.688Z
C003430,P004,Birchwood Commons,2025-03-13,R19,45,0,21:28,D08,West,2026-06-25T06:46:29.225Z,2026-06-25T06:46:49.688Z
C003450,P002,Maple Court,2025-03-20,R20,77,0,16:03,D05,Northeast,2026-06-25T06:46:29.225Z,2026-06-25T06:46:49.688Z
C003454,P004,Birchwood Commons,2025-03-15,R24,50,0,22:54,D07,Northeast,2026-06-25T06:46:29.225Z,2026-06-25T06:46:49.688Z
C003481,P004,Birchwood Commons,2025-04-20,R17,97,0,15:44,D17,West,2026-06-25T06:46:29.225Z,2026-06-25T06:46:49.688Z
C003502,P002,Maple Court,2025-04-15,R12,116,0,21:23,D12,West,2026-06-25T06:46:29.225Z,2026-06-25T06:46:49.688Z
C003548,P005,Lakeview Terrace,2025-05-31,R17,42,0,20:44,D04,West,2026-06-25T06:46:29.225Z,2026-06-25T06:46:49.688Z
C003556,P005,Lakeview Terrace,2025-01-12,R24,62,0,22:27,D03,West,2026-06-25T06:46:29.225Z,2026-06-25T06:46:49.688Z
C003570,P008,Harbor Pointe,2025-05-07,R22,149,0,19:39,D09,Northeast,2026-06-25T06:46:29.225Z,2026-06-25T06:46:49.688Z
C003593,P004,Birchwood Commons,2025-05-10,R23,85,0,15:34,D14,West,2026-06-25T06:46:29.225Z,2026-06-25T06:46:49.688Z
C003615,P007,Willow Creek,2025-06-13,R23,119,0,20:09,D01,Midwest,2026-06-25T06:46:29.225Z,2026-06-25T06:46:49.688Z
C003625,P005,Lakeview Terrace,2025-04-22,R13,44,0,15:57,D13,Northeast,2026-06-25T06:46:29.225Z,2026-06-25T06:46:49.688Z
C003636,P007,Willow Creek,2025-06-10,R23,142,0,19:24,D05,Midwest,2026-06-25T06:46:29.225Z,2026-06-25T06:46:49.688Z
C003652,P004,Birchwood Commons,2025-03-12,R13,156,0,18:35,D01,Southeast,2026-06-25T06:46:29.225Z,2026-06-25T06:46:49.688Z
C003682,P006,Cedar Park,2025-02-01,R19,83,0,14:33,D07,West,2026-06-25T06:46:29.225Z,2026-06-25T06:46:49.688Z
C003685,P007,Willow Creek,2025-04-23,R17,113,1,18:36,D02,West,2026-06-25T06:46:29.225Z,2026-06-25T06:46:49.688Z
C003694,P001,Sunset Ridge,2025-02-20,R20,46,1,21:43,D08,Northeast,2026-06-25T06:46:29.225Z,2026-06-25T06:46:49.688Z
C003707,P001,Sunset Ridge,2025-03-24,R24,52,0,15:11,D15,Midwest,2026-06-25T06:46:29.225Z,2026-06-25T06:46:49.688Z
C003708,P007,Willow Creek,2025-05-19,R10,65,0,14:32,D16,West,2026-06-25T06:46:29.225Z,2026-06-25T06:46:49.688Z
C003715,P008,Harbor Pointe,2025-03-07,R14,53,0,15:25,D02,Northeast,2026-06-25T06:46:29.225Z,2026-06-25T06:46:49.688Z
C003721,P003,Green Oaks,2025-06-13,R22,151,2,19:10,D13,Southeast,2026-06-25T06:46:29.225Z,2026-06-25T06:46:49.688Z
C003722,P007,Willow Creek,2025-02-05,R19,134,0,14:35,D17,West,2026-06-25T06:46:29.225Z,2026-06-25T06:46:49.688Z
C003748,P008,Harbor Pointe,2025-02-06,R17,115,0,16:56,D15,Southeast,2026-06-25T06:46:29.225Z,2026-06-25T06:46:49.688Z
C003752,P004,Birchwood Commons,2025-06-07,R14,75,0,20:01,D13,Southeast,2026-06-25T06:46:29.225Z,2026-06-25T06:46:49.688Z
C003761,P001,Sunset Ridge,2025-01-20,R24,155,2,15:39,D11,West,2026-06-25T06:46:29.225Z,2026-06-25T06:46:49.688Z
C003776,P002,Maple Court,2025-06-19,R19,121,0,21:00,D04,Northeast,2026-06-25T06:46:29.225Z,2026-06-25T06:46:49.688Z
C003778,P002,Maple Court,2025-06-08,R19,56,0,14:07,D18,Midwest,2026-06-25T06:46:29.225Z,2026-06-25T06:46:49.688Z
C003787,P006,Cedar Park,2025-02-20,R23,78,0,21:33,D16,Midwest,2026-06-25T06:46:29.225Z,2026-06-25T06:46:49.688Z
C003792,P004,Birchwood Commons,2025-06-28,R17,93,0,16:18,D06,West,2026-06-25T06:46:29.225Z,2026-06-25T06:46:49.688Z
C003809,P008,Harbor Pointe,2025-02-26,R13,75,0,19:15,D07,Southeast,2026-06-25T06:46:29.225Z,2026-06-25T06:46:49.688Z
C003845,P001,Sunset Ridge,2025-03-28,R15,77,0,14:32,D02,Midwest,2026-06-25T06:46:29.225Z,2026-06-25T06:46:49.688Z
C003848,P001,Sunset Ridge,2025-05-15,R10,43,0,15:18,D08,Northeast,2026-06-25T06:46:29.225Z,2026-06-25T06:46:49.688Z
C003864,P007,Willow Creek,2025-06-04,R10,89,1,15:01,D09,West,2026-06-25T06:46:29.225Z,2026-06-25T06:46:49.688Z
C003896,P006,Cedar Park,2025-05-15,R20,71,0,16:55,D16,West,2026-06-25T06:46:29.225Z,2026-06-25T06:46:49.688Z
C003897,P002,Maple Court,2025-05-22,R14,129,0,15:59,D08,Northeast,2026-06-25T06:46:29.225Z,2026-06-25T06:46:49.688Z
C003907,P001,Sunset Ridge,2025-06-20,R11,144,1,19:27,D03,West,2026-06-25T06:46:29.225Z,2026-06-25T06:46:49.688Z
C003910,P007,Willow Creek,2025-05-16,R23,113,2,14:48,D18,West,2026-06-25T06:46:29.225Z,2026-06-25T06:46:49.688Z
C003946,P004,Birchwood Commons,2025-03-24,R10,130,0,17:42,D09,Midwest,2026-06-25T06:46:29.225Z,2026-06-25T06:46:49.688Z
C003947,P008,Harbor Pointe,2025-06-13,R15,143,0,17:36,D04,West,2026-06-25T06:46:29.225Z,2026-06-25T06:46:49.688Z
C003987,P007,Willow Creek,2025-05-11,R19,60,0,16:12,D07,Northeast,2026-06-25T06:46:29.225Z,2026-06-25T06:46:49.688Z
C003012,P002,Maple Court,2025-04-16,R22,100,0,14:58,D18,Northeast,2026-06-25T06:46:29.225Z,2026-06-25T06:46:49.688Z
C003046,P002,Maple Court,2025-02-01,R21,110,0,20:22,D12,Midwest,2026-06-25T06:46:29.225Z,2026-06-25T06:46:49.688Z
C003051,P004,Birchwood Commons,2025-04-14,R15,142,0,15:23,D17,Northeast,2026-06-25T06:46:29.225Z,2026-06-25T06:46:49.688Z
C003059,P002,Maple Court,2025-03-26,R18,70,0,17:56,D11,West,2026-06-25T06:46:29.225Z,2026-06-25T06:46:49.688Z
C003064,P003,Green Oaks,2025-02-24,R13,112,1,20:18,D09,Southeast,2026-06-25T06:46:29.225Z,2026-06-25T06:46:49.688Z
C003071,P006,Cedar Park,2025-03-24,R23,74,2,19:08,D13,Southeast,2026-06-25T06:46:29.225Z,2026-06-25T06:46:49.688Z
C003077,P005,Lakeview Terrace,2025-02-13,R12,120,0,18:05,D02,West,2026-06-25T06:46:29.225Z,2026-06-25T06:46:49.688Z
C003093,P005,Lakeview Terrace,2025-02-21,R19,122,0,19:25,D10,West,2026-06-25T06:46:29.225Z,2026-06-25T06:46:49.688Z
C003109,P008,Harbor Pointe,2025-06-02,R12,147,0,18:21,D05,Northeast,2026-06-25T06:46:29.225Z,2026-06-25T06:46:49.688Z
C003125,P005,Lakeview Terrace,2025-05-19,R22,58,0,20:52,D12,Northeast,2026-06-25T06:46:29.225Z,2026-06-25T06:46:49.688Z
C003151,P005,Lakeview Terrace,2025-04-20,R16,100,0,18:01,D08,West,2026-06-25T06:46:29.225Z,2026-06-25T06:46:49.688Z
C003163,P005,Lakeview Terrace,2025-02-28,R23,75,1,21:24,D02,Northeast,2026-06-25T06:46:29.225Z,2026-06-25T06:46:49.688Z
C003186,P006,Cedar Park,2025-01-14,R18,46,0,14:06,D18,West,2026-06-25T06:46:29.225Z,2026-06-25T06:46:49.688Z
C003187,P004,Birchwood Commons,2025-03-04,R19,50,0,19:05,D03,Northeast,2026-06-25T06:46:29.225Z,2026-06-25T06:46:49.688Z
C003189,P008,Harbor Pointe,2025-05-21,R11,45,0,20:40,D17,Northeast,2026-06-25T06:46:29.225Z,2026-06-25T06:46:49.688Z
C003193,P007,Willow Creek,2025-02-17,R23,82,3,19:58,D01,Northeast,2026-06-25T06:46:29.225Z,2026-06-25T06:46:49.688Z
C003196,P007,Willow Creek,2025-01-05,R16,154,0,17:13,D17,Midwest,2026-06-25T06:46:29.225Z,2026-06-25T06:46:49.688Z
C003204,P007,Willow Creek,2025-01-02,R16,64,0,18:11,D02,Northeast,2026-06-25T06:46:29.225Z,2026-06-25T06:46:49.688Z
C003228,P001,Sunset Ridge,2025-02-26,R11,89,0,15:10,D12,Southeast,2026-06-25T06:46:29.225Z,2026-06-25T06:46:49.688Z
C003245,P008,Harbor Pointe,2025-01-10,R14,118,2,15:42,D13,Southeast,2026-06-25T06:46:29.225Z,2026-06-25T06:46:49.688Z
C003258,P007,Willow Creek,2025-06-13,R16,109,3,14:43,D09,Southeast,2026-06-25T06:46:29.225Z,2026-06-25T06:46:49.688Z
C003263,P002,Maple Court,2025-04-26,R13,87,0,15:45,D04,Midwest,2026-06-25T06:46:29.225Z,2026-06-25T06:46:49.688Z
C003264,P006,Cedar Park,2025-03-30,R13,80,0,21:59,D05,Midwest,2026-06-25T06:46:29.225Z,2026-06-25T06:46:49.688Z
C003289,P004,Birchwood Commons,2025-04-02,R23,50,0,19:40,D18,Midwest,2026-06-25T06:46:29.225Z,2026-06-25T06:46:49.688Z
C003300,P006,Cedar Park,2025-01-17,R15,116,0,18:00,D15,Midwest,2026-06-25T06:46:29.225Z,2026-06-25T06:46:49.688Z
C003337,P003,Green Oaks,2025-01-06,R21,109,2,20:31,D03,Midwest,2026-06-25T06:46:29.225Z,2026-06-25T06:46:49.688Z
C003360,P006,Cedar Park,2025-02-12,R14,94,0,15:15,D01,West,2026-06-25T06:46:29.225Z,2026-06-25T06:46:49.688Z
C003381,P007,Willow Creek,2025-05-13,R18,82,0,18:54,D19,Midwest,2026-06-25T06:46:29.225Z,2026-06-25T06:46:49.688Z
C003388,P002,Maple Court,2025-01-17,R21,40,0,18:54,D18,Southeast,2026-06-25T06:46:29.225Z,2026-06-25T06:46:49.688Z
C003415,P001,Sunset Ridge,2025-01-31,R16,61,0,14:00,D16,Midwest,2026-06-25T06:46:29.225Z,2026-06-25T06:46:49.688Z
C003452,P005,Lakeview Terrace,2025-03-02,R12,100,0,19:49,D12,West,2026-06-25T06:46:29.225Z,2026-06-25T06:46:49.688Z
C003455,P006,Cedar Park,2025-03-05,R13,157,0,15:56,D02,Midwest,2026-06-25T06:46:29.225Z,2026-06-25T06:46:49.688Z
C003480,P006,Cedar Park,2025-02-06,R15,89,0,15:38,D06,West,2026-06-25T06:46:29.225Z,2026-06-25T06:46:49.688Z
C003515,P005,Lakeview Terrace,2025-03-01,R15,73,0,15:52,D07,Northeast,2026-06-25T06:46:29.225Z,2026-06-25T06:46:49.688Z
C003523,P003,Green Oaks,2025-02-03,R21,148,0,18:06,D20,Midwest,2026-06-25T06:46:29.225Z,2026-06-25T06:46:49.688Z
C003614,P003,Green Oaks,2025-05-18,R12,127,0,15:40,D16,Northeast,2026-06-25T06:46:29.225Z,2026-06-25T06:46:49.688Z
C003616,P002,Maple Court,2025-06-11,R21,40,0,14:22,D19,Midwest,2026-06-25T06:46:29.225Z,2026-06-25T06:46:49.688Z
C003653,P008,Harbor Pointe,2025-03-27,R21,70,2,19:50,D17,West,2026-06-25T06:46:29.225Z,2026-06-25T06:46:49.688Z
C003673,P005,Lakeview Terrace,2025-03-15,R13,124,0,15:52,D09,West,2026-06-25T06:46:29.225Z,2026-06-25T06:46:49.688Z
C003676,P006,Cedar Park,2025-04-30,R12,70,0,16:34,D12,Northeast,2026-06-25T06:46:29.225Z,2026-06-25T06:46:49.688Z
C003699,P008,Harbor Pointe,2025-01-22,R22,122,2,22:36,D05,Northeast,2026-06-25T06:46:29.225Z,2026-06-25T06:46:49.688Z
C003726,P006,Cedar Park,2025-04-07,R11,43,0,16:47,D03,Northeast,2026-06-25T06:46:29.225Z,2026-06-25T06:46:49.688Z
C003737,P005,Lakeview Terrace,2025-05-08,R23,83,2,15:49,D01,Northeast,2026-06-25T06:46:29.225Z,2026-06-25T06:46:49.688Z
C003742,P006,Cedar Park,2025-04-03,R16,83,0,21:09,D17,West,2026-06-25T06:46:29.225Z,2026-06-25T06:46:49.688Z
C003791,P001,Sunset Ridge,2025-06-10,R19,76,0,14:38,D03,West,2026-06-25T06:46:29.225Z,2026-06-25T06:46:49.688Z
C003796,P007,Willow Creek,2025-02-17,R14,156,1,15:16,D16,Northeast,2026-06-25T06:46:29.225Z,2026-06-25T06:46:49.688Z
C003797,P001,Sunset Ridge,2025-04-18,R24,41,0,15:33,D09,Midwest,2026-06-25T06:46:29.225Z,2026-06-25T06:46:49.688Z
C003813,P001,Sunset Ridge,2025-02-03,R17,130,0,15:23,D12,Northeast,2026-06-25T06:46:29.225Z,2026-06-25T06:46:49.688Z
C003824,P008,Harbor Pointe,2025-06-20,R17,152,0,15:19,D07,Midwest,2026-06-25T06:46:29.225Z,2026-06-25T06:46:49.688Z
C003839,P006,Cedar Park,2025-06-21,R23,91,0,17:19,D08,Southeast,2026-06-25T06:46:29.225Z,2026-06-25T06:46:49.688Z
C003851,P002,Maple Court,2025-06-27,R18,117,0,20:10,D05,Northeast,2026-06-25T06:46:29.225Z,2026-06-25T06:46:49.688Z
C003872,P008,Harbor Pointe,2025-06-19,R18,67,1,15:01,D07,Southeast,2026-06-25T06:46:29.225Z,2026-06-25T06:46:49.688Z
C003874,P003,Green Oaks,2025-02-02,R17,81,2,21:38,D09,Southeast,2026-06-25T06:46:29.225Z,2026-06-25T06:46:49.688Z
C003882,P007,Willow Creek,2025-04-23,R17,116,0,18:56,D18,West,2026-06-25T06:46:29.225Z,2026-06-25T06:46:49.688Z
C003886,P001,Sunset Ridge,2025-02-21,R17,107,1,15:07,D03,West,2026-06-25T06:46:29.225Z,2026-06-25T06:46:49.688Z
C003893,P006,Cedar Park,2025-04-09,R13,132,0,20:45,D04,West,2026-06-25T06:46:29.225Z,2026-06-25T06:46:49.688Z
C003895,P005,Lakeview Terrace,2025-06-27,R18,103,2,16:59,D07,Northeast,2026-06-25T06:46:29.225Z,2026-06-25T06:46:49.688Z
C003901,P007,Willow Creek,2025-02-04,R21,143,0,22:39,D07,Northeast,2026-06-25T06:46:29.225Z,2026-06-25T06:46:49.688Z
C003911,P004,Birchwood Commons,2025-05-03,R11,47,0,18:42,D09,Southeast,2026-06-25T06:46:29.225Z,2026-06-25T06:46:49.688Z
C003929,P002,Maple Court,2025-03-24,R18,141,0,14:11,D20,Northeast,2026-06-25T06:46:29.225Z,2026-06-25T06:46:49.688Z
C003935,P005,Lakeview Terrace,2025-04-04,R21,148,2,16:13,D07,Southeast,2026-06-25T06:46:29.225Z,2026-06-25T06:46:49.688Z
C003942,P004,Birchwood Commons,2025-06-06,R20,90,0,19:04,D06,Northeast,2026-06-25T06:46:29.225Z,2026-06-25T06:46:49.688Z
C003961,P003,Green Oaks,2025-04-29,R16,45,0,17:05,D15,Northeast,2026-06-25T06:46:29.225Z,2026-06-25T06:46:49.688Z
C003967,P006,Cedar Park,2025-01-05,R17,92,1,16:28,D09,Northeast,2026-06-25T06:46:29.225Z,2026-06-25T06:46:49.688Z
C003037,P006,Cedar Park,2025-05-13,R24,144,0,14:25,D08,Southeast,2026-06-25T06:46:29.225Z,2026-06-25T06:46:49.688Z
C003040,P002,Maple Court,2025-02-25,R12,47,0,17:40,D01,Midwest,2026-06-25T06:46:29.225Z,2026-06-25T06:46:49.688Z
C003060,P008,Harbor Pointe,2025-03-09,R16,110,0,14:23,D15,Southeast,2026-06-25T06:46:29.225Z,2026-06-25T06:46:49.688Z
C003079,P007,Willow Creek,2025-04-04,R17,93,0,16:23,D19,Southeast,2026-06-25T06:46:29.225Z,2026-06-25T06:46:49.688Z
C003085,P005,Lakeview Terrace,2025-03-22,R19,129,0,17:09,D14,West,2026-06-25T06:46:29.225Z,2026-06-25T06:46:49.688Z
C003101,P007,Willow Creek,2025-05-14,R22,107,1,16:18,D02,Northeast,2026-06-25T06:46:29.225Z,2026-06-25T06:46:49.688Z
C003103,P008,Harbor Pointe,2025-03-19,R24,77,0,14:09,D07,Midwest,2026-06-25T06:46:29.225Z,2026-06-25T06:46:49.688Z
C003113,P006,Cedar Park,2025-06-23,R19,146,0,22:02,D05,West,2026-06-25T06:46:29.225Z,2026-06-25T06:46:49.688Z
C003117,P007,Willow Creek,2025-05-01,R17,86,0,19:07,D10,Southeast,2026-06-25T06:46:29.225Z,2026-06-25T06:46:49.688Z
C003133,P007,Willow Creek,2025-04-05,R12,91,0,22:13,D17,Northeast,2026-06-25T06:46:29.225Z,2026-06-25T06:46:49.688Z
C003140,P004,Birchwood Commons,2025-04-10,R13,75,0,22:42,D14,Northeast,2026-06-25T06:46:29.225Z,2026-06-25T06:46:49.688Z
C003150,P003,Green Oaks,2025-05-18,R13,121,0,18:51,D09,Northeast,2026-06-25T06:46:29.225Z,2026-06-25T06:46:49.688Z
C003158,P004,Birchwood Commons,2025-06-10,R19,95,1,20:01,D15,Midwest,2026-06-25T06:46:29.225Z,2026-06-25T06:46:49.688Z
C003200,P004,Birchwood Commons,2025-05-17,R19,52,0,17:14,D06,Northeast,2026-06-25T06:46:29.225Z,2026-06-25T06:46:49.688Z
C003223,P005,Lakeview Terrace,2025-04-12,R23,58,0,16:24,D10,Northeast,2026-06-25T06:46:29.225Z,2026-06-25T06:46:49.688Z
C003226,P007,Willow Creek,2025-06-14,R21,77,0,21:05,D20,West,2026-06-25T06:46:29.225Z,2026-06-25T06:46:49.688Z
C003229,P004,Birchwood Commons,2025-01-30,R19,117,0,18:46,D19,Southeast,2026-06-25T06:46:29.225Z,2026-06-25T06:46:49.688Z
C003235,P007,Willow Creek,2025-05-16,R23,93,0,15:25,D18,Southeast,2026-06-25T06:46:29.225Z,2026-06-25T06:46:49.688Z
C003250,P006,Cedar Park,2025-01-01,R14,102,0,15:59,D15,Northeast,2026-06-25T06:46:29.225Z,2026-06-25T06:46:49.688Z
C003252,P002,Maple Court,2025-01-15,R19,120,0,19:27,D15,Northeast,2026-06-25T06:46:29.225Z,2026-06-25T06:46:49.688Z
C003254,P002,Maple Court,2025-04-25,R17,59,0,20:25,D05,Northeast,2026-06-25T06:46:29.225Z,2026-06-25T06:46:49.688Z
C003255,P005,Lakeview Terrace,2025-04-14,R16,151,0,14:30,D01,Southeast,2026-06-25T06:46:29.225Z,2026-06-25T06:46:49.688Z
C003266,P006,Cedar Park,2025-01-31,R17,111,0,14:38,D15,Midwest,2026-06-25T06:46:29.225Z,2026-06-25T06:46:49.688Z
C003267,P001,Sunset Ridge,2025-01-08,R23,49,0,14:57,D10,Southeast,2026-06-25T06:46:29.225Z,2026-06-25T06:46:49.688Z
C003268,P006,Cedar Park,2025-06-09,R13,78,0,15:39,D11,Midwest,2026-06-25T06:46:29.225Z,2026-06-25T06:46:49.688Z
C003274,P006,Cedar Park,2025-03-23,R15,157,1,21:50,D12,Northeast,2026-06-25T06:46:29.225Z,2026-06-25T06:46:49.688Z
C003286,P008,Harbor Pointe,2025-05-17,R14,148,0,14:24,D06,West,2026-06-25T06:46:29.225Z,2026-06-25T06:46:49.688Z
C003290,P001,Sunset Ridge,2025-05-15,R14,42,0,16:38,D14,West,2026-06-25T06:46:29.225Z,2026-06-25T06:46:49.688Z
C003293,P004,Birchwood Commons,2025-01-31,R19,62,0,20:24,D20,Midwest,2026-06-25T06:46:29.225Z,2026-06-25T06:46:49.688Z
C003295,P004,Birchwood Commons,2025-02-25,R19,60,0,22:02,D10,Northeast,2026-06-25T06:46:29.225Z,2026-06-25T06:46:49.688Z
C003364,P001,Sunset Ridge,2025-02-20,R10,96,0,15:09,D03,Southeast,2026-06-25T06:46:29.225Z,2026-06-25T06:46:49.688Z
C003372,P001,Sunset Ridge,2025-03-08,R17,42,0,19:44,D10,West,2026-06-25T06:46:29.225Z,2026-06-25T06:46:49.688Z
C003417,P008,Harbor Pointe,2025-03-08,R15,70,1,21:50,D10,Southeast,2026-06-25T06:46:29.225Z,2026-06-25T06:46:49.688Z
C003437,P003,Green Oaks,2025-03-12,R16,85,3,16:56,D15,Northeast,2026-06-25T06:46:29.225Z,2026-06-25T06:46:49.688Z
C003460,P004,Birchwood Commons,2025-02-10,R16,112,0,15:50,D11,West,2026-06-25T06:46:29.225Z,2026-06-25T06:46:49.688Z
C003497,P007,Willow Creek,2025-05-18,R20,46,0,21:21,D15,Northeast,2026-06-25T06:46:29.225Z,2026-06-25T06:46:49.688Z
C003500,P006,Cedar Park,2025-03-27,R18,134,3,15:35,D20,Southeast,2026-06-25T06:46:29.225Z,2026-06-25T06:46:49.688Z
C003521,P008,Harbor Pointe,2025-02-25,R13,159,3,20:28,D01,West,2026-06-25T06:46:29.225Z,2026-06-25T06:46:49.688Z
C003527,P005,Lakeview Terrace,2025-04-05,R17,92,0,19:44,D03,Southeast,2026-06-25T06:46:29.225Z,2026-06-25T06:46:49.688Z
C003541,P003,Green Oaks,2025-04-09,R18,82,2,19:01,D15,Northeast,2026-06-25T06:46:29.225Z,2026-06-25T06:46:49.688Z
C003544,P007,Willow Creek,2025-06-04,R14,81,2,17:20,D20,Southeast,2026-06-25T06:46:29.225Z,2026-06-25T06:46:49.688Z
C003561,P002,Maple Court,2025-02-26,R10,138,0,15:54,D05,West,2026-06-25T06:46:29.225Z,2026-06-25T06:46:49.688Z
C003564,P007,Willow Creek,2025-02-25,R12,46,0,17:47,D14,Midwest,2026-06-25T06:46:29.225Z,2026-06-25T06:46:49.688Z
C003605,P002,Maple Court,2025-02-19,R14,132,0,20:05,D07,Midwest,2026-06-25T06:46:29.225Z,2026-06-25T06:46:49.688Z
C003608,P001,Sunset Ridge,2025-06-21,R19,153,1,20:23,D20,Northeast,2026-06-25T06:46:29.225Z,2026-06-25T06:46:49.688Z
C003657,P006,Cedar Park,2025-02-04,R21,66,0,20:59,D10,Southeast,2026-06-25T06:46:29.225Z,2026-06-25T06:46:49.688Z
C003677,P006,Cedar Park,2025-03-31,R17,135,0,18:53,D16,Northeast,2026-06-25T06:46:29.225Z,2026-06-25T06:46:49.688Z
C003728,P008,Harbor Pointe,2025-05-27,R19,114,0,14:59,D08,Northeast,2026-06-25T06:46:29.225Z,2026-06-25T06:46:49.688Z
C003736,P005,Lakeview Terrace,2025-02-28,R19,141,0,20:47,D15,Northeast,2026-06-25T06:46:29.225Z,2026-06-25T06:46:49.688Z
C003743,P004,Birchwood Commons,2025-02-08,R14,104,0,19:17,D01,Midwest,2026-06-25T06:46:29.225Z,2026-06-25T06:46:49.688Z
C003750,P003,Green Oaks,2025-05-22,R12,124,0,14:26,D18,Midwest,2026-06-25T06:46:29.225Z,2026-06-25T06:46:49.688Z
C003764,P007,Willow Creek,2025-05-26,R12,113,0,15:30,D19,West,2026-06-25T06:46:29.225Z,2026-06-25T06:46:49.688Z
C003769,P003,Green Oaks,2025-03-12,R20,150,0,15:03,D09,West,2026-06-25T06:46:29.225Z,2026-06-25T06:46:49.688Z
C003804,P006,Cedar Park,2025-05-09,R15,73,0,14:45,D10,Midwest,2026-06-25T06:46:29.225Z,2026-06-25T06:46:49.688Z
C003838,P002,Maple Court,2025-05-06,R16,78,2,19:27,D02,Northeast,2026-06-25T06:46:29.225Z,2026-06-25T06:46:49.688Z
C003852,P006,Cedar Park,2025-02-09,R20,91,0,14:00,D06,Midwest,2026-06-25T06:46:29.225Z,2026-06-25T06:46:49.688Z
C003853,P004,Birchwood Commons,2025-03-05,R24,76,0,14:23,D13,West,2026-06-25T06:46:29.225Z,2026-06-25T06:46:49.688Z
C003855,P003,Green Oaks,2025-03-09,R22,150,0,22:56,D01,Northeast,2026-06-25T06:46:29.225Z,2026-06-25T06:46:49.688Z
C003863,P007,Willow Creek,2025-06-28,R20,115,0,15:58,D09,Southeast,2026-06-25T06:46:29.225Z,2026-06-25T06:46:49.688Z
C003881,P001,Sunset Ridge,2025-03-24,R16,159,0,18:01,D02,Northeast,2026-06-25T06:46:29.225Z,2026-06-25T06:46:49.688Z
C003898,P002,Maple Court,2025-05-28,R24,137,0,21:58,D20,West,2026-06-25T06:46:29.225Z,2026-06-25T06:46:49.688Z
C003905,P003,Green Oaks,2025-04-12,R15,81,3,16:38,D02,Northeast,2026-06-25T06:46:29.225Z,2026-06-25T06:46:49.688Z
C003915,P004,Birchwood Commons,2025-05-04,R23,43,0,16:12,D14,Northeast,2026-06-25T06:46:29.225Z,2026-06-25T06:46:49.688Z
C003919,P003,Green Oaks,2025-02-05,R24,153,1,20:51,D15,Southeast,2026-06-25T06:46:29.225Z,2026-06-25T06:46:49.688Z
C003939,P004,Birchwood Commons,2025-02-13,R21,94,0,19:48,D10,Northeast,2026-06-25T06:46:29.225Z,2026-06-25T06:46:49.688Z
C003941,P008,Harbor Pointe,2025-05-21,R14,146,0,15:27,D06,West,2026-06-25T06:46:29.225Z,2026-06-25T06:46:49.688Z
C003951,P007,Willow Creek,2025-01-05,R16,73,0,21:00,D01,Northeast,2026-06-25T06:46:29.225Z,2026-06-25T06:46:49.688Z
C003982,P007,Willow Creek,2025-04-29,R15,104,1,19:28,D17,Midwest,2026-06-25T06:46:29.225Z,2026-06-25T06:46:49.688Z
C003004,P005,Lakeview Terrace,2025-03-21,R17,72,0,15:45,D06,Northeast,2026-06-25T06:46:29.225Z,2026-06-25T06:46:49.688Z
C003022,P006,Cedar Park,2025-04-11,R11,155,0,20:18,D14,Midwest,2026-06-25T06:46:29.225Z,2026-06-25T06:46:49.688Z
C003026,P005,Lakeview Terrace,2025-05-19,R23,68,1,15:05,D07,Midwest,2026-06-25T06:46:29.225Z,2026-06-25T06:46:49.688Z
C003033,P007,Willow Creek,2025-03-04,R24,141,0,21:51,D13,West,2026-06-25T06:46:29.225Z,2026-06-25T06:46:49.688Z
C003034,P003,Green Oaks,2025-02-03,R13,81,2,20:59,D01,Northeast,2026-06-25T06:46:29.225Z,2026-06-25T06:46:49.688Z
C003055,P008,Harbor Pointe,2025-06-01,R19,73,0,14:45,D13,Northeast,2026-06-25T06:46:29.225Z,2026-06-25T06:46:49.688Z
C003078,P003,Green Oaks,2025-03-18,R24,103,1,18:01,D14,West,2026-06-25T06:46:29.225Z,2026-06-25T06:46:49.688Z
C003088,P004,Birchwood Commons,2025-05-24,R14,42,2,14:44,D03,Midwest,2026-06-25T06:46:29.225Z,2026-06-25T06:46:49.688Z
C003143,P008,Harbor Pointe,2025-06-26,R17,70,0,15:49,D06,Midwest,2026-06-25T06:46:29.225Z,2026-06-25T06:46:49.688Z
C003144,P006,Cedar Park,2025-01-26,R20,45,0,19:28,D02,Northeast,2026-06-25T06:46:29.225Z,2026-06-25T06:46:49.688Z
C003145,P008,Harbor Pointe,2025-02-02,R19,117,0,17:33,D09,Northeast,2026-06-25T06:46:29.225Z,2026-06-25T06:46:49.688Z
C003159,P007,Willow Creek,2025-03-18,R23,100,0,18:24,D06,Southeast,2026-06-25T06:46:29.225Z,2026-06-25T06:46:49.688Z
C003211,P004,Birchwood Commons,2025-04-22,R15,66,1,22:37,D14,Midwest,2026-06-25T06:46:29.225Z,2026-06-25T06:46:49.688Z
C003216,P007,Willow Creek,2025-06-21,R22,52,0,20:46,D18,Midwest,2026-06-25T06:46:29.225Z,2026-06-25T06:46:49.688Z
C003221,P001,Sunset Ridge,2025-05-04,R18,154,3,16:24,D09,Midwest,2026-06-25T06:46:29.225Z,2026-06-25T06:46:49.688Z
C003239,P007,Willow Creek,2025-06-01,R10,50,0,19:50,D16,Southeast,2026-06-25T06:46:29.225Z,2026-06-25T06:46:49.688Z
C003240,P008,Harbor Pointe,2025-06-29,R11,66,2,16:50,D04,Northeast,2026-06-25T06:46:29.225Z,2026-06-25T06:46:49.688Z
C003246,P003,Green Oaks,2025-05-28,R13,122,3,16:07,D12,Northeast,2026-06-25T06:46:29.225Z,2026-06-25T06:46:49.688Z
C003247,P004,Birchwood Commons,2025-01-13,R11,157,0,19:13,D11,Southeast,2026-06-25T06:46:29.225Z,2026-06-25T06:46:49.688Z
C003283,P003,Green Oaks,2025-01-03,R13,135,0,16:57,D09,Midwest,2026-06-25T06:46:29.225Z,2026-06-25T06:46:49.688Z
C003296,P001,Sunset Ridge,2025-01-02,R16,52,0,14:06,D19,Midwest,2026-06-25T06:46:29.225Z,2026-06-25T06:46:49.688Z
C003297,P006,Cedar Park,2025-06-14,R19,68,0,21:38,D16,Southeast,2026-06-25T06:46:29.225Z,2026-06-25T06:46:49.688Z
C003299,P003,Green Oaks,2025-04-21,R12,147,0,19:24,D09,West,2026-06-25T06:46:29.225Z,2026-06-25T06:46:49.688Z
C003308,P002,Maple Court,2025-02-09,R20,54,0,20:30,D18,West,2026-06-25T06:46:29.225Z,2026-06-25T06:46:49.688Z
C003319,P004,Birchwood Commons,2025-04-24,R23,153,2,19:04,D05,West,2026-06-25T06:46:29.225Z,2026-06-25T06:46:49.688Z
C003324,P007,Willow Creek,2025-05-29,R15,89,0,22:59,D11,Southeast,2026-06-25T06:46:29.225Z,2026-06-25T06:46:49.688Z
C003348,P001,Sunset Ridge,2025-01-24,R12,153,3,21:50,D04,West,2026-06-25T06:46:29.225Z,2026-06-25T06:46:49.688Z
C003350,P007,Willow Creek,2025-04-04,R16,142,0,22:27,D04,Southeast,2026-06-25T06:46:29.225Z,2026-06-25T06:46:49.688Z
C003355,P003,Green Oaks,2025-05-29,R14,60,0,20:25,D05,Southeast,2026-06-25T06:46:29.225Z,2026-06-25T06:46:49.688Z
C003357,P008,Harbor Pointe,2025-04-19,R19,151,0,17:00,D07,Southeast,2026-06-25T06:46:29.225Z,2026-06-25T06:46:49.688Z
C003379,P005,Lakeview Terrace,2025-06-12,R20,146,0,17:51,D05,Southeast,2026-06-25T06:46:29.225Z,2026-06-25T06:46:49.688Z
C003416,P005,Lakeview Terrace,2025-01-06,R22,62,2,20:41,D14,Midwest,2026-06-25T06:46:29.225Z,2026-06-25T06:46:49.688Z
C003449,P002,Maple Court,2025-04-23,R12,137,0,17:17,D08,Southeast,2026-06-25T06:46:29.225Z,2026-06-25T06:46:49.688Z
C003459,P002,Maple Court,2025-02-06,R21,46,0,22:31,D08,Midwest,2026-06-25T06:46:29.225Z,2026-06-25T06:46:49.688Z
C003468,P003,Green Oaks,2025-06-10,R13,140,0,20:34,D17,Southeast,2026-06-25T06:46:29.225Z,2026-06-25T06:46:49.688Z
C003477,P007,Willow Creek,2025-01-03,R13,74,0,22:23,D01,Northeast,2026-06-25T06:46:29.225Z,2026-06-25T06:46:49.688Z
C003479,P005,Lakeview Terrace,2025-06-09,R15,73,0,19:26,D20,West,2026-06-25T06:46:29.225Z,2026-06-25T06:46:49.688Z
C003498,P005,Lakeview Terrace,2025-05-28,R19,118,0,21:39,D20,Southeast,2026-06-25T06:46:29.225Z,2026-06-25T06:46:49.688Z
C003529,P005,Lakeview Terrace,2025-06-06,R11,79,1,21:22,D07,Southeast,2026-06-25T06:46:29.225Z,2026-06-25T06:46:49.688Z
C003562,P006,Cedar Park,2025-05-21,R11,143,0,17:00,D10,Northeast,2026-06-25T06:46:29.225Z,2026-06-25T06:46:49.688Z
C003590,P005,Lakeview Terrace,2025-01-09,R17,151,0,17:13,D18,Southeast,2026-06-25T06:46:29.225Z,2026-06-25T06:46:49.688Z
C003643,P008,Harbor Pointe,2025-03-12,R14,51,0,15:45,D10,West,2026-06-25T06:46:29.225Z,2026-06-25T06:46:49.688Z
C003651,P005,Lakeview Terrace,2025-05-22,R16,123,0,14:05,D17,Southeast,2026-06-25T06:46:29.225Z,2026-06-25T06:46:49.688Z
C003656,P008,Harbor Pointe,2025-06-07,R23,74,2,20:40,D05,West,2026-06-25T06:46:29.225Z,2026-06-25T06:46:49.688Z
C003674,P006,Cedar Park,2025-02-04,R17,104,0,19:25,D09,Southeast,2026-06-25T06:46:29.225Z,2026-06-25T06:46:49.688Z
C003683,P007,Willow Creek,2025-03-14,R10,55,0,21:01,D07,West,2026-06-25T06:46:29.225Z,2026-06-25T06:46:49.688Z
C003700,P007,Willow Creek,2025-06-08,R22,137,2,19:28,D09,Northeast,2026-06-25T06:46:29.225Z,2026-06-25T06:46:49.688Z
C003704,P008,Harbor Pointe,2025-06-26,R23,132,0,20:32,D10,Southeast,2026-06-25T06:46:29.225Z,2026-06-25T06:46:49.688Z
C003730,P007,Willow Creek,2025-02-19,R18,97,0,14:57,D19,Northeast,2026-06-25T06:46:29.225Z,2026-06-25T06:46:49.688Z
C003780,P004,Birchwood Commons,2025-01-01,R22,101,1,19:32,D06,Southeast,2026-06-25T06:46:29.225Z,2026-06-25T06:46:49.688Z
C003785,P005,Lakeview Terrace,2025-06-27,R20,113,0,21:46,D15,Midwest,2026-06-25T06:46:29.225Z,2026-06-25T06:46:49.688Z
C003800,P008,Harbor Pointe,2025-06-27,R22,159,0,15:22,D08,Southeast,2026-06-25T06:46:29.225Z,2026-06-25T06:46:49.688Z
C003818,P005,Lakeview Terrace,2025-02-27,R19,72,1,15:39,D16,Southeast,2026-06-25T06:46:29.225Z,2026-06-25T06:46:49.688Z
C003871,P005,Lakeview Terrace,2025-04-17,R22,46,0,20:29,D04,Northeast,2026-06-25T06:46:29.225Z,2026-06-25T06:46:49.688Z
C003926,P001,Sunset Ridge,2025-05-16,R12,158,0,19:36,D04,Midwest,2026-06-25T06:46:29.225Z,2026-06-25T06:46:49.688Z
C003959,P004,Birchwood Commons,2025-03-29,R19,86,1,14:49,D04,Southeast,2026-06-25T06:46:29.225Z,2026-06-25T06:46:49.688Z
C003963,P008,Harbor Pointe,2025-06-30,R11,147,1,22:27,D03,Northeast,2026-06-25T06:46:29.225Z,2026-06-25T06:46:49.688Z
C003973,P008,Harbor Pointe,2025-05-27,R19,153,0,16:29,D04,Northeast,2026-06-25T06:46:29.225Z,2026-06-25T06:46:49.688Z
C003998,P003,Green Oaks,2025-01-27,R23,59,2,22:41,D08,Southeast,2026-06-25T06:46:29.225Z,2026-06-25T06:46:49.688Z
C003005,P004,Birchwood Commons,2025-02-27,R17,124,3,19:54,D13,Southeast,2026-06-25T06:46:29.225Z,2026-06-25T06:46:49.688Z
C003010,P001,Sunset Ridge,2025-04-25,R22,74,0,21:27,D01,West,2026-06-25T06:46:29.225Z,2026-06-25T06:46:49.688Z
C003035,P003,Green Oaks,2025-03-01,R21,89,3,15:47,D18,Northeast,2026-06-25T06:46:29.225Z,2026-06-25T06:46:49.688Z
C003043,P007,Willow Creek,2025-01-11,R10,57,0,21:22,D16,Northeast,2026-06-25T06:46:29.225Z,2026-06-25T06:46:49.688Z
C003076,P001,Sunset Ridge,2025-02-23,R13,88,0,14:21,D20,Northeast,2026-06-25T06:46:29.225Z,2026-06-25T06:46:49.688Z
C003083,P004,Birchwood Commons,2025-01-27,R19,129,0,21:47,D19,Northeast,2026-06-25T06:46:29.225Z,2026-06-25T06:46:49.688Z
C003112,P001,Sunset Ridge,2025-05-11,R19,81,3,21:40,D08,Northeast,2026-06-25T06:46:29.225Z,2026-06-25T06:46:49.688Z
C003121,P007,Willow Creek,2025-02-13,R10,134,3,19:46,D18,West,2026-06-25T06:46:29.225Z,2026-06-25T06:46:49.688Z
C003137,P007,Willow Creek,2025-02-09,R23,123,2,15:32,D05,Southeast,2026-06-25T06:46:29.225Z,2026-06-25T06:46:49.688Z
C003154,P006,Cedar Park,2025-05-30,R17,130,2,16:38,D05,West,2026-06-25T06:46:29.225Z,2026-06-25T06:46:49.688Z
C003160,P006,Cedar Park,2025-03-30,R18,76,1,15:58,D16,Northeast,2026-06-25T06:46:29.225Z,2026-06-25T06:46:49.688Z
C003165,P004,Birchwood Commons,2025-05-18,R13,138,0,14:51,D05,West,2026-06-25T06:46:29.225Z,2026-06-25T06:46:49.688Z
C003180,P007,Willow Creek,2025-06-24,R17,58,0,16:34,D18,Midwest,2026-06-25T06:46:29.225Z,2026-06-25T06:46:49.688Z
C003201,P002,Maple Court,2025-02-16,R22,67,0,16:15,D20,Northeast,2026-06-25T06:46:29.225Z,2026-06-25T06:46:49.688Z
C003217,P004,Birchwood Commons,2025-03-17,R19,117,0,22:50,D03,West,2026-06-25T06:46:29.225Z,2026-06-25T06:46:49.688Z
C003236,P001,Sunset Ridge,2025-01-19,R13,77,2,16:07,D07,Northeast,2026-06-25T06:46:29.225Z,2026-06-25T06:46:49.688Z
C003249,P006,Cedar Park,2025-03-30,R12,136,0,21:47,D10,Southeast,2026-06-25T06:46:29.225Z,2026-06-25T06:46:49.688Z
C003251,P006,Cedar Park,2025-05-14,R16,89,0,18:32,D19,Midwest,2026-06-25T06:46:29.225Z,2026-06-25T06:46:49.688Z
C003253,P004,Birchwood Commons,2025-06-19,R15,86,2,22:18,D05,Midwest,2026-06-25T06:46:29.225Z,2026-06-25T06:46:49.688Z
C003256,P005,Lakeview Terrace,2025-01-22,R11,147,0,17:00,D13,West,2026-06-25T06:46:29.225Z,2026-06-25T06:46:49.688Z
C003271,P006,Cedar Park,2025-01-06,R17,156,0,22:41,D01,Midwest,2026-06-25T06:46:29.225Z,2026-06-25T06:46:49.688Z
C003273,P004,Birchwood Commons,2025-03-06,R23,132,2,20:38,D19,Southeast,2026-06-25T06:46:29.225Z,2026-06-25T06:46:49.688Z
C003287,P001,Sunset Ridge,2025-05-25,R12,75,1,16:23,D15,Southeast,2026-06-25T06:46:29.225Z,2026-06-25T06:46:49.688Z
C003302,P008,Harbor Pointe,2025-04-09,R17,157,0,22:49,D03,Northeast,2026-06-25T06:46:29.225Z,2026-06-25T06:46:49.688Z
C003354,P003,Green Oaks,2025-03-25,R18,87,0,17:23,D08,Midwest,2026-06-25T06:46:29.225Z,2026-06-25T06:46:49.688Z
C003371,P004,Birchwood Commons,2025-02-20,R21,63,1,16:53,D03,Southeast,2026-06-25T06:46:29.225Z,2026-06-25T06:46:49.688Z
C003373,P001,Sunset Ridge,2025-06-21,R22,54,0,19:31,D19,Southeast,2026-06-25T06:46:29.225Z,2026-06-25T06:46:49.688Z
C003401,P003,Green Oaks,2025-04-13,R12,94,0,20:27,D15,Southeast,2026-06-25T06:46:29.225Z,2026-06-25T06:46:49.688Z
C003403,P001,Sunset Ridge,2025-02-13,R17,77,0,17:51,D11,Southeast,2026-06-25T06:46:29.225Z,2026-06-25T06:46:49.688Z
C003451,P007,Willow Creek,2025-06-05,R14,86,1,14:54,D05,Midwest,2026-06-25T06:46:29.225Z,2026-06-25T06:46:49.688Z
C003461,P007,Willow Creek,2025-02-25,R22,101,0,15:49,D01,Northeast,2026-06-25T06:46:29.225Z,2026-06-25T06:46:49.688Z
C003490,P007,Willow Creek,2025-03-06,R18,112,0,20:37,D17,West,2026-06-25T06:46:29.225Z,2026-06-25T06:46:49.688Z
C003509,P005,Lakeview Terrace,2025-06-03,R15,106,0,19:32,D08,Northeast,2026-06-25T06:46:29.225Z,2026-06-25T06:46:49.688Z
C003519,P003,Green Oaks,2025-01-09,R21,53,0,21:30,D07,Northeast,2026-06-25T06:46:29.225Z,2026-06-25T06:46:49.688Z
C003531,P001,Sunset Ridge,2025-06-25,R18,156,0,16:24,D03,Southeast,2026-06-25T06:46:29.225Z,2026-06-25T06:46:49.688Z
C003537,P007,Willow Creek,2025-03-17,R20,62,0,22:47,D07,Northeast,2026-06-25T06:46:29.225Z,2026-06-25T06:46:49.688Z
C003542,P001,Sunset Ridge,2025-02-22,R19,150,0,19:10,D18,Northeast,2026-06-25T06:46:29.225Z,2026-06-25T06:46:49.688Z
C003546,P006,Cedar Park,2025-01-02,R14,57,0,22:32,D15,Midwest,2026-06-25T06:46:29.225Z,2026-06-25T06:46:49.688Z
C003549,P001,Sunset Ridge,2025-06-29,R23,150,2,20:37,D02,Southeast,2026-06-25T06:46:29.225Z,2026-06-25T06:46:49.688Z
C003557,P003,Green Oaks,2025-06-29,R24,82,0,21:07,D10,Southeast,2026-06-25T06:46:29.225Z,2026-06-25T06:46:49.688Z
C003569,P007,Willow Creek,2025-04-10,R17,108,0,19:44,D02,West,2026-06-25T06:46:29.225Z,2026-06-25T06:46:49.688Z
C003579,P003,Green Oaks,2025-02-16,R16,95,2,14:40,D01,Southeast,2026-06-25T06:46:29.225Z,2026-06-25T06:46:49.688Z
C003589,P002,Maple Court,2025-03-06,R13,152,0,15:34,D13,West,2026-06-25T06:46:29.225Z,2026-06-25T06:46:49.688Z
C003599,P006,Cedar Park,2025-05-22,R15,143,3,22:53,D04,West,2026-06-25T06:46:29.225Z,2026-06-25T06:46:49.688Z
C003603,P002,Maple Court,2025-03-21,R21,117,2,19:36,D15,Midwest,2026-06-25T06:46:29.225Z,2026-06-25T06:46:49.688Z
C003604,P002,Maple Court,2025-01-14,R12,48,1,22:20,D05,West,2026-06-25T06:46:29.225Z,2026-06-25T06:46:49.688Z
C003623,P006,Cedar Park,2025-01-04,R23,78,0,21:16,D15,West,2026-06-25T06:46:29.225Z,2026-06-25T06:46:49.688Z
C003640,P007,Willow Creek,2025-05-09,R14,81,0,22:14,D16,Northeast,2026-06-25T06:46:29.225Z,2026-06-25T06:46:49.688Z
C003642,P006,Cedar Park,2025-01-21,R24,84,2,19:38,D06,West,2026-06-25T06:46:29.225Z,2026-06-25T06:46:49.688Z
C003648,P003,Green Oaks,2025-03-31,R10,146,1,15:25,D07,Southeast,2026-06-25T06:46:29.225Z,2026-06-25T06:46:49.688Z
C003666,P006,Cedar Park,2025-05-13,R20,113,1,21:17,D15,West,2026-06-25T06:46:29.225Z,2026-06-25T06:46:49.688Z
C003691,P002,Maple Court,2025-02-19,R14,64,0,14:38,D15,Northeast,2026-06-25T06:46:29.225Z,2026-06-25T06:46:49.688Z
C003738,P001,Sunset Ridge,2025-05-19,R19,78,0,21:46,D07,Southeast,2026-06-25T06:46:29.225Z,2026-06-25T06:46:49.688Z
C003744,P005,Lakeview Terrace,2025-05-29,R20,88,0,22:54,D12,West,2026-06-25T06:46:29.225Z,2026-06-25T06:46:49.688Z
C003751,P004,Birchwood Commons,2025-03-15,R13,127,0,17:03,D05,Midwest,2026-06-25T06:46:29.225Z,2026-06-25T06:46:49.688Z
C003753,P005,Lakeview Terrace,2025-04-07,R21,69,0,14:25,D20,Northeast,2026-06-25T06:46:29.225Z,2026-06-25T06:46:49.688Z
C003767,P002,Maple Court,2025-03-21,R12,160,0,14:09,D06,Southeast,2026-06-25T06:46:29.225Z,2026-06-25T06:46:49.688Z
C003841,P006,Cedar Park,2025-03-31,R16,82,0,17:15,D16,West,2026-06-25T06:46:29.225Z,2026-06-25T06:46:49.688Z
C003857,P008,Harbor Pointe,2025-02-25,R18,110,0,18:49,D09,West,2026-06-25T06:46:29.225Z,2026-06-25T06:46:49.688Z
C003877,P003,Green Oaks,2025-06-07,R23,120,0,20:19,D03,Southeast,2026-06-25T06:46:29.225Z,2026-06-25T06:46:49.688Z
C003879,P001,Sunset Ridge,2025-06-29,R15,102,0,20:15,D03,Southeast,2026-06-25T06:46:29.225Z,2026-06-25T06:46:49.688Z
C003894,P004,Birchwood Commons,2025-06-15,R11,98,1,17:36,D10,West,2026-06-25T06:46:29.225Z,2026-06-25T06:46:49.688Z
C003921,P006,Cedar Park,2025-02-12,R12,156,2,20:48,D09,Northeast,2026-06-25T06:46:29.225Z,2026-06-25T06:46:49.688Z
C003955,P007,Willow Creek,2025-06-07,R11,133,0,17:07,D11,Midwest,2026-06-25T06:46:29.225Z,2026-06-25T06:46:49.688Z
C003956,P004,Birchwood Commons,2025-03-26,R21,60,0,16:42,D18,Southeast,2026-06-25T06:46:29.225Z,2026-06-25T06:46:49.688Z
C003013,P004,Birchwood Commons,2025-01-23,R20,61,0,22:37,D12,Southeast,2026-06-25T06:46:29.225Z,2026-06-25T06:46:49.688Z
C003045,P005,Lakeview Terrace,2025-05-23,R21,76,3,19:14,D17,Southeast,2026-06-25T06:46:29.225Z,2026-06-25T06:46:49.688Z
C003047,P005,Lakeview Terrace,2025-03-14,R22,82,2,20:25,D06,Midwest,2026-06-25T06:46:29.225Z,2026-06-25T06:46:49.688Z
C003049,P007,Willow Creek,2025-03-22,R10,70,0,20:06,D14,Midwest,2026-06-25T06:46:29.225Z,2026-06-25T06:46:49.688Z
C003050,P001,Sunset Ridge,2025-03-21,R17,41,0,18:28,D05,West,2026-06-25T06:46:29.225Z,2026-06-25T06:46:49.688Z
C003053,P002,Maple Court,2025-04-19,R15,94,0,14:22,D17,West,2026-06-25T06:46:29.225Z,2026-06-25T06:46:49.688Z
C003058,P005,Lakeview Terrace,2025-04-22,R23,131,3,20:37,D07,West,2026-06-25T06:46:29.225Z,2026-06-25T06:46:49.688Z
C003082,P008,Harbor Pointe,2025-01-19,R14,80,0,21:41,D19,Midwest,2026-06-25T06:46:29.225Z,2026-06-25T06:46:49.688Z
C003128,P001,Sunset Ridge,2025-02-13,R10,130,0,20:20,D09,West,2026-06-25T06:46:29.225Z,2026-06-25T06:46:49.688Z
C003141,P001,Sunset Ridge,2025-06-05,R13,131,2,19:02,D14,West,2026-06-25T06:46:29.225Z,2026-06-25T06:46:49.688Z
C003152,P001,Sunset Ridge,2025-04-20,R11,95,3,17:08,D20,Northeast,2026-06-25T06:46:29.225Z,2026-06-25T06:46:49.688Z
C003170,P001,Sunset Ridge,2025-06-07,R11,155,0,17:46,D15,West,2026-06-25T06:46:29.225Z,2026-06-25T06:46:49.688Z
C003171,P007,Willow Creek,2025-05-22,R17,85,0,14:06,D16,West,2026-06-25T06:46:29.225Z,2026-06-25T06:46:49.688Z
C003194,P002,Maple Court,2025-02-05,R11,77,0,16:01,D13,West,2026-06-25T06:46:29.225Z,2026-06-25T06:46:49.688Z
C003203,P005,Lakeview Terrace,2025-02-17,R22,142,0,18:39,D15,West,2026-06-25T06:46:29.225Z,2026-06-25T06:46:49.688Z
C003231,P005,Lakeview Terrace,2025-06-18,R18,141,1,15:18,D02,Northeast,2026-06-25T06:46:29.225Z,2026-06-25T06:46:49.688Z
C003242,P003,Green Oaks,2025-03-16,R23,108,0,21:54,D10,Northeast,2026-06-25T06:46:29.225Z,2026-06-25T06:46:49.688Z
C003284,P001,Sunset Ridge,2025-02-24,R22,44,0,18:05,D15,Midwest,2026-06-25T06:46:29.225Z,2026-06-25T06:46:49.688Z
C003291,P002,Maple Court,2025-02-17,R17,60,2,15:31,D10,Midwest,2026-06-25T06:46:29.225Z,2026-06-25T06:46:49.688Z
C003330,P005,Lakeview Terrace,2025-02-05,R21,123,0,14:29,D01,Midwest,2026-06-25T06:46:29.225Z,2026-06-25T06:46:49.688Z
C003342,P001,Sunset Ridge,2025-05-02,R18,152,0,14:13,D17,Southeast,2026-06-25T06:46:29.225Z,2026-06-25T06:46:49.688Z
C003358,P006,Cedar Park,2025-02-08,R13,60,1,21:11,D16,West,2026-06-25T06:46:29.225Z,2026-06-25T06:46:49.688Z
C003359,P004,Birchwood Commons,2025-04-21,R14,80,0,15:40,D12,Southeast,2026-06-25T06:46:29.225Z,2026-06-25T06:46:49.688Z
C003387,P001,Sunset Ridge,2025-01-15,R19,46,0,22:52,D20,Midwest,2026-06-25T06:46:29.225Z,2026-06-25T06:46:49.688Z
C003394,P004,Birchwood Commons,2025-03-30,R11,146,2,15:02,D12,Midwest,2026-06-25T06:46:29.225Z,2026-06-25T06:46:49.688Z
C003398,P007,Willow Creek,2025-04-14,R17,128,1,15:32,D16,West,2026-06-25T06:46:29.225Z,2026-06-25T06:46:49.688Z
C003410,P003,Green Oaks,2025-03-09,R18,97,0,22:53,D16,Northeast,2026-06-25T06:46:29.225Z,2026-06-25T06:46:49.688Z
C003419,P006,Cedar Park,2025-04-11,R24,92,2,21:16,D02,West,2026-06-25T06:46:29.225Z,2026-06-25T06:46:49.688Z
C003445,P007,Willow Creek,2025-01-26,R10,105,0,18:33,D04,West,2026-06-25T06:46:29.225Z,2026-06-25T06:46:49.688Z
C003456,P008,Harbor Pointe,2025-06-20,R17,55,3,15:20,D01,West,2026-06-25T06:46:29.225Z,2026-06-25T06:46:49.688Z
C003457,P002,Maple Court,2025-02-07,R20,159,0,21:38,D05,West,2026-06-25T06:46:29.225Z,2026-06-25T06:46:49.688Z
C003465,P001,Sunset Ridge,2025-05-24,R24,67,0,18:40,D12,Southeast,2026-06-25T06:46:29.225Z,2026-06-25T06:46:49.688Z
C003476,P003,Green Oaks,2025-01-11,R11,72,0,15:49,D02,West,2026-06-25T06:46:29.225Z,2026-06-25T06:46:49.688Z
C003484,P004,Birchwood Commons,2025-02-23,R18,148,0,22:30,D10,Southeast,2026-06-25T06:46:29.225Z,2026-06-25T06:46:49.688Z
C003486,P007,Willow Creek,2025-03-19,R24,88,0,16:31,D14,Midwest,2026-06-25T06:46:29.225Z,2026-06-25T06:46:49.688Z
C003489,P007,Willow Creek,2025-06-03,R13,153,0,20:16,D16,Southeast,2026-06-25T06:46:29.225Z,2026-06-25T06:46:49.688Z
C003508,P001,Sunset Ridge,2025-03-10,R14,128,0,14:15,D16,Midwest,2026-06-25T06:46:29.225Z,2026-06-25T06:46:49.688Z
C003513,P005,Lakeview Terrace,2025-06-11,R23,103,1,20:57,D06,Southeast,2026-06-25T06:46:29.225Z,2026-06-25T06:46:49.688Z
C003514,P004,Birchwood Commons,2025-06-30,R16,143,3,14:07,D18,West,2026-06-25T06:46:29.225Z,2026-06-25T06:46:49.688Z
C003522,P008,Harbor Pointe,2025-06-27,R20,68,0,18:00,D06,Northeast,2026-06-25T06:46:29.225Z,2026-06-25T06:46:49.688Z
C003534,P007,Willow Creek,2025-05-30,R19,62,0,16:36,D12,Midwest,2026-06-25T06:46:29.225Z,2026-06-25T06:46:49.688Z
C003540,P006,Cedar Park,2025-01-10,R22,76,0,16:18,D08,Midwest,2026-06-25T06:46:29.225Z,2026-06-25T06:46:49.688Z
C003543,P008,Harbor Pointe,2025-06-05,R23,120,0,14:15,D19,West,2026-06-25T06:46:29.225Z,2026-06-25T06:46:49.688Z
C003563,P008,Harbor Pointe,2025-02-07,R17,84,2,22:24,D16,Southeast,2026-06-25T06:46:29.225Z,2026-06-25T06:46:49.688Z
C003595,P004,Birchwood Commons,2025-04-04,R10,58,0,19:32,D12,Midwest,2026-06-25T06:46:29.225Z,2026-06-25T06:46:49.688Z
C003609,P006,Cedar Park,2025-06-19,R17,92,1,20:15,D10,Northeast,2026-06-25T06:46:29.225Z,2026-06-25T06:46:49.688Z
C003612,P002,Maple Court,2025-01-06,R24,128,0,20:41,D13,Southeast,2026-06-25T06:46:29.225Z,2026-06-25T06:46:49.688Z
C003633,P008,Harbor Pointe,2025-04-03,R12,111,0,17:37,D12,Southeast,2026-06-25T06:46:29.225Z,2026-06-25T06:46:49.688Z
C003634,P001,Sunset Ridge,2025-04-15,R23,112,0,19:46,D08,Midwest,2026-06-25T06:46:29.225Z,2026-06-25T06:46:49.688Z
C003635,P008,Harbor Pointe,2025-06-18,R10,143,1,22:16,D17,West,2026-06-25T06:46:29.225Z,2026-06-25T06:46:49.688Z
C003641,P008,Harbor Pointe,2025-03-13,R15,58,0,15:14,D12,Midwest,2026-06-25T06:46:29.225Z,2026-06-25T06:46:49.688Z
C003644,P003,Green Oaks,2025-06-25,R16,96,2,19:48,D04,Southeast,2026-06-25T06:46:29.225Z,2026-06-25T06:46:49.688Z
C003660,P008,Harbor Pointe,2025-01-06,R15,151,0,19:35,D05,Southeast,2026-06-25T06:46:29.225Z,2026-06-25T06:46:49.688Z
C003665,P007,Willow Creek,2025-02-22,R24,75,0,22:11,D17,Midwest,2026-06-25T06:46:29.225Z,2026-06-25T06:46:49.688Z
C003670,P005,Lakeview Terrace,2025-02-06,R22,118,1,14:31,D13,Midwest,2026-06-25T06:46:29.225Z,2026-06-25T06:46:49.688Z
C003671,P006,Cedar Park,2025-03-18,R13,86,2,21:29,D04,Southeast,2026-06-25T06:46:29.225Z,2026-06-25T06:46:49.688Z
C003679,P004,Birchwood Commons,2025-06-10,R16,61,0,17:13,D10,West,2026-06-25T06:46:29.225Z,2026-06-25T06:46:49.688Z
C003702,P006,Cedar Park,2025-01-29,R11,67,0,20:58,D15,Midwest,2026-06-25T06:46:29.225Z,2026-06-25T06:46:49.688Z
C003740,P006,Cedar Park,2025-05-04,R23,114,0,18:51,D16,West,2026-06-25T06:46:29.225Z,2026-06-25T06:46:49.688Z
C003756,P006,Cedar Park,2025-03-06,R14,108,0,21:49,D11,Midwest,2026-06-25T06:46:29.225Z,2026-06-25T06:46:49.688Z
C003773,P006,Cedar Park,2025-01-04,R18,103,0,16:57,D08,Midwest,2026-06-25T06:46:29.225Z,2026-06-25T06:46:49.688Z
C003775,P003,Green Oaks,2025-04-25,R13,57,3,20:31,D03,Northeast,2026-06-25T06:46:29.225Z,2026-06-25T06:46:49.688Z
C003777,P007,Willow Creek,2025-01-12,R17,117,1,21:42,D05,Southeast,2026-06-25T06:46:29.225Z,2026-06-25T06:46:49.688Z
C003788,P007,Willow Creek,2025-06-04,R15,100,3,15:21,D13,Northeast,2026-06-25T06:46:29.225Z,2026-06-25T06:46:49.688Z
C003790,P005,Lakeview Terrace,2025-05-17,R12,77,0,21:37,D14,Southeast,2026-06-25T06:46:29.225Z,2026-06-25T06:46:49.688Z
C003801,P003,Green Oaks,2025-02-13,R21,78,0,21:46,D08,West,2026-06-25T06:46:29.225Z,2026-06-25T06:46:49.688Z
C003805,P007,Willow Creek,2025-06-14,R19,103,0,16:46,D02,West,2026-06-25T06:46:29.225Z,2026-06-25T06:46:49.688Z
C003826,P005,Lakeview Terrace,2025-01-28,R22,136,0,20:46,D04,Southeast,2026-06-25T06:46:29.225Z,2026-06-25T06:46:49.688Z
C003836,P002,Maple Court,2025-04-16,R14,89,0,21:16,D19,Southeast,2026-06-25T06:46:29.225Z,2026-06-25T06:46:49.688Z
C003854,P002,Maple Court,2025-04-26,R12,86,2,15:42,D12,Southeast,2026-06-25T06:46:29.225Z,2026-06-25T06:46:49.688Z
C003880,P007,Willow Creek,2025-01-21,R20,82,0,18:26,D04,Midwest,2026-06-25T06:46:29.225Z,2026-06-25T06:46:49.688Z
C003884,P002,Maple Court,2025-06-16,R10,46,0,21:51,D15,Southeast,2026-06-25T06:46:29.225Z,2026-06-25T06:46:49.688Z
C003918,P002,Maple Court,2025-03-04,R21,113,0,17:42,D06,Northeast,2026-06-25T06:46:29.225Z,2026-06-25T06:46:49.688Z
C003969,P002,Maple Court,2025-01-10,R24,84,1,16:11,D04,Midwest,2026-06-25T06:46:29.225Z,2026-06-25T06:46:49.688Z
C003972,P008,Harbor Pointe,2025-01-02,R14,89,0,15:47,D04,Midwest,2026-06-25T06:46:29.225Z,2026-06-25T06:46:49.688Z
C003985,P002,Maple Court,2025-04-24,R22,127,0,21:29,D13,Southeast,2026-06-25T06:46:29.225Z,2026-06-25T06:46:49.688Z
C003011,P003,Green Oaks,2025-05-17,R22,68,0,19:04,D01,West,2026-06-25T06:46:29.225Z,2026-06-25T06:46:49.688Z
C003061,P008,Harbor Pointe,2025-02-17,R23,100,3,15:34,D09,Midwest,2026-06-25T06:46:29.225Z,2026-06-25T06:46:49.688Z
C003086,P003,Green Oaks,2025-03-17,R21,68,0,18:57,D13,Southeast,2026-06-25T06:46:29.225Z,2026-06-25T06:46:49.688Z
C003095,P007,Willow Creek,2025-06-09,R13,153,0,22:15,D01,West,2026-06-25T06:46:29.225Z,2026-06-25T06:46:49.688Z
C003099,P006,Cedar Park,2025-03-24,R24,103,0,19:06,D06,Northeast,2026-06-25T06:46:29.225Z,2026-06-25T06:46:49.688Z
C003116,P003,Green Oaks,2025-02-18,R10,69,1,15:36,D15,West,2026-06-25T06:46:29.225Z,2026-06-25T06:46:49.688Z
C003142,P007,Willow Creek,2025-03-25,R23,106,0,17:12,D11,Northeast,2026-06-25T06:46:29.225Z,2026-06-25T06:46:49.688Z
C003147,P008,Harbor Pointe,2025-01-17,R10,123,0,15:48,D05,Midwest,2026-06-25T06:46:29.225Z,2026-06-25T06:46:49.688Z
C003173,P003,Green Oaks,2025-03-12,R13,71,0,19:04,D15,Northeast,2026-06-25T06:46:29.225Z,2026-06-25T06:46:49.688Z
C003177,P003,Green Oaks,2025-04-02,R20,63,0,21:43,D15,West,2026-06-25T06:46:29.225Z,2026-06-25T06:46:49.688Z
C003179,P006,Cedar Park,2025-01-01,R15,48,3,17:53,D09,Northeast,2026-06-25T06:46:29.225Z,2026-06-25T06:46:49.688Z
C003202,P007,Willow Creek,2025-03-27,R20,76,1,19:08,D07,Northeast,2026-06-25T06:46:29.225Z,2026-06-25T06:46:49.688Z
C003212,P006,Cedar Park,2025-06-12,R21,71,2,16:18,D07,West,2026-06-25T06:46:29.225Z,2026-06-25T06:46:49.688Z
C003218,P004,Birchwood Commons,2025-01-25,R20,104,0,15:06,D13,Midwest,2026-06-25T06:46:29.225Z,2026-06-25T06:46:49.688Z
C003243,P002,Maple Court,2025-02-04,R22,158,2,17:27,D16,Northeast,2026-06-25T06:46:29.225Z,2026-06-25T06:46:49.688Z
C003276,P005,Lakeview Terrace,2025-05-26,R15,154,0,16:33,D20,West,2026-06-25T06:46:29.225Z,2026-06-25T06:46:49.688Z
C003278,P006,Cedar Park,2025-04-26,R17,154,1,14:05,D13,Northeast,2026-06-25T06:46:29.225Z,2026-06-25T06:46:49.688Z
C003288,P004,Birchwood Commons,2025-03-03,R13,124,3,16:39,D11,Northeast,2026-06-25T06:46:29.225Z,2026-06-25T06:46:49.688Z
C003303,P008,Harbor Pointe,2025-03-26,R21,76,0,17:28,D01,Southeast,2026-06-25T06:46:29.225Z,2026-06-25T06:46:49.688Z
C003309,P008,Harbor Pointe,2025-01-07,R20,94,0,17:21,D08,Midwest,2026-06-25T06:46:29.225Z,2026-06-25T06:46:49.688Z
C003327,P005,Lakeview Terrace,2025-03-07,R23,57,0,15:08,D19,Southeast,2026-06-25T06:46:29.225Z,2026-06-25T06:46:49.688Z
C003363,P005,Lakeview Terrace,2025-01-31,R12,80,2,16:44,D16,West,2026-06-25T06:46:29.225Z,2026-06-25T06:46:49.688Z
C003389,P004,Birchwood Commons,2025-02-14,R15,129,0,18:04,D11,Midwest,2026-06-25T06:46:29.225Z,2026-06-25T06:46:49.688Z
C003413,P005,Lakeview Terrace,2025-06-10,R12,113,0,14:25,D20,Northeast,2026-06-25T06:46:29.225Z,2026-06-25T06:46:49.688Z
C003453,P002,Maple Court,2025-04-07,R11,131,0,19:18,D19,Southeast,2026-06-25T06:46:29.225Z,2026-06-25T06:46:49.688Z
C003532,P006,Cedar Park,2025-01-07,R16,80,0,18:11,D19,Midwest,2026-06-25T06:46:29.225Z,2026-06-25T06:46:49.688Z
C003547,P007,Willow Creek,2025-03-12,R20,88,3,22:27,D14,West,2026-06-25T06:46:29.225Z,2026-06-25T06:46:49.688Z
C003566,P002,Maple Court,2025-03-04,R20,59,0,17:14,D12,West,2026-06-25T06:46:29.225Z,2026-06-25T06:46:49.688Z
C003587,P003,Green Oaks,2025-01-01,R17,94,1,18:54,D01,Northeast,2026-06-25T06:46:29.225Z,2026-06-25T06:46:49.688Z
C003594,P008,Harbor Pointe,2025-03-21,R17,78,2,15:13,D03,Midwest,2026-06-25T06:46:29.225Z,2026-06-25T06:46:49.688Z
C003602,P005,Lakeview Terrace,2025-05-17,R23,89,0,17:16,D05,Midwest,2026-06-25T06:46:29.225Z,2026-06-25T06:46:49.688Z
C003622,P001,Sunset Ridge,2025-01-05,R14,110,1,14:11,D06,Northeast,2026-06-25T06:46:29.225Z,2026-06-25T06:46:49.688Z
C003654,P008,Harbor Pointe,2025-04-13,R11,158,3,19:20,D09,Northeast,2026-06-25T06:46:29.225Z,2026-06-25T06:46:49.688Z
C003697,P007,Willow Creek,2025-01-18,R16,160,0,15:05,D05,Midwest,2026-06-25T06:46:29.225Z,2026-06-25T06:46:49.688Z
C003723,P001,Sunset Ridge,2025-04-04,R12,150,1,17:12,D12,Midwest,2026-06-25T06:46:29.225Z,2026-06-25T06:46:49.688Z
C003768,P008,Harbor Pointe,2025-01-22,R15,78,1,19:17,D03,West,2026-06-25T06:46:29.225Z,2026-06-25T06:46:49.688Z
C003786,P008,Harbor Pointe,2025-06-15,R17,61,0,18:19,D07,Northeast,2026-06-25T06:46:29.225Z,2026-06-25T06:46:49.688Z
C003799,P004,Birchwood Commons,2025-03-20,R23,141,0,19:39,D14,West,2026-06-25T06:46:29.225Z,2026-06-25T06:46:49.688Z
C003810,P007,Willow Creek,2025-02-16,R14,52,3,16:09,D10,West,2026-06-25T06:46:29.225Z,2026-06-25T06:46:49.688Z
C003814,P001,Sunset Ridge,2025-05-17,R22,115,2,18:40,D02,Northeast,2026-06-25T06:46:29.225Z,2026-06-25T06:46:49.688Z
C003847,P002,Maple Court,2025-02-04,R16,67,0,14:12,D10,Midwest,2026-06-25T06:46:29.225Z,2026-06-25T06:46:49.688Z
C003865,P002,Maple Court,2025-01-24,R23,53,2,16:46,D11,West,2026-06-25T06:46:29.225Z,2026-06-25T06:46:49.688Z
C003870,P001,Sunset Ridge,2025-04-24,R14,79,2,21:02,D17,Northeast,2026-06-25T06:46:29.225Z,2026-06-25T06:46:49.688Z
C003873,P006,Cedar Park,2025-03-09,R22,156,1,20:17,D11,West,2026-06-25T06:46:29.225Z,2026-06-25T06:46:49.688Z
C003923,P002,Maple Court,2025-05-10,R11,79,0,17:14,D02,West,2026-06-25T06:46:29.225Z,2026-06-25T06:46:49.688Z
C003971,P002,Maple Court,2025-04-21,R12,125,0,22:40,D19,Midwest,2026-06-25T06:46:29.225Z,2026-06-25T06:46:49.688Z
C003030,P008,Harbor Pointe,2025-02-27,R20,40,0,21:30,D09,Northeast,2026-06-25T06:46:29.225Z,2026-06-25T06:46:49.688Z
C003066,P003,Green Oaks,2025-04-07,R14,61,0,21:30,D08,Midwest,2026-06-25T06:46:29.225Z,2026-06-25T06:46:49.688Z
C003075,P005,Lakeview Terrace,2025-04-12,R21,101,0,14:59,D15,Southeast,2026-06-25T06:46:29.225Z,2026-06-25T06:46:49.688Z
C003087,P002,Maple Court,2025-02-03,R20,150,0,15:21,D20,Northeast,2026-06-25T06:46:29.225Z,2026-06-25T06:46:49.688Z
C003089,P003,Green Oaks,2025-06-25,R12,156,0,17:52,D19,Northeast,2026-06-25T06:46:29.225Z,2026-06-25T06:46:49.688Z
C003091,P003,Green Oaks,2025-01-17,R24,56,1,17:28,D17,West,2026-06-25T06:46:29.225Z,2026-06-25T06:46:49.688Z
C003105,P008,Harbor Pointe,2025-01-11,R10,71,1,20:12,D02,Northeast,2026-06-25T06:46:29.225Z,2026-06-25T06:46:49.688Z
C003130,P008,Harbor Pointe,2025-01-19,R16,103,0,19:20,D07,Southeast,2026-06-25T06:46:29.225Z,2026-06-25T06:46:49.688Z
C003132,P006,Cedar Park,2025-04-01,R17,117,0,14:35,D19,Northeast,2026-06-25T06:46:29.225Z,2026-06-25T06:46:49.688Z
C003157,P002,Maple Court,2025-02-28,R16,149,0,19:04,D18,Northeast,2026-06-25T06:46:29.225Z,2026-06-25T06:46:49.688Z
C003166,P001,Sunset Ridge,2025-06-12,R19,132,0,20:45,D06,Southeast,2026-06-25T06:46:29.225Z,2026-06-25T06:46:49.688Z
C003178,P005,Lakeview Terrace,2025-03-09,R19,45,1,14:13,D18,Northeast,2026-06-25T06:46:29.225Z,2026-06-25T06:46:49.688Z
C003198,P001,Sunset Ridge,2025-02-17,R15,88,0,16:41,D01,Southeast,2026-06-25T06:46:29.225Z,2026-06-25T06:46:49.688Z
C003224,P004,Birchwood Commons,2025-04-14,R19,53,0,21:08,D19,Northeast,2026-06-25T06:46:29.225Z,2026-06-25T06:46:49.688Z
C003279,P002,Maple Court,2025-02-06,R24,68,0,20:42,D18,Southeast,2026-06-25T06:46:29.225Z,2026-06-25T06:46:49.688Z
C003301,P006,Cedar Park,2025-02-28,R21,142,0,17:08,D08,Southeast,2026-06-25T06:46:29.225Z,2026-06-25T06:46:49.688Z
C003305,P007,Willow Creek,2025-05-08,R21,94,0,19:03,D12,Midwest,2026-06-25T06:46:29.225Z,2026-06-25T06:46:49.688Z
C003318,P003,Green Oaks,2025-04-10,R21,94,1,20:18,D06,West,2026-06-25T06:46:29.225Z,2026-06-25T06:46:49.688Z
C003339,P006,Cedar Park,2025-06-03,R24,93,0,18:36,D02,Southeast,2026-06-25T06:46:29.225Z,2026-06-25T06:46:49.688Z
C003341,P001,Sunset Ridge,2025-04-06,R11,53,0,19:18,D13,Southeast,2026-06-25T06:46:29.225Z,2026-06-25T06:46:49.688Z
C003344,P006,Cedar Park,2025-03-31,R11,127,0,17:53,D11,Midwest,2026-06-25T06:46:29.225Z,2026-06-25T06:46:49.688Z
C003368,P007,Willow Creek,2025-06-06,R16,138,0,21:26,D10,Southeast,2026-06-25T06:46:29.225Z,2026-06-25T06:46:49.688Z
C003369,P007,Willow Creek,2025-06-05,R18,149,0,17:12,D10,Northeast,2026-06-25T06:46:29.225Z,2026-06-25T06:46:49.688Z
C003374,P006,Cedar Park,2025-01-22,R10,135,2,15:02,D03,West,2026-06-25T06:46:29.225Z,2026-06-25T06:46:49.688Z
C003377,P004,Birchwood Commons,2025-02-26,R15,102,0,15:38,D06,Southeast,2026-06-25T06:46:29.225Z,2026-06-25T06:46:49.688Z
C003427,P005,Lakeview Terrace,2025-06-18,R14,71,1,20:38,D11,Southeast,2026-06-25T06:46:29.225Z,2026-06-25T06:46:49.688Z
C003493,P003,Green Oaks,2025-05-28,R22,130,3,15:42,D06,West,2026-06-25T06:46:29.225Z,2026-06-25T06:46:49.688Z
C003505,P003,Green Oaks,2025-04-11,R21,46,0,15:48,D07,Southeast,2026-06-25T06:46:29.225Z,2026-06-25T06:46:49.688Z
C003524,P004,Birchwood Commons,2025-01-16,R12,133,0,17:27,D11,Northeast,2026-06-25T06:46:29.225Z,2026-06-25T06:46:49.688Z
C003533,P003,Green Oaks,2025-01-10,R13,101,0,20:45,D13,West,2026-06-25T06:46:29.225Z,2026-06-25T06:46:49.688Z
C003551,P007,Willow Creek,2025-04-25,R17,146,0,19:26,D14,Northeast,2026-06-25T06:46:29.225Z,2026-06-25T06:46:49.688Z
C003553,P005,Lakeview Terrace,2025-04-09,R14,112,0,16:13,D10,Midwest,2026-06-25T06:46:29.225Z,2026-06-25T06:46:49.688Z
C003558,P004,Birchwood Commons,2025-02-03,R18,81,0,21:27,D06,West,2026-06-25T06:46:29.225Z,2026-06-25T06:46:49.688Z
C003567,P008,Harbor Pointe,2025-06-23,R21,147,0,14:28,D08,Southeast,2026-06-25T06:46:29.225Z,2026-06-25T06:46:49.688Z
C003576,P001,Sunset Ridge,2025-01-09,R19,148,0,18:47,D02,West,2026-06-25T06:46:29.225Z,2026-06-25T06:46:49.688Z
C003581,P007,Willow Creek,2025-04-18,R23,80,0,15:05,D18,Southeast,2026-06-25T06:46:29.225Z,2026-06-25T06:46:49.688Z
C003584,P008,Harbor Pointe,2025-06-21,R21,114,0,20:25,D13,Midwest,2026-06-25T06:46:29.225Z,2026-06-25T06:46:49.688Z
C003607,P005,Lakeview Terrace,2025-01-10,R14,41,0,21:28,D18,Southeast,2026-06-25T06:46:29.225Z,2026-06-25T06:46:49.688Z
C003621,P001,Sunset Ridge,2025-06-23,R21,159,3,16:58,D17,West,2026-06-25T06:46:29.225Z,2026-06-25T06:46:49.688Z
C003632,P005,Lakeview Terrace,2025-03-04,R14,49,0,15:16,D15,Southeast,2026-06-25T06:46:29.225Z,2026-06-25T06:46:49.688Z
C003646,P002,Maple Court,2025-04-02,R22,85,1,20:19,D04,West,2026-06-25T06:46:29.225Z,2026-06-25T06:46:49.688Z
C003681,P005,Lakeview Terrace,2025-06-12,R21,103,1,21:46,D08,Northeast,2026-06-25T06:46:29.225Z,2026-06-25T06:46:49.688Z
C003687,P006,Cedar Park,2025-06-30,R19,143,0,17:42,D18,West,2026-06-25T06:46:29.225Z,2026-06-25T06:46:49.688Z
C003689,P007,Willow Creek,2025-06-22,R10,102,1,14:29,D05,Midwest,2026-06-25T06:46:29.225Z,2026-06-25T06:46:49.688Z
C003698,P003,Green Oaks,2025-02-20,R11,73,1,16:20,D06,West,2026-06-25T06:46:29.225Z,2026-06-25T06:46:49.688Z
C003701,P004,Birchwood Commons,2025-04-07,R12,87,2,19:17,D10,Southeast,2026-06-25T06:46:29.225Z,2026-06-25T06:46:49.688Z
C003705,P005,Lakeview Terrace,2025-05-18,R23,103,1,15:16,D13,Midwest,2026-06-25T06:46:29.225Z,2026-06-25T06:46:49.688Z
C003733,P008,Harbor Pointe,2025-01-30,R22,146,1,20:29,D15,West,2026-06-25T06:46:29.225Z,2026-06-25T06:46:49.688Z
C003739,P006,Cedar Park,2025-05-19,R16,42,0,19:54,D10,Midwest,2026-06-25T06:46:29.225Z,2026-06-25T06:46:49.688Z
C003741,P001,Sunset Ridge,2025-01-31,R17,113,0,21:25,D10,West,2026-06-25T06:46:29.225Z,2026-06-25T06:46:49.688Z
C003755,P006,Cedar Park,2025-01-24,R13,101,0,14:02,D13,Northeast,2026-06-25T06:46:29.225Z,2026-06-25T06:46:49.688Z
C003760,P003,Green Oaks,2025-05-20,R10,69,0,16:10,D04,Midwest,2026-06-25T06:46:29.225Z,2026-06-25T06:46:49.688Z
C003771,P008,Harbor Pointe,2025-02-13,R14,75,0,16:52,D02,Midwest,2026-06-25T06:46:29.225Z,2026-06-25T06:46:49.688Z
C003783,P002,Maple Court,2025-04-28,R22,79,0,16:19,D18,West,2026-06-25T06:46:29.225Z,2026-06-25T06:46:49.688Z
C003784,P003,Green Oaks,2025-03-02,R16,56,0,19:38,D03,Midwest,2026-06-25T06:46:29.225Z,2026-06-25T06:46:49.688Z
C003798,P004,Birchwood Commons,2025-06-06,R15,118,1,22:47,D09,West,2026-06-25T06:46:29.225Z,2026-06-25T06:46:49.688Z
C003812,P006,Cedar Park,2025-02-28,R24,49,0,20:03,D05,Midwest,2026-06-25T06:46:29.225Z,2026-06-25T06:46:49.688Z
C003819,P006,Cedar Park,2025-03-27,R15,103,0,15:57,D13,West,2026-06-25T06:46:29.225Z,2026-06-25T06:46:49.688Z
C003822,P001,Sunset Ridge,2025-03-02,R23,139,0,14:29,D14,Southeast,2026-06-25T06:46:29.225Z,2026-06-25T06:46:49.688Z
C003860,P005,Lakeview Terrace,2025-01-04,R21,111,0,16:16,D18,West,2026-06-25T06:46:29.225Z,2026-06-25T06:46:49.688Z
C003890,P007,Willow Creek,2025-06-19,R21,158,0,19:23,D06,Midwest,2026-06-25T06:46:29.225Z,2026-06-25T06:46:49.688Z
C003904,P004,Birchwood Commons,2025-03-01,R14,124,0,16:30,D04,West,2026-06-25T06:46:29.225Z,2026-06-25T06:46:49.688Z
C003906,P003,Green Oaks,2025-01-07,R16,46,0,14:03,D03,Southeast,2026-06-25T06:46:29.225Z,2026-06-25T06:46:49.688Z
C003908,P008,Harbor Pointe,2025-01-19,R13,111,1,18:50,D09,Southeast,2026-06-25T06:46:29.225Z,2026-06-25T06:46:49.688Z
C003909,P004,Birchwood Commons,2025-02-05,R10,46,2,22:32,D05,Midwest,2026-06-25T06:46:29.225Z,2026-06-25T06:46:49.688Z
C003920,P004,Birchwood Commons,2025-02-14,R17,114,0,18:38,D20,Northeast,2026-06-25T06:46:29.225Z,2026-06-25T06:46:49.688Z
C003922,P005,Lakeview Terrace,2025-03-19,R22,71,0,20:49,D18,West,2026-06-25T06:46:29.225Z,2026-06-25T06:46:49.688Z
C003928,P007,Willow Creek,2025-02-15,R16,132,2,14:13,D05,Midwest,2026-06-25T06:46:29.225Z,2026-06-25T06:46:49.688Z
C003960,P003,Green Oaks,2025-01-30,R23,81,2,19:32,D14,Midwest,2026-06-25T06:46:29.225Z,2026-06-25T06:46:49.688Z
C003981,P004,Birchwood Commons,2025-03-08,R24,118,0,22:21,D19,Southeast,2026-06-25T06:46:29.225Z,2026-06-25T06:46:49.688Z
C003008,P002,Maple Court,2025-06-09,R19,65,1,22:30,D07,Midwest,2026-06-25T06:46:29.225Z,2026-06-25T06:46:49.688Z
C003009,P005,Lakeview Terrace,2025-04-28,R21,63,0,18:54,D10,Northeast,2026-06-25T06:46:29.225Z,2026-06-25T06:46:49.688Z
C003025,P008,Harbor Pointe,2025-04-21,R10,116,0,16:02,D04,Southeast,2026-06-25T06:46:29.225Z,2026-06-25T06:46:49.688Z
C003027,P002,Maple Court,2025-04-10,R15,108,0,18:35,D11,Southeast,2026-06-25T06:46:29.225Z,2026-06-25T06:46:49.688Z
C003039,P005,Lakeview Terrace,2025-06-15,R23,41,0,22:37,D04,Southeast,2026-06-25T06:46:29.225Z,2026-06-25T06:46:49.688Z
C003042,P006,Cedar Park,2025-05-26,R13,149,0,15:36,D06,West,2026-06-25T06:46:29.225Z,2026-06-25T06:46:49.688Z
C003044,P005,Lakeview Terrace,2025-06-19,R20,115,0,16:02,D11,Northeast,2026-06-25T06:46:29.225Z,2026-06-25T06:46:49.688Z
C003054,P003,Green Oaks,2025-05-27,R12,72,0,18:04,D07,Midwest,2026-06-25T06:46:29.225Z,2026-06-25T06:46:49.688Z
C003065,P003,Green Oaks,2025-02-17,R15,70,2,16:52,D13,West,2026-06-25T06:46:29.225Z,2026-06-25T06:46:49.688Z
C003072,P002,Maple Court,2025-04-24,R13,110,0,17:07,D01,Southeast,2026-06-25T06:46:29.225Z,2026-06-25T06:46:49.688Z
C003081,P006,Cedar Park,2025-05-11,R20,148,0,20:56,D09,West,2026-06-25T06:46:29.225Z,2026-06-25T06:46:49.688Z
C003100,P001,Sunset Ridge,2025-05-01,R10,46,0,20:33,D15,Northeast,2026-06-25T06:46:29.225Z,2026-06-25T06:46:49.688Z
C003123,P008,Harbor Pointe,2025-01-26,R13,129,1,14:24,D13,Midwest,2026-06-25T06:46:29.225Z,2026-06-25T06:46:49.688Z
C003124,P002,Maple Court,2025-06-01,R15,51,0,22:59,D03,West,2026-06-25T06:46:29.225Z,2026-06-25T06:46:49.688Z
C003129,P005,Lakeview Terrace,2025-01-15,R22,99,0,21:37,D11,Northeast,2026-06-25T06:46:29.225Z,2026-06-25T06:46:49.688Z
C003138,P001,Sunset Ridge,2025-06-16,R24,91,1,20:45,D20,Southeast,2026-06-25T06:46:29.225Z,2026-06-25T06:46:49.688Z
C003156,P006,Cedar Park,2025-05-25,R18,87,1,18:41,D06,Midwest,2026-06-25T06:46:29.225Z,2026-06-25T06:46:49.688Z
C003174,P007,Willow Creek,2025-04-12,R24,79,2,16:55,D13,Southeast,2026-06-25T06:46:29.225Z,2026-06-25T06:46:49.688Z
C003175,P004,Birchwood Commons,2025-01-29,R17,136,0,16:24,D07,Southeast,2026-06-25T06:46:29.225Z,2026-06-25T06:46:49.688Z
C003176,P006,Cedar Park,2025-05-26,R21,155,0,20:57,D20,Northeast,2026-06-25T06:46:29.225Z,2026-06-25T06:46:49.688Z
C003188,P007,Willow Creek,2025-02-28,R12,120,0,15:51,D01,West,2026-06-25T06:46:29.225Z,2026-06-25T06:46:49.688Z
C003192,P001,Sunset Ridge,2025-06-30,R16,44,1,14:11,D07,Southeast,2026-06-25T06:46:29.225Z,2026-06-25T06:46:49.688Z
C003270,P003,Green Oaks,2025-04-27,R18,44,0,16:05,D17,Midwest,2026-06-25T06:46:29.225Z,2026-06-25T06:46:49.688Z
C003272,P002,Maple Court,2025-04-29,R20,58,0,15:14,D20,West,2026-06-25T06:46:29.225Z,2026-06-25T06:46:49.688Z
C003323,P001,Sunset Ridge,2025-04-05,R14,92,1,16:20,D01,West,2026-06-25T06:46:29.225Z,2026-06-25T06:46:49.688Z
C003332,P003,Green Oaks,2025-02-19,R21,47,0,18:20,D03,West,2026-06-25T06:46:29.225Z,2026-06-25T06:46:49.688Z
C003343,P002,Maple Court,2025-03-15,R10,76,0,14:17,D08,Southeast,2026-06-25T06:46:29.225Z,2026-06-25T06:46:49.688Z
C003353,P006,Cedar Park,2025-04-06,R20,109,0,15:37,D12,West,2026-06-25T06:46:29.225Z,2026-06-25T06:46:49.688Z
C003356,P008,Harbor Pointe,2025-04-30,R15,111,2,14:04,D11,Northeast,2026-06-25T06:46:29.225Z,2026-06-25T06:46:49.688Z
C003366,P001,Sunset Ridge,2025-02-25,R15,134,2,21:54,D15,West,2026-06-25T06:46:29.225Z,2026-06-25T06:46:49.688Z
C003378,P008,Harbor Pointe,2025-03-14,R19,51,0,18:24,D08,West,2026-06-25T06:46:29.225Z,2026-06-25T06:46:49.688Z
C003392,P002,Maple Court,2025-05-12,R12,57,1,20:33,D03,Northeast,2026-06-25T06:46:29.225Z,2026-06-25T06:46:49.688Z
C003425,P003,Green Oaks,2025-05-13,R10,150,0,21:30,D12,West,2026-06-25T06:46:29.225Z,2026-06-25T06:46:49.688Z
C003467,P004,Birchwood Commons,2025-03-11,R14,92,0,21:43,D12,Northeast,2026-06-25T06:46:29.225Z,2026-06-25T06:46:49.688Z
C003469,P004,Birchwood Commons,2025-01-12,R23,110,0,16:28,D06,Southeast,2026-06-25T06:46:29.225Z,2026-06-25T06:46:49.688Z
C003475,P005,Lakeview Terrace,2025-04-30,R20,102,1,20:30,D06,Southeast,2026-06-25T06:46:29.225Z,2026-06-25T06:46:49.688Z
C003487,P002,Maple Court,2025-02-25,R11,143,0,21:26,D04,Northeast,2026-06-25T06:46:29.225Z,2026-06-25T06:46:49.688Z
C003517,P006,Cedar Park,2025-05-01,R22,119,0,14:41,D19,West,2026-06-25T06:46:29.225Z,2026-06-25T06:46:49.688Z
C003520,P002,Maple Court,2025-06-16,R16,91,2,22:04,D03,Midwest,2026-06-25T06:46:29.225Z,2026-06-25T06:46:49.688Z
C003526,P005,Lakeview Terrace,2025-03-17,R12,125,1,14:10,D09,Midwest,2026-06-25T06:46:29.225Z,2026-06-25T06:46:49.688Z
C003552,P002,Maple Court,2025-01-01,R18,133,0,22:27,D01,Southeast,2026-06-25T06:46:29.225Z,2026-06-25T06:46:49.688Z
C003565,P005,Lakeview Terrace,2025-03-06,R13,120,0,18:25,D17,West,2026-06-25T06:46:29.225Z,2026-06-25T06:46:49.688Z
C003574,P006,Cedar Park,2025-05-03,R11,79,0,21:22,D07,Northeast,2026-06-25T06:46:29.225Z,2026-06-25T06:46:49.688Z
C003580,P002,Maple Court,2025-03-08,R11,47,0,17:52,D10,Northeast,2026-06-25T06:46:29.225Z,2026-06-25T06:46:49.688Z
C003582,P004,Birchwood Commons,2025-06-24,R21,97,2,18:25,D14,Southeast,2026-06-25T06:46:29.225Z,2026-06-25T06:46:49.688Z
C003591,P006,Cedar Park,2025-03-06,R12,73,0,21:19,D10,Midwest,2026-06-25T06:46:29.225Z,2026-06-25T06:46:49.688Z
C003637,P003,Green Oaks,2025-04-05,R23,153,1,16:33,D06,Southeast,2026-06-25T06:46:29.225Z,2026-06-25T06:46:49.688Z
C003645,P007,Willow Creek,2025-06-07,R14,82,0,17:17,D20,West,2026-06-25T06:46:29.225Z,2026-06-25T06:46:49.688Z
C003678,P007,Willow Creek,2025-05-09,R16,45,0,16:50,D17,Northeast,2026-06-25T06:46:29.225Z,2026-06-25T06:46:49.688Z
C003725,P006,Cedar Park,2025-04-25,R23,50,0,21:19,D11,Northeast,2026-06-25T06:46:29.225Z,2026-06-25T06:46:49.688Z
C003758,P006,Cedar Park,2025-05-16,R13,96,1,20:48,D10,Midwest,2026-06-25T06:46:29.225Z,2026-06-25T06:46:49.688Z
C003759,P001,Sunset Ridge,2025-04-04,R17,111,0,20:35,D17,West,2026-06-25T06:46:29.225Z,2026-06-25T06:46:49.688Z
C003811,P006,Cedar Park,2025-03-06,R13,131,0,21:10,D02,Midwest,2026-06-25T06:46:29.225Z,2026-06-25T06:46:49.688Z
C003816,P002,Maple Court,2025-04-06,R12,81,1,17:32,D02,West,2026-06-25T06:46:29.225Z,2026-06-25T06:46:49.688Z
C003820,P003,Green Oaks,2025-03-01,R14,92,0,17:01,D14,Southeast,2026-06-25T06:46:29.225Z,2026-06-25T06:46:49.688Z
C003821,P002,Maple Court,2025-04-16,R20,125,0,22:42,D12,West,2026-06-25T06:46:29.225Z,2026-06-25T06:46:49.688Z
C003827,P008,Harbor Pointe,2025-02-25,R23,105,0,22:32,D18,Southeast,2026-06-25T06:46:29.225Z,2026-06-25T06:46:49.688Z
C003843,P003,Green Oaks,2025-01-28,R23,93,0,15:23,D10,West,2026-06-25T06:46:29.225Z,2026-06-25T06:46:49.688Z
C003867,P001,Sunset Ridge,2025-03-16,R13,73,0,15:17,D03,Midwest,2026-06-25T06:46:29.225Z,2026-06-25T06:46:49.688Z
C003878,P003,Green Oaks,2025-04-09,R16,137,0,21:22,D08,Southeast,2026-06-25T06:46:29.225Z,2026-06-25T06:46:49.688Z
C003889,P005,Lakeview Terrace,2025-06-01,R13,69,0,17:42,D17,Northeast,2026-06-25T06:46:29.225Z,2026-06-25T06:46:49.688Z
C003891,P008,Harbor Pointe,2025-05-26,R22,127,3,14:52,D07,Midwest,2026-06-25T06:46:29.225Z,2026-06-25T06:46:49.688Z
C003914,P002,Maple Court,2025-01-06,R18,133,0,20:52,D10,Southeast,2026-06-25T06:46:29.225Z,2026-06-25T06:46:49.688Z
C003916,P007,Willow Creek,2025-01-30,R19,70,0,20:32,D07,Northeast,2026-06-25T06:46:29.225Z,2026-06-25T06:46:49.688Z
C003917,P002,Maple Court,2025-06-10,R16,148,0,21:27,D09,Southeast,2026-06-25T06:46:29.225Z,2026-06-25T06:46:49.688Z
C003938,P001,Sunset Ridge,2025-02-13,R24,100,1,22:33,D07,Southeast,2026-06-25T06:46:29.225Z,2026-06-25T06:46:49.688Z
C003949,P007,Willow Creek,2025-02-26,R19,89,0,22:30,D10,Southeast,2026-06-25T06:46:29.225Z,2026-06-25T06:46:49.688Z
C003965,P001,Sunset Ridge,2025-06-02,R15,134,2,19:36,D14,West,2026-06-25T06:46:29.225Z,2026-06-25T06:46:49.688Z
C003976,P005,Lakeview Terrace,2025-05-12,R22,70,0,21:25,D08,Southeast,2026-06-25T06:46:29.225Z,2026-06-25T06:46:49.688Z
C003978,P005,Lakeview Terrace,2025-03-12,R23,142,0,18:17,D04,Southeast,2026-06-25T06:46:29.225Z,2026-06-25T06:46:49.688Z
C003990,P004,Birchwood Commons,2025-02-20,R15,128,0,19:51,D04,Northeast,2026-06-25T06:46:29.225Z,2026-06-25T06:46:49.688Z
C003014,P004,Birchwood Commons,2025-03-10,R14,44,0,15:35,D12,Southeast,2026-06-25T06:46:29.225Z,2026-06-25T06:46:49.688Z
C003031,P001,Sunset Ridge,2025-03-13,R23,108,0,16:58,D07,Southeast,2026-06-25T06:46:29.225Z,2026-06-25T06:46:49.688Z
C003092,P005,Lakeview Terrace,2025-01-15,R11,89,0,22:03,D13,Southeast,2026-06-25T06:46:29.225Z,2026-06-25T06:46:49.688Z
C003097,P007,Willow Creek,2025-04-17,R12,40,0,15:26,D11,Northeast,2026-06-25T06:46:29.225Z,2026-06-25T06:46:49.688Z
C003114,P005,Lakeview Terrace,2025-01-01,R14,58,0,14:51,D08,Southeast,2026-06-25T06:46:29.225Z,2026-06-25T06:46:49.688Z
C003136,P001,Sunset Ridge,2025-01-30,R20,148,2,19:47,D03,Southeast,2026-06-25T06:46:29.225Z,2026-06-25T06:46:49.688Z
C003183,P002,Maple Court,2025-02-08,R14,129,0,21:33,D17,West,2026-06-25T06:46:29.225Z,2026-06-25T06:46:49.688Z
C003199,P001,Sunset Ridge,2025-06-19,R23,49,1,15:48,D07,Northeast,2026-06-25T06:46:29.225Z,2026-06-25T06:46:49.688Z
C003214,P007,Willow Creek,2025-06-14,R13,135,0,22:59,D08,Northeast,2026-06-25T06:46:29.225Z,2026-06-25T06:46:49.688Z
C003233,P002,Maple Court,2025-01-19,R11,91,3,14:18,D19,Southeast,2026-06-25T06:46:29.225Z,2026-06-25T06:46:49.688Z
C003241,P005,Lakeview Terrace,2025-01-05,R24,99,3,14:10,D17,Southeast,2026-06-25T06:46:29.225Z,2026-06-25T06:46:49.688Z
C003248,P007,Willow Creek,2025-04-16,R20,63,0,20:04,D14,Northeast,2026-06-25T06:46:29.225Z,2026-06-25T06:46:49.688Z
C003262,P005,Lakeview Terrace,2025-05-15,R10,40,0,18:05,D02,Northeast,2026-06-25T06:46:29.225Z,2026-06-25T06:46:49.688Z
C003298,P001,Sunset Ridge,2025-06-04,R20,42,0,16:45,D19,Northeast,2026-06-25T06:46:29.225Z,2026-06-25T06:46:49.688Z
C003315,P003,Green Oaks,2025-04-08,R17,136,0,22:45,D09,Southeast,2026-06-25T06:46:29.225Z,2026-06-25T06:46:49.688Z
C003325,P001,Sunset Ridge,2025-02-06,R23,93,1,16:48,D15,West,2026-06-25T06:46:29.225Z,2026-06-25T06:46:49.688Z
C003326,P004,Birchwood Commons,2025-05-07,R21,80,0,14:39,D15,Midwest,2026-06-25T06:46:29.225Z,2026-06-25T06:46:49.688Z
C003334,P001,Sunset Ridge,2025-05-14,R11,48,0,16:56,D05,Southeast,2026-06-25T06:46:29.225Z,2026-06-25T06:46:49.688Z
C003402,P004,Birchwood Commons,2025-05-26,R17,122,0,20:05,D13,Northeast,2026-06-25T06:46:29.225Z,2026-06-25T06:46:49.688Z
C003404,P008,Harbor Pointe,2025-02-04,R17,99,0,16:27,D11,West,2026-06-25T06:46:29.225Z,2026-06-25T06:46:49.688Z
C003422,P004,Birchwood Commons,2025-04-01,R20,135,2,18:32,D07,Northeast,2026-06-25T06:46:29.225Z,2026-06-25T06:46:49.688Z
C003483,P008,Harbor Pointe,2025-04-08,R18,68,2,14:23,D12,West,2026-06-25T06:46:29.225Z,2026-06-25T06:46:49.688Z
C003494,P004,Birchwood Commons,2025-01-15,R14,48,0,14:58,D09,Southeast,2026-06-25T06:46:29.225Z,2026-06-25T06:46:49.688Z
C003495,P003,Green Oaks,2025-04-07,R19,52,1,15:34,D15,Midwest,2026-06-25T06:46:29.225Z,2026-06-25T06:46:49.688Z
C003501,P008,Harbor Pointe,2025-01-03,R13,120,0,19:26,D08,Southeast,2026-06-25T06:46:29.225Z,2026-06-25T06:46:49.688Z
C003506,P008,Harbor Pointe,2025-05-08,R15,64,0,16:07,D13,Midwest,2026-06-25T06:46:29.225Z,2026-06-25T06:46:49.688Z
C003511,P004,Birchwood Commons,2025-05-04,R19,120,2,16:09,D11,Northeast,2026-06-25T06:46:29.225Z,2026-06-25T06:46:49.688Z
C003525,P002,Maple Court,2025-01-04,R20,141,0,18:18,D09,Midwest,2026-06-25T06:46:29.225Z,2026-06-25T06:46:49.688Z
C003536,P004,Birchwood Commons,2025-06-05,R22,141,0,18:08,D09,Midwest,2026-06-25T06:46:29.225Z,2026-06-25T06:46:49.688Z
C003571,P005,Lakeview Terrace,2025-06-16,R23,104,0,19:08,D19,Northeast,2026-06-25T06:46:29.225Z,2026-06-25T06:46:49.688Z
C003598,P001,Sunset Ridge,2025-03-29,R22,113,2,22:19,D03,Midwest,2026-06-25T06:46:29.225Z,2026-06-25T06:46:49.688Z
C003606,P006,Cedar Park,2025-01-22,R15,65,0,14:04,D11,Midwest,2026-06-25T06:46:29.225Z,2026-06-25T06:46:49.688Z
C003628,P001,Sunset Ridge,2025-01-19,R16,122,0,16:56,D05,Southeast,2026-06-25T06:46:29.225Z,2026-06-25T06:46:49.688Z
C003655,P006,Cedar Park,2025-04-17,R13,114,2,16:57,D13,Southeast,2026-06-25T06:46:29.225Z,2026-06-25T06:46:49.688Z
C003668,P005,Lakeview Terrace,2025-03-25,R20,141,0,17:40,D10,Midwest,2026-06-25T06:46:29.225Z,2026-06-25T06:46:49.688Z
C003675,P008,Harbor Pointe,2025-02-27,R14,52,0,20:34,D11,Northeast,2026-06-25T06:46:29.225Z,2026-06-25T06:46:49.688Z
C003718,P008,Harbor Pointe,2025-06-19,R20,46,3,15:35,D03,Northeast,2026-06-25T06:46:29.225Z,2026-06-25T06:46:49.688Z
C003724,P004,Birchwood Commons,2025-05-09,R20,147,1,15:00,D14,Northeast,2026-06-25T06:46:29.225Z,2026-06-25T06:46:49.688Z
C003735,P004,Birchwood Commons,2025-06-23,R23,50,0,21:48,D08,Southeast,2026-06-25T06:46:29.225Z,2026-06-25T06:46:49.688Z
C003802,P004,Birchwood Commons,2025-03-25,R12,117,0,14:36,D02,Southeast,2026-06-25T06:46:29.225Z,2026-06-25T06:46:49.688Z
C003832,P008,Harbor Pointe,2025-05-03,R12,145,2,14:46,D18,Southeast,2026-06-25T06:46:29.225Z,2026-06-25T06:46:49.688Z
C003844,P002,Maple Court,2025-06-22,R12,73,0,14:08,D12,Northeast,2026-06-25T06:46:29.225Z,2026-06-25T06:46:49.688Z
C003849,P004,Birchwood Commons,2025-02-10,R10,102,0,18:06,D15,West,2026-06-25T06:46:29.225Z,2026-06-25T06:46:49.688Z
C003859,P006,Cedar Park,2025-05-02,R23,110,0,18:19,D10,Midwest,2026-06-25T06:46:29.225Z,2026-06-25T06:46:49.688Z
C003885,P004,Birchwood Commons,2025-01-19,R20,101,0,19:36,D10,Midwest,2026-06-25T06:46:29.225Z,2026-06-25T06:46:49.688Z
C003903,P005,Lakeview Terrace,2025-01-04,R20,120,0,19:23,D16,Southeast,2026-06-25T06:46:29.225Z,2026-06-25T06:46:49.688Z
C003925,P001,Sunset Ridge,2025-03-23,R22,121,1,20:44,D06,West,2026-06-25T06:46:29.225Z,2026-06-25T06:46:49.688Z
C003931,P008,Harbor Pointe,2025-06-04,R23,114,1,19:48,D12,Southeast,2026-06-25T06:46:29.225Z,2026-06-25T06:46:49.688Z
C003933,P004,Birchwood Commons,2025-01-17,R16,158,0,21:00,D07,West,2026-06-25T06:46:29.225Z,2026-06-25T06:46:49.688Z
C003952,P006,Cedar Park,2025-03-16,R18,43,1,15:21,D04,West,2026-06-25T06:46:29.225Z,2026-06-25T06:46:49.688Z
C003968,P007,Willow Creek,2025-06-24,R10,110,0,19:33,D19,West,2026-06-25T06:46:29.225Z,2026-06-25T06:46:49.688Z
C003974,P001,Sunset Ridge,2025-06-28,R24,140,0,17:13,D17,West,2026-06-25T06:46:29.225Z,2026-06-25T06:46:49.688Z
C003996,P004,Birchwood Commons,2025-02-10,R24,124,0,15:40,D05,West,2026-06-25T06:46:29.225Z,2026-06-25T06:46:49.688Z
C003999,P005,Lakeview Terrace,2025-04-04,R16,111,0,19:15,D01,Northeast,2026-06-25T06:46:29.225Z,2026-06-25T06:46:49.688Z
C003015,P002,Maple Court,2025-03-30,R21,134,0,15:20,D15,Northeast,2026-06-25T06:46:29.225Z,2026-06-25T06:46:49.688Z
C003020,P001,Sunset Ridge,2025-04-11,R13,105,1,19:58,D18,West,2026-06-25T06:46:29.225Z,2026-06-25T06:46:49.688Z
C003021,P001,Sunset Ridge,2025-06-25,R20,96,2,22:34,D01,Midwest,2026-06-25T06:46:29.225Z,2026-06-25T06:46:49.688Z
C003023,P006,Cedar Park,2025-02-22,R21,93,1,16:12,D02,Midwest,2026-06-25T06:46:29.225Z,2026-06-25T06:46:49.688Z
C003024,P005,Lakeview Terrace,2025-06-04,R14,148,3,14:32,D17,Southeast,2026-06-25T06:46:29.225Z,2026-06-25T06:46:49.688Z
C003038,P007,Willow Creek,2025-04-12,R23,41,0,19:02,D05,Southeast,2026-06-25T06:46:29.225Z,2026-06-25T06:46:49.688Z
C003108,P001,Sunset Ridge,2025-01-18,R19,138,0,20:40,D03,West,2026-06-25T06:46:29.225Z,2026-06-25T06:46:49.688Z
C003115,P003,Green Oaks,2025-04-01,R15,106,2,18:39,D01,West,2026-06-25T06:46:29.225Z,2026-06-25T06:46:49.688Z
C003162,P002,Maple Court,2025-01-20,R16,112,0,22:04,D10,Southeast,2026-06-25T06:46:29.225Z,2026-06-25T06:46:49.688Z
C003190,P006,Cedar Park,2025-04-19,R22,98,0,14:26,D18,Southeast,2026-06-25T06:46:29.225Z,2026-06-25T06:46:49.688Z
C003208,P002,Maple Court,2025-03-27,R14,102,0,20:10,D12,Midwest,2026-06-25T06:46:29.225Z,2026-06-25T06:46:49.688Z
C003234,P005,Lakeview Terrace,2025-01-07,R20,155,0,16:57,D02,Midwest,2026-06-25T06:46:29.225Z,2026-06-25T06:46:49.688Z
C003261,P005,Lakeview Terrace,2025-02-14,R10,108,0,18:30,D11,Midwest,2026-06-25T06:46:29.225Z,2026-06-25T06:46:49.688Z
C003280,P001,Sunset Ridge,2025-03-18,R12,85,0,17:40,D01,Northeast,2026-06-25T06:46:29.225Z,2026-06-25T06:46:49.688Z
C003347,P002,Maple Court,2025-04-08,R17,147,0,21:35,D09,Southeast,2026-06-25T06:46:29.225Z,2026-06-25T06:46:49.688Z
C003408,P008,Harbor Pointe,2025-03-31,R11,122,1,15:53,D10,West,2026-06-25T06:46:29.225Z,2026-06-25T06:46:49.688Z
C003436,P002,Maple Court,2025-01-21,R11,58,1,17:42,D12,Southeast,2026-06-25T06:46:29.225Z,2026-06-25T06:46:49.688Z
C003443,P008,Harbor Pointe,2025-04-27,R14,89,0,15:53,D05,Southeast,2026-06-25T06:46:29.225Z,2026-06-25T06:46:49.688Z
C003488,P002,Maple Court,2025-02-14,R15,63,0,18:32,D08,Southeast,2026-06-25T06:46:29.225Z,2026-06-25T06:46:49.688Z
C003496,P005,Lakeview Terrace,2025-02-02,R17,55,0,22:12,D01,Southeast,2026-06-25T06:46:29.225Z,2026-06-25T06:46:49.688Z
C003510,P004,Birchwood Commons,2025-06-27,R20,116,0,22:48,D04,Midwest,2026-06-25T06:46:29.225Z,2026-06-25T06:46:49.688Z
C003550,P002,Maple Court,2025-03-08,R11,43,0,17:51,D17,Northeast,2026-06-25T06:46:29.225Z,2026-06-25T06:46:49.688Z
C003568,P006,Cedar Park,2025-04-25,R17,99,0,20:11,D14,Midwest,2026-06-25T06:46:29.225Z,2026-06-25T06:46:49.688Z
C003573,P008,Harbor Pointe,2025-04-10,R14,43,0,18:55,D05,Southeast,2026-06-25T06:46:29.225Z,2026-06-25T06:46:49.688Z
C003575,P008,Harbor Pointe,2025-01-23,R22,66,0,17:03,D20,Southeast,2026-06-25T06:46:29.225Z,2026-06-25T06:46:49.688Z
C003601,P002,Maple Court,2025-03-21,R18,154,0,14:46,D02,Midwest,2026-06-25T06:46:29.225Z,2026-06-25T06:46:49.688Z
C003610,P003,Green Oaks,2025-03-19,R19,115,0,15:09,D14,Northeast,2026-06-25T06:46:29.225Z,2026-06-25T06:46:49.688Z
C003617,P006,Cedar Park,2025-02-05,R17,56,0,16:35,D15,Southeast,2026-06-25T06:46:29.225Z,2026-06-25T06:46:49.688Z
C003631,P004,Birchwood Commons,2025-02-24,R15,55,0,18:54,D17,Northeast,2026-06-25T06:46:29.225Z,2026-06-25T06:46:49.688Z
C003658,P003,Green Oaks,2025-01-28,R21,107,0,19:26,D15,Midwest,2026-06-25T06:46:29.225Z,2026-06-25T06:46:49.688Z
C003664,P005,Lakeview Terrace,2025-04-05,R14,52,0,18:38,D06,Northeast,2026-06-25T06:46:29.225Z,2026-06-25T06:46:49.688Z
C003672,P002,Maple Court,2025-06-19,R15,122,0,18:29,D15,Midwest,2026-06-25T06:46:29.225Z,2026-06-25T06:46:49.688Z
C003703,P006,Cedar Park,2025-05-11,R12,47,3,17:35,D18,Southeast,2026-06-25T06:46:29.225Z,2026-06-25T06:46:49.688Z
C003709,P008,Harbor Pointe,2025-03-16,R10,133,0,14:26,D16,West,2026-06-25T06:46:29.225Z,2026-06-25T06:46:49.688Z
C003716,P001,Sunset Ridge,2025-06-25,R16,140,1,18:50,D19,Southeast,2026-06-25T06:46:29.225Z,2026-06-25T06:46:49.688Z
C003731,P007,Willow Creek,2025-01-19,R10,82,0,15:25,D09,Midwest,2026-06-25T06:46:29.225Z,2026-06-25T06:46:49.688Z
C003732,P006,Cedar Park,2025-06-12,R13,70,0,21:24,D18,Northeast,2026-06-25T06:46:29.225Z,2026-06-25T06:46:49.688Z
C003734,P005,Lakeview Terrace,2025-01-16,R13,79,0,19:41,D19,West,2026-06-25T06:46:29.225Z,2026-06-25T06:46:49.688Z
C003747,P008,Harbor Pointe,2025-04-23,R19,87,2,21:02,D07,West,2026-06-25T06:46:29.225Z,2026-06-25T06:46:49.688Z
C003765,P007,Willow Creek,2025-03-21,R10,70,0,17:48,D06,Southeast,2026-06-25T06:46:29.225Z,2026-06-25T06:46:49.688Z
C003823,P003,Green Oaks,2025-03-22,R10,80,0,22:42,D13,Northeast,2026-06-25T06:46:29.225Z,2026-06-25T06:46:49.688Z
C003834,P008,Harbor Pointe,2025-04-18,R18,68,0,14:34,D08,Southeast,2026-06-25T06:46:29.225Z,2026-06-25T06:46:49.688Z
C003856,P007,Willow Creek,2025-01-18,R10,130,0,22:51,D04,Midwest,2026-06-25T06:46:29.225Z,2026-06-25T06:46:49.688Z
C003876,P004,Birchwood Commons,2025-01-01,R13,117,0,15:45,D08,West,2026-06-25T06:46:29.225Z,2026-06-25T06:46:49.688Z
C003924,P001,Sunset Ridge,2025-03-07,R15,111,0,21:30,D03,Northeast,2026-06-25T06:46:29.225Z,2026-06-25T06:46:49.688Z
C003940,P008,Harbor Pointe,2025-02-08,R12,40,0,15:39,D15,Southeast,2026-06-25T06:46:29.225Z,2026-06-25T06:46:49.688Z
C003944,P005,Lakeview Terrace,2025-06-08,R21,56,0,16:27,D06,Midwest,2026-06-25T06:46:29.225Z,2026-06-25T06:46:49.688Z
C003950,P001,Sunset Ridge,2025-03-05,R14,87,0,18:58,D09,Southeast,2026-06-25T06:46:29.225Z,2026-06-25T06:46:49.688Z
C003957,P004,Birchwood Commons,2025-03-25,R17,122,0,21:40,D10,Midwest,2026-06-25T06:46:29.225Z,2026-06-25T06:46:49.688Z
C003977,P001,Sunset Ridge,2025-05-26,R17,70,0,21:37,D10,Northeast,2026-06-25T06:46:29.225Z,2026-06-25T06:46:49.688Z
C003007,P002,Maple Court,2025-01-16,R22,113,0,16:02,D05,Northeast,2026-06-25T06:46:29.225Z,2026-06-25T06:46:49.688Z
C003028,P007,Willow Creek,2025-03-29,R13,63,0,15:07,D20,West,2026-06-25T06:46:29.225Z,2026-06-25T06:46:49.688Z
C003052,P004,Birchwood Commons,2025-01-07,R20,40,0,15:28,D08,Southeast,2026-06-25T06:46:29.225Z,2026-06-25T06:46:49.688Z
C003056,P006,Cedar Park,2025-04-04,R21,160,0,21:37,D02,Northeast,2026-06-25T06:46:29.225Z,2026-06-25T06:46:49.688Z
C003069,P003,Green Oaks,2025-02-28,R18,75,1,18:08,D07,Northeast,2026-06-25T06:46:29.225Z,2026-06-25T06:46:49.688Z
C003074,P008,Harbor Pointe,2025-02-02,R17,67,0,17:04,D14,Southeast,2026-06-25T06:46:29.225Z,2026-06-25T06:46:49.688Z
C003096,P002,Maple Court,2025-02-09,R10,147,0,22:03,D19,Midwest,2026-06-25T06:46:29.225Z,2026-06-25T06:46:49.688Z
C003111,P006,Cedar Park,2025-01-11,R22,138,0,20:48,D16,Northeast,2026-06-25T06:46:29.225Z,2026-06-25T06:46:49.688Z
C003120,P005,Lakeview Terrace,2025-06-28,R11,113,0,20:10,D08,Midwest,2026-06-25T06:46:29.225Z,2026-06-25T06:46:49.688Z
C003153,P008,Harbor Pointe,2025-05-03,R18,124,0,17:55,D04,Northeast,2026-06-25T06:46:29.225Z,2026-06-25T06:46:49.688Z
C003168,P002,Maple Court,2025-04-17,R10,57,0,19:47,D13,Midwest,2026-06-25T06:46:29.225Z,2026-06-25T06:46:49.688Z
C003172,P003,Green Oaks,2025-06-07,R20,78,0,18:52,D13,Southeast,2026-06-25T06:46:29.225Z,2026-06-25T06:46:49.688Z
C003182,P002,Maple Court,2025-03-12,R15,127,0,21:18,D19,Midwest,2026-06-25T06:46:29.225Z,2026-06-25T06:46:49.688Z
C003195,P006,Cedar Park,2025-05-03,R11,72,0,19:47,D19,Midwest,2026-06-25T06:46:29.225Z,2026-06-25T06:46:49.688Z
C003207,P002,Maple Court,2025-04-14,R15,128,1,16:24,D13,Northeast,2026-06-25T06:46:29.225Z,2026-06-25T06:46:49.688Z
C003227,P001,Sunset Ridge,2025-04-26,R16,127,3,22:14,D07,Northeast,2026-06-25T06:46:29.225Z,2026-06-25T06:46:49.688Z
C003275,P005,Lakeview Terrace,2025-06-28,R12,113,1,14:53,D14,West,2026-06-25T06:46:29.225Z,2026-06-25T06:46:49.688Z
C003281,P007,Willow Creek,2025-02-19,R19,118,0,16:40,D20,West,2026-06-25T06:46:29.225Z,2026-06-25T06:46:49.688Z
C003306,P007,Willow Creek,2025-06-18,R11,56,0,14:50,D19,Midwest,2026-06-25T06:46:29.225Z,2026-06-25T06:46:49.688Z
C003320,P006,Cedar Park,2025-02-16,R15,68,3,17:31,D12,West,2026-06-25T06:46:29.225Z,2026-06-25T06:46:49.688Z
C003333,P008,Harbor Pointe,2025-05-05,R10,90,0,17:26,D08,Midwest,2026-06-25T06:46:29.225Z,2026-06-25T06:46:49.688Z
C003336,P004,Birchwood Commons,2025-05-20,R16,148,0,21:43,D19,West,2026-06-25T06:46:29.225Z,2026-06-25T06:46:49.688Z
C003367,P007,Willow Creek,2025-01-25,R24,55,1,21:06,D13,Northeast,2026-06-25T06:46:29.225Z,2026-06-25T06:46:49.688Z
C003383,P001,Sunset Ridge,2025-05-20,R11,78,0,20:50,D01,Northeast,2026-06-25T06:46:29.225Z,2026-06-25T06:46:49.688Z
C003396,P003,Green Oaks,2025-06-08,R11,111,0,15:47,D10,Midwest,2026-06-25T06:46:29.225Z,2026-06-25T06:46:49.688Z
C003405,P004,Birchwood Commons,2025-04-08,R24,111,0,19:47,D18,Southeast,2026-06-25T06:46:29.225Z,2026-06-25T06:46:49.688Z
C003418,P008,Harbor Pointe,2025-06-28,R24,140,1,15:51,D09,Northeast,2026-06-25T06:46:29.225Z,2026-06-25T06:46:49.688Z
C003435,P004,Birchwood Commons,2025-04-29,R23,68,0,21:39,D11,Midwest,2026-06-25T06:46:29.225Z,2026-06-25T06:46:49.688Z
C003447,P004,Birchwood Commons,2025-03-03,R24,119,0,19:04,D14,West,2026-06-25T06:46:29.225Z,2026-06-25T06:46:49.688Z
C003463,P002,Maple Court,2025-06-02,R15,150,1,17:03,D09,Northeast,2026-06-25T06:46:29.225Z,2026-06-25T06:46:49.688Z
C003464,P003,Green Oaks,2025-03-23,R10,56,0,20:47,D17,Midwest,2026-06-25T06:46:29.225Z,2026-06-25T06:46:49.688Z
C003470,P006,Cedar Park,2025-01-13,R11,71,2,17:17,D13,Southeast,2026-06-25T06:46:29.225Z,2026-06-25T06:46:49.688Z
C003471,P003,Green Oaks,2025-01-26,R12,40,0,15:15,D18,Midwest,2026-06-25T06:46:29.225Z,2026-06-25T06:46:49.688Z
C003491,P004,Birchwood Commons,2025-01-06,R10,43,0,18:34,D08,West,2026-06-25T06:46:29.225Z,2026-06-25T06:46:49.688Z
C003516,P006,Cedar Park,2025-03-23,R16,67,0,14:38,D08,Southeast,2026-06-25T06:46:29.225Z,2026-06-25T06:46:49.688Z
C003545,P001,Sunset Ridge,2025-05-01,R14,98,0,15:51,D18,Midwest,2026-06-25T06:46:29.225Z,2026-06-25T06:46:49.688Z
C003559,P002,Maple Court,2025-03-19,R20,92,0,17:33,D10,Midwest,2026-06-25T06:46:29.225Z,2026-06-25T06:46:49.688Z
C003572,P008,Harbor Pointe,2025-02-18,R22,72,0,14:48,D08,West,2026-06-25T06:46:29.225Z,2026-06-25T06:46:49.688Z
C003585,P006,Cedar Park,2025-06-07,R21,57,0,19:25,D11,Northeast,2026-06-25T06:46:29.225Z,2026-06-25T06:46:49.688Z
C003596,P007,Willow Creek,2025-03-10,R22,80,2,22:52,D03,Northeast,2026-06-25T06:46:29.225Z,2026-06-25T06:46:49.688Z
C003611,P007,Willow Creek,2025-03-29,R14,127,0,15:59,D20,Southeast,2026-06-25T06:46:29.225Z,2026-06-25T06:46:49.688Z
C003620,P002,Maple Court,2025-02-07,R14,82,0,16:57,D02,Northeast,2026-06-25T06:46:29.225Z,2026-06-25T06:46:49.688Z
C003630,P008,Harbor Pointe,2025-05-31,R24,152,0,15:48,D19,Southeast,2026-06-25T06:46:29.225Z,2026-06-25T06:46:49.688Z
C003639,P005,Lakeview Terrace,2025-04-20,R20,160,0,20:31,D14,West,2026-06-25T06:46:29.225Z,2026-06-25T06:46:49.688Z
C003650,P004,Birchwood Commons,2025-02-02,R14,138,0,16:30,D13,West,2026-06-25T06:46:29.225Z,2026-06-25T06:46:49.688Z
C003688,P004,Birchwood Commons,2025-04-24,R15,65,0,20:31,D08,Northeast,2026-06-25T06:46:29.225Z,2026-06-25T06:46:49.688Z
C003690,P005,Lakeview Terrace,2025-05-17,R22,50,0,17:14,D12,Southeast,2026-06-25T06:46:29.225Z,2026-06-25T06:46:49.688Z
C003692,P005,Lakeview Terrace,2025-02-12,R19,69,0,20:25,D08,Northeast,2026-06-25T06:46:29.225Z,2026-06-25T06:46:49.688Z
C003693,P007,Willow Creek,2025-05-03,R17,138,1,15:44,D09,Southeast,2026-06-25T06:46:29.225Z,2026-06-25T06:46:49.688Z
C003695,P006,Cedar Park,2025-06-10,R18,144,0,16:24,D01,Midwest,2026-06-25T06:46:29.225Z,2026-06-25T06:46:49.688Z
C003696,P007,Willow Creek,2025-03-29,R13,154,0,21:51,D19,Northeast,2026-06-25T06:46:29.225Z,2026-06-25T06:46:49.688Z
C003720,P003,Green Oaks,2025-01-03,R11,82,0,17:04,D20,Midwest,2026-06-25T06:46:29.225Z,2026-06-25T06:46:49.688Z
C003729,P008,Harbor Pointe,2025-06-04,R24,103,0,15:54,D16,Southeast,2026-06-25T06:46:29.225Z,2026-06-25T06:46:49.688Z
C003772,P006,Cedar Park,2025-04-12,R14,134,0,22:59,D07,Midwest,2026-06-25T06:46:29.225Z,2026-06-25T06:46:49.688Z
C003779,P006,Cedar Park,2025-05-21,R12,70,1,17:45,D05,West,2026-06-25T06:46:29.225Z,2026-06-25T06:46:49.688Z
C003781,P006,Cedar Park,2025-03-29,R24,81,0,15:04,D14,Midwest,2026-06-25T06:46:29.225Z,2026-06-25T06:46:49.688Z
C003794,P004,Birchwood Commons,2025-02-26,R10,116,0,15:45,D09,Southeast,2026-06-25T06:46:29.225Z,2026-06-25T06:46:49.688Z
C003807,P006,Cedar Park,2025-05-31,R23,67,0,16:50,D12,Midwest,2026-06-25T06:46:29.225Z,2026-06-25T06:46:49.688Z
C003817,P002,Maple Court,2025-05-13,R23,71,0,19:57,D01,Northeast,2026-06-25T06:46:29.225Z,2026-06-25T06:46:49.688Z
C003825,P001,Sunset Ridge,2025-06-27,R24,159,3,22:02,D19,Southeast,2026-06-25T06:46:29.225Z,2026-06-25T06:46:49.688Z
C003829,P002,Maple Court,2025-03-04,R16,105,0,21:45,D18,Northeast,2026-06-25T06:46:29.225Z,2026-06-25T06:46:49.688Z
C003858,P007,Willow Creek,2025-06-12,R22,64,0,20:05,D11,Midwest,2026-06-25T06:46:29.225Z,2026-06-25T06:46:49.688Z
C003868,P002,Maple Court,2025-01-18,R23,149,0,22:40,D04,Northeast,2026-06-25T06:46:29.225Z,2026-06-25T06:46:49.688Z
C003912,P008,Harbor Pointe,2025-05-07,R20,71,0,20:54,D12,Northeast,2026-06-25T06:46:29.225Z,2026-06-25T06:46:49.688Z
C003932,P003,Green Oaks,2025-05-25,R14,132,3,21:17,D03,Southeast,2026-06-25T06:46:29.225Z,2026-06-25T06:46:49.688Z
C003936,P006,Cedar Park,2025-01-04,R16,71,0,14:47,D17,Midwest,2026-06-25T06:46:29.225Z,2026-06-25T06:46:49.688Z
C003937,P005,Lakeview Terrace,2025-05-28,R20,111,3,16:32,D15,Midwest,2026-06-25T06:46:29.225Z,2026-06-25T06:46:49.688Z
C003962,P004,Birchwood Commons,2025-05-17,R10,72,0,19:51,D18,Southeast,2026-06-25T06:46:29.225Z,2026-06-25T06:46:49.688Z
C003964,P004,Birchwood Commons,2025-02-03,R15,129,0,19:44,D10,Northeast,2026-06-25T06:46:29.225Z,2026-06-25T06:46:49.688Z
C003986,P004,Birchwood Commons,2025-06-25,R15,124,0,14:41,D01,West,2026-06-25T06:46:29.225Z,2026-06-25T06:46:49.688Z
C003993,P006,Cedar Park,2025-01-09,R15,87,0,19:44,D15,Southeast,2026-06-25T06:46:29.225Z,2026-06-25T06:46:49.688Z
C003017,P008,Harbor Pointe,2025-01-13,R10,46,0,18:00,D19,Midwest,2026-06-25T06:46:29.225Z,2026-06-25T06:46:49.688Z
C003041,P005,Lakeview Terrace,2025-04-04,R15,60,0,17:49,D15,Northeast,2026-06-25T06:46:29.225Z,2026-06-25T06:46:49.688Z
C003063,P004,Birchwood Commons,2025-04-21,R13,148,0,16:44,D20,West,2026-06-25T06:46:29.225Z,2026-06-25T06:46:49.688Z
C003067,P006,Cedar Park,2025-02-27,R20,58,1,14:08,D08,Midwest,2026-06-25T06:46:29.225Z,2026-06-25T06:46:49.688Z
C003102,P006,Cedar Park,2025-01-19,R14,81,0,15:09,D06,Northeast,2026-06-25T06:46:29.225Z,2026-06-25T06:46:49.688Z
C003104,P007,Willow Creek,2025-05-16,R10,105,0,17:53,D11,West,2026-06-25T06:46:29.225Z,2026-06-25T06:46:49.688Z
C003110,P007,Willow Creek,2025-01-29,R19,74,0,22:00,D10,Northeast,2026-06-25T06:46:29.225Z,2026-06-25T06:46:49.688Z
C003118,P005,Lakeview Terrace,2025-05-12,R24,127,2,22:46,D06,Midwest,2026-06-25T06:46:29.225Z,2026-06-25T06:46:49.688Z
C003127,P008,Harbor Pointe,2025-02-06,R11,97,0,22:37,D01,Midwest,2026-06-25T06:46:29.225Z,2026-06-25T06:46:49.688Z
C003135,P002,Maple Court,2025-06-25,R12,70,0,20:43,D04,Midwest,2026-06-25T06:46:29.225Z,2026-06-25T06:46:49.688Z
C003155,P007,Willow Creek,2025-03-01,R18,139,0,17:45,D02,Midwest,2026-06-25T06:46:29.225Z,2026-06-25T06:46:49.688Z
C003184,P004,Birchwood Commons,2025-05-31,R11,57,1,14:18,D01,Northeast,2026-06-25T06:46:29.225Z,2026-06-25T06:46:49.688Z
C003244,P007,Willow Creek,2025-05-06,R13,117,0,15:15,D18,Southeast,2026-06-25T06:46:29.225Z,2026-06-25T06:46:49.688Z
C003257,P008,Harbor Pointe,2025-02-16,R22,143,0,15:56,D01,Southeast,2026-06-25T06:46:29.225Z,2026-06-25T06:46:49.688Z
C003265,P003,Green Oaks,2025-06-14,R24,145,0,14:50,D14,Northeast,2026-06-25T06:46:29.225Z,2026-06-25T06:46:49.688Z
C003277,P001,Sunset Ridge,2025-01-04,R16,82,0,20:29,D08,Midwest,2026-06-25T06:46:29.225Z,2026-06-25T06:46:49.688Z
C003304,P006,Cedar Park,2025-06-07,R13,126,0,15:58,D03,West,2026-06-25T06:46:29.225Z,2026-06-25T06:46:49.688Z
C003311,P005,Lakeview Terrace,2025-02-05,R20,105,0,19:26,D08,West,2026-06-25T06:46:29.225Z,2026-06-25T06:46:49.688Z
C003329,P001,Sunset Ridge,2025-05-07,R14,156,0,19:31,D19,West,2026-06-25T06:46:29.225Z,2026-06-25T06:46:49.688Z
C003338,P006,Cedar Park,2025-04-08,R20,126,0,18:38,D10,West,2026-06-25T06:46:29.225Z,2026-06-25T06:46:49.688Z
C003340,P006,Cedar Park,2025-02-18,R22,150,0,15:58,D19,Midwest,2026-06-25T06:46:29.225Z,2026-06-25T06:46:49.688Z
C003345,P002,Maple Court,2025-05-14,R14,105,0,17:30,D10,West,2026-06-25T06:46:29.225Z,2026-06-25T06:46:49.688Z
C003361,P001,Sunset Ridge,2025-02-18,R18,157,2,21:08,D01,West,2026-06-25T06:46:29.225Z,2026-06-25T06:46:49.688Z
C003375,P001,Sunset Ridge,2025-02-08,R18,44,0,16:25,D12,Midwest,2026-06-25T06:46:29.225Z,2026-06-25T06:46:49.688Z
C003376,P008,Harbor Pointe,2025-06-21,R24,83,0,21:55,D18,Midwest,2026-06-25T06:46:29.225Z,2026-06-25T06:46:49.688Z
C003391,P004,Birchwood Commons,2025-04-17,R22,93,0,20:10,D18,Southeast,2026-06-25T06:46:29.225Z,2026-06-25T06:46:49.688Z
C003400,P006,Cedar Park,2025-03-02,R10,51,0,20:56,D06,West,2026-06-25T06:46:29.225Z,2026-06-25T06:46:49.688Z
C003409,P006,Cedar Park,2025-01-11,R22,45,0,14:45,D20,Midwest,2026-06-25T06:46:29.225Z,2026-06-25T06:46:49.688Z
C003412,P003,Green Oaks,2025-01-05,R15,121,0,14:04,D17,West,2026-06-25T06:46:29.225Z,2026-06-25T06:46:49.688Z
C003420,P004,Birchwood Commons,2025-05-19,R15,122,2,18:16,D12,Midwest,2026-06-25T06:46:29.225Z,2026-06-25T06:46:49.688Z
C003429,P008,Harbor Pointe,2025-05-17,R12,133,0,14:03,D15,Midwest,2026-06-25T06:46:29.225Z,2026-06-25T06:46:49.688Z
C003431,P006,Cedar Park,2025-02-06,R14,121,1,19:42,D01,Midwest,2026-06-25T06:46:29.225Z,2026-06-25T06:46:49.688Z
C003440,P007,Willow Creek,2025-01-21,R10,142,0,15:37,D08,Northeast,2026-06-25T06:46:29.225Z,2026-06-25T06:46:49.688Z
C003446,P001,Sunset Ridge,2025-04-11,R16,113,0,17:05,D20,West,2026-06-25T06:46:29.225Z,2026-06-25T06:46:49.688Z
C003512,P005,Lakeview Terrace,2025-01-28,R11,146,0,16:20,D18,Southeast,2026-06-25T06:46:29.225Z,2026-06-25T06:46:49.688Z
C003530,P006,Cedar Park,2025-02-19,R14,146,0,16:19,D11,Southeast,2026-06-25T06:46:29.225Z,2026-06-25T06:46:49.688Z
C003535,P002,Maple Court,2025-03-01,R19,72,0,15:53,D03,Midwest,2026-06-25T06:46:29.225Z,2026-06-25T06:46:49.688Z
C003554,P007,Willow Creek,2025-04-05,R19,106,0,19:01,D09,Northeast,2026-06-25T06:46:29.225Z,2026-06-25T06:46:49.688Z
C003586,P002,Maple Court,2025-01-05,R14,131,0,16:44,D08,Midwest,2026-06-25T06:46:29.225Z,2026-06-25T06:46:49.688Z
C003597,P006,Cedar Park,2025-02-23,R20,61,3,15:31,D18,Northeast,2026-06-25T06:46:29.225Z,2026-06-25T06:46:49.688Z
C003600,P003,Green Oaks,2025-04-28,R13,108,0,17:54,D04,Midwest,2026-06-25T06:46:29.225Z,2026-06-25T06:46:49.688Z
C003647,P007,Willow Creek,2025-04-23,R13,159,0,14:58,D02,Midwest,2026-06-25T06:46:29.225Z,2026-06-25T06:46:49.688Z
C003649,P006,Cedar Park,2025-01-22,R19,100,1,16:11,D09,Midwest,2026-06-25T06:46:29.225Z,2026-06-25T06:46:49.688Z
C003659,P001,Sunset Ridge,2025-05-09,R12,50,0,19:20,D07,Midwest,2026-06-25T06:46:29.225Z,2026-06-25T06:46:49.688Z
C003667,P006,Cedar Park,2025-04-22,R19,154,0,14:30,D01,Northeast,2026-06-25T06:46:29.225Z,2026-06-25T06:46:49.688Z
C003680,P008,Harbor Pointe,2025-01-01,R11,72,0,20:51,D19,West,2026-06-25T06:46:29.225Z,2026-06-25T06:46:49.688Z
C003686,P003,Green Oaks,2025-05-20,R18,80,0,19:43,D04,West,2026-06-25T06:46:29.225Z,2026-06-25T06:46:49.688Z
C003711,P008,Harbor Pointe,2025-01-01,R21,147,0,15:40,D14,Midwest,2026-06-25T06:46:29.225Z,2026-06-25T06:46:49.688Z
C003746,P007,Willow Creek,2025-02-25,R22,110,0,21:02,D20,West,2026-06-25T06:46:29.225Z,2026-06-25T06:46:49.688Z
C003754,P006,Cedar Park,2025-06-17,R17,108,0,20:20,D05,Northeast,2026-06-25T06:46:29.225Z,2026-06-25T06:46:49.688Z
C003774,P001,Sunset Ridge,2025-04-12,R16,46,0,15:55,D09,Northeast,2026-06-25T06:46:29.225Z,2026-06-25T06:46:49.688Z
C003806,P005,Lakeview Terrace,2025-04-24,R19,68,3,17:19,D08,West,2026-06-25T06:46:29.225Z,2026-06-25T06:46:49.688Z
C003828,P001,Sunset Ridge,2025-05-18,R14,142,0,20:42,D04,West,2026-06-25T06:46:29.225Z,2026-06-25T06:46:49.688Z
C003831,P003,Green Oaks,2025-03-27,R16,101,3,16:33,D02,Southeast,2026-06-25T06:46:29.225Z,2026-06-25T06:46:49.688Z
C003833,P005,Lakeview Terrace,2025-06-22,R17,59,0,17:29,D07,Northeast,2026-06-25T06:46:29.225Z,2026-06-25T06:46:49.688Z
C003862,P002,Maple Court,2025-04-04,R23,146,0,15:58,D18,Southeast,2026-06-25T06:46:29.225Z,2026-06-25T06:46:49.688Z
C003875,P001,Sunset Ridge,2025-04-27,R13,67,1,21:16,D09,West,2026-06-25T06:46:29.225Z,2026-06-25T06:46:49.688Z
C003887,P007,Willow Creek,2025-01-28,R23,46,0,14:17,D20,Southeast,2026-06-25T06:46:29.225Z,2026-06-25T06:46:49.688Z
C003888,P005,Lakeview Terrace,2025-02-13,R14,77,2,15:51,D12,Northeast,2026-06-25T06:46:29.225Z,2026-06-25T06:46:49.688Z
C003902,P007,Willow Creek,2025-03-09,R13,144,0,22:44,D20,West,2026-06-25T06:46:29.225Z,2026-06-25T06:46:49.688Z
C003945,P004,Birchwood Commons,2025-06-26,R16,41,0,21:08,D05,Midwest,2026-06-25T06:46:29.225Z,2026-06-25T06:46:49.688Z
C003966,P002,Maple Court,2025-03-24,R11,127,0,17:50,D15,Midwest,2026-06-25T06:46:29.225Z,2026-06-25T06:46:49.688Z
C003988,P004,Birchwood Commons,2025-03-14,R16,114,0,19:08,D18,Northeast,2026-06-25T06:46:29.225Z,2026-06-25T06:46:49.688Z
C003991,P005,Lakeview Terrace,2025-06-09,R19,128,0,14:12,D05,Midwest,2026-06-25T06:46:29.225Z,2026-06-25T06:46:49.688Z
C003997,P001,Sunset Ridge,2025-06-23,R23,93,1,19:01,D15,West,2026-06-25T06:46:29.225Z,2026-06-25T06:46:49.688Z
C004000,P006,Cedar Park,2025-04-05,R19,82,0,14:08,D14,Midwest,2026-06-25T06:46:29.225Z,2026-06-25T06:46:49.688Z
C005005,P006,Cedar Park,2025-02-21,R14,56,3,22:40,D09,Midwest,2026-06-25T06:46:29.225Z,2026-06-25T06:46:49.688Z
C005063,P004,Birchwood Commons,2025-03-23,R23,145,3,16:58,D03,West,2026-06-25T06:46:29.225Z,2026-06-25T06:46:49.688Z
C005066,P008,Harbor Pointe,2025-06-14,R22,61,2,22:23,D01,Midwest,2026-06-25T06:46:29.225Z,2026-06-25T06:46:49.688Z
C005081,P008,Harbor Pointe,2025-06-21,R20,53,0,19:37,D01,Northeast,2026-06-25T06:46:29.225Z,2026-06-25T06:46:49.688Z
C005091,P006,Cedar Park,2025-04-12,R17,96,0,19:08,D14,West,2026-06-25T06:46:29.225Z,2026-06-25T06:46:49.688Z
C005104,P005,Lakeview Terrace,2025-04-20,R24,67,0,14:30,D06,Southeast,2026-06-25T06:46:29.225Z,2026-06-25T06:46:49.688Z
C005120,P006,Cedar Park,2025-04-25,R18,155,1,21:53,D18,Midwest,2026-06-25T06:46:29.225Z,2026-06-25T06:46:49.688Z
C005126,P001,Sunset Ridge,2025-04-01,R17,54,0,16:56,D15,West,2026-06-25T06:46:29.225Z,2026-06-25T06:46:49.688Z
C005143,P001,Sunset Ridge,2025-06-09,R18,91,2,22:31,D09,Northeast,2026-06-25T06:46:29.225Z,2026-06-25T06:46:49.688Z
C005157,P001,Sunset Ridge,2025-05-12,R15,149,0,22:02,D18,Southeast,2026-06-25T06:46:29.225Z,2026-06-25T06:46:49.688Z
C005173,P006,Cedar Park,2025-04-03,R18,90,0,15:32,D01,Northeast,2026-06-25T06:46:29.225Z,2026-06-25T06:46:49.688Z
C005195,P001,Sunset Ridge,2025-02-15,R22,135,1,18:29,D11,Midwest,2026-06-25T06:46:29.225Z,2026-06-25T06:46:49.688Z
C005202,P006,Cedar Park,2025-02-28,R20,46,3,15:39,D09,West,2026-06-25T06:46:29.225Z,2026-06-25T06:46:49.688Z
C005266,P007,Willow Creek,2025-01-30,R15,110,0,19:18,D02,Northeast,2026-06-25T06:46:29.225Z,2026-06-25T06:46:49.688Z
C005274,P007,Willow Creek,2025-04-22,R10,112,1,21:42,D19,West,2026-06-25T06:46:29.225Z,2026-06-25T06:46:49.688Z
C005331,P007,Willow Creek,2025-03-28,R24,109,0,22:40,D02,Northeast,2026-06-25T06:46:29.225Z,2026-06-25T06:46:49.688Z
C005348,P002,Maple Court,2025-05-05,R23,80,0,15:01,D13,West,2026-06-25T06:46:29.225Z,2026-06-25T06:46:49.688Z
C005396,P008,Harbor Pointe,2025-01-15,R18,144,1,16:54,D10,Southeast,2026-06-25T06:46:29.225Z,2026-06-25T06:46:49.688Z
C005411,P003,Green Oaks,2025-05-09,R23,86,1,17:04,D16,Northeast,2026-06-25T06:46:29.225Z,2026-06-25T06:46:49.688Z
C005417,P006,Cedar Park,2025-06-12,R23,74,0,14:51,D13,Midwest,2026-06-25T06:46:29.225Z,2026-06-25T06:46:49.688Z
C005420,P003,Green Oaks,2025-06-04,R22,145,0,16:13,D08,Southeast,2026-06-25T06:46:29.225Z,2026-06-25T06:46:49.688Z
C005440,P008,Harbor Pointe,2025-05-19,R20,75,0,21:56,D08,Southeast,2026-06-25T06:46:29.225Z,2026-06-25T06:46:49.688Z
C005471,P008,Harbor Pointe,2025-05-16,R19,82,0,15:05,D17,Southeast,2026-06-25T06:46:29.225Z,2026-06-25T06:46:49.688Z
C005475,P005,Lakeview Terrace,2025-01-19,R17,142,0,21:54,D13,Midwest,2026-06-25T06:46:29.225Z,2026-06-25T06:46:49.688Z
C005518,P005,Lakeview Terrace,2025-04-02,R24,60,2,22:32,D10,West,2026-06-25T06:46:29.225Z,2026-06-25T06:46:49.688Z
C005519,P008,Harbor Pointe,2025-03-04,R13,79,0,22:40,D11,Southeast,2026-06-25T06:46:29.225Z,2026-06-25T06:46:49.688Z
C005520,P003,Green Oaks,2025-03-04,R23,97,0,21:50,D05,Southeast,2026-06-25T06:46:29.225Z,2026-06-25T06:46:49.688Z
C005528,P001,Sunset Ridge,2025-02-26,R12,42,0,18:01,D09,Southeast,2026-06-25T06:46:29.225Z,2026-06-25T06:46:49.688Z
C005536,P002,Maple Court,2025-01-02,R21,159,0,21:13,D15,Midwest,2026-06-25T06:46:29.225Z,2026-06-25T06:46:49.688Z
C005586,P001,Sunset Ridge,2025-01-30,R20,160,3,14:20,D02,Southeast,2026-06-25T06:46:29.225Z,2026-06-25T06:46:49.688Z
C005589,P003,Green Oaks,2025-04-08,R18,81,0,14:28,D06,Northeast,2026-06-25T06:46:29.225Z,2026-06-25T06:46:49.688Z
C005621,P008,Harbor Pointe,2025-03-08,R18,113,0,14:52,D09,Midwest,2026-06-25T06:46:29.225Z,2026-06-25T06:46:49.688Z
C005648,P005,Lakeview Terrace,2025-01-14,R23,91,0,16:41,D16,Northeast,2026-06-25T06:46:29.225Z,2026-06-25T06:46:49.688Z
C005652,P007,Willow Creek,2025-04-25,R22,156,0,15:55,D04,West,2026-06-25T06:46:29.225Z,2026-06-25T06:46:49.688Z
C005675,P002,Maple Court,2025-05-01,R12,106,0,16:04,D04,Southeast,2026-06-25T06:46:29.225Z,2026-06-25T06:46:49.688Z
C005685,P003,Green Oaks,2025-05-15,R21,117,0,14:06,D14,Northeast,2026-06-25T06:46:29.225Z,2026-06-25T06:46:49.688Z
C005687,P006,Cedar Park,2025-01-26,R21,68,0,17:13,D03,West,2026-06-25T06:46:29.225Z,2026-06-25T06:46:49.688Z
C005697,P001,Sunset Ridge,2025-05-18,R17,81,0,21:38,D07,Southeast,2026-06-25T06:46:29.225Z,2026-06-25T06:46:49.688Z
C005705,P007,Willow Creek,2025-06-08,R21,98,0,20:50,D01,Southeast,2026-06-25T06:46:29.225Z,2026-06-25T06:46:49.688Z
C005707,P006,Cedar Park,2025-02-17,R15,98,0,20:44,D10,West,2026-06-25T06:46:29.225Z,2026-06-25T06:46:49.688Z
C005731,P002,Maple Court,2025-06-17,R15,53,1,22:46,D03,Midwest,2026-06-25T06:46:29.225Z,2026-06-25T06:46:49.688Z
C005763,P005,Lakeview Terrace,2025-03-18,R24,160,1,21:30,D11,West,2026-06-25T06:46:29.225Z,2026-06-25T06:46:49.688Z
C005771,P007,Willow Creek,2025-05-24,R10,157,0,20:36,D19,Midwest,2026-06-25T06:46:29.225Z,2026-06-25T06:46:49.688Z
C005781,P008,Harbor Pointe,2025-02-23,R12,139,1,15:53,D07,Midwest,2026-06-25T06:46:29.225Z,2026-06-25T06:46:49.688Z
C005809,P001,Sunset Ridge,2025-04-11,R13,113,0,18:49,D12,Northeast,2026-06-25T06:46:29.225Z,2026-06-25T06:46:49.688Z
C005851,P002,Maple Court,2025-03-24,R24,159,0,18:04,D08,Northeast,2026-06-25T06:46:29.225Z,2026-06-25T06:46:49.688Z
C005859,P005,Lakeview Terrace,2025-02-28,R11,75,1,19:59,D12,West,2026-06-25T06:46:29.225Z,2026-06-25T06:46:49.688Z
C005866,P004,Birchwood Commons,2025-04-21,R14,128,0,20:02,D18,West,2026-06-25T06:46:29.225Z,2026-06-25T06:46:49.688Z
C005870,P004,Birchwood Commons,2025-06-14,R14,112,0,15:41,D03,West,2026-06-25T06:46:29.225Z,2026-06-25T06:46:49.688Z
C005892,P007,Willow Creek,2025-06-14,R16,159,0,17:43,D08,West,2026-06-25T06:46:29.225Z,2026-06-25T06:46:49.688Z
C005903,P004,Birchwood Commons,2025-05-09,R20,50,0,17:08,D20,Northeast,2026-06-25T06:46:29.225Z,2026-06-25T06:46:49.688Z
C005915,P001,Sunset Ridge,2025-05-31,R18,130,0,15:32,D15,Northeast,2026-06-25T06:46:29.225Z,2026-06-25T06:46:49.688Z
C005922,P004,Birchwood Commons,2025-01-15,R16,84,0,21:55,D17,Midwest,2026-06-25T06:46:29.225Z,2026-06-25T06:46:49.688Z
C005941,P008,Harbor Pointe,2025-03-04,R22,101,0,15:33,D13,Midwest,2026-06-25T06:46:29.225Z,2026-06-25T06:46:49.688Z
C005957,P003,Green Oaks,2025-04-17,R24,113,2,19:03,D14,Northeast,2026-06-25T06:46:29.225Z,2026-06-25T06:46:49.688Z
C005020,P004,Birchwood Commons,2025-06-23,R16,41,1,20:28,D16,West,2026-06-25T06:46:29.225Z,2026-06-25T06:46:49.688Z
C005031,P004,Birchwood Commons,2025-03-30,R23,66,0,22:36,D05,Midwest,2026-06-25T06:46:29.225Z,2026-06-25T06:46:49.688Z
C005037,P003,Green Oaks,2025-04-17,R24,67,1,21:01,D07,Northeast,2026-06-25T06:46:29.225Z,2026-06-25T06:46:49.688Z
C005097,P008,Harbor Pointe,2025-06-03,R24,70,1,18:45,D01,Southeast,2026-06-25T06:46:29.225Z,2026-06-25T06:46:49.688Z
C005102,P006,Cedar Park,2025-06-25,R17,66,0,20:34,D19,Southeast,2026-06-25T06:46:29.225Z,2026-06-25T06:46:49.688Z
C005114,P005,Lakeview Terrace,2025-02-01,R14,110,0,15:17,D10,Southeast,2026-06-25T06:46:29.225Z,2026-06-25T06:46:49.688Z
C005116,P002,Maple Court,2025-02-08,R10,133,0,20:19,D02,West,2026-06-25T06:46:29.225Z,2026-06-25T06:46:49.688Z
C005128,P001,Sunset Ridge,2025-06-28,R21,77,0,17:32,D18,Southeast,2026-06-25T06:46:29.225Z,2026-06-25T06:46:49.688Z
C005150,P007,Willow Creek,2025-06-09,R21,60,3,15:12,D09,West,2026-06-25T06:46:29.225Z,2026-06-25T06:46:49.688Z
C005165,P003,Green Oaks,2025-06-03,R16,40,0,16:00,D08,Midwest,2026-06-25T06:46:29.225Z,2026-06-25T06:46:49.688Z
C005170,P006,Cedar Park,2025-06-30,R13,141,2,16:49,D05,Midwest,2026-06-25T06:46:29.225Z,2026-06-25T06:46:49.688Z
C005223,P004,Birchwood Commons,2025-03-08,R20,91,0,17:06,D19,West,2026-06-25T06:46:29.225Z,2026-06-25T06:46:49.688Z
C005227,P005,Lakeview Terrace,2025-06-23,R10,97,0,22:29,D02,Northeast,2026-06-25T06:46:29.225Z,2026-06-25T06:46:49.688Z
C005234,P002,Maple Court,2025-05-27,R13,56,0,20:32,D19,Midwest,2026-06-25T06:46:29.225Z,2026-06-25T06:46:49.688Z
C005288,P003,Green Oaks,2025-03-15,R14,50,3,17:30,D04,West,2026-06-25T06:46:29.225Z,2026-06-25T06:46:49.688Z
C005301,P001,Sunset Ridge,2025-06-19,R10,45,0,18:21,D18,Northeast,2026-06-25T06:46:29.225Z,2026-06-25T06:46:49.688Z
C005312,P004,Birchwood Commons,2025-02-27,R23,120,2,22:18,D13,Southeast,2026-06-25T06:46:29.225Z,2026-06-25T06:46:49.688Z
C005316,P003,Green Oaks,2025-04-12,R22,136,0,19:59,D16,Northeast,2026-06-25T06:46:29.225Z,2026-06-25T06:46:49.688Z
C005317,P001,Sunset Ridge,2025-05-06,R18,47,0,22:39,D15,Southeast,2026-06-25T06:46:29.225Z,2026-06-25T06:46:49.688Z
C005337,P005,Lakeview Terrace,2025-05-29,R22,89,0,22:28,D15,Northeast,2026-06-25T06:46:29.225Z,2026-06-25T06:46:49.688Z
C005346,P004,Birchwood Commons,2025-01-31,R18,107,2,19:12,D03,Southeast,2026-06-25T06:46:29.225Z,2026-06-25T06:46:49.688Z
C005347,P004,Birchwood Commons,2025-04-01,R19,101,0,22:58,D04,Northeast,2026-06-25T06:46:29.225Z,2026-06-25T06:46:49.688Z
C005356,P002,Maple Court,2025-05-17,R22,90,0,22:59,D06,Southeast,2026-06-25T06:46:29.225Z,2026-06-25T06:46:49.688Z
C005358,P001,Sunset Ridge,2025-03-13,R13,119,1,14:38,D05,Southeast,2026-06-25T06:46:29.225Z,2026-06-25T06:46:49.688Z
C005367,P006,Cedar Park,2025-03-13,R18,71,1,22:31,D12,Southeast,2026-06-25T06:46:29.225Z,2026-06-25T06:46:49.688Z
C005368,P008,Harbor Pointe,2025-01-04,R21,99,2,14:39,D19,Southeast,2026-06-25T06:46:29.225Z,2026-06-25T06:46:49.688Z
C005371,P007,Willow Creek,2025-06-22,R14,42,0,15:03,D03,Northeast,2026-06-25T06:46:29.225Z,2026-06-25T06:46:49.688Z
C005376,P002,Maple Court,2025-01-02,R21,97,0,15:38,D19,Northeast,2026-06-25T06:46:29.225Z,2026-06-25T06:46:49.688Z
C005378,P001,Sunset Ridge,2025-01-08,R10,147,0,19:26,D15,Midwest,2026-06-25T06:46:29.225Z,2026-06-25T06:46:49.688Z
C005379,P007,Willow Creek,2025-06-13,R13,86,0,19:05,D16,West,2026-06-25T06:46:29.225Z,2026-06-25T06:46:49.688Z
C005381,P001,Sunset Ridge,2025-05-03,R16,93,3,19:47,D14,Southeast,2026-06-25T06:46:29.225Z,2026-06-25T06:46:49.688Z
C005397,P005,Lakeview Terrace,2025-02-01,R13,74,0,16:19,D03,Southeast,2026-06-25T06:46:29.225Z,2026-06-25T06:46:49.688Z
C005400,P002,Maple Court,2025-02-02,R16,157,1,22:16,D13,Southeast,2026-06-25T06:46:29.225Z,2026-06-25T06:46:49.688Z
C005405,P004,Birchwood Commons,2025-01-25,R17,158,0,15:59,D08,Northeast,2026-06-25T06:46:29.225Z,2026-06-25T06:46:49.688Z
C005462,P006,Cedar Park,2025-04-05,R16,101,2,18:00,D19,Midwest,2026-06-25T06:46:29.225Z,2026-06-25T06:46:49.688Z
C005474,P001,Sunset Ridge,2025-03-03,R17,151,0,15:49,D16,Northeast,2026-06-25T06:46:29.225Z,2026-06-25T06:46:49.688Z
C005481,P003,Green Oaks,2025-06-02,R22,114,1,21:47,D11,Southeast,2026-06-25T06:46:29.225Z,2026-06-25T06:46:49.688Z
C005484,P008,Harbor Pointe,2025-06-14,R18,42,1,21:48,D08,West,2026-06-25T06:46:29.225Z,2026-06-25T06:46:49.688Z
C005545,P001,Sunset Ridge,2025-06-05,R23,81,0,18:58,D17,Northeast,2026-06-25T06:46:29.225Z,2026-06-25T06:46:49.688Z
C005628,P002,Maple Court,2025-05-19,R13,120,3,21:12,D03,Northeast,2026-06-25T06:46:29.225Z,2026-06-25T06:46:49.688Z
C005654,P003,Green Oaks,2025-04-15,R17,93,0,18:15,D10,Northeast,2026-06-25T06:46:29.225Z,2026-06-25T06:46:49.688Z
C005658,P008,Harbor Pointe,2025-03-29,R24,80,0,16:03,D09,Southeast,2026-06-25T06:46:29.225Z,2026-06-25T06:46:49.688Z
C005670,P002,Maple Court,2025-05-01,R15,138,0,22:47,D09,Midwest,2026-06-25T06:46:29.225Z,2026-06-25T06:46:49.688Z
C005671,P006,Cedar Park,2025-03-09,R24,88,0,19:07,D05,Midwest,2026-06-25T06:46:29.225Z,2026-06-25T06:46:49.688Z
C005712,P007,Willow Creek,2025-06-12,R23,52,0,20:53,D11,Midwest,2026-06-25T06:46:29.225Z,2026-06-25T06:46:49.688Z
C005716,P007,Willow Creek,2025-04-21,R19,46,0,17:27,D15,Southeast,2026-06-25T06:46:29.225Z,2026-06-25T06:46:49.688Z
C005723,P005,Lakeview Terrace,2025-02-15,R24,104,0,16:44,D08,Southeast,2026-06-25T06:46:29.225Z,2026-06-25T06:46:49.688Z
C005727,P003,Green Oaks,2025-03-12,R24,108,0,16:18,D13,Northeast,2026-06-25T06:46:29.225Z,2026-06-25T06:46:49.688Z
C005743,P005,Lakeview Terrace,2025-02-15,R19,78,1,21:26,D09,Southeast,2026-06-25T06:46:29.225Z,2026-06-25T06:46:49.688Z
C005751,P006,Cedar Park,2025-01-27,R15,143,0,17:10,D07,West,2026-06-25T06:46:29.225Z,2026-06-25T06:46:49.688Z
C005757,P003,Green Oaks,2025-03-20,R19,154,1,18:02,D16,Midwest,2026-06-25T06:46:29.225Z,2026-06-25T06:46:49.688Z
C005762,P003,Green Oaks,2025-01-22,R20,160,0,21:47,D01,Midwest,2026-06-25T06:46:29.225Z,2026-06-25T06:46:49.688Z
C005767,P006,Cedar Park,2025-03-26,R23,64,0,21:50,D13,Northeast,2026-06-25T06:46:29.225Z,2026-06-25T06:46:49.688Z
C005777,P003,Green Oaks,2025-06-07,R13,80,0,16:35,D17,Southeast,2026-06-25T06:46:29.225Z,2026-06-25T06:46:49.688Z
C005797,P004,Birchwood Commons,2025-01-22,R23,91,2,14:59,D15,West,2026-06-25T06:46:29.225Z,2026-06-25T06:46:49.688Z
C005802,P006,Cedar Park,2025-04-03,R11,66,0,17:42,D05,Southeast,2026-06-25T06:46:29.225Z,2026-06-25T06:46:49.688Z
C005813,P001,Sunset Ridge,2025-05-05,R17,83,1,15:58,D19,Midwest,2026-06-25T06:46:29.225Z,2026-06-25T06:46:49.688Z
C005815,P007,Willow Creek,2025-04-13,R20,60,0,16:43,D17,Northeast,2026-06-25T06:46:29.225Z,2026-06-25T06:46:49.688Z
C005823,P007,Willow Creek,2025-06-01,R20,51,0,14:50,D20,Southeast,2026-06-25T06:46:29.225Z,2026-06-25T06:46:49.688Z
C005858,P003,Green Oaks,2025-04-08,R10,96,2,17:16,D15,West,2026-06-25T06:46:29.225Z,2026-06-25T06:46:49.688Z
C005864,P005,Lakeview Terrace,2025-06-23,R24,48,1,22:43,D20,Southeast,2026-06-25T06:46:29.225Z,2026-06-25T06:46:49.688Z
C005883,P005,Lakeview Terrace,2025-04-23,R23,105,0,20:06,D03,Northeast,2026-06-25T06:46:29.225Z,2026-06-25T06:46:49.688Z
C005948,P001,Sunset Ridge,2025-02-13,R23,49,0,16:55,D17,Midwest,2026-06-25T06:46:29.225Z,2026-06-25T06:46:49.688Z
C005960,P006,Cedar Park,2025-04-05,R14,94,1,15:08,D02,Midwest,2026-06-25T06:46:29.225Z,2026-06-25T06:46:49.688Z
C005965,P002,Maple Court,2025-05-08,R23,137,0,17:50,D17,Northeast,2026-06-25T06:46:29.225Z,2026-06-25T06:46:49.688Z
C005985,P006,Cedar Park,2025-04-02,R10,141,0,22:55,D02,Midwest,2026-06-25T06:46:29.225Z,2026-06-25T06:46:49.688Z
C005988,P004,Birchwood Commons,2025-05-03,R19,61,3,14:09,D10,Northeast,2026-06-25T06:46:29.225Z,2026-06-25T06:46:49.688Z
C005994,P001,Sunset Ridge,2025-02-04,R18,71,3,15:43,D07,Southeast,2026-06-25T06:46:29.225Z,2026-06-25T06:46:49.688Z
C006000,P008,Harbor Pointe,2025-04-11,R20,70,0,21:58,D15,Midwest,2026-06-25T06:46:29.225Z,2026-06-25T06:46:49.688Z
C005012,P008,Harbor Pointe,2025-05-21,R14,77,0,17:01,D17,Southeast,2026-06-25T06:46:29.225Z,2026-06-25T06:46:49.688Z
C005034,P001,Sunset Ridge,2025-02-19,R23,121,0,17:51,D06,Northeast,2026-06-25T06:46:29.225Z,2026-06-25T06:46:49.688Z
C005064,P003,Green Oaks,2025-03-31,R24,127,0,18:09,D07,Midwest,2026-06-25T06:46:29.225Z,2026-06-25T06:46:49.688Z
C005093,P008,Harbor Pointe,2025-05-01,R15,59,0,18:53,D18,Southeast,2026-06-25T06:46:29.225Z,2026-06-25T06:46:49.688Z
C005115,P005,Lakeview Terrace,2025-01-02,R10,140,0,21:23,D14,Southeast,2026-06-25T06:46:29.225Z,2026-06-25T06:46:49.688Z
C005132,P007,Willow Creek,2025-01-14,R22,99,1,22:10,D02,Midwest,2026-06-25T06:46:29.225Z,2026-06-25T06:46:49.688Z
C005163,P006,Cedar Park,2025-02-08,R19,107,1,17:25,D06,Southeast,2026-06-25T06:46:29.225Z,2026-06-25T06:46:49.688Z
C005186,P005,Lakeview Terrace,2025-06-13,R17,101,0,16:48,D02,Southeast,2026-06-25T06:46:29.225Z,2026-06-25T06:46:49.688Z
C005197,P006,Cedar Park,2025-06-24,R13,56,0,14:09,D11,Northeast,2026-06-25T06:46:29.225Z,2026-06-25T06:46:49.688Z
C005203,P007,Willow Creek,2025-02-24,R12,91,0,17:32,D19,West,2026-06-25T06:46:29.225Z,2026-06-25T06:46:49.688Z
C005205,P002,Maple Court,2025-02-04,R10,140,0,14:06,D09,Midwest,2026-06-25T06:46:29.225Z,2026-06-25T06:46:49.688Z
C005215,P008,Harbor Pointe,2025-01-01,R11,120,0,16:55,D17,Southeast,2026-06-25T06:46:29.225Z,2026-06-25T06:46:49.688Z
C005244,P001,Sunset Ridge,2025-06-23,R17,127,0,16:57,D17,Midwest,2026-06-25T06:46:29.225Z,2026-06-25T06:46:49.688Z
C005257,P002,Maple Court,2025-05-29,R17,136,0,18:31,D08,West,2026-06-25T06:46:29.225Z,2026-06-25T06:46:49.688Z
C005294,P003,Green Oaks,2025-01-04,R15,128,0,22:41,D20,Southeast,2026-06-25T06:46:29.225Z,2026-06-25T06:46:49.688Z
C005305,P005,Lakeview Terrace,2025-02-05,R15,81,2,22:58,D04,West,2026-06-25T06:46:29.225Z,2026-06-25T06:46:49.688Z
C005314,P007,Willow Creek,2025-03-08,R12,87,2,21:14,D04,Midwest,2026-06-25T06:46:29.225Z,2026-06-25T06:46:49.688Z
C005349,P003,Green Oaks,2025-01-04,R13,131,0,20:22,D02,Northeast,2026-06-25T06:46:29.225Z,2026-06-25T06:46:49.688Z
C005353,P005,Lakeview Terrace,2025-02-02,R10,49,0,19:55,D16,West,2026-06-25T06:46:29.225Z,2026-06-25T06:46:49.688Z
C005365,P001,Sunset Ridge,2025-06-03,R10,100,0,16:47,D09,West,2026-06-25T06:46:29.225Z,2026-06-25T06:46:49.688Z
C005401,P006,Cedar Park,2025-02-27,R11,120,0,19:39,D05,Midwest,2026-06-25T06:46:29.225Z,2026-06-25T06:46:49.688Z
C005409,P005,Lakeview Terrace,2025-06-13,R23,103,0,17:15,D09,Midwest,2026-06-25T06:46:29.225Z,2026-06-25T06:46:49.688Z
C005416,P001,Sunset Ridge,2025-04-10,R16,66,0,16:18,D03,West,2026-06-25T06:46:29.225Z,2026-06-25T06:46:49.688Z
C005421,P008,Harbor Pointe,2025-02-17,R17,57,0,19:00,D07,Northeast,2026-06-25T06:46:29.225Z,2026-06-25T06:46:49.688Z
C005443,P004,Birchwood Commons,2025-01-04,R24,85,0,19:41,D17,Midwest,2026-06-25T06:46:29.225Z,2026-06-25T06:46:49.688Z
C005451,P004,Birchwood Commons,2025-06-02,R21,54,0,17:16,D02,Midwest,2026-06-25T06:46:29.225Z,2026-06-25T06:46:49.688Z
C005470,P003,Green Oaks,2025-03-14,R15,96,0,20:03,D03,Midwest,2026-06-25T06:46:29.225Z,2026-06-25T06:46:49.688Z
C005473,P002,Maple Court,2025-01-16,R15,112,0,19:38,D01,Northeast,2026-06-25T06:46:29.225Z,2026-06-25T06:46:49.688Z
C005500,P008,Harbor Pointe,2025-02-25,R12,100,1,21:08,D17,Midwest,2026-06-25T06:46:29.225Z,2026-06-25T06:46:49.688Z
C005508,P006,Cedar Park,2025-03-29,R10,52,0,20:38,D03,Northeast,2026-06-25T06:46:29.225Z,2026-06-25T06:46:49.688Z
C005523,P007,Willow Creek,2025-06-26,R18,131,0,21:48,D16,Midwest,2026-06-25T06:46:29.225Z,2026-06-25T06:46:49.688Z
C005533,P005,Lakeview Terrace,2025-01-30,R15,90,1,21:53,D08,Southeast,2026-06-25T06:46:29.225Z,2026-06-25T06:46:49.688Z
C005534,P001,Sunset Ridge,2025-02-26,R21,129,0,15:42,D15,Northeast,2026-06-25T06:46:29.225Z,2026-06-25T06:46:49.688Z
C005547,P001,Sunset Ridge,2025-04-13,R16,115,2,18:42,D17,West,2026-06-25T06:46:29.225Z,2026-06-25T06:46:49.688Z
C005559,P001,Sunset Ridge,2025-04-16,R15,72,1,15:55,D15,Southeast,2026-06-25T06:46:29.225Z,2026-06-25T06:46:49.688Z
C005575,P001,Sunset Ridge,2025-04-09,R12,139,2,19:15,D13,West,2026-06-25T06:46:29.225Z,2026-06-25T06:46:49.688Z
C005576,P001,Sunset Ridge,2025-02-18,R19,58,2,16:20,D09,Northeast,2026-06-25T06:46:29.225Z,2026-06-25T06:46:49.688Z
C005591,P001,Sunset Ridge,2025-03-23,R11,64,1,19:10,D09,West,2026-06-25T06:46:29.225Z,2026-06-25T06:46:49.688Z
C005608,P001,Sunset Ridge,2025-05-07,R10,139,0,18:15,D18,West,2026-06-25T06:46:29.225Z,2026-06-25T06:46:49.688Z
C005635,P006,Cedar Park,2025-03-29,R24,83,0,18:09,D09,Northeast,2026-06-25T06:46:29.225Z,2026-06-25T06:46:49.688Z
C005667,P003,Green Oaks,2025-02-14,R19,112,0,17:04,D13,Northeast,2026-06-25T06:46:29.225Z,2026-06-25T06:46:49.688Z
C005678,P008,Harbor Pointe,2025-04-05,R10,119,2,19:41,D01,West,2026-06-25T06:46:29.225Z,2026-06-25T06:46:49.688Z
C005688,P004,Birchwood Commons,2025-05-27,R11,141,2,17:41,D10,West,2026-06-25T06:46:29.225Z,2026-06-25T06:46:49.688Z
C005696,P002,Maple Court,2025-03-23,R21,152,0,19:10,D09,Midwest,2026-06-25T06:46:29.225Z,2026-06-25T06:46:49.688Z
C005756,P005,Lakeview Terrace,2025-01-05,R23,128,0,19:49,D11,Southeast,2026-06-25T06:46:29.225Z,2026-06-25T06:46:49.688Z
C005779,P003,Green Oaks,2025-04-28,R24,66,0,20:01,D08,West,2026-06-25T06:46:29.225Z,2026-06-25T06:46:49.688Z
C005783,P002,Maple Court,2025-01-19,R20,158,1,22:03,D10,Midwest,2026-06-25T06:46:29.225Z,2026-06-25T06:46:49.688Z
C005789,P001,Sunset Ridge,2025-04-25,R14,62,1,17:55,D05,West,2026-06-25T06:46:29.225Z,2026-06-25T06:46:49.688Z
C005798,P003,Green Oaks,2025-02-06,R10,120,2,18:23,D02,Southeast,2026-06-25T06:46:29.225Z,2026-06-25T06:46:49.688Z
C005806,P004,Birchwood Commons,2025-05-04,R19,52,0,19:55,D17,Southeast,2026-06-25T06:46:29.225Z,2026-06-25T06:46:49.688Z
C005807,P005,Lakeview Terrace,2025-06-29,R11,90,0,16:43,D13,West,2026-06-25T06:46:29.225Z,2026-06-25T06:46:49.688Z
C005837,P006,Cedar Park,2025-01-03,R20,82,0,15:16,D08,Midwest,2026-06-25T06:46:29.225Z,2026-06-25T06:46:49.688Z
C005865,P005,Lakeview Terrace,2025-06-21,R16,143,0,16:35,D17,Midwest,2026-06-25T06:46:29.225Z,2026-06-25T06:46:49.688Z
C005871,P005,Lakeview Terrace,2025-03-15,R19,63,0,21:12,D18,West,2026-06-25T06:46:29.225Z,2026-06-25T06:46:49.688Z
C005878,P001,Sunset Ridge,2025-01-01,R13,115,0,15:26,D16,Southeast,2026-06-25T06:46:29.225Z,2026-06-25T06:46:49.688Z
C005881,P002,Maple Court,2025-06-15,R14,94,3,19:15,D19,Northeast,2026-06-25T06:46:29.225Z,2026-06-25T06:46:49.688Z
C005887,P007,Willow Creek,2025-05-24,R12,76,0,22:28,D10,Northeast,2026-06-25T06:46:29.225Z,2026-06-25T06:46:49.688Z
C005905,P007,Willow Creek,2025-01-17,R15,97,2,19:23,D11,West,2026-06-25T06:46:29.225Z,2026-06-25T06:46:49.688Z
C005921,P006,Cedar Park,2025-01-11,R16,89,0,22:31,D05,Midwest,2026-06-25T06:46:29.225Z,2026-06-25T06:46:49.688Z
C005926,P008,Harbor Pointe,2025-01-21,R15,82,0,21:37,D04,Midwest,2026-06-25T06:46:29.225Z,2026-06-25T06:46:49.688Z
C005932,P005,Lakeview Terrace,2025-05-30,R19,46,0,18:50,D10,Northeast,2026-06-25T06:46:29.225Z,2026-06-25T06:46:49.688Z
C005938,P006,Cedar Park,2025-06-23,R18,103,2,21:29,D01,West,2026-06-25T06:46:29.225Z,2026-06-25T06:46:49.688Z
C005966,P002,Maple Court,2025-04-27,R13,134,1,18:49,D02,West,2026-06-25T06:46:29.225Z,2026-06-25T06:46:49.688Z
C005968,P006,Cedar Park,2025-06-21,R20,159,0,19:49,D09,West,2026-06-25T06:46:29.225Z,2026-06-25T06:46:49.688Z
C005982,P005,Lakeview Terrace,2025-04-03,R16,136,0,14:53,D15,Northeast,2026-06-25T06:46:29.225Z,2026-06-25T06:46:49.688Z
C005017,P008,Harbor Pointe,2025-03-29,R16,147,0,21:31,D03,Midwest,2026-06-25T06:46:29.225Z,2026-06-25T06:46:49.688Z
C005027,P006,Cedar Park,2025-03-05,R11,80,1,21:27,D10,West,2026-06-25T06:46:29.225Z,2026-06-25T06:46:49.688Z
C005033,P006,Cedar Park,2025-01-20,R21,100,0,22:40,D05,West,2026-06-25T06:46:29.225Z,2026-06-25T06:46:49.688Z
C005042,P005,Lakeview Terrace,2025-03-12,R11,147,0,22:39,D06,Northeast,2026-06-25T06:46:29.225Z,2026-06-25T06:46:49.688Z
C005044,P004,Birchwood Commons,2025-04-13,R24,157,0,16:32,D05,West,2026-06-25T06:46:29.225Z,2026-06-25T06:46:49.688Z
C005076,P004,Birchwood Commons,2025-02-08,R18,69,1,22:18,D10,Southeast,2026-06-25T06:46:29.225Z,2026-06-25T06:46:49.688Z
C005089,P006,Cedar Park,2025-05-09,R23,149,0,16:50,D18,Northeast,2026-06-25T06:46:29.225Z,2026-06-25T06:46:49.688Z
C005098,P008,Harbor Pointe,2025-01-22,R23,132,0,18:29,D11,Northeast,2026-06-25T06:46:29.225Z,2026-06-25T06:46:49.688Z
C005129,P007,Willow Creek,2025-05-05,R17,90,2,16:59,D06,West,2026-06-25T06:46:29.225Z,2026-06-25T06:46:49.688Z
C005140,P003,Green Oaks,2025-03-27,R11,68,0,20:49,D15,West,2026-06-25T06:46:29.225Z,2026-06-25T06:46:49.688Z
C005177,P004,Birchwood Commons,2025-04-06,R12,87,0,20:51,D05,West,2026-06-25T06:46:29.225Z,2026-06-25T06:46:49.688Z
C005182,P001,Sunset Ridge,2025-04-03,R12,135,2,20:42,D19,Northeast,2026-06-25T06:46:29.225Z,2026-06-25T06:46:49.688Z
C005199,P002,Maple Court,2025-04-24,R18,137,0,22:50,D14,Midwest,2026-06-25T06:46:29.225Z,2026-06-25T06:46:49.688Z
C005204,P008,Harbor Pointe,2025-04-01,R20,99,0,15:45,D16,Midwest,2026-06-25T06:46:29.225Z,2026-06-25T06:46:49.688Z
C005208,P001,Sunset Ridge,2025-01-26,R20,105,0,14:00,D09,Northeast,2026-06-25T06:46:29.225Z,2026-06-25T06:46:49.688Z
C005214,P002,Maple Court,2025-03-24,R10,78,0,21:38,D03,Northeast,2026-06-25T06:46:29.225Z,2026-06-25T06:46:49.688Z
C005224,P008,Harbor Pointe,2025-02-15,R15,90,2,18:16,D08,Southeast,2026-06-25T06:46:29.225Z,2026-06-25T06:46:49.688Z
C005236,P008,Harbor Pointe,2025-01-20,R11,128,0,16:47,D20,Southeast,2026-06-25T06:46:29.225Z,2026-06-25T06:46:49.688Z
C005240,P003,Green Oaks,2025-01-02,R22,58,1,22:49,D06,Midwest,2026-06-25T06:46:29.225Z,2026-06-25T06:46:49.688Z
C005277,P008,Harbor Pointe,2025-06-25,R19,69,0,16:44,D05,West,2026-06-25T06:46:29.225Z,2026-06-25T06:46:49.688Z
C005290,P007,Willow Creek,2025-05-16,R18,73,0,22:13,D14,Southeast,2026-06-25T06:46:29.225Z,2026-06-25T06:46:49.688Z
C005300,P007,Willow Creek,2025-06-11,R11,69,0,18:01,D09,West,2026-06-25T06:46:29.225Z,2026-06-25T06:46:49.688Z
C005310,P001,Sunset Ridge,2025-01-29,R19,114,1,22:28,D07,Southeast,2026-06-25T06:46:29.225Z,2026-06-25T06:46:49.688Z
C005340,P001,Sunset Ridge,2025-06-04,R24,127,3,19:14,D13,West,2026-06-25T06:46:29.225Z,2026-06-25T06:46:49.688Z
C005342,P004,Birchwood Commons,2025-02-01,R23,53,2,21:28,D20,Southeast,2026-06-25T06:46:29.225Z,2026-06-25T06:46:49.688Z
C005363,P005,Lakeview Terrace,2025-03-07,R19,125,0,17:35,D10,West,2026-06-25T06:46:29.225Z,2026-06-25T06:46:49.688Z
C005377,P005,Lakeview Terrace,2025-03-23,R10,82,0,15:38,D19,Northeast,2026-06-25T06:46:29.225Z,2026-06-25T06:46:49.688Z
C005385,P006,Cedar Park,2025-04-11,R18,99,3,22:39,D17,Southeast,2026-06-25T06:46:29.225Z,2026-06-25T06:46:49.688Z
C005407,P007,Willow Creek,2025-06-13,R19,146,0,19:28,D13,Southeast,2026-06-25T06:46:29.225Z,2026-06-25T06:46:49.688Z
C005430,P002,Maple Court,2025-06-24,R12,114,1,16:05,D08,Northeast,2026-06-25T06:46:29.225Z,2026-06-25T06:46:49.688Z
C005438,P001,Sunset Ridge,2025-06-16,R19,143,0,17:28,D03,Northeast,2026-06-25T06:46:29.225Z,2026-06-25T06:46:49.688Z
C005445,P004,Birchwood Commons,2025-05-25,R18,81,0,14:51,D05,Northeast,2026-06-25T06:46:29.225Z,2026-06-25T06:46:49.688Z
C005448,P008,Harbor Pointe,2025-02-25,R22,42,1,20:26,D14,West,2026-06-25T06:46:29.225Z,2026-06-25T06:46:49.688Z
C005464,P001,Sunset Ridge,2025-01-10,R11,68,2,18:55,D03,Northeast,2026-06-25T06:46:29.225Z,2026-06-25T06:46:49.688Z
C005487,P008,Harbor Pointe,2025-01-29,R11,94,0,16:54,D18,West,2026-06-25T06:46:29.225Z,2026-06-25T06:46:49.688Z
C005494,P008,Harbor Pointe,2025-03-11,R23,148,0,21:59,D02,Midwest,2026-06-25T06:46:29.225Z,2026-06-25T06:46:49.688Z
C005513,P002,Maple Court,2025-06-06,R20,128,0,16:36,D10,West,2026-06-25T06:46:29.225Z,2026-06-25T06:46:49.688Z
C005516,P001,Sunset Ridge,2025-02-18,R15,117,1,20:27,D14,Northeast,2026-06-25T06:46:29.225Z,2026-06-25T06:46:49.688Z
C005554,P001,Sunset Ridge,2025-06-29,R11,82,0,15:14,D15,West,2026-06-25T06:46:29.225Z,2026-06-25T06:46:49.688Z
C005577,P001,Sunset Ridge,2025-01-12,R16,118,1,18:01,D20,West,2026-06-25T06:46:29.225Z,2026-06-25T06:46:49.688Z
C005578,P008,Harbor Pointe,2025-05-24,R23,66,1,22:31,D04,Midwest,2026-06-25T06:46:29.225Z,2026-06-25T06:46:49.688Z
C005593,P002,Maple Court,2025-04-03,R24,107,0,18:05,D17,Southeast,2026-06-25T06:46:29.225Z,2026-06-25T06:46:49.688Z
C005679,P004,Birchwood Commons,2025-02-03,R12,96,0,20:11,D09,Midwest,2026-06-25T06:46:29.225Z,2026-06-25T06:46:49.688Z
C005680,P008,Harbor Pointe,2025-02-03,R12,40,0,21:38,D17,Southeast,2026-06-25T06:46:29.225Z,2026-06-25T06:46:49.688Z
C005689,P002,Maple Court,2025-03-26,R19,146,2,20:47,D04,West,2026-06-25T06:46:29.225Z,2026-06-25T06:46:49.688Z
C005729,P003,Green Oaks,2025-01-15,R20,143,0,17:42,D04,Northeast,2026-06-25T06:46:29.225Z,2026-06-25T06:46:49.688Z
C005732,P001,Sunset Ridge,2025-04-08,R10,75,1,21:38,D02,Northeast,2026-06-25T06:46:29.225Z,2026-06-25T06:46:49.688Z
C005782,P008,Harbor Pointe,2025-04-21,R17,149,2,20:13,D18,Midwest,2026-06-25T06:46:29.225Z,2026-06-25T06:46:49.688Z
C005785,P005,Lakeview Terrace,2025-04-07,R12,55,0,22:07,D18,Southeast,2026-06-25T06:46:29.225Z,2026-06-25T06:46:49.688Z
C005787,P007,Willow Creek,2025-01-27,R15,119,0,21:19,D13,Southeast,2026-06-25T06:46:29.225Z,2026-06-25T06:46:49.688Z
C005820,P002,Maple Court,2025-03-17,R23,77,0,19:37,D12,Northeast,2026-06-25T06:46:29.225Z,2026-06-25T06:46:49.688Z
C005824,P003,Green Oaks,2025-05-25,R14,81,0,14:41,D17,Southeast,2026-06-25T06:46:29.225Z,2026-06-25T06:46:49.688Z
C005850,P002,Maple Court,2025-06-23,R19,125,2,14:20,D14,West,2026-06-25T06:46:29.225Z,2026-06-25T06:46:49.688Z
C005863,P002,Maple Court,2025-05-10,R16,87,1,20:00,D17,Southeast,2026-06-25T06:46:29.225Z,2026-06-25T06:46:49.688Z
C005940,P008,Harbor Pointe,2025-03-24,R23,118,0,21:44,D10,West,2026-06-25T06:46:29.225Z,2026-06-25T06:46:49.688Z
C005942,P008,Harbor Pointe,2025-04-15,R21,137,0,22:26,D03,West,2026-06-25T06:46:29.225Z,2026-06-25T06:46:49.688Z
C005983,P003,Green Oaks,2025-03-29,R20,80,2,20:40,D15,Southeast,2026-06-25T06:46:29.225Z,2026-06-25T06:46:49.688Z
C005989,P008,Harbor Pointe,2025-03-10,R13,121,0,15:36,D16,Southeast,2026-06-25T06:46:29.225Z,2026-06-25T06:46:49.688Z
C005996,P001,Sunset Ridge,2025-03-26,R10,147,0,21:18,D03,West,2026-06-25T06:46:29.225Z,2026-06-25T06:46:49.688Z
C005010,P003,Green Oaks,2025-06-11,R23,133,0,22:36,D11,Southeast,2026-06-25T06:46:29.225Z,2026-06-25T06:46:49.688Z
C005015,P005,Lakeview Terrace,2025-05-01,R18,50,0,22:20,D04,Midwest,2026-06-25T06:46:29.225Z,2026-06-25T06:46:49.688Z
C005021,P003,Green Oaks,2025-01-29,R14,137,0,21:42,D06,West,2026-06-25T06:46:29.225Z,2026-06-25T06:46:49.688Z
C005029,P004,Birchwood Commons,2025-06-05,R11,150,0,17:16,D14,Northeast,2026-06-25T06:46:29.225Z,2026-06-25T06:46:49.688Z
C005070,P003,Green Oaks,2025-02-13,R14,136,0,16:10,D01,Midwest,2026-06-25T06:46:29.225Z,2026-06-25T06:46:49.688Z
C005122,P001,Sunset Ridge,2025-04-01,R22,95,0,21:29,D04,Northeast,2026-06-25T06:46:29.225Z,2026-06-25T06:46:49.688Z
C005161,P005,Lakeview Terrace,2025-06-29,R16,42,0,16:40,D03,Midwest,2026-06-25T06:46:29.225Z,2026-06-25T06:46:49.688Z
C005178,P003,Green Oaks,2025-04-22,R13,93,0,22:15,D03,Midwest,2026-06-25T06:46:29.225Z,2026-06-25T06:46:49.688Z
C005212,P004,Birchwood Commons,2025-03-07,R15,69,0,20:29,D12,West,2026-06-25T06:46:29.225Z,2026-06-25T06:46:49.688Z
C005217,P005,Lakeview Terrace,2025-06-04,R17,59,1,15:29,D04,Midwest,2026-06-25T06:46:29.225Z,2026-06-25T06:46:49.688Z
C005239,P006,Cedar Park,2025-04-03,R18,102,2,14:55,D14,Midwest,2026-06-25T06:46:29.225Z,2026-06-25T06:46:49.688Z
C005241,P003,Green Oaks,2025-03-02,R18,149,0,21:33,D20,West,2026-06-25T06:46:29.225Z,2026-06-25T06:46:49.688Z
C005286,P004,Birchwood Commons,2025-03-23,R18,97,0,14:52,D06,West,2026-06-25T06:46:29.225Z,2026-06-25T06:46:49.688Z
C005295,P006,Cedar Park,2025-01-07,R22,81,0,22:28,D05,Midwest,2026-06-25T06:46:29.225Z,2026-06-25T06:46:49.688Z
C005302,P003,Green Oaks,2025-01-09,R12,120,2,21:01,D13,Southeast,2026-06-25T06:46:29.225Z,2026-06-25T06:46:49.688Z
C005303,P005,Lakeview Terrace,2025-06-16,R19,70,0,19:27,D12,Southeast,2026-06-25T06:46:29.225Z,2026-06-25T06:46:49.688Z
C005344,P006,Cedar Park,2025-02-18,R22,125,0,15:32,D01,Southeast,2026-06-25T06:46:29.225Z,2026-06-25T06:46:49.688Z
C005345,P001,Sunset Ridge,2025-04-12,R12,71,0,20:08,D18,Southeast,2026-06-25T06:46:29.225Z,2026-06-25T06:46:49.688Z
C005362,P004,Birchwood Commons,2025-02-09,R12,57,0,21:42,D06,Northeast,2026-06-25T06:46:29.225Z,2026-06-25T06:46:49.688Z
C005391,P001,Sunset Ridge,2025-05-02,R13,72,1,14:57,D04,Southeast,2026-06-25T06:46:29.225Z,2026-06-25T06:46:49.688Z
C005402,P007,Willow Creek,2025-03-13,R16,80,2,16:04,D16,Northeast,2026-06-25T06:46:29.225Z,2026-06-25T06:46:49.688Z
C005414,P006,Cedar Park,2025-02-13,R21,140,0,19:02,D20,Northeast,2026-06-25T06:46:29.225Z,2026-06-25T06:46:49.688Z
C005424,P004,Birchwood Commons,2025-03-22,R21,102,0,18:11,D04,Northeast,2026-06-25T06:46:29.225Z,2026-06-25T06:46:49.688Z
C005450,P002,Maple Court,2025-04-21,R19,82,0,19:47,D08,Southeast,2026-06-25T06:46:29.225Z,2026-06-25T06:46:49.688Z
C005453,P003,Green Oaks,2025-01-08,R24,46,0,14:18,D12,Midwest,2026-06-25T06:46:29.225Z,2026-06-25T06:46:49.688Z
C005469,P007,Willow Creek,2025-03-31,R10,76,0,22:37,D20,Midwest,2026-06-25T06:46:29.225Z,2026-06-25T06:46:49.688Z
C005489,P004,Birchwood Commons,2025-05-31,R24,86,0,16:24,D09,Midwest,2026-06-25T06:46:29.225Z,2026-06-25T06:46:49.688Z
C005496,P006,Cedar Park,2025-06-08,R17,143,0,19:08,D12,West,2026-06-25T06:46:29.225Z,2026-06-25T06:46:49.688Z
C005505,P002,Maple Court,2025-06-04,R16,85,1,17:30,D16,West,2026-06-25T06:46:29.225Z,2026-06-25T06:46:49.688Z
C005564,P004,Birchwood Commons,2025-02-15,R14,115,0,15:16,D07,Southeast,2026-06-25T06:46:29.225Z,2026-06-25T06:46:49.688Z
C005587,P006,Cedar Park,2025-06-09,R24,102,0,19:19,D16,Midwest,2026-06-25T06:46:29.225Z,2026-06-25T06:46:49.688Z
C005604,P006,Cedar Park,2025-01-09,R11,157,1,18:24,D08,Southeast,2026-06-25T06:46:29.225Z,2026-06-25T06:46:49.688Z
C005624,P007,Willow Creek,2025-06-30,R14,47,0,19:59,D20,West,2026-06-25T06:46:29.225Z,2026-06-25T06:46:49.688Z
C005631,P004,Birchwood Commons,2025-05-20,R21,143,0,14:22,D20,West,2026-06-25T06:46:29.225Z,2026-06-25T06:46:49.688Z
C005639,P004,Birchwood Commons,2025-05-23,R13,118,0,16:51,D07,West,2026-06-25T06:46:29.225Z,2026-06-25T06:46:49.688Z
C005651,P007,Willow Creek,2025-02-10,R15,145,0,20:36,D04,Southeast,2026-06-25T06:46:29.225Z,2026-06-25T06:46:49.688Z
C005699,P007,Willow Creek,2025-06-18,R12,121,0,18:42,D07,Northeast,2026-06-25T06:46:29.225Z,2026-06-25T06:46:49.688Z
C005714,P002,Maple Court,2025-05-06,R20,154,1,20:09,D19,Midwest,2026-06-25T06:46:29.225Z,2026-06-25T06:46:49.688Z
C005715,P007,Willow Creek,2025-01-16,R11,85,2,14:30,D04,Southeast,2026-06-25T06:46:29.225Z,2026-06-25T06:46:49.688Z
C005739,P001,Sunset Ridge,2025-05-01,R15,134,0,22:47,D12,Midwest,2026-06-25T06:46:29.225Z,2026-06-25T06:46:49.688Z
C005742,P007,Willow Creek,2025-04-04,R11,97,0,19:37,D18,West,2026-06-25T06:46:29.225Z,2026-06-25T06:46:49.688Z
C005760,P001,Sunset Ridge,2025-02-25,R15,85,0,22:08,D05,West,2026-06-25T06:46:29.225Z,2026-06-25T06:46:49.688Z
C005764,P007,Willow Creek,2025-06-28,R13,134,0,21:05,D08,West,2026-06-25T06:46:29.225Z,2026-06-25T06:46:49.688Z
C005772,P006,Cedar Park,2025-06-04,R11,44,0,20:42,D17,Midwest,2026-06-25T06:46:29.225Z,2026-06-25T06:46:49.688Z
C005803,P004,Birchwood Commons,2025-06-01,R10,150,0,16:18,D01,West,2026-06-25T06:46:29.225Z,2026-06-25T06:46:49.688Z
C005814,P008,Harbor Pointe,2025-04-10,R17,121,1,19:51,D01,Northeast,2026-06-25T06:46:29.225Z,2026-06-25T06:46:49.688Z
C005826,P002,Maple Court,2025-01-02,R17,47,0,20:00,D06,Midwest,2026-06-25T06:46:29.225Z,2026-06-25T06:46:49.688Z
C005841,P008,Harbor Pointe,2025-01-04,R13,153,3,14:46,D18,Midwest,2026-06-25T06:46:29.225Z,2026-06-25T06:46:49.688Z
C005846,P008,Harbor Pointe,2025-03-21,R22,95,0,21:13,D18,Northeast,2026-06-25T06:46:29.225Z,2026-06-25T06:46:49.688Z
C005867,P007,Willow Creek,2025-02-25,R23,65,1,15:16,D19,Midwest,2026-06-25T06:46:29.225Z,2026-06-25T06:46:49.688Z
C005876,P008,Harbor Pointe,2025-05-02,R16,41,1,16:32,D16,Northeast,2026-06-25T06:46:29.225Z,2026-06-25T06:46:49.688Z
C005902,P002,Maple Court,2025-01-04,R19,145,0,21:58,D01,West,2026-06-25T06:46:29.225Z,2026-06-25T06:46:49.688Z
C005930,P007,Willow Creek,2025-05-10,R19,151,0,14:33,D16,West,2026-06-25T06:46:29.225Z,2026-06-25T06:46:49.688Z
C005953,P006,Cedar Park,2025-03-22,R18,128,0,18:44,D05,West,2026-06-25T06:46:29.225Z,2026-06-25T06:46:49.688Z
C005986,P003,Green Oaks,2025-01-09,R10,72,0,20:50,D19,Southeast,2026-06-25T06:46:29.225Z,2026-06-25T06:46:49.688Z
C005990,P001,Sunset Ridge,2025-05-19,R11,48,0,16:03,D07,West,2026-06-25T06:46:29.225Z,2026-06-25T06:46:49.688Z
C005043,P004,Birchwood Commons,2025-05-18,R11,73,2,14:03,D08,Northeast,2026-06-25T06:46:29.225Z,2026-06-25T06:46:49.688Z
C005054,P002,Maple Court,2025-03-14,R16,143,0,17:16,D08,Southeast,2026-06-25T06:46:29.225Z,2026-06-25T06:46:49.688Z
C005078,P006,Cedar Park,2025-02-09,R21,107,1,14:12,D08,Southeast,2026-06-25T06:46:29.225Z,2026-06-25T06:46:49.688Z
C005079,P005,Lakeview Terrace,2025-05-14,R23,52,0,18:35,D14,Midwest,2026-06-25T06:46:29.225Z,2026-06-25T06:46:49.688Z
C005086,P005,Lakeview Terrace,2025-05-03,R19,88,0,20:24,D01,West,2026-06-25T06:46:29.225Z,2026-06-25T06:46:49.688Z
C005092,P001,Sunset Ridge,2025-05-24,R13,125,0,15:27,D07,West,2026-06-25T06:46:29.225Z,2026-06-25T06:46:49.688Z
C005095,P004,Birchwood Commons,2025-06-06,R19,137,0,19:15,D20,Northeast,2026-06-25T06:46:29.225Z,2026-06-25T06:46:49.688Z
C005148,P005,Lakeview Terrace,2025-05-02,R19,82,2,17:04,D06,West,2026-06-25T06:46:29.225Z,2026-06-25T06:46:49.688Z
C005153,P001,Sunset Ridge,2025-06-23,R11,74,0,22:44,D04,Midwest,2026-06-25T06:46:29.225Z,2026-06-25T06:46:49.688Z
C005154,P002,Maple Court,2025-05-30,R19,111,1,22:17,D02,Northeast,2026-06-25T06:46:29.225Z,2026-06-25T06:46:49.688Z
C005156,P004,Birchwood Commons,2025-05-12,R10,133,0,14:33,D01,Northeast,2026-06-25T06:46:29.225Z,2026-06-25T06:46:49.688Z
C005164,P005,Lakeview Terrace,2025-04-28,R19,105,1,22:50,D09,Northeast,2026-06-25T06:46:29.225Z,2026-06-25T06:46:49.688Z
C005167,P007,Willow Creek,2025-01-31,R15,102,1,22:40,D04,Midwest,2026-06-25T06:46:29.225Z,2026-06-25T06:46:49.688Z
C005179,P005,Lakeview Terrace,2025-05-01,R11,108,0,17:39,D20,Northeast,2026-06-25T06:46:29.225Z,2026-06-25T06:46:49.688Z
C005210,P003,Green Oaks,2025-04-19,R19,78,0,22:12,D02,Northeast,2026-06-25T06:46:29.225Z,2026-06-25T06:46:49.688Z
C005219,P004,Birchwood Commons,2025-02-25,R16,159,0,19:45,D05,Northeast,2026-06-25T06:46:29.225Z,2026-06-25T06:46:49.688Z
C005235,P007,Willow Creek,2025-05-01,R10,60,1,15:15,D14,Northeast,2026-06-25T06:46:29.225Z,2026-06-25T06:46:49.688Z
C005253,P008,Harbor Pointe,2025-02-22,R13,76,0,19:03,D11,Midwest,2026-06-25T06:46:29.225Z,2026-06-25T06:46:49.688Z
C005256,P008,Harbor Pointe,2025-03-11,R17,70,0,20:24,D01,Northeast,2026-06-25T06:46:29.225Z,2026-06-25T06:46:49.688Z
C005269,P007,Willow Creek,2025-01-15,R15,70,1,17:23,D07,Northeast,2026-06-25T06:46:29.225Z,2026-06-25T06:46:49.688Z
C005273,P007,Willow Creek,2025-04-30,R13,46,2,21:29,D08,Midwest,2026-06-25T06:46:29.225Z,2026-06-25T06:46:49.688Z
C005275,P006,Cedar Park,2025-05-09,R10,141,1,14:43,D10,Northeast,2026-06-25T06:46:29.225Z,2026-06-25T06:46:49.688Z
C005282,P006,Cedar Park,2025-01-02,R22,65,0,22:51,D01,Northeast,2026-06-25T06:46:29.225Z,2026-06-25T06:46:49.688Z
C005327,P006,Cedar Park,2025-06-27,R13,76,0,16:20,D12,Northeast,2026-06-25T06:46:29.225Z,2026-06-25T06:46:49.688Z
C005336,P007,Willow Creek,2025-04-20,R24,118,0,19:58,D17,Southeast,2026-06-25T06:46:29.225Z,2026-06-25T06:46:49.688Z
C005338,P005,Lakeview Terrace,2025-05-30,R14,117,0,17:50,D03,Midwest,2026-06-25T06:46:29.225Z,2026-06-25T06:46:49.688Z
C005352,P002,Maple Court,2025-04-20,R22,139,3,17:21,D02,West,2026-06-25T06:46:29.225Z,2026-06-25T06:46:49.688Z
C005373,P003,Green Oaks,2025-04-22,R22,89,0,14:43,D19,Midwest,2026-06-25T06:46:29.225Z,2026-06-25T06:46:49.688Z
C005375,P005,Lakeview Terrace,2025-01-30,R10,155,0,22:09,D07,Southeast,2026-06-25T06:46:29.225Z,2026-06-25T06:46:49.688Z
C005382,P003,Green Oaks,2025-02-13,R13,86,0,21:28,D15,Northeast,2026-06-25T06:46:29.225Z,2026-06-25T06:46:49.688Z
C005403,P004,Birchwood Commons,2025-04-19,R22,158,0,17:06,D14,Northeast,2026-06-25T06:46:29.225Z,2026-06-25T06:46:49.688Z
C005404,P001,Sunset Ridge,2025-05-29,R16,44,1,19:41,D10,Southeast,2026-06-25T06:46:29.225Z,2026-06-25T06:46:49.688Z
C005444,P002,Maple Court,2025-02-22,R20,55,2,22:01,D18,Midwest,2026-06-25T06:46:29.225Z,2026-06-25T06:46:49.688Z
C005465,P001,Sunset Ridge,2025-01-09,R16,120,0,21:01,D19,Southeast,2026-06-25T06:46:29.225Z,2026-06-25T06:46:49.688Z
C005499,P003,Green Oaks,2025-06-26,R10,130,0,19:01,D19,Northeast,2026-06-25T06:46:29.225Z,2026-06-25T06:46:49.688Z
C005503,P003,Green Oaks,2025-06-06,R22,99,0,20:43,D10,Northeast,2026-06-25T06:46:29.225Z,2026-06-25T06:46:49.688Z
C005512,P002,Maple Court,2025-03-13,R18,40,0,15:44,D13,Northeast,2026-06-25T06:46:29.225Z,2026-06-25T06:46:49.688Z
C005527,P007,Willow Creek,2025-06-08,R15,63,3,18:06,D11,West,2026-06-25T06:46:29.225Z,2026-06-25T06:46:49.688Z
C005573,P002,Maple Court,2025-06-08,R15,55,0,20:28,D13,Southeast,2026-06-25T06:46:29.225Z,2026-06-25T06:46:49.688Z
C005590,P001,Sunset Ridge,2025-03-22,R15,128,0,16:34,D12,Southeast,2026-06-25T06:46:29.225Z,2026-06-25T06:46:49.688Z
C005597,P005,Lakeview Terrace,2025-04-08,R17,68,0,22:29,D20,Midwest,2026-06-25T06:46:29.225Z,2026-06-25T06:46:49.688Z
C005599,P006,Cedar Park,2025-04-07,R16,65,3,20:51,D02,West,2026-06-25T06:46:29.225Z,2026-06-25T06:46:49.688Z
C005610,P008,Harbor Pointe,2025-01-11,R15,101,1,22:38,D14,West,2026-06-25T06:46:29.225Z,2026-06-25T06:46:49.688Z
C005612,P003,Green Oaks,2025-05-23,R13,64,1,14:36,D15,Southeast,2026-06-25T06:46:29.225Z,2026-06-25T06:46:49.688Z
C005619,P002,Maple Court,2025-02-10,R20,118,0,21:38,D15,Southeast,2026-06-25T06:46:29.225Z,2026-06-25T06:46:49.688Z
C005640,P005,Lakeview Terrace,2025-02-05,R16,123,0,22:47,D14,Midwest,2026-06-25T06:46:29.225Z,2026-06-25T06:46:49.688Z
C005641,P007,Willow Creek,2025-05-25,R11,47,0,17:23,D13,Northeast,2026-06-25T06:46:29.225Z,2026-06-25T06:46:49.688Z
C005642,P001,Sunset Ridge,2025-05-08,R18,156,0,18:12,D16,Southeast,2026-06-25T06:46:29.225Z,2026-06-25T06:46:49.688Z
C005643,P003,Green Oaks,2025-06-30,R16,58,0,21:14,D12,Southeast,2026-06-25T06:46:29.225Z,2026-06-25T06:46:49.688Z
C005666,P002,Maple Court,2025-04-15,R10,44,0,21:35,D10,Northeast,2026-06-25T06:46:29.225Z,2026-06-25T06:46:49.688Z
C005674,P008,Harbor Pointe,2025-03-03,R18,135,0,18:54,D11,Southeast,2026-06-25T06:46:29.225Z,2026-06-25T06:46:49.688Z
C005677,P004,Birchwood Commons,2025-03-09,R22,99,1,21:03,D16,Southeast,2026-06-25T06:46:29.225Z,2026-06-25T06:46:49.688Z
C005695,P007,Willow Creek,2025-05-08,R22,63,0,16:25,D17,West,2026-06-25T06:46:29.225Z,2026-06-25T06:46:49.688Z
C005704,P002,Maple Court,2025-01-05,R14,75,0,19:26,D14,Southeast,2026-06-25T06:46:29.225Z,2026-06-25T06:46:49.688Z
C005709,P008,Harbor Pointe,2025-05-31,R14,50,0,14:21,D01,West,2026-06-25T06:46:29.225Z,2026-06-25T06:46:49.688Z
C005733,P005,Lakeview Terrace,2025-04-21,R19,73,1,14:49,D12,Southeast,2026-06-25T06:46:29.225Z,2026-06-25T06:46:49.688Z
C005738,P008,Harbor Pointe,2025-01-27,R20,59,0,18:10,D01,West,2026-06-25T06:46:29.225Z,2026-06-25T06:46:49.688Z
C005755,P003,Green Oaks,2025-03-25,R18,40,2,21:12,D08,Northeast,2026-06-25T06:46:29.225Z,2026-06-25T06:46:49.688Z
C005774,P003,Green Oaks,2025-01-04,R17,104,0,19:44,D16,Southeast,2026-06-25T06:46:29.225Z,2026-06-25T06:46:49.688Z
C005775,P004,Birchwood Commons,2025-01-15,R20,41,0,19:24,D20,Northeast,2026-06-25T06:46:29.225Z,2026-06-25T06:46:49.688Z
C005795,P008,Harbor Pointe,2025-01-20,R10,62,0,14:54,D19,Southeast,2026-06-25T06:46:29.225Z,2026-06-25T06:46:49.688Z
C005796,P002,Maple Court,2025-06-02,R23,157,0,18:24,D20,West,2026-06-25T06:46:29.225Z,2026-06-25T06:46:49.688Z
C005822,P006,Cedar Park,2025-03-20,R16,156,0,18:08,D15,Midwest,2026-06-25T06:46:29.225Z,2026-06-25T06:46:49.688Z
C005825,P005,Lakeview Terrace,2025-03-09,R17,45,1,16:53,D07,West,2026-06-25T06:46:29.225Z,2026-06-25T06:46:49.688Z
C005842,P005,Lakeview Terrace,2025-01-14,R10,53,0,20:40,D16,West,2026-06-25T06:46:29.225Z,2026-06-25T06:46:49.688Z
C005848,P008,Harbor Pointe,2025-06-05,R19,60,0,20:11,D14,Midwest,2026-06-25T06:46:29.225Z,2026-06-25T06:46:49.688Z
C005880,P001,Sunset Ridge,2025-06-12,R22,111,0,16:50,D06,West,2026-06-25T06:46:29.225Z,2026-06-25T06:46:49.688Z
C005901,P001,Sunset Ridge,2025-04-22,R18,133,0,20:20,D11,Southeast,2026-06-25T06:46:29.225Z,2026-06-25T06:46:49.688Z
C005910,P007,Willow Creek,2025-01-21,R10,142,0,16:18,D10,Northeast,2026-06-25T06:46:29.225Z,2026-06-25T06:46:49.688Z
C005931,P002,Maple Court,2025-03-01,R14,55,0,22:44,D08,Northeast,2026-06-25T06:46:29.225Z,2026-06-25T06:46:49.688Z
C005951,P007,Willow Creek,2025-05-15,R19,45,0,14:59,D03,Midwest,2026-06-25T06:46:29.225Z,2026-06-25T06:46:49.688Z
C005958,P002,Maple Court,2025-01-17,R18,79,0,15:40,D16,Midwest,2026-06-25T06:46:29.225Z,2026-06-25T06:46:49.688Z
C005967,P002,Maple Court,2025-06-22,R18,151,0,19:01,D12,Midwest,2026-06-25T06:46:29.225Z,2026-06-25T06:46:49.688Z
C005977,P005,Lakeview Terrace,2025-02-07,R19,103,2,19:24,D12,West,2026-06-25T06:46:29.225Z,2026-06-25T06:46:49.688Z
C005038,P008,Harbor Pointe,2025-06-16,R18,136,3,21:48,D06,West,2026-06-25T06:46:29.225Z,2026-06-25T06:46:49.688Z
C005039,P004,Birchwood Commons,2025-05-15,R24,55,0,16:11,D19,Northeast,2026-06-25T06:46:29.225Z,2026-06-25T06:46:49.688Z
C005053,P007,Willow Creek,2025-02-23,R14,117,1,14:32,D10,West,2026-06-25T06:46:29.225Z,2026-06-25T06:46:49.688Z
C005059,P001,Sunset Ridge,2025-05-15,R16,133,0,20:47,D02,Southeast,2026-06-25T06:46:29.225Z,2026-06-25T06:46:49.688Z
C005109,P003,Green Oaks,2025-05-31,R23,102,1,22:39,D18,Northeast,2026-06-25T06:46:29.225Z,2026-06-25T06:46:49.688Z
C005113,P006,Cedar Park,2025-02-22,R15,112,0,20:31,D01,West,2026-06-25T06:46:29.225Z,2026-06-25T06:46:49.688Z
C005130,P006,Cedar Park,2025-01-09,R14,71,0,15:25,D08,Southeast,2026-06-25T06:46:29.225Z,2026-06-25T06:46:49.688Z
C005134,P007,Willow Creek,2025-06-19,R24,48,1,17:16,D01,West,2026-06-25T06:46:29.225Z,2026-06-25T06:46:49.688Z
C005169,P007,Willow Creek,2025-03-16,R14,85,0,14:33,D13,Midwest,2026-06-25T06:46:29.225Z,2026-06-25T06:46:49.688Z
C005171,P003,Green Oaks,2025-01-06,R14,154,0,22:58,D16,West,2026-06-25T06:46:29.225Z,2026-06-25T06:46:49.688Z
C005175,P005,Lakeview Terrace,2025-03-11,R23,58,0,21:32,D17,Northeast,2026-06-25T06:46:29.225Z,2026-06-25T06:46:49.688Z
C005209,P003,Green Oaks,2025-05-12,R14,60,0,16:30,D10,West,2026-06-25T06:46:29.225Z,2026-06-25T06:46:49.688Z
C005226,P007,Willow Creek,2025-06-16,R12,131,0,15:50,D02,Northeast,2026-06-25T06:46:29.225Z,2026-06-25T06:46:49.688Z
C005229,P004,Birchwood Commons,2025-06-11,R19,93,3,19:59,D06,West,2026-06-25T06:46:29.225Z,2026-06-25T06:46:49.688Z
C005263,P002,Maple Court,2025-04-24,R22,149,0,15:59,D18,West,2026-06-25T06:46:29.225Z,2026-06-25T06:46:49.688Z
C005320,P006,Cedar Park,2025-01-23,R10,148,2,18:16,D04,Northeast,2026-06-25T06:46:29.225Z,2026-06-25T06:46:49.688Z
C005326,P005,Lakeview Terrace,2025-06-18,R16,73,0,18:00,D06,West,2026-06-25T06:46:29.225Z,2026-06-25T06:46:49.688Z
C005351,P003,Green Oaks,2025-05-07,R12,159,0,19:06,D18,Midwest,2026-06-25T06:46:29.225Z,2026-06-25T06:46:49.688Z
C005388,P007,Willow Creek,2025-04-04,R17,67,2,15:58,D07,West,2026-06-25T06:46:29.225Z,2026-06-25T06:46:49.688Z
C005423,P008,Harbor Pointe,2025-03-13,R20,130,1,21:12,D05,Midwest,2026-06-25T06:46:29.225Z,2026-06-25T06:46:49.688Z
C005425,P005,Lakeview Terrace,2025-02-08,R12,44,0,21:38,D08,West,2026-06-25T06:46:29.225Z,2026-06-25T06:46:49.688Z
C005431,P002,Maple Court,2025-01-27,R13,123,0,17:03,D04,Southeast,2026-06-25T06:46:29.225Z,2026-06-25T06:46:49.688Z
C005480,P004,Birchwood Commons,2025-01-23,R23,96,2,16:17,D09,West,2026-06-25T06:46:29.225Z,2026-06-25T06:46:49.688Z
C005492,P007,Willow Creek,2025-01-07,R21,140,0,17:50,D19,West,2026-06-25T06:46:29.225Z,2026-06-25T06:46:49.688Z
C005502,P007,Willow Creek,2025-02-10,R23,91,1,14:15,D14,West,2026-06-25T06:46:29.225Z,2026-06-25T06:46:49.688Z
C005510,P001,Sunset Ridge,2025-05-03,R18,48,0,17:13,D10,Southeast,2026-06-25T06:46:29.225Z,2026-06-25T06:46:49.688Z
C005524,P005,Lakeview Terrace,2025-05-11,R23,116,2,15:51,D06,West,2026-06-25T06:46:29.225Z,2026-06-25T06:46:49.688Z
C005526,P005,Lakeview Terrace,2025-06-07,R10,96,0,20:45,D06,West,2026-06-25T06:46:29.225Z,2026-06-25T06:46:49.688Z
C005539,P005,Lakeview Terrace,2025-02-10,R10,40,2,20:04,D07,West,2026-06-25T06:46:29.225Z,2026-06-25T06:46:49.688Z
C005544,P004,Birchwood Commons,2025-04-14,R22,153,0,18:50,D16,West,2026-06-25T06:46:29.225Z,2026-06-25T06:46:49.688Z
C005565,P003,Green Oaks,2025-06-12,R11,86,0,16:28,D06,Northeast,2026-06-25T06:46:29.225Z,2026-06-25T06:46:49.688Z
C005580,P005,Lakeview Terrace,2025-04-10,R18,76,0,17:54,D19,Midwest,2026-06-25T06:46:29.225Z,2026-06-25T06:46:49.688Z
C005583,P001,Sunset Ridge,2025-05-01,R14,76,0,21:56,D20,Southeast,2026-06-25T06:46:29.225Z,2026-06-25T06:46:49.688Z
C005602,P004,Birchwood Commons,2025-02-18,R16,84,0,17:05,D10,Northeast,2026-06-25T06:46:29.225Z,2026-06-25T06:46:49.688Z
C005623,P004,Birchwood Commons,2025-01-16,R11,125,0,22:44,D01,West,2026-06-25T06:46:29.225Z,2026-06-25T06:46:49.688Z
C005625,P004,Birchwood Commons,2025-06-12,R20,43,0,22:31,D18,Southeast,2026-06-25T06:46:29.225Z,2026-06-25T06:46:49.688Z
C005627,P008,Harbor Pointe,2025-01-28,R10,76,0,15:21,D11,West,2026-06-25T06:46:29.225Z,2026-06-25T06:46:49.688Z
C005650,P008,Harbor Pointe,2025-06-20,R20,159,0,17:03,D16,Midwest,2026-06-25T06:46:29.225Z,2026-06-25T06:46:49.688Z
C005659,P006,Cedar Park,2025-06-22,R12,141,0,22:47,D06,Midwest,2026-06-25T06:46:29.225Z,2026-06-25T06:46:49.688Z
C005664,P008,Harbor Pointe,2025-03-17,R17,56,3,18:40,D13,Northeast,2026-06-25T06:46:29.225Z,2026-06-25T06:46:49.688Z
C005669,P003,Green Oaks,2025-01-13,R14,106,3,15:00,D11,Northeast,2026-06-25T06:46:29.225Z,2026-06-25T06:46:49.688Z
C005693,P004,Birchwood Commons,2025-06-16,R11,118,1,14:21,D07,West,2026-06-25T06:46:29.225Z,2026-06-25T06:46:49.688Z
C005713,P001,Sunset Ridge,2025-04-29,R15,66,0,18:10,D18,Southeast,2026-06-25T06:46:29.225Z,2026-06-25T06:46:49.688Z
C005745,P002,Maple Court,2025-06-03,R10,57,0,20:14,D07,Northeast,2026-06-25T06:46:29.225Z,2026-06-25T06:46:49.688Z
C005784,P004,Birchwood Commons,2025-05-12,R10,138,2,21:36,D16,Northeast,2026-06-25T06:46:29.225Z,2026-06-25T06:46:49.688Z
C005792,P007,Willow Creek,2025-04-27,R11,110,0,15:00,D19,Northeast,2026-06-25T06:46:29.225Z,2026-06-25T06:46:49.688Z
C005817,P001,Sunset Ridge,2025-02-12,R14,148,0,22:31,D03,Southeast,2026-06-25T06:46:29.225Z,2026-06-25T06:46:49.688Z
C005852,P008,Harbor Pointe,2025-02-18,R16,106,0,17:09,D19,West,2026-06-25T06:46:29.225Z,2026-06-25T06:46:49.688Z
C005857,P003,Green Oaks,2025-01-31,R16,55,1,15:06,D10,West,2026-06-25T06:46:29.225Z,2026-06-25T06:46:49.688Z
C005918,P008,Harbor Pointe,2025-05-25,R19,47,2,16:10,D20,Midwest,2026-06-25T06:46:29.225Z,2026-06-25T06:46:49.688Z
C005933,P008,Harbor Pointe,2025-04-30,R10,97,0,16:23,D10,Northeast,2026-06-25T06:46:29.225Z,2026-06-25T06:46:49.688Z
C005934,P008,Harbor Pointe,2025-03-29,R18,92,1,15:03,D20,Northeast,2026-06-25T06:46:29.225Z,2026-06-25T06:46:49.688Z
C005936,P004,Birchwood Commons,2025-03-23,R19,55,3,18:24,D01,Midwest,2026-06-25T06:46:29.225Z,2026-06-25T06:46:49.688Z
C005959,P007,Willow Creek,2025-06-21,R15,145,0,16:13,D09,West,2026-06-25T06:46:29.225Z,2026-06-25T06:46:49.688Z
C005979,P002,Maple Court,2025-05-29,R18,104,0,22:22,D15,West,2026-06-25T06:46:29.225Z,2026-06-25T06:46:49.688Z
C005036,P007,Willow Creek,2025-02-11,R19,159,1,21:47,D09,West,2026-06-25T06:46:29.225Z,2026-06-25T06:46:49.688Z
C005090,P004,Birchwood Commons,2025-01-02,R22,86,0,15:25,D01,Midwest,2026-06-25T06:46:29.225Z,2026-06-25T06:46:49.688Z
C005100,P008,Harbor Pointe,2025-05-28,R18,48,3,18:23,D13,Northeast,2026-06-25T06:46:29.225Z,2026-06-25T06:46:49.688Z
C005101,P008,Harbor Pointe,2025-05-28,R13,118,0,20:06,D02,Midwest,2026-06-25T06:46:29.225Z,2026-06-25T06:46:49.688Z
C005112,P001,Sunset Ridge,2025-04-30,R21,141,1,18:13,D15,West,2026-06-25T06:46:29.225Z,2026-06-25T06:46:49.688Z
C005123,P001,Sunset Ridge,2025-02-19,R22,121,1,15:30,D10,Midwest,2026-06-25T06:46:29.225Z,2026-06-25T06:46:49.688Z
C005138,P003,Green Oaks,2025-03-27,R18,135,0,20:58,D03,West,2026-06-25T06:46:29.225Z,2026-06-25T06:46:49.688Z
C005142,P006,Cedar Park,2025-04-23,R20,86,0,21:00,D12,Midwest,2026-06-25T06:46:29.225Z,2026-06-25T06:46:49.688Z
C005144,P004,Birchwood Commons,2025-01-24,R15,158,0,22:37,D14,Midwest,2026-06-25T06:46:29.225Z,2026-06-25T06:46:49.688Z
C005147,P008,Harbor Pointe,2025-05-04,R21,86,1,15:55,D19,Midwest,2026-06-25T06:46:29.225Z,2026-06-25T06:46:49.688Z
C005158,P004,Birchwood Commons,2025-03-10,R14,131,0,14:21,D02,Southeast,2026-06-25T06:46:29.225Z,2026-06-25T06:46:49.688Z
C005172,P003,Green Oaks,2025-03-07,R16,52,0,17:42,D19,Northeast,2026-06-25T06:46:29.225Z,2026-06-25T06:46:49.688Z
C005187,P001,Sunset Ridge,2025-01-21,R14,40,0,22:14,D17,Northeast,2026-06-25T06:46:29.225Z,2026-06-25T06:46:49.688Z
C005221,P001,Sunset Ridge,2025-05-24,R20,103,1,16:33,D08,Northeast,2026-06-25T06:46:29.225Z,2026-06-25T06:46:49.688Z
C005245,P002,Maple Court,2025-01-27,R18,85,1,14:33,D18,Southeast,2026-06-25T06:46:29.225Z,2026-06-25T06:46:49.688Z
C005260,P005,Lakeview Terrace,2025-01-29,R14,73,1,20:04,D14,Midwest,2026-06-25T06:46:29.225Z,2026-06-25T06:46:49.688Z
C005264,P004,Birchwood Commons,2025-03-27,R12,133,0,16:52,D20,Southeast,2026-06-25T06:46:29.225Z,2026-06-25T06:46:49.688Z
C005272,P008,Harbor Pointe,2025-06-11,R18,123,0,22:09,D16,Midwest,2026-06-25T06:46:29.225Z,2026-06-25T06:46:49.688Z
C005276,P008,Harbor Pointe,2025-04-04,R21,57,0,20:10,D20,Southeast,2026-06-25T06:46:29.225Z,2026-06-25T06:46:49.688Z
C005289,P007,Willow Creek,2025-03-03,R21,64,0,14:53,D17,Northeast,2026-06-25T06:46:29.225Z,2026-06-25T06:46:49.688Z
C005306,P004,Birchwood Commons,2025-01-10,R13,84,0,15:50,D10,Midwest,2026-06-25T06:46:29.225Z,2026-06-25T06:46:49.688Z
C005321,P005,Lakeview Terrace,2025-02-17,R15,127,0,22:47,D05,West,2026-06-25T06:46:29.225Z,2026-06-25T06:46:49.688Z
C005332,P003,Green Oaks,2025-06-15,R21,41,2,21:10,D16,Southeast,2026-06-25T06:46:29.225Z,2026-06-25T06:46:49.688Z
C005369,P003,Green Oaks,2025-02-18,R11,120,0,15:50,D08,Northeast,2026-06-25T06:46:29.225Z,2026-06-25T06:46:49.688Z
C005372,P004,Birchwood Commons,2025-04-14,R24,157,0,17:20,D06,Southeast,2026-06-25T06:46:29.225Z,2026-06-25T06:46:49.688Z
C005406,P004,Birchwood Commons,2025-06-14,R20,53,0,14:31,D18,Southeast,2026-06-25T06:46:29.225Z,2026-06-25T06:46:49.688Z
C005435,P008,Harbor Pointe,2025-06-30,R10,160,2,18:13,D19,Southeast,2026-06-25T06:46:29.225Z,2026-06-25T06:46:49.688Z
C005458,P001,Sunset Ridge,2025-05-03,R23,69,0,19:44,D11,Southeast,2026-06-25T06:46:29.225Z,2026-06-25T06:46:49.688Z
C005468,P008,Harbor Pointe,2025-04-02,R16,107,0,17:18,D18,West,2026-06-25T06:46:29.225Z,2026-06-25T06:46:49.688Z
C005482,P005,Lakeview Terrace,2025-03-10,R18,156,2,18:01,D01,Northeast,2026-06-25T06:46:29.225Z,2026-06-25T06:46:49.688Z
C005488,P008,Harbor Pointe,2025-03-20,R16,94,0,20:48,D02,Southeast,2026-06-25T06:46:29.225Z,2026-06-25T06:46:49.688Z
C005548,P008,Harbor Pointe,2025-01-29,R15,149,1,18:56,D04,Midwest,2026-06-25T06:46:29.225Z,2026-06-25T06:46:49.688Z
C005549,P002,Maple Court,2025-05-08,R22,54,1,18:35,D18,Southeast,2026-06-25T06:46:29.225Z,2026-06-25T06:46:49.688Z
C005551,P003,Green Oaks,2025-05-06,R16,102,0,22:24,D11,Southeast,2026-06-25T06:46:29.225Z,2026-06-25T06:46:49.688Z
C005568,P007,Willow Creek,2025-03-15,R19,134,0,22:55,D18,Southeast,2026-06-25T06:46:29.225Z,2026-06-25T06:46:49.688Z
C005571,P001,Sunset Ridge,2025-04-02,R22,48,0,20:55,D06,Southeast,2026-06-25T06:46:29.225Z,2026-06-25T06:46:49.688Z
C005592,P008,Harbor Pointe,2025-01-21,R18,105,0,21:43,D12,Southeast,2026-06-25T06:46:29.225Z,2026-06-25T06:46:49.688Z
C005596,P004,Birchwood Commons,2025-05-29,R13,142,0,16:30,D14,Midwest,2026-06-25T06:46:29.225Z,2026-06-25T06:46:49.688Z
C005646,P002,Maple Court,2025-05-26,R10,46,2,15:27,D13,Northeast,2026-06-25T06:46:29.225Z,2026-06-25T06:46:49.688Z
C005676,P003,Green Oaks,2025-02-16,R11,124,0,22:05,D11,Northeast,2026-06-25T06:46:29.225Z,2026-06-25T06:46:49.688Z
C005692,P006,Cedar Park,2025-01-15,R11,121,1,16:20,D08,Southeast,2026-06-25T06:46:29.225Z,2026-06-25T06:46:49.688Z
C005703,P001,Sunset Ridge,2025-06-15,R13,51,2,22:27,D15,Midwest,2026-06-25T06:46:29.225Z,2026-06-25T06:46:49.688Z
C005706,P005,Lakeview Terrace,2025-03-27,R13,74,0,14:49,D03,Southeast,2026-06-25T06:46:29.225Z,2026-06-25T06:46:49.688Z
C005750,P008,Harbor Pointe,2025-06-15,R16,117,2,18:49,D04,Northeast,2026-06-25T06:46:29.225Z,2026-06-25T06:46:49.688Z
C005752,P004,Birchwood Commons,2025-04-03,R19,103,0,17:07,D15,Northeast,2026-06-25T06:46:29.225Z,2026-06-25T06:46:49.688Z
C005759,P007,Willow Creek,2025-04-26,R24,136,0,16:40,D12,West,2026-06-25T06:46:29.225Z,2026-06-25T06:46:49.688Z
C005766,P002,Maple Court,2025-05-10,R22,62,0,16:41,D08,West,2026-06-25T06:46:29.225Z,2026-06-25T06:46:49.688Z
C005780,P006,Cedar Park,2025-05-11,R18,124,0,22:18,D09,Northeast,2026-06-25T06:46:29.225Z,2026-06-25T06:46:49.688Z
C005818,P006,Cedar Park,2025-02-28,R13,76,0,21:24,D10,Southeast,2026-06-25T06:46:29.225Z,2026-06-25T06:46:49.688Z
C005839,P002,Maple Court,2025-03-28,R18,137,1,15:55,D19,Southeast,2026-06-25T06:46:29.225Z,2026-06-25T06:46:49.688Z
C005849,P004,Birchwood Commons,2025-02-12,R12,73,1,17:31,D02,Midwest,2026-06-25T06:46:29.225Z,2026-06-25T06:46:49.688Z
C005886,P001,Sunset Ridge,2025-02-08,R14,77,0,21:06,D06,Southeast,2026-06-25T06:46:29.225Z,2026-06-25T06:46:49.688Z
C005907,P001,Sunset Ridge,2025-06-21,R22,83,1,20:03,D11,Northeast,2026-06-25T06:46:29.225Z,2026-06-25T06:46:49.688Z
C005939,P004,Birchwood Commons,2025-04-02,R19,123,0,17:53,D20,Midwest,2026-06-25T06:46:29.225Z,2026-06-25T06:46:49.688Z
C005946,P004,Birchwood Commons,2025-01-08,R16,78,1,18:51,D08,Northeast,2026-06-25T06:46:29.225Z,2026-06-25T06:46:49.688Z
C005963,P006,Cedar Park,2025-03-27,R24,144,3,18:52,D06,Northeast,2026-06-25T06:46:29.225Z,2026-06-25T06:46:49.688Z
C005972,P005,Lakeview Terrace,2025-03-21,R14,154,0,16:35,D01,Northeast,2026-06-25T06:46:29.225Z,2026-06-25T06:46:49.688Z
C005976,P006,Cedar Park,2025-04-10,R20,86,0,19:45,D12,West,2026-06-25T06:46:29.225Z,2026-06-25T06:46:49.688Z
C005981,P004,Birchwood Commons,2025-06-04,R10,127,0,15:35,D20,West,2026-06-25T06:46:29.225Z,2026-06-25T06:46:49.688Z
C005987,P004,Birchwood Commons,2025-04-29,R19,42,3,20:52,D09,Northeast,2026-06-25T06:46:29.225Z,2026-06-25T06:46:49.688Z
C005991,P002,Maple Court,2025-05-06,R21,90,2,18:59,D05,West,2026-06-25T06:46:29.225Z,2026-06-25T06:46:49.688Z
C005004,P007,Willow Creek,2025-05-28,R17,48,0,22:14,D05,Southeast,2026-06-25T06:46:29.225Z,2026-06-25T06:46:49.688Z
C005045,P005,Lakeview Terrace,2025-05-02,R23,118,0,14:19,D15,West,2026-06-25T06:46:29.225Z,2026-06-25T06:46:49.688Z
C005049,P003,Green Oaks,2025-06-25,R13,42,0,16:54,D12,West,2026-06-25T06:46:29.225Z,2026-06-25T06:46:49.688Z
C005069,P005,Lakeview Terrace,2025-05-08,R17,113,1,19:22,D09,Southeast,2026-06-25T06:46:29.225Z,2026-06-25T06:46:49.688Z
C005074,P003,Green Oaks,2025-02-28,R14,135,3,15:14,D20,Northeast,2026-06-25T06:46:29.225Z,2026-06-25T06:46:49.688Z
C005077,P008,Harbor Pointe,2025-06-23,R20,90,1,19:16,D07,Northeast,2026-06-25T06:46:29.225Z,2026-06-25T06:46:49.688Z
C005094,P008,Harbor Pointe,2025-03-05,R16,153,0,18:10,D20,Midwest,2026-06-25T06:46:29.225Z,2026-06-25T06:46:49.688Z
C005096,P007,Willow Creek,2025-02-04,R10,106,1,22:22,D07,Midwest,2026-06-25T06:46:29.225Z,2026-06-25T06:46:49.688Z
C005106,P008,Harbor Pointe,2025-04-10,R12,69,0,20:15,D10,Southeast,2026-06-25T06:46:29.225Z,2026-06-25T06:46:49.688Z
C005107,P006,Cedar Park,2025-01-31,R17,111,0,20:28,D04,Midwest,2026-06-25T06:46:29.225Z,2026-06-25T06:46:49.688Z
C005108,P008,Harbor Pointe,2025-04-09,R21,60,0,22:53,D03,Midwest,2026-06-25T06:46:29.225Z,2026-06-25T06:46:49.688Z
C005119,P008,Harbor Pointe,2025-04-06,R21,64,0,20:26,D11,Northeast,2026-06-25T06:46:29.225Z,2026-06-25T06:46:49.688Z
C005131,P007,Willow Creek,2025-03-23,R14,153,0,21:08,D11,West,2026-06-25T06:46:29.225Z,2026-06-25T06:46:49.688Z
C005135,P003,Green Oaks,2025-02-27,R12,141,0,14:52,D14,West,2026-06-25T06:46:29.225Z,2026-06-25T06:46:49.688Z
C005155,P005,Lakeview Terrace,2025-03-05,R18,125,0,15:51,D05,West,2026-06-25T06:46:29.225Z,2026-06-25T06:46:49.688Z
C005230,P006,Cedar Park,2025-06-10,R19,135,2,22:25,D15,West,2026-06-25T06:46:29.225Z,2026-06-25T06:46:49.688Z
C005237,P006,Cedar Park,2025-05-15,R11,132,0,19:50,D14,Southeast,2026-06-25T06:46:29.225Z,2026-06-25T06:46:49.688Z
C005262,P003,Green Oaks,2025-03-02,R11,58,0,17:32,D09,West,2026-06-25T06:46:29.225Z,2026-06-25T06:46:49.688Z
C005265,P001,Sunset Ridge,2025-06-13,R15,115,1,14:20,D10,Northeast,2026-06-25T06:46:29.225Z,2026-06-25T06:46:49.688Z
C005293,P001,Sunset Ridge,2025-03-16,R15,160,0,21:30,D05,Northeast,2026-06-25T06:46:29.225Z,2026-06-25T06:46:49.688Z
C005311,P002,Maple Court,2025-05-08,R24,90,1,20:34,D18,Southeast,2026-06-25T06:46:29.225Z,2026-06-25T06:46:49.688Z
C005335,P004,Birchwood Commons,2025-02-10,R12,152,0,20:08,D15,West,2026-06-25T06:46:29.225Z,2026-06-25T06:46:49.688Z
C005360,P008,Harbor Pointe,2025-06-16,R14,105,2,19:57,D15,Midwest,2026-06-25T06:46:29.225Z,2026-06-25T06:46:49.688Z
C005361,P008,Harbor Pointe,2025-01-17,R13,108,0,15:56,D11,Midwest,2026-06-25T06:46:29.225Z,2026-06-25T06:46:49.688Z
C005386,P004,Birchwood Commons,2025-04-13,R11,101,1,15:20,D04,Southeast,2026-06-25T06:46:29.225Z,2026-06-25T06:46:49.688Z
C005398,P008,Harbor Pointe,2025-03-06,R15,152,2,18:42,D13,West,2026-06-25T06:46:29.225Z,2026-06-25T06:46:49.688Z
C005428,P008,Harbor Pointe,2025-04-02,R17,117,0,17:25,D10,Midwest,2026-06-25T06:46:29.225Z,2026-06-25T06:46:49.688Z
C005446,P003,Green Oaks,2025-05-06,R15,105,0,21:47,D12,Midwest,2026-06-25T06:46:29.225Z,2026-06-25T06:46:49.688Z
C005456,P006,Cedar Park,2025-01-16,R23,57,1,14:21,D08,West,2026-06-25T06:46:29.225Z,2026-06-25T06:46:49.688Z
C005477,P008,Harbor Pointe,2025-05-30,R10,60,0,19:19,D13,Southeast,2026-06-25T06:46:29.225Z,2026-06-25T06:46:49.688Z
C005479,P002,Maple Court,2025-03-06,R20,109,0,17:11,D17,Southeast,2026-06-25T06:46:29.225Z,2026-06-25T06:46:49.688Z
C005498,P008,Harbor Pointe,2025-03-28,R16,160,1,20:13,D08,Northeast,2026-06-25T06:46:29.225Z,2026-06-25T06:46:49.688Z
C005507,P004,Birchwood Commons,2025-05-31,R20,94,0,19:01,D16,Midwest,2026-06-25T06:46:29.225Z,2026-06-25T06:46:49.688Z
C005514,P002,Maple Court,2025-03-09,R11,109,0,16:35,D15,Southeast,2026-06-25T06:46:29.225Z,2026-06-25T06:46:49.688Z
C005525,P008,Harbor Pointe,2025-04-24,R17,72,0,21:50,D18,West,2026-06-25T06:46:29.225Z,2026-06-25T06:46:49.688Z
C005543,P006,Cedar Park,2025-01-29,R19,156,0,20:03,D05,West,2026-06-25T06:46:29.225Z,2026-06-25T06:46:49.688Z
C005561,P001,Sunset Ridge,2025-01-29,R10,155,1,21:58,D16,Northeast,2026-06-25T06:46:29.225Z,2026-06-25T06:46:49.688Z
C005582,P008,Harbor Pointe,2025-01-01,R24,44,1,20:17,D19,Midwest,2026-06-25T06:46:29.225Z,2026-06-25T06:46:49.688Z
C005606,P003,Green Oaks,2025-02-20,R22,145,0,17:15,D08,Midwest,2026-06-25T06:46:29.225Z,2026-06-25T06:46:49.688Z
C005607,P007,Willow Creek,2025-01-27,R10,138,0,16:20,D01,Midwest,2026-06-25T06:46:29.225Z,2026-06-25T06:46:49.688Z
C005622,P006,Cedar Park,2025-02-19,R18,88,0,21:58,D05,West,2026-06-25T06:46:29.225Z,2026-06-25T06:46:49.688Z
C005632,P001,Sunset Ridge,2025-04-15,R18,79,0,14:58,D15,Northeast,2026-06-25T06:46:29.225Z,2026-06-25T06:46:49.688Z
C005638,P005,Lakeview Terrace,2025-01-26,R11,69,0,22:10,D15,Midwest,2026-06-25T06:46:29.225Z,2026-06-25T06:46:49.688Z
C005653,P005,Lakeview Terrace,2025-01-24,R10,121,0,16:22,D02,Southeast,2026-06-25T06:46:29.225Z,2026-06-25T06:46:49.688Z
C005665,P004,Birchwood Commons,2025-06-08,R20,139,0,18:06,D19,Southeast,2026-06-25T06:46:29.225Z,2026-06-25T06:46:49.688Z
C005708,P007,Willow Creek,2025-04-05,R15,135,0,21:56,D07,Midwest,2026-06-25T06:46:29.225Z,2026-06-25T06:46:49.688Z
C005710,P001,Sunset Ridge,2025-05-14,R22,136,0,16:15,D08,Southeast,2026-06-25T06:46:29.225Z,2026-06-25T06:46:49.688Z
C005719,P007,Willow Creek,2025-05-26,R20,46,2,22:29,D09,West,2026-06-25T06:46:29.225Z,2026-06-25T06:46:49.688Z
C005737,P002,Maple Court,2025-03-16,R16,154,0,20:55,D13,Southeast,2026-06-25T06:46:29.225Z,2026-06-25T06:46:49.688Z
C005761,P002,Maple Court,2025-02-06,R16,98,1,19:54,D01,Southeast,2026-06-25T06:46:29.225Z,2026-06-25T06:46:49.688Z
C005769,P004,Birchwood Commons,2025-01-04,R22,75,0,20:53,D09,Northeast,2026-06-25T06:46:29.225Z,2026-06-25T06:46:49.688Z
C005819,P003,Green Oaks,2025-03-06,R21,130,0,21:07,D19,West,2026-06-25T06:46:29.225Z,2026-06-25T06:46:49.688Z
C005847,P006,Cedar Park,2025-03-04,R21,142,0,19:26,D16,West,2026-06-25T06:46:29.225Z,2026-06-25T06:46:49.688Z
C005872,P004,Birchwood Commons,2025-05-23,R24,69,1,21:41,D05,Midwest,2026-06-25T06:46:29.225Z,2026-06-25T06:46:49.688Z
C005873,P002,Maple Court,2025-06-12,R18,49,0,19:22,D07,Midwest,2026-06-25T06:46:29.225Z,2026-06-25T06:46:49.688Z
C005879,P004,Birchwood Commons,2025-02-14,R17,118,0,17:38,D18,Northeast,2026-06-25T06:46:29.225Z,2026-06-25T06:46:49.688Z
C005917,P005,Lakeview Terrace,2025-03-20,R15,53,0,16:51,D13,Southeast,2026-06-25T06:46:29.225Z,2026-06-25T06:46:49.688Z
C005929,P007,Willow Creek,2025-01-31,R16,102,0,18:49,D18,West,2026-06-25T06:46:29.225Z,2026-06-25T06:46:49.688Z
C005943,P007,Willow Creek,2025-03-01,R13,141,1,22:07,D08,Southeast,2026-06-25T06:46:29.225Z,2026-06-25T06:46:49.688Z
C005956,P005,Lakeview Terrace,2025-01-24,R22,81,0,21:25,D13,Southeast,2026-06-25T06:46:29.225Z,2026-06-25T06:46:49.688Z
C005975,P005,Lakeview Terrace,2025-01-10,R20,133,0,17:11,D20,Midwest,2026-06-25T06:46:29.225Z,2026-06-25T06:46:49.688Z
C005997,P005,Lakeview Terrace,2025-04-07,R13,44,1,22:24,D01,Northeast,2026-06-25T06:46:29.225Z,2026-06-25T06:46:49.688Z
C005001,P001,Sunset Ridge,2025-05-29,R17,66,0,22:32,D11,Northeast,2026-06-25T06:46:29.225Z,2026-06-25T06:46:49.688Z
C005002,P004,Birchwood Commons,2025-04-11,R20,79,0,21:18,D08,West,2026-06-25T06:46:29.225Z,2026-06-25T06:46:49.688Z
C005003,P001,Sunset Ridge,2025-05-27,R18,117,0,18:06,D07,Southeast,2026-06-25T06:46:29.225Z,2026-06-25T06:46:49.688Z
C005007,P003,Green Oaks,2025-01-04,R20,113,0,18:04,D06,Northeast,2026-06-25T06:46:29.225Z,2026-06-25T06:46:49.688Z
C005013,P004,Birchwood Commons,2025-05-11,R12,128,0,17:40,D20,West,2026-06-25T06:46:29.225Z,2026-06-25T06:46:49.688Z
C005025,P007,Willow Creek,2025-03-24,R20,147,0,14:45,D04,Northeast,2026-06-25T06:46:29.225Z,2026-06-25T06:46:49.688Z
C005099,P008,Harbor Pointe,2025-05-06,R23,99,0,14:17,D19,Southeast,2026-06-25T06:46:29.225Z,2026-06-25T06:46:49.688Z
C005141,P006,Cedar Park,2025-03-17,R12,92,0,15:20,D04,Southeast,2026-06-25T06:46:29.225Z,2026-06-25T06:46:49.688Z
C005152,P003,Green Oaks,2025-03-05,R12,148,0,18:57,D15,Southeast,2026-06-25T06:46:29.225Z,2026-06-25T06:46:49.688Z
C005159,P001,Sunset Ridge,2025-06-27,R15,88,1,17:21,D17,West,2026-06-25T06:46:29.225Z,2026-06-25T06:46:49.688Z
C005168,P006,Cedar Park,2025-01-06,R23,47,0,18:15,D17,West,2026-06-25T06:46:29.225Z,2026-06-25T06:46:49.688Z
C005183,P006,Cedar Park,2025-03-10,R20,67,0,18:06,D10,Midwest,2026-06-25T06:46:29.225Z,2026-06-25T06:46:49.688Z
C005196,P005,Lakeview Terrace,2025-04-05,R17,136,0,21:03,D13,Midwest,2026-06-25T06:46:29.225Z,2026-06-25T06:46:49.688Z
C005200,P002,Maple Court,2025-04-17,R23,68,1,19:39,D10,Northeast,2026-06-25T06:46:29.225Z,2026-06-25T06:46:49.688Z
C005207,P006,Cedar Park,2025-03-24,R11,72,0,14:36,D13,West,2026-06-25T06:46:29.225Z,2026-06-25T06:46:49.688Z
C005232,P003,Green Oaks,2025-05-02,R21,115,0,20:38,D20,Southeast,2026-06-25T06:46:29.225Z,2026-06-25T06:46:49.688Z
C005251,P008,Harbor Pointe,2025-02-28,R19,154,0,16:09,D14,Midwest,2026-06-25T06:46:29.225Z,2026-06-25T06:46:49.688Z
C005254,P001,Sunset Ridge,2025-01-30,R15,156,0,14:16,D16,Midwest,2026-06-25T06:46:29.225Z,2026-06-25T06:46:49.688Z
C005270,P006,Cedar Park,2025-06-06,R24,156,2,22:01,D19,West,2026-06-25T06:46:29.225Z,2026-06-25T06:46:49.688Z
C005285,P007,Willow Creek,2025-01-12,R17,63,0,15:49,D05,Southeast,2026-06-25T06:46:29.225Z,2026-06-25T06:46:49.688Z
C005291,P004,Birchwood Commons,2025-04-19,R18,90,0,20:21,D14,Southeast,2026-06-25T06:46:29.225Z,2026-06-25T06:46:49.688Z
C005299,P007,Willow Creek,2025-05-14,R22,127,0,15:05,D11,Northeast,2026-06-25T06:46:29.225Z,2026-06-25T06:46:49.688Z
C005313,P002,Maple Court,2025-06-23,R15,46,0,15:24,D09,Northeast,2026-06-25T06:46:29.225Z,2026-06-25T06:46:49.688Z
C005324,P008,Harbor Pointe,2025-05-21,R13,116,1,20:59,D11,Midwest,2026-06-25T06:46:29.225Z,2026-06-25T06:46:49.688Z
C005330,P005,Lakeview Terrace,2025-05-28,R24,56,0,19:49,D05,West,2026-06-25T06:46:29.225Z,2026-06-25T06:46:49.688Z
C005341,P004,Birchwood Commons,2025-04-23,R22,63,0,14:12,D03,West,2026-06-25T06:46:29.225Z,2026-06-25T06:46:49.688Z
C005374,P005,Lakeview Terrace,2025-01-20,R12,137,3,20:25,D08,Midwest,2026-06-25T06:46:29.225Z,2026-06-25T06:46:49.688Z
C005380,P005,Lakeview Terrace,2025-03-03,R11,70,0,14:09,D06,West,2026-06-25T06:46:29.225Z,2026-06-25T06:46:49.688Z
C005384,P008,Harbor Pointe,2025-02-08,R23,127,0,21:44,D12,Midwest,2026-06-25T06:46:29.225Z,2026-06-25T06:46:49.688Z
C005394,P004,Birchwood Commons,2025-04-27,R15,100,0,20:22,D14,Northeast,2026-06-25T06:46:29.225Z,2026-06-25T06:46:49.688Z
C005426,P008,Harbor Pointe,2025-03-08,R11,119,0,18:09,D11,Southeast,2026-06-25T06:46:29.225Z,2026-06-25T06:46:49.688Z
C005434,P003,Green Oaks,2025-02-02,R24,44,0,22:30,D08,Northeast,2026-06-25T06:46:29.225Z,2026-06-25T06:46:49.688Z
C005449,P007,Willow Creek,2025-01-16,R13,137,0,17:05,D04,Southeast,2026-06-25T06:46:29.225Z,2026-06-25T06:46:49.688Z
C005467,P005,Lakeview Terrace,2025-01-13,R10,42,0,18:45,D14,Northeast,2026-06-25T06:46:29.225Z,2026-06-25T06:46:49.688Z
C005490,P004,Birchwood Commons,2025-03-29,R11,97,0,20:55,D19,West,2026-06-25T06:46:29.225Z,2026-06-25T06:46:49.688Z
C005529,P008,Harbor Pointe,2025-06-30,R22,53,2,15:08,D20,Northeast,2026-06-25T06:46:29.225Z,2026-06-25T06:46:49.688Z
C005535,P008,Harbor Pointe,2025-05-26,R15,93,0,14:51,D16,Midwest,2026-06-25T06:46:29.225Z,2026-06-25T06:46:49.688Z
C005563,P001,Sunset Ridge,2025-05-04,R16,94,0,21:08,D03,Midwest,2026-06-25T06:46:29.225Z,2026-06-25T06:46:49.688Z
C005598,P003,Green Oaks,2025-01-11,R20,87,0,16:54,D07,Southeast,2026-06-25T06:46:29.225Z,2026-06-25T06:46:49.688Z
C005603,P005,Lakeview Terrace,2025-06-27,R15,93,3,22:48,D04,Northeast,2026-06-25T06:46:29.225Z,2026-06-25T06:46:49.688Z
C005609,P005,Lakeview Terrace,2025-04-08,R17,45,0,21:41,D05,West,2026-06-25T06:46:29.225Z,2026-06-25T06:46:49.688Z
C005615,P003,Green Oaks,2025-02-18,R18,123,0,15:56,D14,West,2026-06-25T06:46:29.225Z,2026-06-25T06:46:49.688Z
C005618,P001,Sunset Ridge,2025-04-07,R16,109,0,15:43,D15,Midwest,2026-06-25T06:46:29.225Z,2026-06-25T06:46:49.688Z
C005655,P003,Green Oaks,2025-06-21,R24,95,0,19:03,D11,Midwest,2026-06-25T06:46:29.225Z,2026-06-25T06:46:49.688Z
C005657,P006,Cedar Park,2025-01-04,R21,113,0,19:12,D18,West,2026-06-25T06:46:29.225Z,2026-06-25T06:46:49.688Z
C005690,P001,Sunset Ridge,2025-04-08,R12,54,0,14:51,D01,Southeast,2026-06-25T06:46:29.225Z,2026-06-25T06:46:49.688Z
C005691,P007,Willow Creek,2025-02-13,R14,124,0,19:56,D17,West,2026-06-25T06:46:29.225Z,2026-06-25T06:46:49.688Z
C005702,P006,Cedar Park,2025-06-15,R20,54,0,22:09,D12,Southeast,2026-06-25T06:46:29.225Z,2026-06-25T06:46:49.688Z
C005717,P005,Lakeview Terrace,2025-03-26,R11,55,0,21:42,D19,West,2026-06-25T06:46:29.225Z,2026-06-25T06:46:49.688Z
C005725,P001,Sunset Ridge,2025-06-01,R11,143,3,17:54,D07,West,2026-06-25T06:46:29.225Z,2026-06-25T06:46:49.688Z
C005728,P002,Maple Court,2025-06-05,R20,70,0,21:05,D14,Northeast,2026-06-25T06:46:29.225Z,2026-06-25T06:46:49.688Z
C005741,P005,Lakeview Terrace,2025-06-29,R10,44,0,17:03,D07,Southeast,2026-06-25T06:46:29.225Z,2026-06-25T06:46:49.688Z
C005748,P006,Cedar Park,2025-03-02,R21,87,0,18:12,D09,Northeast,2026-06-25T06:46:29.225Z,2026-06-25T06:46:49.688Z
C005773,P003,Green Oaks,2025-05-13,R11,88,1,16:37,D17,West,2026-06-25T06:46:29.225Z,2026-06-25T06:46:49.688Z
C005776,P007,Willow Creek,2025-06-16,R24,62,3,19:40,D02,West,2026-06-25T06:46:29.225Z,2026-06-25T06:46:49.688Z
C005794,P007,Willow Creek,2025-03-24,R23,121,0,16:09,D07,Southeast,2026-06-25T06:46:29.225Z,2026-06-25T06:46:49.688Z
C005860,P004,Birchwood Commons,2025-03-20,R11,123,0,15:49,D13,Northeast,2026-06-25T06:46:29.225Z,2026-06-25T06:46:49.688Z
C005862,P001,Sunset Ridge,2025-02-27,R11,78,0,22:42,D12,West,2026-06-25T06:46:29.225Z,2026-06-25T06:46:49.688Z
C005868,P002,Maple Court,2025-06-26,R13,97,0,16:48,D05,Midwest,2026-06-25T06:46:29.225Z,2026-06-25T06:46:49.688Z
C005869,P001,Sunset Ridge,2025-05-14,R14,83,1,14:41,D08,Southeast,2026-06-25T06:46:29.225Z,2026-06-25T06:46:49.688Z
C005882,P007,Willow Creek,2025-03-04,R19,106,1,16:15,D06,Southeast,2026-06-25T06:46:29.225Z,2026-06-25T06:46:49.688Z
C005904,P008,Harbor Pointe,2025-01-09,R22,86,0,18:11,D12,Southeast,2026-06-25T06:46:29.225Z,2026-06-25T06:46:49.688Z
C005950,P007,Willow Creek,2025-01-05,R15,43,0,18:40,D12,West,2026-06-25T06:46:29.225Z,2026-06-25T06:46:49.688Z
C005954,P002,Maple Court,2025-04-19,R20,143,0,16:30,D15,Midwest,2026-06-25T06:46:29.225Z,2026-06-25T06:46:49.688Z
C005964,P007,Willow Creek,2025-06-11,R12,146,1,22:42,D14,Southeast,2026-06-25T06:46:29.225Z,2026-06-25T06:46:49.688Z
C005974,P008,Harbor Pointe,2025-01-13,R13,41,3,19:43,D07,Southeast,2026-06-25T06:46:29.225Z,2026-06-25T06:46:49.688Z
C005998,P004,Birchwood Commons,2025-02-07,R11,90,0,21:08,D07,Midwest,2026-06-25T06:46:29.225Z,2026-06-25T06:46:49.688Z
C005040,P003,Green Oaks,2025-01-24,R24,129,1,17:08,D17,Southeast,2026-06-25T06:46:29.225Z,2026-06-25T06:46:49.688Z
C005041,P004,Birchwood Commons,2025-04-11,R20,114,0,18:55,D04,Northeast,2026-06-25T06:46:29.225Z,2026-06-25T06:46:49.688Z
C005062,P001,Sunset Ridge,2025-03-21,R16,89,0,21:34,D18,Northeast,2026-06-25T06:46:29.225Z,2026-06-25T06:46:49.688Z
C005082,P004,Birchwood Commons,2025-01-31,R17,102,0,16:06,D02,Southeast,2026-06-25T06:46:29.225Z,2026-06-25T06:46:49.688Z
C005085,P005,Lakeview Terrace,2025-04-02,R24,107,0,20:21,D16,Midwest,2026-06-25T06:46:29.225Z,2026-06-25T06:46:49.688Z
C005137,P002,Maple Court,2025-03-13,R21,150,0,20:36,D09,Midwest,2026-06-25T06:46:29.225Z,2026-06-25T06:46:49.688Z
C005160,P003,Green Oaks,2025-06-01,R11,139,0,17:04,D04,West,2026-06-25T06:46:29.225Z,2026-06-25T06:46:49.688Z
C005188,P003,Green Oaks,2025-03-05,R16,42,1,15:41,D18,West,2026-06-25T06:46:29.225Z,2026-06-25T06:46:49.688Z
C005198,P007,Willow Creek,2025-04-15,R21,125,0,21:37,D10,West,2026-06-25T06:46:29.225Z,2026-06-25T06:46:49.688Z
C005216,P001,Sunset Ridge,2025-04-16,R17,147,0,18:25,D13,West,2026-06-25T06:46:29.225Z,2026-06-25T06:46:49.688Z
C005233,P003,Green Oaks,2025-03-25,R23,160,0,21:00,D02,Midwest,2026-06-25T06:46:29.225Z,2026-06-25T06:46:49.688Z
C005243,P005,Lakeview Terrace,2025-04-16,R23,134,0,21:17,D14,Northeast,2026-06-25T06:46:29.225Z,2026-06-25T06:46:49.688Z
C005279,P002,Maple Court,2025-06-09,R21,84,0,20:31,D04,Southeast,2026-06-25T06:46:29.225Z,2026-06-25T06:46:49.688Z
C005281,P008,Harbor Pointe,2025-05-22,R20,44,0,22:42,D17,Northeast,2026-06-25T06:46:29.225Z,2026-06-25T06:46:49.688Z
C005307,P007,Willow Creek,2025-03-08,R16,129,0,17:42,D20,Southeast,2026-06-25T06:46:29.225Z,2026-06-25T06:46:49.688Z
C005308,P005,Lakeview Terrace,2025-01-11,R15,67,1,22:01,D09,West,2026-06-25T06:46:29.225Z,2026-06-25T06:46:49.688Z
C005343,P001,Sunset Ridge,2025-03-29,R24,66,0,22:43,D18,Midwest,2026-06-25T06:46:29.225Z,2026-06-25T06:46:49.688Z
C005350,P003,Green Oaks,2025-04-12,R16,156,0,16:51,D05,Northeast,2026-06-25T06:46:29.225Z,2026-06-25T06:46:49.688Z
C005383,P001,Sunset Ridge,2025-01-21,R15,100,0,15:31,D11,Midwest,2026-06-25T06:46:29.225Z,2026-06-25T06:46:49.688Z
C005432,P006,Cedar Park,2025-05-02,R22,126,0,14:11,D09,West,2026-06-25T06:46:29.225Z,2026-06-25T06:46:49.688Z
C005463,P007,Willow Creek,2025-01-13,R20,103,0,19:38,D20,Midwest,2026-06-25T06:46:29.225Z,2026-06-25T06:46:49.688Z
C005478,P005,Lakeview Terrace,2025-04-16,R14,88,0,20:18,D12,Midwest,2026-06-25T06:46:29.225Z,2026-06-25T06:46:49.688Z
C005504,P005,Lakeview Terrace,2025-05-19,R13,128,0,19:02,D02,West,2026-06-25T06:46:29.225Z,2026-06-25T06:46:49.688Z
C005550,P001,Sunset Ridge,2025-04-08,R11,112,0,21:42,D11,Northeast,2026-06-25T06:46:29.225Z,2026-06-25T06:46:49.688Z
C005569,P003,Green Oaks,2025-01-24,R15,136,0,20:51,D05,Southeast,2026-06-25T06:46:29.225Z,2026-06-25T06:46:49.688Z
C005572,P004,Birchwood Commons,2025-06-17,R17,47,0,17:57,D12,Northeast,2026-06-25T06:46:29.225Z,2026-06-25T06:46:49.688Z
C005585,P001,Sunset Ridge,2025-01-04,R12,148,0,21:27,D09,Northeast,2026-06-25T06:46:29.225Z,2026-06-25T06:46:49.688Z
C005600,P002,Maple Court,2025-01-21,R13,101,0,17:39,D10,Southeast,2026-06-25T06:46:29.225Z,2026-06-25T06:46:49.688Z
C005605,P008,Harbor Pointe,2025-05-17,R24,92,0,17:15,D02,Midwest,2026-06-25T06:46:29.225Z,2026-06-25T06:46:49.688Z
C005629,P002,Maple Court,2025-02-12,R23,101,3,19:24,D05,Northeast,2026-06-25T06:46:29.225Z,2026-06-25T06:46:49.688Z
C005633,P001,Sunset Ridge,2025-04-13,R22,54,0,19:28,D15,Northeast,2026-06-25T06:46:29.225Z,2026-06-25T06:46:49.688Z
C005661,P003,Green Oaks,2025-06-18,R19,103,0,21:45,D09,Northeast,2026-06-25T06:46:29.225Z,2026-06-25T06:46:49.688Z
C005673,P004,Birchwood Commons,2025-04-17,R11,160,2,17:37,D11,Northeast,2026-06-25T06:46:29.225Z,2026-06-25T06:46:49.688Z
C005682,P003,Green Oaks,2025-05-07,R21,123,0,17:39,D19,West,2026-06-25T06:46:29.225Z,2026-06-25T06:46:49.688Z
C005698,P005,Lakeview Terrace,2025-03-21,R14,123,2,18:51,D04,West,2026-06-25T06:46:29.225Z,2026-06-25T06:46:49.688Z
C005721,P008,Harbor Pointe,2025-05-19,R17,148,0,22:32,D17,Midwest,2026-06-25T06:46:29.225Z,2026-06-25T06:46:49.688Z
C005734,P004,Birchwood Commons,2025-03-26,R19,72,0,16:31,D18,Southeast,2026-06-25T06:46:29.225Z,2026-06-25T06:46:49.688Z
C005747,P005,Lakeview Terrace,2025-05-17,R23,126,0,16:27,D17,Midwest,2026-06-25T06:46:29.225Z,2026-06-25T06:46:49.688Z
C005758,P006,Cedar Park,2025-05-13,R21,84,0,22:28,D06,Midwest,2026-06-25T06:46:29.225Z,2026-06-25T06:46:49.688Z
C005786,P008,Harbor Pointe,2025-01-17,R14,99,1,16:38,D03,Midwest,2026-06-25T06:46:29.225Z,2026-06-25T06:46:49.688Z
C005791,P001,Sunset Ridge,2025-01-07,R23,73,0,15:24,D12,Midwest,2026-06-25T06:46:29.225Z,2026-06-25T06:46:49.688Z
C005808,P005,Lakeview Terrace,2025-04-03,R16,106,0,17:41,D04,Northeast,2026-06-25T06:46:29.225Z,2026-06-25T06:46:49.688Z
C005810,P005,Lakeview Terrace,2025-05-11,R16,150,1,18:41,D06,Southeast,2026-06-25T06:46:29.225Z,2026-06-25T06:46:49.688Z
C005816,P007,Willow Creek,2025-02-20,R15,94,1,22:56,D18,West,2026-06-25T06:46:29.225Z,2026-06-25T06:46:49.688Z
C005828,P008,Harbor Pointe,2025-03-07,R16,63,1,16:34,D01,Northeast,2026-06-25T06:46:29.225Z,2026-06-25T06:46:49.688Z
C005829,P008,Harbor Pointe,2025-03-18,R15,74,2,14:06,D13,Midwest,2026-06-25T06:46:29.225Z,2026-06-25T06:46:49.688Z
C005832,P007,Willow Creek,2025-05-20,R20,124,0,19:27,D04,Midwest,2026-06-25T06:46:29.225Z,2026-06-25T06:46:49.688Z
C005889,P003,Green Oaks,2025-02-26,R22,97,1,21:26,D01,West,2026-06-25T06:46:29.225Z,2026-06-25T06:46:49.688Z
C005897,P001,Sunset Ridge,2025-03-10,R12,84,0,20:31,D02,Midwest,2026-06-25T06:46:29.225Z,2026-06-25T06:46:49.688Z
C005908,P005,Lakeview Terrace,2025-05-03,R11,46,0,20:00,D01,West,2026-06-25T06:46:29.225Z,2026-06-25T06:46:49.688Z
C005920,P006,Cedar Park,2025-02-20,R15,146,0,21:38,D20,Southeast,2026-06-25T06:46:29.225Z,2026-06-25T06:46:49.688Z
C005924,P008,Harbor Pointe,2025-04-13,R16,102,0,19:51,D19,Midwest,2026-06-25T06:46:29.225Z,2026-06-25T06:46:49.688Z
C005927,P005,Lakeview Terrace,2025-01-08,R15,73,1,14:59,D06,Northeast,2026-06-25T06:46:29.225Z,2026-06-25T06:46:49.688Z
C005935,P003,Green Oaks,2025-03-06,R18,100,0,18:57,D02,West,2026-06-25T06:46:29.225Z,2026-06-25T06:46:49.688Z
C005952,P006,Cedar Park,2025-02-25,R12,143,0,18:00,D09,Southeast,2026-06-25T06:46:29.225Z,2026-06-25T06:46:49.688Z
C005992,P007,Willow Creek,2025-01-22,R16,124,3,20:17,D16,Southeast,2026-06-25T06:46:29.225Z,2026-06-25T06:46:49.688Z
C005995,P007,Willow Creek,2025-06-16,R11,121,0,22:14,D06,Southeast,2026-06-25T06:46:29.225Z,2026-06-25T06:46:49.688Z
C005030,P008,Harbor Pointe,2025-06-29,R15,105,0,20:03,D08,Northeast,2026-06-25T06:46:29.225Z,2026-06-25T06:46:49.688Z
C005047,P006,Cedar Park,2025-01-24,R10,107,0,20:11,D18,West,2026-06-25T06:46:29.225Z,2026-06-25T06:46:49.688Z
C005048,P005,Lakeview Terrace,2025-05-18,R20,66,0,18:28,D13,Southeast,2026-06-25T06:46:29.225Z,2026-06-25T06:46:49.688Z
C005058,P006,Cedar Park,2025-02-08,R11,137,0,15:40,D01,Northeast,2026-06-25T06:46:29.225Z,2026-06-25T06:46:49.688Z
C005061,P006,Cedar Park,2025-03-09,R13,105,0,15:58,D13,Midwest,2026-06-25T06:46:29.225Z,2026-06-25T06:46:49.688Z
C005105,P008,Harbor Pointe,2025-06-25,R20,98,0,15:43,D14,Southeast,2026-06-25T06:46:29.225Z,2026-06-25T06:46:49.688Z
C005118,P004,Birchwood Commons,2025-03-20,R21,74,0,18:37,D16,Midwest,2026-06-25T06:46:29.225Z,2026-06-25T06:46:49.688Z
C005136,P006,Cedar Park,2025-04-23,R14,123,0,14:20,D08,Midwest,2026-06-25T06:46:29.225Z,2026-06-25T06:46:49.688Z
C005181,P008,Harbor Pointe,2025-01-23,R11,126,2,14:26,D05,Northeast,2026-06-25T06:46:29.225Z,2026-06-25T06:46:49.688Z
C005185,P008,Harbor Pointe,2025-06-19,R23,113,1,14:56,D14,West,2026-06-25T06:46:29.225Z,2026-06-25T06:46:49.688Z
C005191,P003,Green Oaks,2025-05-07,R17,98,0,18:23,D15,Northeast,2026-06-25T06:46:29.225Z,2026-06-25T06:46:49.688Z
C005228,P004,Birchwood Commons,2025-05-09,R21,123,0,19:48,D07,West,2026-06-25T06:46:29.225Z,2026-06-25T06:46:49.688Z
C005242,P004,Birchwood Commons,2025-01-27,R15,142,0,20:19,D16,Midwest,2026-06-25T06:46:29.225Z,2026-06-25T06:46:49.688Z
C005249,P007,Willow Creek,2025-04-25,R16,64,0,20:50,D10,West,2026-06-25T06:46:29.225Z,2026-06-25T06:46:49.688Z
C005322,P006,Cedar Park,2025-06-02,R14,51,0,15:53,D08,West,2026-06-25T06:46:29.225Z,2026-06-25T06:46:49.688Z
C005323,P008,Harbor Pointe,2025-05-23,R23,94,0,16:01,D20,Midwest,2026-06-25T06:46:29.225Z,2026-06-25T06:46:49.688Z
C005325,P008,Harbor Pointe,2025-03-21,R20,93,2,14:45,D16,Northeast,2026-06-25T06:46:29.225Z,2026-06-25T06:46:49.688Z
C005328,P004,Birchwood Commons,2025-04-09,R12,144,0,20:46,D05,Southeast,2026-06-25T06:46:29.225Z,2026-06-25T06:46:49.688Z
C005366,P004,Birchwood Commons,2025-02-25,R17,147,0,19:23,D12,Southeast,2026-06-25T06:46:29.225Z,2026-06-25T06:46:49.688Z
C005370,P001,Sunset Ridge,2025-05-31,R14,64,1,17:15,D04,Northeast,2026-06-25T06:46:29.225Z,2026-06-25T06:46:49.688Z
C005413,P007,Willow Creek,2025-01-30,R18,113,0,21:17,D01,Northeast,2026-06-25T06:46:29.225Z,2026-06-25T06:46:49.688Z
C005415,P003,Green Oaks,2025-05-04,R18,48,2,22:17,D15,Midwest,2026-06-25T06:46:29.225Z,2026-06-25T06:46:49.688Z
C005436,P006,Cedar Park,2025-03-05,R18,152,0,21:33,D07,West,2026-06-25T06:46:29.225Z,2026-06-25T06:46:49.688Z
C005442,P006,Cedar Park,2025-02-13,R15,79,0,14:28,D16,Southeast,2026-06-25T06:46:29.225Z,2026-06-25T06:46:49.688Z
C005460,P008,Harbor Pointe,2025-03-25,R21,129,3,22:49,D03,West,2026-06-25T06:46:29.225Z,2026-06-25T06:46:49.688Z
C005511,P008,Harbor Pointe,2025-02-06,R14,69,0,16:53,D14,Midwest,2026-06-25T06:46:29.225Z,2026-06-25T06:46:49.688Z
C005515,P006,Cedar Park,2025-03-09,R19,84,0,15:05,D05,Southeast,2026-06-25T06:46:29.225Z,2026-06-25T06:46:49.688Z
C005532,P004,Birchwood Commons,2025-01-08,R15,66,0,15:42,D03,Southeast,2026-06-25T06:46:29.225Z,2026-06-25T06:46:49.688Z
C005537,P008,Harbor Pointe,2025-03-02,R22,121,1,14:05,D01,Southeast,2026-06-25T06:46:29.225Z,2026-06-25T06:46:49.688Z
C005538,P005,Lakeview Terrace,2025-06-19,R19,61,2,20:10,D03,Midwest,2026-06-25T06:46:29.225Z,2026-06-25T06:46:49.688Z
C005540,P007,Willow Creek,2025-03-27,R24,91,0,14:10,D11,Southeast,2026-06-25T06:46:29.225Z,2026-06-25T06:46:49.688Z
C005567,P002,Maple Court,2025-05-15,R12,127,0,14:22,D19,Northeast,2026-06-25T06:46:29.225Z,2026-06-25T06:46:49.688Z
C005595,P001,Sunset Ridge,2025-03-08,R14,134,0,19:04,D11,West,2026-06-25T06:46:29.225Z,2026-06-25T06:46:49.688Z
C005611,P001,Sunset Ridge,2025-02-21,R15,66,0,21:12,D17,Southeast,2026-06-25T06:46:29.225Z,2026-06-25T06:46:49.688Z
C005637,P007,Willow Creek,2025-04-29,R17,118,0,18:02,D14,Southeast,2026-06-25T06:46:29.225Z,2026-06-25T06:46:49.688Z
C005660,P002,Maple Court,2025-01-13,R16,158,1,18:46,D08,Southeast,2026-06-25T06:46:29.225Z,2026-06-25T06:46:49.688Z
C005663,P007,Willow Creek,2025-06-23,R24,157,0,21:44,D10,Southeast,2026-06-25T06:46:29.225Z,2026-06-25T06:46:49.688Z
C005672,P005,Lakeview Terrace,2025-03-15,R14,47,0,21:44,D01,Southeast,2026-06-25T06:46:29.225Z,2026-06-25T06:46:49.688Z
C005718,P004,Birchwood Commons,2025-04-24,R11,116,0,18:26,D15,Southeast,2026-06-25T06:46:29.225Z,2026-06-25T06:46:49.688Z
C005744,P006,Cedar Park,2025-06-06,R23,104,0,17:11,D12,Southeast,2026-06-25T06:46:29.225Z,2026-06-25T06:46:49.688Z
C005753,P003,Green Oaks,2025-02-12,R20,131,1,17:09,D09,Midwest,2026-06-25T06:46:29.225Z,2026-06-25T06:46:49.688Z
C005768,P003,Green Oaks,2025-03-15,R20,81,0,20:09,D06,Midwest,2026-06-25T06:46:29.225Z,2026-06-25T06:46:49.688Z
C005811,P001,Sunset Ridge,2025-01-26,R12,67,0,16:00,D04,West,2026-06-25T06:46:29.225Z,2026-06-25T06:46:49.688Z
C005812,P001,Sunset Ridge,2025-03-31,R16,135,0,14:53,D20,Southeast,2026-06-25T06:46:29.225Z,2026-06-25T06:46:49.688Z
C005838,P003,Green Oaks,2025-03-24,R10,71,0,16:59,D18,West,2026-06-25T06:46:29.225Z,2026-06-25T06:46:49.688Z
C005856,P005,Lakeview Terrace,2025-01-20,R13,76,0,15:12,D12,West,2026-06-25T06:46:29.225Z,2026-06-25T06:46:49.688Z
C005861,P007,Willow Creek,2025-06-01,R13,100,0,14:00,D18,Northeast,2026-06-25T06:46:29.225Z,2026-06-25T06:46:49.688Z
C005875,P001,Sunset Ridge,2025-05-05,R20,70,0,17:32,D10,Southeast,2026-06-25T06:46:29.225Z,2026-06-25T06:46:49.688Z
C005884,P003,Green Oaks,2025-04-21,R13,46,1,20:31,D18,Southeast,2026-06-25T06:46:29.225Z,2026-06-25T06:46:49.688Z
C005890,P006,Cedar Park,2025-02-18,R20,48,0,17:26,D18,Southeast,2026-06-25T06:46:29.225Z,2026-06-25T06:46:49.688Z
C005891,P008,Harbor Pointe,2025-04-20,R14,49,0,20:37,D18,Northeast,2026-06-25T06:46:29.225Z,2026-06-25T06:46:49.688Z
C005894,P008,Harbor Pointe,2025-03-29,R21,103,0,22:23,D19,Midwest,2026-06-25T06:46:29.225Z,2026-06-25T06:46:49.688Z
C005899,P004,Birchwood Commons,2025-01-28,R17,132,1,20:13,D06,Northeast,2026-06-25T06:46:29.225Z,2026-06-25T06:46:49.688Z
C005900,P001,Sunset Ridge,2025-01-01,R14,67,0,21:16,D03,Midwest,2026-06-25T06:46:29.225Z,2026-06-25T06:46:49.688Z
C005906,P004,Birchwood Commons,2025-03-19,R20,59,0,22:04,D01,West,2026-06-25T06:46:29.225Z,2026-06-25T06:46:49.688Z
C005909,P007,Willow Creek,2025-04-08,R24,142,1,15:42,D11,Midwest,2026-06-25T06:46:29.225Z,2026-06-25T06:46:49.688Z
C005944,P007,Willow Creek,2025-02-20,R12,78,0,22:26,D10,Southeast,2026-06-25T06:46:29.225Z,2026-06-25T06:46:49.688Z
C005945,P007,Willow Creek,2025-06-06,R15,143,0,18:36,D16,West,2026-06-25T06:46:29.225Z,2026-06-25T06:46:49.688Z
C005970,P006,Cedar Park,2025-01-25,R22,115,0,21:13,D15,Midwest,2026-06-25T06:46:29.225Z,2026-06-25T06:46:49.688Z
C005993,P004,Birchwood Commons,2025-01-08,R15,63,0,21:21,D14,Northeast,2026-06-25T06:46:29.225Z,2026-06-25T06:46:49.688Z
C005999,P005,Lakeview Terrace,2025-03-18,R14,100,0,15:02,D13,Southeast,2026-06-25T06:46:29.225Z,2026-06-25T06:46:49.688Z
C005008,P001,Sunset Ridge,2025-05-25,R21,127,0,17:48,D05,Midwest,2026-06-25T06:46:29.225Z,2026-06-25T06:46:49.688Z
C005009,P008,Harbor Pointe,2025-05-23,R20,93,0,21:24,D14,Southeast,2026-06-25T06:46:29.225Z,2026-06-25T06:46:49.688Z
C005052,P007,Willow Creek,2025-05-01,R24,59,0,22:49,D01,Midwest,2026-06-25T06:46:29.225Z,2026-06-25T06:46:49.688Z
C005055,P001,Sunset Ridge,2025-02-28,R21,128,2,15:24,D14,Midwest,2026-06-25T06:46:29.225Z,2026-06-25T06:46:49.688Z
C005056,P003,Green Oaks,2025-04-07,R18,75,0,19:53,D11,Northeast,2026-06-25T06:46:29.225Z,2026-06-25T06:46:49.688Z
C005067,P001,Sunset Ridge,2025-03-04,R15,121,0,14:53,D14,West,2026-06-25T06:46:29.225Z,2026-06-25T06:46:49.688Z
C005068,P006,Cedar Park,2025-04-24,R13,159,0,17:42,D07,Southeast,2026-06-25T06:46:29.225Z,2026-06-25T06:46:49.688Z
C005071,P002,Maple Court,2025-05-10,R15,140,3,16:03,D17,Northeast,2026-06-25T06:46:29.225Z,2026-06-25T06:46:49.688Z
C005083,P005,Lakeview Terrace,2025-05-04,R17,113,0,17:36,D04,Southeast,2026-06-25T06:46:29.225Z,2026-06-25T06:46:49.688Z
C005084,P005,Lakeview Terrace,2025-05-01,R23,131,0,14:01,D07,Northeast,2026-06-25T06:46:29.225Z,2026-06-25T06:46:49.688Z
C005088,P002,Maple Court,2025-01-27,R18,40,0,17:27,D17,Midwest,2026-06-25T06:46:29.225Z,2026-06-25T06:46:49.688Z
C005103,P001,Sunset Ridge,2025-01-14,R14,143,0,15:45,D16,Northeast,2026-06-25T06:46:29.225Z,2026-06-25T06:46:49.688Z
C005110,P002,Maple Court,2025-06-16,R19,152,0,20:01,D17,Northeast,2026-06-25T06:46:29.225Z,2026-06-25T06:46:49.688Z
C005124,P001,Sunset Ridge,2025-06-29,R24,60,0,19:24,D02,Southeast,2026-06-25T06:46:29.225Z,2026-06-25T06:46:49.688Z
C005125,P002,Maple Court,2025-03-17,R16,127,0,20:54,D16,West,2026-06-25T06:46:29.225Z,2026-06-25T06:46:49.688Z
C005149,P005,Lakeview Terrace,2025-02-20,R22,151,0,19:33,D01,Southeast,2026-06-25T06:46:29.225Z,2026-06-25T06:46:49.688Z
C005180,P008,Harbor Pointe,2025-03-28,R23,111,0,14:10,D05,Southeast,2026-06-25T06:46:29.225Z,2026-06-25T06:46:49.688Z
C005194,P007,Willow Creek,2025-02-18,R21,138,0,22:31,D18,Northeast,2026-06-25T06:46:29.225Z,2026-06-25T06:46:49.688Z
C005211,P008,Harbor Pointe,2025-01-30,R12,135,0,19:04,D06,Midwest,2026-06-25T06:46:29.225Z,2026-06-25T06:46:49.688Z
C005213,P008,Harbor Pointe,2025-06-24,R13,72,0,16:24,D11,West,2026-06-25T06:46:29.225Z,2026-06-25T06:46:49.688Z
C005222,P005,Lakeview Terrace,2025-04-29,R21,93,1,15:11,D13,Southeast,2026-06-25T06:46:29.225Z,2026-06-25T06:46:49.688Z
C005246,P007,Willow Creek,2025-05-19,R21,79,0,19:48,D01,Northeast,2026-06-25T06:46:29.225Z,2026-06-25T06:46:49.688Z
C005247,P001,Sunset Ridge,2025-05-19,R15,107,0,14:06,D01,West,2026-06-25T06:46:29.225Z,2026-06-25T06:46:49.688Z
C005255,P008,Harbor Pointe,2025-04-17,R23,156,0,20:10,D20,Southeast,2026-06-25T06:46:29.225Z,2026-06-25T06:46:49.688Z
C005261,P006,Cedar Park,2025-05-25,R17,72,0,21:30,D16,Northeast,2026-06-25T06:46:29.225Z,2026-06-25T06:46:49.688Z
C005287,P004,Birchwood Commons,2025-05-14,R17,112,2,22:49,D05,Southeast,2026-06-25T06:46:29.225Z,2026-06-25T06:46:49.688Z
C005292,P006,Cedar Park,2025-04-13,R24,84,0,19:28,D08,Northeast,2026-06-25T06:46:29.225Z,2026-06-25T06:46:49.688Z
C005298,P005,Lakeview Terrace,2025-04-30,R19,71,1,15:25,D13,Southeast,2026-06-25T06:46:29.225Z,2026-06-25T06:46:49.688Z
C005304,P007,Willow Creek,2025-06-23,R13,111,0,17:25,D10,West,2026-06-25T06:46:29.225Z,2026-06-25T06:46:49.688Z
C005318,P004,Birchwood Commons,2025-04-30,R11,137,2,19:49,D16,Southeast,2026-06-25T06:46:29.225Z,2026-06-25T06:46:49.688Z
C005355,P007,Willow Creek,2025-06-14,R18,90,0,20:59,D12,Southeast,2026-06-25T06:46:29.225Z,2026-06-25T06:46:49.688Z
C005399,P003,Green Oaks,2025-02-06,R12,69,0,14:41,D14,Northeast,2026-06-25T06:46:29.225Z,2026-06-25T06:46:49.688Z
C005447,P006,Cedar Park,2025-04-29,R16,138,0,18:06,D11,Midwest,2026-06-25T06:46:29.225Z,2026-06-25T06:46:49.688Z
C005459,P007,Willow Creek,2025-05-18,R18,150,0,18:17,D11,West,2026-06-25T06:46:29.225Z,2026-06-25T06:46:49.688Z
C005461,P003,Green Oaks,2025-03-09,R10,80,0,18:03,D12,Southeast,2026-06-25T06:46:29.225Z,2026-06-25T06:46:49.688Z
C005509,P001,Sunset Ridge,2025-04-20,R17,119,0,22:09,D07,Southeast,2026-06-25T06:46:29.225Z,2026-06-25T06:46:49.688Z
C005542,P006,Cedar Park,2025-01-09,R10,50,3,19:47,D08,Southeast,2026-06-25T06:46:29.225Z,2026-06-25T06:46:49.688Z
C005546,P008,Harbor Pointe,2025-04-07,R15,41,0,18:10,D06,Northeast,2026-06-25T06:46:29.225Z,2026-06-25T06:46:49.688Z
C005556,P002,Maple Court,2025-03-07,R14,59,0,14:28,D13,Southeast,2026-06-25T06:46:29.225Z,2026-06-25T06:46:49.688Z
C005558,P008,Harbor Pointe,2025-04-20,R12,125,0,17:38,D15,West,2026-06-25T06:46:29.225Z,2026-06-25T06:46:49.688Z
C005570,P002,Maple Court,2025-05-17,R21,41,0,22:34,D02,Midwest,2026-06-25T06:46:29.225Z,2026-06-25T06:46:49.688Z
C005581,P005,Lakeview Terrace,2025-01-07,R16,47,1,17:44,D11,West,2026-06-25T06:46:29.225Z,2026-06-25T06:46:49.688Z
C005588,P001,Sunset Ridge,2025-05-19,R18,76,0,16:31,D10,Southeast,2026-06-25T06:46:29.225Z,2026-06-25T06:46:49.688Z
C005614,P007,Willow Creek,2025-01-26,R12,53,0,14:36,D17,West,2026-06-25T06:46:29.225Z,2026-06-25T06:46:49.688Z
C005616,P007,Willow Creek,2025-01-03,R23,141,0,22:43,D17,Southeast,2026-06-25T06:46:29.225Z,2026-06-25T06:46:49.688Z
C005630,P005,Lakeview Terrace,2025-05-04,R21,72,0,17:12,D04,West,2026-06-25T06:46:29.225Z,2026-06-25T06:46:49.688Z
C005647,P006,Cedar Park,2025-06-20,R14,83,0,18:59,D08,Southeast,2026-06-25T06:46:29.225Z,2026-06-25T06:46:49.688Z
C005649,P001,Sunset Ridge,2025-06-16,R24,122,0,19:11,D05,Northeast,2026-06-25T06:46:29.225Z,2026-06-25T06:46:49.688Z
C005711,P007,Willow Creek,2025-06-06,R22,129,1,16:07,D10,West,2026-06-25T06:46:29.225Z,2026-06-25T06:46:49.688Z
C005722,P008,Harbor Pointe,2025-03-07,R15,119,1,20:33,D13,West,2026-06-25T06:46:29.225Z,2026-06-25T06:46:49.688Z
C005724,P008,Harbor Pointe,2025-01-10,R11,155,0,19:16,D16,Northeast,2026-06-25T06:46:29.225Z,2026-06-25T06:46:49.688Z
C005754,P002,Maple Court,2025-03-06,R21,66,0,19:51,D16,West,2026-06-25T06:46:29.225Z,2026-06-25T06:46:49.688Z
C005770,P007,Willow Creek,2025-02-03,R11,66,0,22:03,D15,Southeast,2026-06-25T06:46:29.225Z,2026-06-25T06:46:49.688Z
C005793,P001,Sunset Ridge,2025-02-27,R10,155,0,15:29,D20,Midwest,2026-06-25T06:46:29.225Z,2026-06-25T06:46:49.688Z
C005800,P007,Willow Creek,2025-04-03,R21,63,0,20:08,D11,Southeast,2026-06-25T06:46:29.225Z,2026-06-25T06:46:49.688Z
C005804,P004,Birchwood Commons,2025-03-21,R15,112,0,20:26,D11,Midwest,2026-06-25T06:46:29.225Z,2026-06-25T06:46:49.688Z
C005834,P006,Cedar Park,2025-04-07,R16,61,0,19:57,D02,Northeast,2026-06-25T06:46:29.225Z,2026-06-25T06:46:49.688Z
C005840,P004,Birchwood Commons,2025-03-31,R22,117,0,14:54,D11,Midwest,2026-06-25T06:46:29.225Z,2026-06-25T06:46:49.688Z
C005845,P005,Lakeview Terrace,2025-03-17,R15,159,3,18:01,D14,Southeast,2026-06-25T06:46:29.225Z,2026-06-25T06:46:49.688Z
C005885,P005,Lakeview Terrace,2025-01-17,R16,102,0,14:05,D09,Southeast,2026-06-25T06:46:29.225Z,2026-06-25T06:46:49.688Z
C005888,P008,Harbor Pointe,2025-04-14,R18,122,0,22:27,D03,West,2026-06-25T06:46:29.225Z,2026-06-25T06:46:49.688Z
C005911,P002,Maple Court,2025-04-07,R18,50,0,18:13,D08,West,2026-06-25T06:46:29.225Z,2026-06-25T06:46:49.688Z
C005914,P003,Green Oaks,2025-03-02,R23,120,2,18:38,D19,West,2026-06-25T06:46:29.225Z,2026-06-25T06:46:49.688Z
C005916,P005,Lakeview Terrace,2025-05-13,R11,77,0,14:12,D14,Midwest,2026-06-25T06:46:29.225Z,2026-06-25T06:46:49.688Z
C005962,P003,Green Oaks,2025-06-22,R21,105,0,15:57,D10,Midwest,2026-06-25T06:46:29.225Z,2026-06-25T06:46:49.688Z
C005973,P001,Sunset Ridge,2025-03-07,R19,61,0,17:06,D19,Northeast,2026-06-25T06:46:29.225Z,2026-06-25T06:46:49.688Z
C005980,P001,Sunset Ridge,2025-05-16,R20,148,2,19:30,D06,Midwest,2026-06-25T06:46:29.225Z,2026-06-25T06:46:49.688Z
C005984,P008,Harbor Pointe,2025-02-23,R11,160,2,22:51,D17,West,2026-06-25T06:46:29.225Z,2026-06-25T06:46:49.688Z
C005016,P002,Maple Court,2025-02-27,R11,144,1,21:32,D14,Southeast,2026-06-25T06:46:29.225Z,2026-06-25T06:46:49.688Z
C005019,P005,Lakeview Terrace,2025-03-23,R10,85,1,22:39,D06,Midwest,2026-06-25T06:46:29.225Z,2026-06-25T06:46:49.688Z
C005024,P006,Cedar Park,2025-04-02,R17,132,1,18:51,D10,Midwest,2026-06-25T06:46:29.225Z,2026-06-25T06:46:49.688Z
C005026,P002,Maple Court,2025-01-27,R23,54,1,19:47,D14,West,2026-06-25T06:46:29.225Z,2026-06-25T06:46:49.688Z
C005032,P006,Cedar Park,2025-03-18,R12,75,0,19:28,D02,Northeast,2026-06-25T06:46:29.225Z,2026-06-25T06:46:49.688Z
C005035,P003,Green Oaks,2025-06-23,R17,51,1,20:07,D17,West,2026-06-25T06:46:29.225Z,2026-06-25T06:46:49.688Z
C005050,P005,Lakeview Terrace,2025-02-15,R16,99,0,17:25,D07,Southeast,2026-06-25T06:46:29.225Z,2026-06-25T06:46:49.688Z
C005060,P001,Sunset Ridge,2025-02-16,R14,93,2,14:40,D04,West,2026-06-25T06:46:29.225Z,2026-06-25T06:46:49.688Z
C005080,P001,Sunset Ridge,2025-02-02,R18,80,0,14:21,D02,Northeast,2026-06-25T06:46:29.225Z,2026-06-25T06:46:49.688Z
C005127,P004,Birchwood Commons,2025-01-27,R21,81,0,14:26,D10,Midwest,2026-06-25T06:46:29.225Z,2026-06-25T06:46:49.688Z
C005176,P002,Maple Court,2025-05-25,R19,62,0,14:27,D20,West,2026-06-25T06:46:29.225Z,2026-06-25T06:46:49.688Z
C005192,P002,Maple Court,2025-01-13,R20,142,0,22:33,D12,Midwest,2026-06-25T06:46:29.225Z,2026-06-25T06:46:49.688Z
C005193,P005,Lakeview Terrace,2025-01-24,R18,79,0,20:02,D08,West,2026-06-25T06:46:29.225Z,2026-06-25T06:46:49.688Z
C005201,P002,Maple Court,2025-05-30,R11,131,0,22:21,D15,Midwest,2026-06-25T06:46:29.225Z,2026-06-25T06:46:49.688Z
C005225,P006,Cedar Park,2025-05-30,R16,153,0,20:13,D01,Southeast,2026-06-25T06:46:29.225Z,2026-06-25T06:46:49.688Z
C005250,P004,Birchwood Commons,2025-03-26,R13,78,0,21:28,D09,West,2026-06-25T06:46:29.225Z,2026-06-25T06:46:49.688Z
C005258,P008,Harbor Pointe,2025-04-22,R20,107,0,22:22,D17,West,2026-06-25T06:46:29.225Z,2026-06-25T06:46:49.688Z
C005259,P006,Cedar Park,2025-03-18,R24,123,0,19:28,D04,Midwest,2026-06-25T06:46:29.225Z,2026-06-25T06:46:49.688Z
C005280,P004,Birchwood Commons,2025-04-28,R19,110,0,21:10,D09,Northeast,2026-06-25T06:46:29.225Z,2026-06-25T06:46:49.688Z
C005284,P001,Sunset Ridge,2025-06-08,R22,98,2,14:22,D03,Midwest,2026-06-25T06:46:29.225Z,2026-06-25T06:46:49.688Z
C005296,P005,Lakeview Terrace,2025-03-29,R22,86,0,21:40,D05,Southeast,2026-06-25T06:46:29.225Z,2026-06-25T06:46:49.688Z
C005315,P002,Maple Court,2025-03-31,R12,96,0,20:37,D17,West,2026-06-25T06:46:29.225Z,2026-06-25T06:46:49.688Z
C005334,P002,Maple Court,2025-05-06,R21,140,0,17:09,D14,West,2026-06-25T06:46:29.225Z,2026-06-25T06:46:49.688Z
C005364,P002,Maple Court,2025-04-05,R18,108,0,20:50,D10,Northeast,2026-06-25T06:46:29.225Z,2026-06-25T06:46:49.688Z
C005392,P002,Maple Court,2025-05-07,R17,43,0,20:06,D07,Southeast,2026-06-25T06:46:29.225Z,2026-06-25T06:46:49.688Z
C005393,P003,Green Oaks,2025-01-30,R17,67,0,22:14,D03,Southeast,2026-06-25T06:46:29.225Z,2026-06-25T06:46:49.688Z
C005419,P003,Green Oaks,2025-01-23,R20,145,1,15:29,D19,Northeast,2026-06-25T06:46:29.225Z,2026-06-25T06:46:49.688Z
C005427,P003,Green Oaks,2025-06-19,R20,148,0,19:14,D01,Northeast,2026-06-25T06:46:29.225Z,2026-06-25T06:46:49.688Z
C005439,P002,Maple Court,2025-01-28,R24,97,0,22:19,D09,Midwest,2026-06-25T06:46:29.225Z,2026-06-25T06:46:49.688Z
C005441,P004,Birchwood Commons,2025-01-25,R17,47,0,18:36,D09,West,2026-06-25T06:46:29.225Z,2026-06-25T06:46:49.688Z
C005452,P002,Maple Court,2025-05-05,R17,41,0,17:31,D19,Midwest,2026-06-25T06:46:29.225Z,2026-06-25T06:46:49.688Z
C005454,P002,Maple Court,2025-01-12,R16,63,0,18:28,D10,Midwest,2026-06-25T06:46:29.225Z,2026-06-25T06:46:49.688Z
C005455,P005,Lakeview Terrace,2025-03-18,R24,101,0,17:09,D12,Northeast,2026-06-25T06:46:29.225Z,2026-06-25T06:46:49.688Z
C005457,P002,Maple Court,2025-04-23,R12,43,0,21:10,D02,Northeast,2026-06-25T06:46:29.225Z,2026-06-25T06:46:49.688Z
C005483,P005,Lakeview Terrace,2025-04-09,R24,91,0,17:56,D19,Midwest,2026-06-25T06:46:29.225Z,2026-06-25T06:46:49.688Z
C005506,P003,Green Oaks,2025-06-24,R14,102,0,15:26,D10,Southeast,2026-06-25T06:46:29.225Z,2026-06-25T06:46:49.688Z
C005517,P005,Lakeview Terrace,2025-02-09,R23,64,0,22:43,D07,West,2026-06-25T06:46:29.225Z,2026-06-25T06:46:49.688Z
C005521,P002,Maple Court,2025-04-27,R16,60,0,19:02,D11,Northeast,2026-06-25T06:46:29.225Z,2026-06-25T06:46:49.688Z
C005530,P004,Birchwood Commons,2025-03-05,R17,47,1,16:27,D12,West,2026-06-25T06:46:29.225Z,2026-06-25T06:46:49.688Z
C005557,P001,Sunset Ridge,2025-04-23,R16,108,0,15:57,D09,Midwest,2026-06-25T06:46:29.225Z,2026-06-25T06:46:49.688Z
C005562,P006,Cedar Park,2025-02-15,R15,98,0,20:06,D17,West,2026-06-25T06:46:29.225Z,2026-06-25T06:46:49.688Z
C005566,P004,Birchwood Commons,2025-06-09,R13,94,0,21:58,D09,Southeast,2026-06-25T06:46:29.225Z,2026-06-25T06:46:49.688Z
C005574,P003,Green Oaks,2025-04-22,R19,91,1,19:34,D13,Midwest,2026-06-25T06:46:29.225Z,2026-06-25T06:46:49.688Z
C005579,P002,Maple Court,2025-06-12,R22,47,2,14:40,D01,West,2026-06-25T06:46:29.225Z,2026-06-25T06:46:49.688Z
C005634,P003,Green Oaks,2025-04-15,R11,116,3,21:32,D11,West,2026-06-25T06:46:29.225Z,2026-06-25T06:46:49.688Z
C005662,P004,Birchwood Commons,2025-06-14,R13,139,1,16:37,D10,Northeast,2026-06-25T06:46:29.225Z,2026-06-25T06:46:49.688Z
C005668,P003,Green Oaks,2025-02-03,R16,85,0,22:22,D20,West,2026-06-25T06:46:29.225Z,2026-06-25T06:46:49.688Z
C005681,P001,Sunset Ridge,2025-03-07,R17,105,1,17:28,D20,West,2026-06-25T06:46:29.225Z,2026-06-25T06:46:49.688Z
C005684,P004,Birchwood Commons,2025-01-28,R18,157,2,19:28,D19,Midwest,2026-06-25T06:46:29.225Z,2026-06-25T06:46:49.688Z
C005686,P006,Cedar Park,2025-01-27,R12,101,0,18:28,D18,West,2026-06-25T06:46:29.225Z,2026-06-25T06:46:49.688Z
C005730,P004,Birchwood Commons,2025-05-26,R17,108,0,15:50,D08,Southeast,2026-06-25T06:46:29.225Z,2026-06-25T06:46:49.688Z
C005788,P004,Birchwood Commons,2025-02-25,R11,57,0,15:31,D17,Southeast,2026-06-25T06:46:29.225Z,2026-06-25T06:46:49.688Z
C005790,P002,Maple Court,2025-03-22,R23,50,0,22:20,D20,Midwest,2026-06-25T06:46:29.225Z,2026-06-25T06:46:49.688Z
C005833,P007,Willow Creek,2025-01-16,R14,89,1,18:46,D14,West,2026-06-25T06:46:29.225Z,2026-06-25T06:46:49.688Z
C005853,P002,Maple Court,2025-04-09,R20,121,1,20:02,D12,Southeast,2026-06-25T06:46:29.225Z,2026-06-25T06:46:49.688Z
C005874,P004,Birchwood Commons,2025-04-04,R10,159,0,16:05,D07,West,2026-06-25T06:46:29.225Z,2026-06-25T06:46:49.688Z
C005923,P006,Cedar Park,2025-04-24,R11,140,0,14:18,D04,Midwest,2026-06-25T06:46:29.225Z,2026-06-25T06:46:49.688Z
C005947,P005,Lakeview Terrace,2025-05-25,R11,56,0,15:41,D15,West,2026-06-25T06:46:29.225Z,2026-06-25T06:46:49.688Z
C005949,P003,Green Oaks,2025-03-07,R18,41,2,14:50,D19,Midwest,2026-06-25T06:46:29.225Z,2026-06-25T06:46:49.688Z
C005971,P001,Sunset Ridge,2025-03-26,R13,55,0,19:34,D09,West,2026-06-25T06:46:29.225Z,2026-06-25T06:46:49.688Z
C005978,P004,Birchwood Commons,2025-05-20,R19,71,0,18:13,D03,Southeast,2026-06-25T06:46:29.225Z,2026-06-25T06:46:49.688Z
C005006,P002,Maple Court,2025-04-02,R11,155,0,14:12,D12,Northeast,2026-06-25T06:46:29.225Z,2026-06-25T06:46:49.688Z
C005014,P007,Willow Creek,2025-06-30,R22,88,0,17:32,D06,Southeast,2026-06-25T06:46:29.225Z,2026-06-25T06:46:49.688Z
C005018,P003,Green Oaks,2025-06-30,R22,44,1,17:03,D05,West,2026-06-25T06:46:29.225Z,2026-06-25T06:46:49.688Z
C005023,P006,Cedar Park,2025-05-03,R11,128,2,18:20,D08,West,2026-06-25T06:46:29.225Z,2026-06-25T06:46:49.688Z
C005028,P006,Cedar Park,2025-05-07,R10,124,3,20:48,D18,Southeast,2026-06-25T06:46:29.225Z,2026-06-25T06:46:49.688Z
C005065,P005,Lakeview Terrace,2025-03-30,R23,146,0,14:29,D03,Southeast,2026-06-25T06:46:29.225Z,2026-06-25T06:46:49.688Z
C005073,P003,Green Oaks,2025-04-17,R15,45,0,19:48,D02,West,2026-06-25T06:46:29.225Z,2026-06-25T06:46:49.688Z
C005075,P003,Green Oaks,2025-03-03,R15,45,0,16:31,D09,West,2026-06-25T06:46:29.225Z,2026-06-25T06:46:49.688Z
C005121,P002,Maple Court,2025-06-20,R24,47,0,19:12,D19,Midwest,2026-06-25T06:46:29.225Z,2026-06-25T06:46:49.688Z
C005133,P007,Willow Creek,2025-04-22,R21,156,0,15:20,D12,Southeast,2026-06-25T06:46:29.225Z,2026-06-25T06:46:49.688Z
C005139,P006,Cedar Park,2025-05-21,R18,153,0,15:15,D17,Southeast,2026-06-25T06:46:29.225Z,2026-06-25T06:46:49.688Z
C005145,P003,Green Oaks,2025-03-23,R23,91,0,17:20,D14,Southeast,2026-06-25T06:46:29.225Z,2026-06-25T06:46:49.688Z
C005151,P007,Willow Creek,2025-01-23,R11,80,0,16:44,D14,Northeast,2026-06-25T06:46:29.225Z,2026-06-25T06:46:49.688Z
C005174,P004,Birchwood Commons,2025-05-10,R14,153,0,14:33,D08,Northeast,2026-06-25T06:46:29.225Z,2026-06-25T06:46:49.688Z
C005184,P004,Birchwood Commons,2025-06-09,R12,70,0,15:52,D17,West,2026-06-25T06:46:29.225Z,2026-06-25T06:46:49.688Z
C005189,P006,Cedar Park,2025-05-01,R20,68,1,17:55,D10,Midwest,2026-06-25T06:46:29.225Z,2026-06-25T06:46:49.688Z
C005206,P007,Willow Creek,2025-05-10,R19,47,1,20:11,D11,Southeast,2026-06-25T06:46:29.225Z,2026-06-25T06:46:49.688Z
C005220,P007,Willow Creek,2025-03-25,R17,66,0,19:46,D01,West,2026-06-25T06:46:29.225Z,2026-06-25T06:46:49.688Z
C005238,P006,Cedar Park,2025-05-02,R15,111,0,16:09,D08,Northeast,2026-06-25T06:46:29.225Z,2026-06-25T06:46:49.688Z
C005278,P003,Green Oaks,2025-04-02,R15,77,0,20:15,D01,Northeast,2026-06-25T06:46:29.225Z,2026-06-25T06:46:49.688Z
C005297,P005,Lakeview Terrace,2025-05-15,R11,42,0,18:05,D12,Southeast,2026-06-25T06:46:29.225Z,2026-06-25T06:46:49.688Z
C005329,P002,Maple Court,2025-02-23,R23,128,0,19:22,D03,Southeast,2026-06-25T06:46:29.225Z,2026-06-25T06:46:49.688Z
C005333,P004,Birchwood Commons,2025-02-08,R14,44,0,16:42,D20,Midwest,2026-06-25T06:46:29.225Z,2026-06-25T06:46:49.688Z
C005339,P008,Harbor Pointe,2025-04-17,R12,150,0,20:26,D17,Northeast,2026-06-25T06:46:29.225Z,2026-06-25T06:46:49.688Z
C005354,P003,Green Oaks,2025-06-16,R21,118,0,22:04,D02,West,2026-06-25T06:46:29.225Z,2026-06-25T06:46:49.688Z
C005357,P004,Birchwood Commons,2025-03-16,R17,65,0,14:33,D15,Southeast,2026-06-25T06:46:29.225Z,2026-06-25T06:46:49.688Z
C005359,P007,Willow Creek,2025-01-14,R12,90,0,14:30,D01,Midwest,2026-06-25T06:46:29.225Z,2026-06-25T06:46:49.688Z
C005387,P005,Lakeview Terrace,2025-01-18,R11,60,0,18:44,D17,Northeast,2026-06-25T06:46:29.225Z,2026-06-25T06:46:49.688Z
C005389,P008,Harbor Pointe,2025-01-20,R24,147,2,18:05,D19,Southeast,2026-06-25T06:46:29.225Z,2026-06-25T06:46:49.688Z
C005408,P004,Birchwood Commons,2025-01-29,R10,75,0,15:44,D11,Northeast,2026-06-25T06:46:29.225Z,2026-06-25T06:46:49.688Z
C005410,P008,Harbor Pointe,2025-04-06,R13,95,3,21:02,D04,West,2026-06-25T06:46:29.225Z,2026-06-25T06:46:49.688Z
C005422,P003,Green Oaks,2025-04-20,R21,98,0,15:16,D03,Midwest,2026-06-25T06:46:29.225Z,2026-06-25T06:46:49.688Z
C005429,P006,Cedar Park,2025-05-06,R17,59,0,17:33,D04,West,2026-06-25T06:46:29.225Z,2026-06-25T06:46:49.688Z
C005466,P005,Lakeview Terrace,2025-03-07,R16,85,1,18:33,D09,Southeast,2026-06-25T06:46:29.225Z,2026-06-25T06:46:49.688Z
C005476,P004,Birchwood Commons,2025-01-26,R22,145,0,16:44,D08,Southeast,2026-06-25T06:46:29.225Z,2026-06-25T06:46:49.688Z
C005493,P005,Lakeview Terrace,2025-05-05,R23,75,0,21:30,D16,Southeast,2026-06-25T06:46:29.225Z,2026-06-25T06:46:49.688Z
C005522,P008,Harbor Pointe,2025-02-20,R19,117,0,16:17,D10,Midwest,2026-06-25T06:46:29.225Z,2026-06-25T06:46:49.688Z
C005541,P001,Sunset Ridge,2025-03-11,R23,75,0,21:05,D03,Southeast,2026-06-25T06:46:29.225Z,2026-06-25T06:46:49.688Z
C005555,P005,Lakeview Terrace,2025-02-15,R24,119,0,21:02,D10,Midwest,2026-06-25T06:46:29.225Z,2026-06-25T06:46:49.688Z
C005560,P008,Harbor Pointe,2025-03-24,R16,41,0,15:44,D15,Northeast,2026-06-25T06:46:29.225Z,2026-06-25T06:46:49.688Z
C005584,P006,Cedar Park,2025-06-12,R21,110,1,17:03,D09,West,2026-06-25T06:46:29.225Z,2026-06-25T06:46:49.688Z
C005620,P001,Sunset Ridge,2025-02-25,R18,67,0,18:35,D01,Northeast,2026-06-25T06:46:29.225Z,2026-06-25T06:46:49.688Z
C005645,P001,Sunset Ridge,2025-03-15,R19,142,2,20:04,D10,Southeast,2026-06-25T06:46:29.225Z,2026-06-25T06:46:49.688Z
C005720,P003,Green Oaks,2025-01-18,R19,150,2,22:14,D01,West,2026-06-25T06:46:29.225Z,2026-06-25T06:46:49.688Z
C005726,P002,Maple Court,2025-04-26,R11,146,2,19:24,D15,Southeast,2026-06-25T06:46:29.225Z,2026-06-25T06:46:49.688Z
C005735,P002,Maple Court,2025-06-30,R19,127,0,16:27,D18,Southeast,2026-06-25T06:46:29.225Z,2026-06-25T06:46:49.688Z
C005736,P007,Willow Creek,2025-01-06,R20,46,0,20:52,D17,Southeast,2026-06-25T06:46:29.225Z,2026-06-25T06:46:49.688Z
C005740,P001,Sunset Ridge,2025-03-13,R14,119,3,21:31,D19,Northeast,2026-06-25T06:46:29.225Z,2026-06-25T06:46:49.688Z
C005765,P008,Harbor Pointe,2025-06-01,R10,107,0,14:55,D11,Midwest,2026-06-25T06:46:29.225Z,2026-06-25T06:46:49.688Z
C005778,P007,Willow Creek,2025-06-23,R22,43,3,22:04,D03,Southeast,2026-06-25T06:46:29.225Z,2026-06-25T06:46:49.688Z
C005799,P004,Birchwood Commons,2025-04-22,R21,127,1,19:14,D08,Midwest,2026-06-25T06:46:29.225Z,2026-06-25T06:46:49.688Z
C005805,P004,Birchwood Commons,2025-03-02,R22,89,0,17:42,D17,Northeast,2026-06-25T06:46:29.225Z,2026-06-25T06:46:49.688Z
C005831,P004,Birchwood Commons,2025-04-25,R13,136,0,20:39,D04,Southeast,2026-06-25T06:46:29.225Z,2026-06-25T06:46:49.688Z
C005835,P002,Maple Court,2025-04-01,R20,150,0,18:15,D19,Midwest,2026-06-25T06:46:29.225Z,2026-06-25T06:46:49.688Z
C005836,P001,Sunset Ridge,2025-04-02,R24,114,0,16:32,D14,Southeast,2026-06-25T06:46:29.225Z,2026-06-25T06:46:49.688Z
C005854,P001,Sunset Ridge,2025-05-30,R12,127,0,18:11,D08,West,2026-06-25T06:46:29.225Z,2026-06-25T06:46:49.688Z
C005877,P008,Harbor Pointe,2025-06-03,R12,92,3,18:33,D17,Southeast,2026-06-25T06:46:29.225Z,2026-06-25T06:46:49.688Z
C005893,P002,Maple Court,2025-04-06,R24,150,0,22:17,D12,Midwest,2026-06-25T06:46:29.225Z,2026-06-25T06:46:49.688Z
C005896,P003,Green Oaks,2025-04-23,R13,137,0,20:02,D10,Midwest,2026-06-25T06:46:29.225Z,2026-06-25T06:46:49.688Z
C005919,P005,Lakeview Terrace,2025-01-06,R14,67,0,15:43,D06,Southeast,2026-06-25T06:46:29.225Z,2026-06-25T06:46:49.688Z
C005928,P003,Green Oaks,2025-03-18,R16,147,0,21:25,D19,Northeast,2026-06-25T06:46:29.225Z,2026-06-25T06:46:49.688Z
C005969,P001,Sunset Ridge,2025-03-31,R16,118,0,14:42,D14,Southeast,2026-06-25T06:46:29.225Z,2026-06-25T06:46:49.688Z
C005011,P005,Lakeview Terrace,2025-02-21,R10,122,1,17:36,D20,West,2026-06-25T06:46:29.225Z,2026-06-25T06:46:49.688Z
C005022,P008,Harbor Pointe,2025-03-24,R11,64,0,20:18,D19,West,2026-06-25T06:46:29.225Z,2026-06-25T06:46:49.688Z
C005046,P007,Willow Creek,2025-04-03,R23,141,0,22:37,D14,Midwest,2026-06-25T06:46:29.225Z,2026-06-25T06:46:49.688Z
C005051,P001,Sunset Ridge,2025-04-12,R23,110,0,18:24,D02,Southeast,2026-06-25T06:46:29.225Z,2026-06-25T06:46:49.688Z
C005057,P001,Sunset Ridge,2025-01-19,R18,121,0,19:29,D20,West,2026-06-25T06:46:29.225Z,2026-06-25T06:46:49.688Z
C005072,P008,Harbor Pointe,2025-02-05,R23,90,0,22:00,D04,Midwest,2026-06-25T06:46:29.225Z,2026-06-25T06:46:49.688Z
C005087,P007,Willow Creek,2025-02-04,R21,47,0,18:54,D16,Northeast,2026-06-25T06:46:29.225Z,2026-06-25T06:46:49.688Z
C005111,P006,Cedar Park,2025-01-26,R20,111,1,19:56,D12,Midwest,2026-06-25T06:46:29.225Z,2026-06-25T06:46:49.688Z
C005117,P007,Willow Creek,2025-06-05,R18,134,0,16:11,D18,Northeast,2026-06-25T06:46:29.225Z,2026-06-25T06:46:49.688Z
C005146,P003,Green Oaks,2025-01-09,R15,125,0,19:04,D12,Southeast,2026-06-25T06:46:29.225Z,2026-06-25T06:46:49.688Z
C005162,P008,Harbor Pointe,2025-03-16,R23,94,2,18:09,D17,Southeast,2026-06-25T06:46:29.225Z,2026-06-25T06:46:49.688Z
C005166,P005,Lakeview Terrace,2025-01-21,R21,95,1,19:26,D12,West,2026-06-25T06:46:29.225Z,2026-06-25T06:46:49.688Z
C005190,P004,Birchwood Commons,2025-02-04,R19,56,0,16:16,D05,Northeast,2026-06-25T06:46:29.225Z,2026-06-25T06:46:49.688Z
C005218,P006,Cedar Park,2025-03-16,R16,94,1,22:42,D08,Southeast,2026-06-25T06:46:29.225Z,2026-06-25T06:46:49.688Z
C005231,P006,Cedar Park,2025-05-01,R15,78,0,22:37,D19,Southeast,2026-06-25T06:46:29.225Z,2026-06-25T06:46:49.688Z
C005248,P005,Lakeview Terrace,2025-05-05,R14,103,0,20:05,D19,Midwest,2026-06-25T06:46:29.225Z,2026-06-25T06:46:49.688Z
C005252,P002,Maple Court,2025-05-09,R15,40,0,16:13,D16,Northeast,2026-06-25T06:46:29.225Z,2026-06-25T06:46:49.688Z
C005267,P004,Birchwood Commons,2025-05-26,R14,78,0,16:18,D14,Midwest,2026-06-25T06:46:29.225Z,2026-06-25T06:46:49.688Z
C005268,P008,Harbor Pointe,2025-06-18,R11,57,1,17:39,D08,Midwest,2026-06-25T06:46:29.225Z,2026-06-25T06:46:49.688Z
C005271,P002,Maple Court,2025-02-10,R19,91,0,14:33,D16,West,2026-06-25T06:46:29.225Z,2026-06-25T06:46:49.688Z
C005283,P006,Cedar Park,2025-02-20,R19,120,1,21:09,D14,Midwest,2026-06-25T06:46:29.225Z,2026-06-25T06:46:49.688Z
C005309,P006,Cedar Park,2025-05-07,R11,78,0,14:43,D19,West,2026-06-25T06:46:29.225Z,2026-06-25T06:46:49.688Z
C005319,P005,Lakeview Terrace,2025-04-19,R12,88,0,15:16,D09,West,2026-06-25T06:46:29.225Z,2026-06-25T06:46:49.688Z
C005390,P006,Cedar Park,2025-06-24,R14,155,0,19:41,D02,Northeast,2026-06-25T06:46:29.225Z,2026-06-25T06:46:49.688Z
C005395,P002,Maple Court,2025-01-04,R20,139,0,19:18,D05,West,2026-06-25T06:46:29.225Z,2026-06-25T06:46:49.688Z
C005412,P001,Sunset Ridge,2025-01-13,R22,112,0,17:30,D01,Southeast,2026-06-25T06:46:29.225Z,2026-06-25T06:46:49.688Z
C005418,P001,Sunset Ridge,2025-05-05,R18,108,0,14:25,D17,Midwest,2026-06-25T06:46:29.225Z,2026-06-25T06:46:49.688Z
C005433,P005,Lakeview Terrace,2025-05-28,R21,133,0,15:10,D07,Midwest,2026-06-25T06:46:29.225Z,2026-06-25T06:46:49.688Z
C005437,P004,Birchwood Commons,2025-06-08,R11,94,0,22:11,D05,West,2026-06-25T06:46:29.225Z,2026-06-25T06:46:49.688Z
C005472,P002,Maple Court,2025-02-13,R22,144,0,20:22,D06,Northeast,2026-06-25T06:46:29.225Z,2026-06-25T06:46:49.688Z
C005485,P008,Harbor Pointe,2025-04-12,R16,142,0,18:54,D19,West,2026-06-25T06:46:29.225Z,2026-06-25T06:46:49.688Z
C005486,P001,Sunset Ridge,2025-02-22,R15,71,0,18:54,D05,Northeast,2026-06-25T06:46:29.225Z,2026-06-25T06:46:49.688Z
C005491,P006,Cedar Park,2025-01-04,R16,136,0,21:20,D19,Southeast,2026-06-25T06:46:29.225Z,2026-06-25T06:46:49.688Z
C005495,P001,Sunset Ridge,2025-04-04,R21,50,3,19:23,D10,Northeast,2026-06-25T06:46:29.225Z,2026-06-25T06:46:49.688Z
C005497,P005,Lakeview Terrace,2025-06-11,R24,74,0,22:17,D12,Northeast,2026-06-25T06:46:29.225Z,2026-06-25T06:46:49.688Z
C005501,P006,Cedar Park,2025-05-02,R20,104,0,22:31,D02,Northeast,2026-06-25T06:46:29.225Z,2026-06-25T06:46:49.688Z
C005531,P005,Lakeview Terrace,2025-05-16,R19,90,2,17:51,D12,Northeast,2026-06-25T06:46:29.225Z,2026-06-25T06:46:49.688Z
C005552,P005,Lakeview Terrace,2025-03-09,R11,155,0,18:57,D09,Midwest,2026-06-25T06:46:29.225Z,2026-06-25T06:46:49.688Z
C005553,P005,Lakeview Terrace,2025-06-09,R22,58,3,20:31,D01,Southeast,2026-06-25T06:46:29.225Z,2026-06-25T06:46:49.688Z
C005594,P005,Lakeview Terrace,2025-04-02,R11,56,1,14:45,D01,West,2026-06-25T06:46:29.225Z,2026-06-25T06:46:49.688Z
C005601,P002,Maple Court,2025-02-05,R19,68,0,20:24,D19,Northeast,2026-06-25T06:46:29.225Z,2026-06-25T06:46:49.688Z
C005613,P003,Green Oaks,2025-01-24,R14,99,0,21:03,D15,Northeast,2026-06-25T06:46:29.225Z,2026-06-25T06:46:49.688Z
C005617,P001,Sunset Ridge,2025-02-10,R14,133,0,16:23,D06,Northeast,2026-06-25T06:46:29.225Z,2026-06-25T06:46:49.688Z
C005626,P003,Green Oaks,2025-06-29,R24,122,0,19:45,D08,West,2026-06-25T06:46:29.225Z,2026-06-25T06:46:49.688Z
C005636,P007,Willow Creek,2025-05-24,R17,62,1,16:36,D20,Southeast,2026-06-25T06:46:29.225Z,2026-06-25T06:46:49.688Z
C005644,P001,Sunset Ridge,2025-06-15,R21,49,0,16:52,D14,West,2026-06-25T06:46:29.225Z,2026-06-25T06:46:49.688Z
C005656,P008,Harbor Pointe,2025-03-14,R20,148,0,18:05,D03,West,2026-06-25T06:46:29.225Z,2026-06-25T06:46:49.688Z
C005683,P002,Maple Court,2025-02-19,R22,106,0,18:23,D09,Northeast,2026-06-25T06:46:29.225Z,2026-06-25T06:46:49.688Z
C005694,P004,Birchwood Commons,2025-04-09,R12,133,3,22:29,D19,Midwest,2026-06-25T06:46:29.225Z,2026-06-25T06:46:49.688Z
C005700,P003,Green Oaks,2025-01-02,R22,103,3,21:42,D03,Northeast,2026-06-25T06:46:29.225Z,2026-06-25T06:46:49.688Z
C005701,P004,Birchwood Commons,2025-04-26,R20,121,2,20:33,D11,Southeast,2026-06-25T06:46:29.225Z,2026-06-25T06:46:49.688Z
C005746,P003,Green Oaks,2025-06-09,R17,157,1,21:44,D16,Southeast,2026-06-25T06:46:29.225Z,2026-06-25T06:46:49.688Z
C005749,P002,Maple Court,2025-05-18,R13,106,1,14:07,D04,Northeast,2026-06-25T06:46:29.225Z,2026-06-25T06:46:49.688Z
C005801,P005,Lakeview Terrace,2025-01-10,R16,160,0,15:31,D08,Southeast,2026-06-25T06:46:29.225Z,2026-06-25T06:46:49.688Z
C005821,P001,Sunset Ridge,2025-01-04,R10,58,3,14:27,D19,Northeast,2026-06-25T06:46:29.225Z,2026-06-25T06:46:49.688Z
C005827,P006,Cedar Park,2025-04-03,R24,157,0,17:42,D03,Midwest,2026-06-25T06:46:29.225Z,2026-06-25T06:46:49.688Z
C005830,P006,Cedar Park,2025-04-25,R22,110,0,18:35,D06,Southeast,2026-06-25T06:46:29.225Z,2026-06-25T06:46:49.688Z
C005843,P002,Maple Court,2025-04-13,R19,150,0,15:47,D01,Northeast,2026-06-25T06:46:29.225Z,2026-06-25T06:46:49.688Z
C005844,P002,Maple Court,2025-01-04,R19,98,1,14:38,D12,West,2026-06-25T06:46:29.225Z,2026-06-25T06:46:49.688Z
C005855,P004,Birchwood Commons,2025-03-03,R17,71,0,22:02,D03,Midwest,2026-06-25T06:46:29.225Z,2026-06-25T06:46:49.688Z
C005895,P006,Cedar Park,2025-06-26,R18,69,0,20:04,D18,Midwest,2026-06-25T06:46:29.225Z,2026-06-25T06:46:49.688Z
C005898,P003,Green Oaks,2025-01-31,R19,82,3,22:34,D03,West,2026-06-25T06:46:29.225Z,2026-06-25T06:46:49.688Z
C005912,P006,Cedar Park,2025-06-08,R17,82,3,19:16,D13,Southeast,2026-06-25T06:46:29.225Z,2026-06-25T06:46:49.688Z
C005913,P005,Lakeview Terrace,2025-04-09,R22,63,0,20:01,D12,Midwest,2026-06-25T06:46:29.225Z,2026-06-25T06:46:49.688Z
C005925,P003,Green Oaks,2025-02-02,R14,151,1,20:30,D07,West,2026-06-25T06:46:29.225Z,2026-06-25T06:46:49.688Z
C005937,P001,Sunset Ridge,2025-04-25,R13,80,0,20:33,D20,Southeast,2026-06-25T06:46:29.225Z,2026-06-25T06:46:49.688Z
C005955,P006,Cedar Park,2025-03-03,R16,160,0,18:57,D05,Southeast,2026-06-25T06:46:29.225Z,2026-06-25T06:46:49.688Z
C005961,P007,Willow Creek,2025-05-19,R17,126,0,16:27,D09,Northeast,2026-06-25T06:46:29.225Z,2026-06-25T06:46:49.688Z
